timestamp_ms,anchor,distance_m,rxPower_dBm,x_calculated_m,y_calculated_m
2006170,A2,1.230,-81.8,2.260,0.988
2006180,A1,2.550,-81.8,2.287,1.013
2006300,A3,3.090,-81.7,2.287,0.992
2006320,A2,1.220,-81.9,2.292,0.992
2006330,A1,2.570,-81.2,2.310,1.009
2006450,A3,3.110,-82.2,2.310,0.989
2006470,A2,1.240,-81.9,2.301,0.989
2006480,A1,2.510,-81.6,2.247,0.938
2006600,A3,3.110,-81.7,2.247,0.938
2006620,A2,1.210,-82.3,2.260,0.938
2006630,A1,2.550,-81.1,2.296,0.972
2006750,A3,3.150,-81.3,2.296,0.930
2006770,A2,1.220,-82.6,2.292,0.930
2006780,A1,2.520,-81.4,2.264,0.905
2006900,A3,3.110,-81.2,2.264,0.946
2006920,A2,1.220,-82.4,2.264,0.946
2006930,A1,2.540,-80.8,2.283,0.963
2007050,A3,3.130,-81.4,2.283,0.942
2007070,A2,1.220,-82.0,2.283,0.942
2007080,A1,2.540,-80.8,2.283,0.942
2007200,A3,3.100,-81.1,2.283,0.974
2007220,A2,1.250,-82.2,2.269,0.974
2007650,A3,3.060,-81.2,2.269,1.015
2007670,A2,1.210,-82.8,2.287,1.015
2007680,A1,2.550,-81.2,2.296,1.023
2007800,A3,3.130,-81.5,2.296,0.951
2007820,A2,1.210,-82.4,2.296,0.951
2007830,A1,2.530,-81.4,2.278,0.934
2007950,A3,3.120,-81.4,2.278,0.944
2007970,A2,1.210,-82.4,2.278,0.944
2007980,A1,2.550,-81.5,2.296,0.961
2008100,A3,3.110,-81.1,2.296,0.972
2008120,A2,1.220,-82.4,2.292,0.972
2008130,A1,2.540,-81.2,2.283,0.963
2008250,A3,3.110,-80.6,2.283,0.963
2008270,A2,1.210,-82.8,2.287,0.963
2008280,A1,2.530,-80.9,2.278,0.955
2008400,A3,3.120,-81.7,2.278,0.944
2008420,A2,1.230,-82.4,2.269,0.944
2008430,A1,2.550,-81.6,2.287,0.961
2008550,A3,3.120,-81.6,2.287,0.961
2008570,A2,1.220,-82.5,2.292,0.961
2008580,A1,2.560,-81.4,2.301,0.970
2008700,A3,3.120,-81.2,2.301,0.970
2008720,A2,1.260,-82.7,2.283,0.970
2008730,A1,2.540,-81.5,2.265,0.953
2008850,A3,3.140,-81.0,2.265,0.932
2008870,A2,1.230,-82.3,2.278,0.932
2008880,A1,2.560,-81.4,2.297,0.949
2009000,A3,3.140,-81.8,2.297,0.949
2009020,A2,1.240,-82.3,2.292,0.949
2009030,A1,2.530,-81.8,2.265,0.924
2009150,A3,3.120,-81.8,2.265,0.944
2009170,A2,1.220,-82.2,2.274,0.944
2009180,A1,2.560,-81.4,2.301,0.970
2009300,A3,3.110,-81.7,2.301,0.980
2009320,A2,1.230,-82.3,2.297,0.980
2009330,A1,2.550,-81.7,2.287,0.972
2009450,A3,3.120,-81.2,2.287,0.961
2009470,A2,1.220,-82.4,2.292,0.961
2009480,A1,2.540,-81.6,2.283,0.953
2009600,A3,3.110,-81.3,2.283,0.963
2009620,A2,1.220,-82.6,2.283,0.963
2009630,A1,2.520,-81.6,2.264,0.946
2009750,A3,3.110,-81.0,2.264,0.946
2009770,A2,1.220,-82.4,2.264,0.946
2009780,A1,2.560,-81.7,2.301,0.980
2009900,A3,3.120,-81.6,2.301,0.970
2009920,A2,1.220,-82.6,2.301,0.970
2009930,A1,2.540,-81.4,2.283,0.953
2010050,A3,3.110,-81.7,2.283,0.963
2010070,A2,1.220,-82.3,2.283,0.963
2010080,A1,2.530,-81.8,2.274,0.955
2010200,A3,3.110,-81.2,2.274,0.955
2010220,A2,1.230,-82.5,2.269,0.955
2010230,A1,2.560,-81.3,2.297,0.980
2010350,A3,3.110,-81.3,2.297,0.980
2010370,A2,1.220,-82.8,2.301,0.980
2010380,A1,2.530,-81.0,2.274,0.955
2010500,A3,3.120,-81.8,2.274,0.944
2010520,A2,1.220,-82.8,2.274,0.944
2010530,A1,2.530,-81.2,2.274,0.944
2010800,A3,3.120,-81.1,2.274,0.944
2010820,A2,1.220,-82.6,2.274,0.944
2010830,A1,2.560,-81.2,2.301,0.970
2010950,A3,3.120,-81.5,2.301,0.970
2010970,A2,1.250,-82.5,2.288,0.970
2010980,A1,2.560,-81.0,2.288,0.970
2011100,A3,3.130,-81.9,2.288,0.959
2011120,A2,1.230,-83.0,2.297,0.959
2011130,A1,2.550,-81.2,2.287,0.951
2011250,A3,3.110,-81.4,2.287,0.972
2011270,A2,1.270,-82.9,2.269,0.972
2011280,A1,2.540,-81.6,2.260,0.963
2011400,A3,3.120,-82.1,2.260,0.953
2011420,A2,1.220,-82.2,2.283,0.953
2011430,A1,2.550,-81.2,2.292,0.961
2011550,A3,3.100,-81.2,2.292,0.982
2011570,A2,1.230,-82.2,2.287,0.982
2011580,A1,2.550,-81.2,2.287,0.982
2011700,A3,3.110,-81.9,2.287,0.972
2011720,A2,1.230,-82.6,2.287,0.972
2011730,A1,2.550,-81.6,2.287,0.972
2011850,A3,3.110,-81.3,2.287,0.972
2011870,A2,1.230,-82.5,2.287,0.972
2011880,A1,2.550,-81.4,2.287,0.972
2012000,A3,3.120,-82.4,2.287,0.961
2012020,A2,1.210,-83.1,2.296,0.961
2012030,A1,2.560,-81.4,2.305,0.970
2012150,A3,3.120,-81.2,2.305,0.970
2012170,A2,1.220,-82.7,2.301,0.970
2012180,A1,2.530,-81.6,2.274,0.944
2012300,A3,3.150,-81.8,2.274,0.913
2012320,A2,1.230,-83.3,2.269,0.913
2012330,A1,2.540,-81.5,2.278,0.922
2012450,A3,3.100,-81.5,2.278,0.974
2012470,A2,1.200,-83.2,2.291,0.974
2012480,A1,2.580,-81.6,2.328,1.008
2012600,A3,3.120,-81.7,2.328,0.987
2012620,A2,1.230,-83.2,2.315,0.987
2012630,A1,2.550,-81.6,2.287,0.961
2012750,A3,3.110,-83.7,2.287,0.972
2012770,A2,1.250,-83.2,2.278,0.972
2012780,A1,2.550,-82.5,2.278,0.972
2012900,A3,3.100,-82.4,2.278,0.982
2012920,A2,1.220,-82.7,2.292,0.982
2012930,A1,2.560,-81.7,2.301,0.991
2013050,A3,3.110,-81.5,2.301,0.980
2013070,A2,1.220,-82.6,2.301,0.980
2013080,A1,2.550,-81.7,2.292,0.972
2013200,A3,3.110,-81.2,2.292,0.972
2013220,A2,1.220,-83.0,2.292,0.972
2013230,A1,2.550,-81.3,2.292,0.972
2013350,A3,3.120,-81.1,2.292,0.961
2013370,A2,1.220,-82.4,2.292,0.961
2013380,A1,2.540,-81.7,2.283,0.953
2013500,A3,3.080,-81.5,2.283,0.994
2013520,A2,1.220,-82.7,2.283,0.994
2013530,A1,2.580,-80.9,2.319,1.028
2013650,A3,3.140,-82.1,2.319,0.966
2013670,A2,1.220,-82.6,2.319,0.966
2013680,A1,2.530,-81.6,2.274,0.924
2013950,A3,3.120,-82.1,2.274,0.944
2013970,A2,1.230,-82.4,2.269,0.944
2013980,A1,2.550,-81.6,2.287,0.961
2014100,A3,3.110,-81.0,2.287,0.972
2014120,A2,1.220,-83.0,2.292,0.972
2014130,A1,2.560,-81.4,2.301,0.980
2014250,A3,3.110,-81.4,2.301,0.980
2014270,A2,1.220,-82.2,2.301,0.980
2014280,A1,2.570,-81.4,2.310,0.989
2014400,A3,3.100,-81.4,2.310,0.999
2014420,A2,1.210,-83.0,2.315,0.999
2014430,A1,2.540,-81.2,2.287,0.974
2014550,A3,3.120,-81.5,2.287,0.953
2014570,A2,1.210,-82.4,2.287,0.953
2014580,A1,2.550,-81.6,2.296,0.961
2014700,A3,3.120,-81.4,2.296,0.961
2014720,A2,1.220,-83.1,2.292,0.961
2014730,A1,2.540,-80.9,2.283,0.953
2014850,A3,3.110,-81.4,2.283,0.963
2014870,A2,1.220,-82.8,2.283,0.963
2014880,A1,2.560,-81.2,2.301,0.980
2015000,A3,3.110,-81.3,2.301,0.980
2015020,A2,1.230,-83.3,2.297,0.980
2015030,A1,2.550,-81.5,2.287,0.972
2015300,A3,3.110,-81.6,2.287,0.972
2015320,A2,1.220,-82.3,2.292,0.972
2015330,A1,2.560,-81.6,2.301,0.980
2015450,A3,3.100,-82.0,2.301,0.991
2015470,A2,1.220,-83.3,2.301,0.991
2015480,A1,2.590,-81.4,2.329,1.016
2015600,A3,3.130,-82.2,2.329,0.985
2015620,A2,1.240,-83.0,2.320,0.985
2015630,A1,2.580,-81.3,2.311,0.977
2015750,A3,3.120,-81.3,2.311,0.987
2015770,A2,1.220,-83.1,2.319,0.987
2015780,A1,2.580,-81.5,2.319,0.987
2015900,A3,3.130,-81.7,2.319,0.977
2015920,A2,1.220,-83.0,2.319,0.977
2015930,A1,2.570,-81.3,2.310,0.968
2016050,A3,3.150,-81.5,2.310,0.947
2016070,A2,1.210,-83.3,2.315,0.947
2016080,A1,2.550,-81.6,2.296,0.930
2016200,A3,3.130,-81.6,2.296,0.951
2016220,A2,1.240,-82.9,2.283,0.951
2016230,A1,2.550,-81.7,2.283,0.951
2016350,A3,3.110,-81.2,2.283,0.972
2016370,A2,1.230,-83.0,2.287,0.972
2016380,A1,2.550,-81.5,2.287,0.972
2016500,A3,3.120,-81.3,2.287,0.961
2016520,A2,1.240,-82.9,2.283,0.961
2016530,A1,2.560,-81.5,2.292,0.970
2016650,A3,3.120,-82.1,2.292,0.970
2016670,A2,1.220,-82.1,2.301,0.970
2016680,A1,2.550,-81.2,2.292,0.961
2016800,A3,3.110,-81.6,2.292,0.972
2016820,A2,1.210,-84.2,2.296,0.972
2016830,A1,2.560,-81.3,2.305,0.980
2017100,A3,3.110,-81.4,2.305,0.980
2017120,A2,1.220,-82.6,2.301,0.980
2017130,A1,2.560,-81.2,2.301,0.980
2017250,A3,3.140,-81.2,2.301,0.949
2017270,A2,1.230,-83.2,2.297,0.949
2017280,A1,2.570,-81.6,2.306,0.958
2017400,A3,3.120,-81.9,2.306,0.978
2017420,A2,1.220,-82.2,2.310,0.978
2017430,A1,2.550,-81.1,2.292,0.961
2017550,A3,3.100,-81.9,2.292,0.982
2017570,A2,1.220,-82.7,2.292,0.982
2017580,A1,2.540,-81.7,2.283,0.974
2017700,A3,3.100,-81.8,2.283,0.974
2017720,A2,1.230,-82.6,2.278,0.974
2017730,A1,2.560,-81.5,2.297,0.991
2017850,A3,3.120,-81.2,2.297,0.970
2017870,A2,1.250,-82.8,2.288,0.970
2017880,A1,2.550,-81.4,2.278,0.961
2018000,A3,3.110,-81.5,2.278,0.972
2018020,A2,1.230,-82.8,2.287,0.972
2018320,A2,1.220,-82.3,2.292,0.972
2018330,A1,2.560,-81.7,2.301,0.980
2018450,A3,3.120,-82.1,2.301,0.970
2018470,A2,1.250,-82.8,2.288,0.970
2018480,A1,2.520,-81.6,2.251,0.936
2018600,A3,3.120,-82.3,2.251,0.936
2018620,A2,1.230,-82.9,2.260,0.936
2018630,A1,2.580,-81.4,2.315,0.987
2018750,A3,3.110,-81.7,2.315,0.997
2018770,A2,1.220,-82.9,2.319,0.997
2018780,A1,2.530,-81.1,2.274,0.955
2018900,A3,3.100,-82.2,2.274,0.965
2018920,A2,1.230,-82.9,2.269,0.965
2018930,A1,2.560,-81.4,2.297,0.991
2019050,A3,3.120,-82.0,2.297,0.970
2019070,A2,1.250,-82.9,2.288,0.970
2019080,A1,2.530,-81.2,2.260,0.944
2019200,A3,3.100,-81.5,2.260,0.965
2019220,A2,1.230,-82.8,2.269,0.965
2019230,A1,2.550,-81.5,2.287,0.982
2019350,A3,3.120,-81.3,2.287,0.961
2019370,A2,1.250,-83.1,2.278,0.961
2019380,A1,2.530,-81.4,2.260,0.944
2019500,A3,3.120,-81.5,2.260,0.944
2019520,A2,1.220,-82.7,2.274,0.944
2019530,A1,2.560,-81.6,2.301,0.970
2019650,A3,3.130,-82.2,2.301,0.959
2019670,A2,1.260,-82.8,2.283,0.959
2019680,A1,2.550,-81.6,2.274,0.951
2019800,A3,3.120,-81.2,2.274,0.961
2019820,A2,1.230,-82.7,2.287,0.961
2019830,A1,2.550,-81.5,2.287,0.961
2019950,A3,3.110,-81.5,2.287,0.972
2019970,A2,1.210,-82.9,2.296,0.972
2019980,A1,2.550,-81.6,2.296,0.972
2020250,A3,3.110,-81.4,2.296,0.972
2020270,A2,1.240,-82.4,2.283,0.972
2020280,A1,2.540,-81.3,2.274,0.963
2020400,A3,3.130,-81.2,2.274,0.942
2020420,A2,1.260,-83.0,2.265,0.942
2020430,A1,2.560,-81.8,2.283,0.959
2020550,A3,3.120,-82.0,2.283,0.970
2020570,A2,1.230,-83.2,2.297,0.970
2020580,A1,2.540,-81.6,2.278,0.953
2020700,A3,3.120,-81.9,2.278,0.953
2020720,A2,1.230,-82.6,2.278,0.953
2020730,A1,2.560,-81.7,2.297,0.970
2020850,A3,3.100,-82.0,2.297,0.991
2020870,A2,1.230,-83.2,2.297,0.991
2020880,A1,2.560,-81.4,2.297,0.991
2021000,A3,3.120,-82.3,2.297,0.970
2021020,A2,1.220,-83.1,2.301,0.970
2021030,A1,2.550,-81.0,2.292,0.961
2021150,A3,3.120,-82.0,2.292,0.961
2021170,A2,1.230,-82.5,2.287,0.961
2021180,A1,2.570,-81.0,2.306,0.978
2021300,A3,3.090,-82.2,2.306,1.009
2021320,A2,1.230,-83.2,2.306,1.009
2021330,A1,2.540,-81.3,2.278,0.984
2021450,A3,3.130,-82.1,2.278,0.942
2021470,A2,1.220,-83.1,2.283,0.942
2021480,A1,2.520,-81.4,2.264,0.926
2021600,A3,3.100,-82.2,2.264,0.957
2021620,A2,1.240,-82.8,2.256,0.957
2021630,A1,2.540,-81.4,2.274,0.974
2021750,A3,3.120,-81.5,2.274,0.953
2021770,A2,1.240,-82.8,2.274,0.953
2021780,A1,2.580,-81.0,2.311,0.987
2021900,A3,3.100,-82.2,2.311,1.008
2021920,A2,1.250,-82.9,2.306,1.008
2021930,A1,2.550,-81.7,2.278,0.982
2022050,A3,3.110,-81.6,2.278,0.972
2022070,A2,1.230,-83.0,2.287,0.972
2022080,A1,2.550,-81.3,2.287,0.972
2022200,A3,3.140,-81.3,2.287,0.940
2022220,A2,1.190,-82.5,2.305,0.940
2022230,A1,2.540,-81.5,2.296,0.932
2022350,A3,3.120,-82.1,2.296,0.953
2022370,A2,1.240,-83.1,2.274,0.953
2022380,A1,2.580,-81.2,2.311,0.987
2022500,A3,3.100,-82.2,2.311,1.008
2022520,A2,1.220,-83.1,2.319,1.008
2022530,A1,2.560,-81.6,2.301,0.991
2022650,A3,3.110,-81.3,2.301,0.980
2022670,A2,1.210,-83.1,2.305,0.980
2022680,A1,2.530,-81.4,2.278,0.955
2022800,A3,3.120,-82.0,2.278,0.944
2022820,A2,1.240,-82.7,2.265,0.944
2022830,A1,2.560,-81.4,2.292,0.970
2022950,A3,3.100,-82.1,2.292,0.991
2022970,A2,1.230,-82.9,2.297,0.991
2022980,A1,2.550,-81.3,2.287,0.982
2023100,A3,3.130,-81.9,2.287,0.951
2023120,A2,1.230,-82.8,2.287,0.951
2023130,A1,2.550,-81.2,2.287,0.951
2023400,A3,3.110,-83.6,2.287,0.972
2023420,A2,1.220,-82.8,2.292,0.972
2023430,A1,2.560,-82.1,2.301,0.980
2023550,A3,3.110,-81.9,2.301,0.980
2023570,A2,1.240,-83.0,2.292,0.980
2023580,A1,2.580,-81.5,2.311,0.997
2023700,A3,3.130,-81.5,2.311,0.977
2023720,A2,1.240,-82.3,2.311,0.977
2023730,A1,2.560,-81.7,2.292,0.959
2023850,A3,3.120,-82.0,2.292,0.970
2023870,A2,1.210,-82.8,2.305,0.970
2023880,A1,2.560,-81.5,2.305,0.970
2024000,A3,3.130,-81.7,2.305,0.959
2024020,A2,1.210,-83.1,2.305,0.959
2024030,A1,2.530,-81.7,2.278,0.934
2024150,A3,3.130,-81.9,2.278,0.934
2024170,A2,1.210,-83.1,2.278,0.934
2024180,A1,2.550,-81.2,2.296,0.951
2024300,A3,3.140,-81.8,2.296,0.940
2024320,A2,1.220,-83.1,2.292,0.940
2024330,A1,2.550,-81.5,2.292,0.940
2024450,A3,3.110,-82.4,2.292,0.972
2024470,A2,1.220,-83.3,2.292,0.972
2024480,A1,2.540,-81.7,2.283,0.963
2024600,A3,3.170,-82.4,2.283,0.900
2024620,A2,1.220,-82.4,2.283,0.900
2024630,A1,2.540,-81.6,2.283,0.900
2024750,A3,3.110,-82.5,2.283,0.963
2024770,A2,1.230,-82.7,2.278,0.963
2024780,A1,2.550,-81.6,2.287,0.972
2024900,A3,3.110,-81.4,2.287,0.972
2024920,A2,1.210,-82.3,2.296,0.972
2024930,A1,2.550,-81.7,2.296,0.972
2025050,A3,3.110,-80.4,2.296,0.972
2025070,A2,1.230,-82.8,2.287,0.972
2025080,A1,2.570,-81.4,2.306,0.989
2025200,A3,3.110,-81.7,2.306,0.989
2025220,A2,1.230,-82.5,2.306,0.989
2025230,A1,2.550,-81.5,2.287,0.972
2025350,A3,3.110,-81.6,2.287,0.972
2025370,A2,1.230,-82.3,2.287,0.972
2025380,A1,2.550,-81.8,2.287,0.972
2025500,A3,3.130,-80.8,2.287,0.951
2025520,A2,1.220,-82.8,2.292,0.951
2025530,A1,2.580,-81.3,2.319,0.977
2025650,A3,3.120,-81.7,2.319,0.987
2025670,A2,1.240,-82.9,2.311,0.987
2025680,A1,2.590,-81.6,2.320,0.996
2025800,A3,3.120,-82.1,2.320,0.996
2025820,A2,1.230,-82.0,2.324,0.996
2025830,A1,2.560,-80.9,2.297,0.970
2025950,A3,3.080,-82.8,2.297,1.011
2025970,A2,1.200,-82.3,2.310,1.011
2025980,A1,2.560,-81.0,2.310,1.011
2026100,A3,3.090,-82.1,2.310,1.001
2026120,A2,1.210,-82.5,2.305,1.001
2026130,A1,2.590,-81.7,2.333,1.027
2026250,A3,3.110,-81.3,2.333,1.006
2026270,A2,1.220,-82.7,2.329,1.006
2026280,A1,2.550,-81.6,2.292,0.972
2026550,A3,3.120,-82.5,2.292,0.961
2026570,A2,1.230,-82.9,2.287,0.961
2026580,A1,2.560,-81.3,2.297,0.970
2026700,A3,3.080,-81.7,2.297,1.011
2026720,A2,1.220,-82.6,2.301,1.011
2026730,A1,2.550,-81.5,2.292,1.003
2026850,A3,3.070,-82.4,2.292,1.013
2026870,A2,1.200,-82.2,2.301,1.013
2026880,A1,2.520,-81.1,2.273,0.988
2027000,A3,3.090,-82.5,2.273,0.967
2027020,A2,1.230,-82.5,2.260,0.967
2027030,A1,2.550,-81.2,2.287,0.992
2027150,A3,3.080,-82.6,2.287,1.003
2027170,A2,1.230,-83.0,2.287,1.003
2027180,A1,2.540,-81.5,2.278,0.994
2027300,A3,3.120,-83.5,2.278,0.953
2027320,A2,1.210,-82.3,2.287,0.953
2027330,A1,2.520,-81.4,2.269,0.936
2027450,A3,3.090,-82.0,2.269,0.967
2027470,A2,1.250,-82.8,2.251,0.967
2027480,A1,2.560,-81.3,2.288,1.001
2027600,A3,3.110,-81.5,2.288,0.980
2027620,A2,1.230,-82.7,2.297,0.980
2027630,A1,2.530,-81.3,2.269,0.955
2027750,A3,3.140,-81.3,2.269,0.924
2027770,A2,1.220,-82.6,2.274,0.924
2027780,A1,2.540,-81.1,2.283,0.932
2027900,A3,3.140,-81.0,2.283,0.932
2027920,A2,1.220,-82.7,2.283,0.932
2027930,A1,2.530,-82.0,2.274,0.924
2028050,A3,3.100,-81.7,2.274,0.965
2028070,A2,1.220,-83.1,2.274,0.965
2028080,A1,2.550,-81.6,2.292,0.982
2028200,A3,3.120,-81.9,2.292,0.961
2028220,A2,1.240,-82.7,2.283,0.961
2028230,A1,2.550,-81.4,2.283,0.961
2028350,A3,3.090,-81.5,2.283,0.992
2028370,A2,1.250,-82.6,2.278,0.992
2028380,A1,2.560,-81.4,2.288,1.001
2028500,A3,3.110,-81.6,2.288,0.980
2028520,A2,1.230,-82.7,2.297,0.980
2028530,A1,2.570,-81.4,2.306,0.989
2028650,A3,3.090,-81.4,2.306,1.009
2028670,A2,1.230,-82.8,2.306,1.009
2028680,A1,2.570,-81.6,2.306,1.009
2028800,A3,3.120,-81.5,2.306,0.978
2028820,A2,1.220,-82.8,2.310,0.978
2028830,A1,2.540,-81.6,2.283,0.953
2028950,A3,3.120,-81.6,2.283,0.953
2028970,A2,1.220,-82.9,2.283,0.953
2028980,A1,2.560,-81.1,2.301,0.970
2029100,A3,3.090,-81.8,2.301,1.001
2029120,A2,1.200,-82.4,2.310,1.001
2029130,A1,2.550,-81.3,2.301,0.992
2029250,A3,3.090,-81.4,2.301,0.992
2029270,A2,1.240,-82.5,2.283,0.992
2029280,A1,2.560,-81.7,2.292,1.001
2029400,A3,3.120,-81.7,2.292,0.970
2029420,A2,1.230,-82.8,2.297,0.970
2029430,A1,2.520,-81.5,2.260,0.936
2029700,A3,3.090,-81.9,2.260,0.967
2029720,A2,1.210,-82.5,2.269,0.967
2029730,A1,2.530,-81.0,2.278,0.975
2029850,A3,3.130,-82.1,2.278,0.934
2029870,A2,1.230,-82.9,2.269,0.934
2029880,A1,2.570,-81.6,2.306,0.968
2030000,A3,3.130,-81.8,2.306,0.968
2030020,A2,1.220,-82.9,2.310,0.968
2030030,A1,2.530,-81.3,2.274,0.934
2030150,A3,3.120,-82.1,2.274,0.944
2030170,A2,1.210,-82.9,2.278,0.944
2030180,A1,2.560,-81.2,2.305,0.970
2030300,A3,3.100,-81.8,2.305,0.991
2030320,A2,1.220,-82.9,2.301,0.991
2030600,A3,3.090,-81.3,2.301,1.001
2030620,A2,1.210,-82.4,2.305,1.001
2030630,A1,2.540,-81.3,2.287,0.984
2030750,A3,3.090,-81.5,2.287,0.984
2030770,A2,1.220,-82.5,2.283,0.984
2030780,A1,2.560,-81.5,2.301,1.001
2030900,A3,3.100,-81.8,2.301,0.991
2030920,A2,1.220,-83.2,2.301,0.991
2030930,A1,2.540,-81.3,2.283,0.974
2031050,A3,3.090,-81.7,2.283,0.984
2031070,A2,1.240,-82.9,2.274,0.984
2031080,A1,2.540,-81.4,2.274,0.984
2031200,A3,3.120,-82.0,2.274,0.953
2031220,A2,1.240,-82.3,2.274,0.953
2031500,A3,3.110,-81.2,2.274,0.963
2031520,A2,1.220,-82.8,2.283,0.963
2031530,A1,2.550,-81.5,2.292,0.972
2031650,A3,3.110,-80.8,2.292,0.972
2031670,A2,1.220,-82.8,2.292,0.972
2031680,A1,2.540,-81.7,2.283,0.963
2031800,A3,3.080,-82.0,2.283,0.994
2031820,A2,1.230,-83.1,2.278,0.994
2031830,A1,2.550,-81.7,2.287,1.003
2031950,A3,3.110,-81.2,2.287,0.972
2031970,A2,1.220,-83.1,2.292,0.972
2031980,A1,2.550,-81.4,2.292,0.972
2032100,A3,3.170,-81.1,2.292,0.909
2032120,A2,1.220,-82.9,2.292,0.909
2032130,A1,2.530,-81.4,2.274,0.892
2032250,A3,3.100,-80.9,2.274,0.965
2032270,A2,1.220,-82.8,2.274,0.965
2032280,A1,2.550,-81.8,2.292,0.982
2032400,A3,3.090,-81.0,2.292,0.992
2032420,A2,1.230,-83.3,2.287,0.992
2032430,A1,2.560,-81.4,2.297,1.001
2032550,A3,3.070,-81.9,2.297,1.021
2032570,A2,1.220,-83.0,2.301,1.021
2032580,A1,2.540,-82.0,2.283,1.004
2032850,A3,3.110,-81.7,2.283,0.963
2032870,A2,1.210,-82.6,2.287,0.963
2032880,A1,2.550,-81.1,2.296,0.972
2033000,A3,3.100,-81.6,2.296,0.982
2033020,A2,1.240,-82.7,2.283,0.982
2033030,A1,2.550,-82.0,2.283,0.982
2033150,A3,3.120,-81.1,2.283,0.961
2033170,A2,1.240,-82.6,2.283,0.961
2033180,A1,2.530,-81.4,2.265,0.944
2033300,A3,3.120,-81.2,2.265,0.944
2033320,A2,1.210,-82.4,2.278,0.944
2033330,A1,2.560,-81.5,2.305,0.970
2033450,A3,3.080,-81.4,2.305,1.011
2033470,A2,1.220,-82.2,2.301,1.011
2033480,A1,2.580,-81.7,2.319,1.028
2033600,A3,3.150,-83.0,2.319,0.956
2033620,A2,1.220,-82.0,2.319,0.956
2033630,A1,2.570,-80.9,2.310,0.947
2033750,A3,3.090,-81.9,2.310,1.009
2033770,A2,1.220,-82.5,2.310,1.009
2033780,A1,2.580,-81.5,2.319,1.018
2033900,A3,3.090,-82.6,2.319,1.018
2033920,A2,1.220,-82.2,2.319,1.018
2033930,A1,2.550,-81.2,2.292,0.992
2034050,A3,3.100,-82.8,2.292,0.982
2034070,A2,1.210,-82.4,2.296,0.982
2034080,A1,2.530,-81.9,2.278,0.965
2034200,A3,3.120,-81.8,2.278,0.944
2034220,A2,1.220,-82.1,2.274,0.944
2034230,A1,2.540,-81.8,2.283,0.953
2034350,A3,3.070,-80.4,2.283,1.004
2034370,A2,1.210,-82.9,2.287,1.004
2034380,A1,2.520,-82.1,2.269,0.988
2034500,A3,3.130,-81.0,2.269,0.926
2034520,A2,1.220,-82.3,2.264,0.926
2034530,A1,2.530,-81.7,2.274,0.934
2034650,A3,3.140,-81.3,2.274,0.924
2034670,A2,1.220,-82.5,2.274,0.924
2034680,A1,2.540,-81.6,2.283,0.932
2034800,A3,3.130,-81.2,2.283,0.942
2034820,A2,1.250,-82.2,2.269,0.942
2034830,A1,2.550,-82.3,2.278,0.951
2034950,A3,3.110,-81.4,2.278,0.972
2034970,A2,1.230,-83.0,2.287,0.972
2034980,A1,2.550,-81.7,2.287,0.972
2035100,A3,3.030,-82.5,2.287,1.054
2035120,A2,1.220,-82.9,2.292,1.054
2035130,A1,2.560,-82.3,2.301,1.062
2035250,A3,3.090,-81.5,2.301,1.001
2035270,A2,1.230,-83.2,2.297,1.001
2035280,A1,2.540,-82.3,2.278,0.984
2035400,A3,3.110,-82.7,2.278,0.963
2035420,A2,1.230,-82.4,2.278,0.963
2035430,A1,2.580,-81.9,2.315,0.997
2035550,A3,3.090,-82.2,2.315,1.018
2035570,A2,1.230,-82.2,2.315,1.018
2035580,A1,2.570,-81.4,2.306,1.009
2035700,A3,3.110,-81.2,2.306,0.989
2035720,A2,1.220,-82.3,2.310,0.989
2035730,A1,2.580,-81.4,2.319,0.997
2036000,A3,3.090,-80.7,2.319,1.018
2036020,A2,1.210,-82.6,2.324,1.018
2036030,A1,2.560,-80.9,2.305,1.001
2036150,A3,3.080,-80.8,2.305,1.011
2036170,A2,1.160,-82.4,2.327,1.011
2036180,A1,2.570,-80.8,2.336,1.020
2036300,A3,3.100,-80.6,2.336,0.999
2036320,A2,1.220,-82.2,2.310,0.999
2036330,A1,2.580,-81.3,2.319,1.008
2036450,A3,3.160,-80.7,2.319,0.945
2036470,A2,1.210,-82.0,2.324,0.945
2036480,A1,2.580,-81.3,2.324,0.945
2036600,A3,3.130,-80.8,2.324,0.977
2036620,A2,1.220,-82.2,2.319,0.977
2036630,A1,2.590,-81.3,2.329,0.985
2036750,A3,3.120,-81.5,2.329,0.996
2036770,A2,1.220,-81.8,2.329,0.996
2036780,A1,2.530,-82.3,2.274,0.944
2036900,A3,3.090,-82.8,2.274,0.975
2036920,A2,1.210,-82.1,2.278,0.975
2036930,A1,2.540,-82.6,2.287,0.984
2037050,A3,3.110,-81.7,2.287,0.963
2037070,A2,1.230,-82.0,2.278,0.963
2037080,A1,2.560,-81.7,2.297,0.980
2037200,A3,3.100,-81.5,2.297,0.991
2037220,A2,1.210,-82.5,2.305,0.991
2037230,A1,2.540,-82.3,2.287,0.974
2037350,A3,3.090,-82.2,2.287,0.984
2037370,A2,1.220,-81.9,2.283,0.984
2037380,A1,2.560,-82.1,2.301,1.001
2037500,A3,3.110,-81.9,2.301,0.980
2037520,A2,1.230,-82.6,2.297,0.980
2037530,A1,2.550,-82.1,2.287,0.972
2037650,A3,3.130,-81.9,2.287,0.951
2037670,A2,1.240,-82.7,2.283,0.951
2037680,A1,2.510,-82.3,2.247,0.917
2037800,A3,3.140,-81.6,2.247,0.907
2037820,A2,1.220,-81.8,2.255,0.907
2037830,A1,2.550,-82.1,2.292,0.940
2037950,A3,3.090,-81.7,2.292,0.992
2037970,A2,1.230,-82.4,2.287,0.992
2037980,A1,2.520,-82.7,2.260,0.967
2038100,A3,3.120,-81.1,2.260,0.936
2038120,A2,1.220,-81.9,2.264,0.936
2038130,A1,2.530,-82.6,2.274,0.944
2038250,A3,3.130,-81.0,2.274,0.934
2038270,A2,1.240,-81.9,2.265,0.934
2038280,A1,2.520,-82.1,2.256,0.926
2038400,A3,3.140,-80.8,2.256,0.915
2038420,A2,1.230,-81.8,2.260,0.915
2038430,A1,2.540,-82.3,2.278,0.932
2038550,A3,3.160,-80.3,2.278,0.911
2038570,A2,1.240,-82.3,2.274,0.911
2038580,A1,2.580,-82.4,2.311,0.945
2038700,A3,3.170,-80.6,2.311,0.935
2038720,A2,1.220,-82.1,2.319,0.935
2038730,A1,2.570,-82.5,2.310,0.926
2038850,A3,3.140,-81.0,2.310,0.958
2038870,A2,1.220,-81.8,2.310,0.958
2038880,A1,2.540,-82.3,2.283,0.932
2039150,A3,3.130,-81.6,2.283,0.942
2039170,A2,1.220,-82.1,2.283,0.942
2039180,A1,2.510,-82.1,2.255,0.917
2039300,A3,3.110,-81.6,2.255,0.938
2039320,A2,1.220,-81.9,2.255,0.938
2039330,A1,2.540,-82.4,2.283,0.963
2039450,A3,3.100,-81.7,2.283,0.974
2039470,A2,1.200,-82.4,2.291,0.974
2039480,A1,2.550,-82.3,2.301,0.982
2039620,A2,1.220,-82.8,2.292,0.982
2039630,A1,2.550,-82.3,2.292,0.982
2039770,A2,1.240,-82.8,2.283,0.982
2039780,A1,2.540,-82.1,2.274,0.974
2039900,A3,3.110,-81.7,2.274,0.963
2039920,A2,1.220,-82.3,2.283,0.963
2039930,A1,2.530,-82.8,2.274,0.955
2040050,A3,3.120,-81.2,2.274,0.944
2040070,A2,1.240,-82.9,2.265,0.944
2040080,A1,2.540,-82.4,2.274,0.953
2040200,A3,3.130,-80.6,2.274,0.942
2040220,A2,1.220,-82.5,2.283,0.942
2040230,A1,2.560,-81.7,2.301,0.959
2040350,A3,3.190,-81.2,2.301,0.896
2040370,A2,1.210,-82.4,2.305,0.896
2040380,A1,2.530,-82.6,2.278,0.871
2040500,A3,3.090,-83.6,2.278,0.975
2040520,A2,1.220,-82.4,2.274,0.975
2040530,A1,2.560,-82.3,2.301,1.001
2040650,A3,3.090,-82.1,2.301,1.001
2040670,A2,1.230,-82.2,2.297,1.001
2040680,A1,2.500,-82.1,2.242,0.950
2040800,A3,3.100,-81.8,2.242,0.940
2040820,A2,1.210,-82.1,2.251,0.940
2040830,A1,2.520,-82.7,2.269,0.957
2040950,A3,3.120,-81.1,2.269,0.936
2040970,A2,1.220,-82.2,2.264,0.936
2040980,A1,2.530,-82.6,2.274,0.944
2041100,A3,3.120,-80.3,2.274,0.944
2041120,A2,1.230,-81.7,2.269,0.944
2041130,A1,2.540,-82.2,2.278,0.953
2041250,A3,3.150,-80.5,2.278,0.922
2041270,A2,1.220,-82.1,2.283,0.922
2041280,A1,2.560,-82.2,2.301,0.939
2041400,A3,3.120,-81.1,2.301,0.970
2041420,A2,1.220,-81.7,2.301,0.970
2041430,A1,2.530,-81.9,2.274,0.944
2041700,A3,3.140,-80.5,2.274,0.924
2041720,A2,1.230,-81.9,2.269,0.924
2041730,A1,2.530,-82.2,2.269,0.924
2041850,A3,3.120,-80.9,2.269,0.944
2041870,A2,1.230,-81.8,2.269,0.944
2041880,A1,2.550,-82.3,2.287,0.961
2042000,A3,3.200,-80.1,2.287,0.877
2042020,A2,1.260,-81.7,2.274,0.877
2042030,A1,2.550,-81.7,2.274,0.877
2042300,A3,3.120,-80.4,2.274,0.961
2042320,A2,1.220,-82.0,2.292,0.961
2042330,A1,2.510,-81.9,2.255,0.928
2042470,A2,1.230,-81.9,2.251,0.928
2042480,A1,2.550,-82.2,2.287,0.961
2042620,A2,1.230,-81.8,2.287,0.961
2042630,A1,2.520,-82.1,2.260,0.936
2042750,A3,3.150,-80.4,2.260,0.905
2042780,A1,2.560,-82.1,2.297,0.939
2042930,A1,2.510,-81.9,2.251,0.896
2043050,A3,3.200,-80.7,2.251,0.843
2043070,A2,1.240,-81.7,2.247,0.843
2043080,A1,2.550,-82.3,2.283,0.877
2043200,A3,3.170,-81.1,2.283,0.909
2043220,A2,1.220,-82.2,2.292,0.909
2043230,A1,2.550,-82.3,2.292,0.909
2043350,A3,3.130,-80.8,2.292,0.951
2043380,A1,2.560,-81.9,2.301,0.959
2043530,A1,2.520,-82.4,2.264,0.926
2043650,A3,3.160,-80.4,2.264,0.894
2043670,A2,1.240,-81.9,2.256,0.894
2043680,A1,2.560,-81.8,2.292,0.928
2043800,A3,3.160,-80.8,2.292,0.928
2043820,A2,1.210,-81.8,2.305,0.928
2043830,A1,2.540,-81.9,2.287,0.911
2043950,A3,3.130,-80.9,2.287,0.942
2043970,A2,1.230,-81.8,2.278,0.942
2043980,A1,2.530,-81.8,2.269,0.934
2044100,A3,3.090,-80.6,2.269,0.975
2044120,A2,1.230,-82.1,2.269,0.975
2044130,A1,2.570,-82.3,2.306,1.009
2044250,A3,3.120,-81.0,2.306,0.978
2044270,A2,1.230,-81.9,2.306,0.978
2044280,A1,2.540,-82.4,2.278,0.953
2044400,A3,3.120,-81.0,2.278,0.953
2044420,A2,1.240,-82.0,2.274,0.953
2044430,A1,2.510,-82.3,2.247,0.928
2044550,A3,3.180,-80.6,2.247,0.865
2044570,A2,1.220,-81.9,2.255,0.865
2044580,A1,2.550,-81.8,2.292,0.898
2044700,A3,3.160,-80.8,2.292,0.919
2044720,A2,1.230,-82.0,2.287,0.919
2044730,A1,2.570,-81.8,2.306,0.937
2044850,A3,3.130,-81.3,2.306,0.968
2044870,A2,1.220,-81.7,2.310,0.968
2044880,A1,2.540,-82.0,2.283,0.942
2045000,A3,3.120,-80.9,2.283,0.953
2045020,A2,1.240,-81.6,2.274,0.953
2045030,A1,2.550,-82.0,2.283,0.961
2045150,A3,3.110,-81.3,2.283,0.972
2045170,A2,1.230,-81.8,2.287,0.972
2045180,A1,2.550,-81.6,2.287,0.972
2045450,A3,3.130,-81.7,2.287,0.951
2045470,A2,1.230,-81.7,2.287,0.951
2045480,A1,2.540,-81.7,2.278,0.942
2045600,A3,3.130,-81.5,2.278,0.942
2045620,A2,1.220,-82.1,2.283,0.942
2045630,A1,2.560,-81.2,2.301,0.959
2045750,A3,3.120,-80.9,2.301,0.970
2045770,A2,1.220,-81.9,2.301,0.970
2045780,A1,2.520,-81.6,2.264,0.936
2045900,A3,3.120,-81.2,2.264,0.936
2045920,A2,1.230,-81.9,2.260,0.936
2045930,A1,2.580,-81.4,2.315,0.987
2046050,A3,3.120,-81.4,2.315,0.987
2046070,A2,1.240,-81.8,2.311,0.987
2046080,A1,2.550,-81.4,2.283,0.961
2046200,A3,3.140,-81.5,2.283,0.940
2046220,A2,1.230,-82.0,2.287,0.940
2046230,A1,2.540,-81.8,2.278,0.932
2046350,A3,3.130,-80.9,2.278,0.942
2046370,A2,1.230,-82.0,2.278,0.942
2046380,A1,2.550,-81.5,2.287,0.951
2046500,A3,3.120,-81.5,2.287,0.961
2046520,A2,1.240,-82.1,2.283,0.961
2046530,A1,2.540,-81.4,2.274,0.953
2046650,A3,3.120,-81.3,2.274,0.953
2046670,A2,1.230,-81.9,2.278,0.953
2046680,A1,2.580,-81.5,2.315,0.987
2046800,A3,3.120,-81.0,2.315,0.987
2046820,A2,1.210,-82.1,2.324,0.987
2047100,A3,3.150,-80.2,2.324,0.956
2047120,A2,1.220,-82.1,2.319,0.956
2047130,A1,2.570,-81.6,2.310,0.947
2047250,A3,3.130,-80.5,2.310,0.968
2047270,A2,1.230,-82.1,2.306,0.968
2047280,A1,2.550,-81.9,2.287,0.951
2047400,A3,3.110,-80.8,2.287,0.972
2047420,A2,1.240,-82.2,2.283,0.972
2047430,A1,2.590,-81.9,2.320,1.006
2047550,A3,3.110,-80.7,2.320,1.006
2047570,A2,1.220,-82.1,2.329,1.006
2047580,A1,2.530,-81.8,2.274,0.955
2047700,A3,3.100,-80.5,2.274,0.965
2047720,A2,1.220,-82.0,2.274,0.965
2047730,A1,2.570,-81.6,2.310,0.999
2047850,A3,3.140,-80.8,2.310,0.958
2047870,A2,1.220,-81.9,2.310,0.958
2047880,A1,2.570,-81.9,2.310,0.958
2048000,A3,3.130,-81.0,2.310,0.968
2048020,A2,1.220,-82.0,2.310,0.968
2048030,A1,2.550,-81.5,2.292,0.951
2048150,A3,3.110,-81.1,2.292,0.972
2048170,A2,1.210,-81.8,2.296,0.972
2048180,A1,2.570,-81.9,2.315,0.989
2048300,A3,3.090,-80.9,2.315,1.009
2048320,A2,1.240,-81.9,2.301,1.009
2048330,A1,2.580,-81.8,2.311,1.018
2048600,A3,3.150,-80.2,2.311,0.956
2048620,A2,1.230,-81.8,2.315,0.956
2048630,A1,2.550,-81.8,2.287,0.930
2048750,A3,3.140,-80.6,2.287,0.940
2048770,A2,1.220,-82.3,2.292,0.940
2048780,A1,2.550,-81.3,2.292,0.940
2048900,A3,3.110,-80.6,2.292,0.972
2048920,A2,1.220,-82.1,2.292,0.972
2048930,A1,2.570,-81.1,2.310,0.989
2049050,A3,3.160,-80.5,2.310,0.937
2049070,A2,1.230,-82.4,2.306,0.937
2049080,A1,2.570,-81.2,2.306,0.937
2049200,A3,3.180,-80.4,2.306,0.915
2049220,A2,1.220,-82.2,2.310,0.915
2049230,A1,2.570,-81.6,2.310,0.915
2049350,A3,3.130,-80.7,2.310,0.968
2049370,A2,1.230,-81.9,2.306,0.968
2049380,A1,2.550,-81.7,2.287,0.951
2049500,A3,3.120,-80.8,2.287,0.961
2049520,A2,1.210,-82.4,2.296,0.961
2049530,A1,2.600,-81.4,2.343,1.004
2049650,A3,3.120,-80.5,2.343,1.004
2049670,A2,1.250,-82.1,2.325,1.004
2049680,A1,2.580,-81.9,2.306,0.987
2049800,A3,3.120,-80.5,2.306,0.987
2049820,A2,1.250,-82.3,2.306,0.987
2049830,A1,2.580,-81.5,2.306,0.987
2049950,A3,3.140,-80.5,2.306,0.966
2049970,A2,1.230,-82.2,2.315,0.966
2049980,A1,2.550,-81.9,2.287,0.940
2050100,A3,3.100,-80.9,2.287,0.982
2050120,A2,1.220,-82.1,2.292,0.982
2050130,A1,2.590,-81.5,2.329,1.016
2050250,A3,3.130,-80.5,2.329,0.985
2050270,A2,1.220,-82.5,2.329,0.985
2050280,A1,2.560,-81.7,2.301,0.959
2050400,A3,3.130,-80.4,2.301,0.959
2050420,A2,1.230,-82.1,2.297,0.959
2050430,A1,2.560,-81.8,2.297,0.959
2050550,A3,3.140,-80.4,2.297,0.949
2050570,A2,1.230,-82.2,2.297,0.949
2050580,A1,2.550,-81.9,2.287,0.940
2050700,A3,3.170,-80.4,2.287,0.909
2050720,A2,1.230,-82.1,2.287,0.909
2050730,A1,2.560,-81.4,2.297,0.917
2050850,A3,3.070,-80.7,2.297,1.021
2050870,A2,1.200,-82.0,2.310,1.021
2050880,A1,2.540,-81.9,2.291,1.004
2051000,A3,3.120,-80.8,2.291,0.953
2051020,A2,1.220,-82.2,2.283,0.953
2051030,A1,2.560,-81.9,2.301,0.970
2051150,A3,3.150,-82.7,2.301,0.939
2051170,A2,1.240,-82.2,2.292,0.939
2051180,A1,2.580,-82.6,2.311,0.956
2051300,A3,3.150,-80.4,2.311,0.956
2051320,A2,1.220,-81.9,2.319,0.956
2051330,A1,2.560,-81.6,2.301,0.939
2051450,A3,3.170,-80.2,2.301,0.917
2051470,A2,1.220,-82.3,2.301,0.917
2051480,A1,2.530,-82.1,2.274,0.892
2051900,A3,3.130,-80.5,2.274,0.934
2051920,A2,1.210,-82.2,2.278,0.934
2051930,A1,2.570,-81.7,2.315,0.968
2052050,A3,3.150,-80.9,2.315,0.947
2052070,A2,1.220,-82.1,2.310,0.947
2052080,A1,2.580,-80.9,2.319,0.956
2052200,A3,3.110,-81.4,2.319,0.997
2052220,A2,1.200,-81.9,2.328,0.997
2052230,A1,2.550,-81.6,2.301,0.972
2052350,A3,3.090,-82.1,2.301,0.992
2052370,A2,1.230,-82.2,2.287,0.992
2052380,A1,2.550,-82.2,2.287,0.992
2052500,A3,3.130,-81.5,2.287,0.951
2052520,A2,1.210,-82.0,2.296,0.951
2052530,A1,2.540,-81.7,2.287,0.942
2052650,A3,3.120,-81.1,2.287,0.953
2052670,A2,1.240,-81.7,2.274,0.953
2052680,A1,2.560,-81.7,2.292,0.970
2052800,A3,3.110,-81.4,2.292,0.980
2052820,A2,1.240,-81.8,2.292,0.980
2052830,A1,2.570,-81.7,2.301,0.989
2052950,A3,3.120,-81.4,2.301,0.978
2052970,A2,1.220,-81.9,2.310,0.978
2053250,A3,3.100,-80.9,2.310,0.999
2053270,A2,1.230,-81.8,2.306,0.999
2053280,A1,2.530,-81.6,2.269,0.965
2053400,A3,3.130,-81.0,2.269,0.934
2053420,A2,1.210,-82.0,2.278,0.934
2053430,A1,2.560,-81.7,2.305,0.959
2053550,A3,3.120,-81.4,2.305,0.970
2053570,A2,1.230,-81.9,2.297,0.970
2053580,A1,2.540,-82.2,2.278,0.953
2053700,A3,3.120,-82.2,2.278,0.953
2053720,A2,1.210,-82.4,2.287,0.953
2053730,A1,2.550,-81.9,2.296,0.961
2053850,A3,3.150,-81.3,2.296,0.930
2053870,A2,1.230,-82.7,2.287,0.930
2053880,A1,2.570,-81.3,2.306,0.947
2054020,A2,1.220,-82.3,2.310,0.947
2054030,A1,2.530,-81.0,2.274,0.913
2054170,A2,1.220,-82.2,2.274,0.913
2054180,A1,2.540,-81.2,2.283,0.922
2054300,A3,3.130,-81.2,2.283,0.942
2054320,A2,1.230,-82.1,2.278,0.942
2054330,A1,2.530,-81.1,2.269,0.934
2054450,A3,3.110,-81.0,2.269,0.955
2054470,A2,1.220,-82.1,2.274,0.955
2054480,A1,2.550,-81.2,2.292,0.972
2054600,A3,3.110,-80.8,2.292,0.972
2054620,A2,1.220,-82.7,2.292,0.972
2054630,A1,2.560,-81.5,2.301,0.980
2054900,A3,3.130,-80.9,2.301,0.959
2054920,A2,1.220,-82.1,2.301,0.959
2054930,A1,2.550,-81.2,2.292,0.951
2055050,A3,3.130,-81.0,2.292,0.951
2055070,A2,1.220,-82.2,2.292,0.951
2055080,A1,2.530,-81.5,2.274,0.934
2055200,A3,3.120,-81.4,2.274,0.944
2055220,A2,1.210,-82.2,2.278,0.944
2055230,A1,2.540,-81.7,2.287,0.953
2055350,A3,3.150,-81.1,2.287,0.922
2055370,A2,1.230,-82.4,2.278,0.922
2055380,A1,2.570,-81.5,2.306,0.947
2055500,A3,3.130,-80.9,2.306,0.968
2055520,A2,1.220,-82.2,2.310,0.968
2055530,A1,2.560,-81.9,2.301,0.959
2055650,A3,3.120,-81.5,2.301,0.970
2055670,A2,1.220,-82.3,2.301,0.970
2055680,A1,2.530,-81.7,2.274,0.944
2055800,A3,3.120,-81.5,2.274,0.944
2055820,A2,1.220,-82.2,2.274,0.944
2055830,A1,2.580,-82.0,2.319,0.987
2055950,A3,3.130,-81.6,2.319,0.977
2055970,A2,1.220,-82.6,2.319,0.977
2055980,A1,2.510,-81.9,2.255,0.917
2056120,A2,1.230,-82.3,2.251,0.917
2056130,A1,2.540,-81.5,2.278,0.942
2056270,A2,1.220,-82.4,2.283,0.942
2056280,A1,2.550,-81.2,2.292,0.951
2056400,A3,3.110,-80.9,2.292,0.972
2056420,A2,1.210,-82.1,2.296,0.972
2056430,A1,2.520,-81.8,2.269,0.946
2056550,A3,3.120,-81.1,2.269,0.936
2056570,A2,1.230,-82.3,2.260,0.936
2056580,A1,2.560,-81.6,2.297,0.970
2056700,A3,3.120,-81.0,2.297,0.970
2056720,A2,1.230,-82.0,2.297,0.970
2056730,A1,2.530,-81.5,2.269,0.944
2056850,A3,3.120,-81.3,2.269,0.944
2056870,A2,1.230,-82.2,2.269,0.944
2056880,A1,2.540,-81.3,2.278,0.953
2057000,A3,3.140,-81.1,2.278,0.932
2057020,A2,1.210,-82.6,2.287,0.932
2057030,A1,2.570,-81.6,2.315,0.958
2057150,A3,3.090,-81.3,2.315,1.009
2057170,A2,1.220,-82.2,2.310,1.009
2057180,A1,2.540,-81.4,2.283,0.984
2057300,A3,3.120,-81.2,2.283,0.953
2057320,A2,1.250,-82.3,2.269,0.953
2057330,A1,2.540,-81.7,2.269,0.953
2057450,A3,3.140,-81.3,2.269,0.932
2057470,A2,1.220,-82.3,2.283,0.932
2057480,A1,2.540,-81.9,2.283,0.932
2057600,A3,3.130,-81.1,2.283,0.942
2057620,A2,1.210,-82.4,2.287,0.942
2057630,A1,2.530,-81.4,2.278,0.934
2057750,A3,3.120,-81.0,2.278,0.944
2057770,A2,1.200,-82.4,2.282,0.944
2057780,A1,2.550,-81.8,2.301,0.961
2058050,A3,3.130,-81.2,2.301,0.951
2058070,A2,1.220,-82.3,2.292,0.951
2058080,A1,2.520,-81.7,2.264,0.926
2058200,A3,3.130,-81.2,2.264,0.926
2058220,A2,1.220,-82.3,2.264,0.926
2058230,A1,2.530,-81.7,2.274,0.934
2058350,A3,3.110,-81.3,2.274,0.955
2058370,A2,1.220,-82.3,2.274,0.955
2058380,A1,2.560,-82.0,2.301,0.980
2058500,A3,3.120,-81.1,2.301,0.970
2058520,A2,1.240,-82.4,2.292,0.970
2058530,A1,2.570,-81.9,2.301,0.978
2058650,A3,3.130,-81.0,2.301,0.968
2058670,A2,1.220,-82.2,2.310,0.968
2058680,A1,2.570,-81.4,2.310,0.968
2058800,A3,3.140,-80.8,2.310,0.958
2058820,A2,1.220,-82.0,2.310,0.958
2058830,A1,2.580,-81.4,2.319,0.966
2058950,A3,3.130,-80.9,2.319,0.977
2058970,A2,1.220,-82.4,2.319,0.977
2058980,A1,2.560,-81.8,2.301,0.959
2059100,A3,3.170,-80.2,2.301,0.917
2059120,A2,1.220,-82.2,2.301,0.917
2059130,A1,2.550,-81.8,2.292,0.909
2059250,A3,3.180,-80.7,2.292,0.898
2059270,A2,1.220,-82.2,2.292,0.898
2059280,A1,2.560,-81.7,2.301,0.907
2059400,A3,3.090,-80.9,2.301,1.001
2059420,A2,1.230,-82.1,2.297,1.001
2059430,A1,2.560,-81.7,2.297,1.001
2059550,A3,3.110,-81.5,2.297,0.980
2059570,A2,1.220,-82.0,2.301,0.980
2059580,A1,2.530,-82.0,2.274,0.955
2059700,A3,3.150,-80.5,2.274,0.913
2059720,A2,1.240,-82.1,2.265,0.913
2059730,A1,2.540,-82.5,2.274,0.922
2059850,A3,3.130,-80.9,2.274,0.942
2059870,A2,1.240,-82.1,2.274,0.942
2059880,A1,2.530,-82.1,2.265,0.934
2060000,A3,3.180,-81.0,2.265,0.881
2060020,A2,1.250,-81.9,2.260,0.881
2060030,A1,2.520,-82.0,2.251,0.873
2060150,A3,3.130,-80.9,2.251,0.926
2060170,A2,1.260,-82.0,2.247,0.926
2060180,A1,2.520,-82.2,2.247,0.926
2060300,A3,3.150,-80.7,2.247,0.905
2060320,A2,1.240,-81.9,2.256,0.905
2060330,A1,2.540,-81.5,2.274,0.922
2060450,A3,3.090,-81.8,2.274,0.984
2060470,A2,1.220,-82.0,2.283,0.984
2060480,A1,2.520,-81.9,2.264,0.967
2060600,A3,3.130,-81.1,2.264,0.926
2060620,A2,1.230,-82.1,2.260,0.926
2060630,A1,2.540,-81.3,2.278,0.942
2060750,A3,3.090,-80.8,2.278,0.984
2060770,A2,1.220,-82.5,2.283,0.984
2060780,A1,2.550,-82.1,2.292,0.992
2060900,A3,3.120,-80.7,2.292,0.961
2060920,A2,1.220,-82.3,2.292,0.961
2060930,A1,2.560,-81.8,2.301,0.970
2061200,A3,3.140,-80.4,2.301,0.949
2061220,A2,1.220,-82.2,2.301,0.949
2061230,A1,2.510,-82.2,2.255,0.907
2061500,A3,3.150,-80.5,2.255,0.896
2061520,A2,1.220,-82.3,2.255,0.896
2061530,A1,2.540,-82.2,2.283,0.922
2061650,A3,3.160,-80.5,2.283,0.911
2061670,A2,1.210,-82.0,2.287,0.911
2061680,A1,2.570,-82.3,2.315,0.937
2061800,A3,3.140,-83.0,2.315,0.958
2061820,A2,1.220,-82.7,2.310,0.958
2061830,A1,2.530,-82.7,2.274,0.924
2061950,A3,3.140,-80.4,2.274,0.924
2061970,A2,1.220,-82.4,2.274,0.924
2061980,A1,2.530,-81.3,2.274,0.924
2062100,A3,3.110,-81.0,2.274,0.955
2062120,A2,1.230,-82.2,2.269,0.955
2062130,A1,2.570,-82.1,2.306,0.989
2062250,A3,3.130,-81.0,2.306,0.968
2062270,A2,1.230,-81.8,2.306,0.968
2062280,A1,2.550,-82.0,2.287,0.951
2062400,A3,3.100,-81.3,2.287,0.982
2062420,A2,1.240,-81.8,2.283,0.982
2062430,A1,2.570,-81.6,2.301,0.999
2062550,A3,3.120,-81.1,2.301,0.978
2062570,A2,1.220,-81.7,2.310,0.978
2062850,A3,3.160,-80.5,2.310,0.937
2062870,A2,1.220,-81.8,2.310,0.937
2062880,A1,2.550,-81.7,2.292,0.919
2063000,A3,3.140,-80.9,2.292,0.940
2063020,A2,1.240,-81.7,2.283,0.940
2063030,A1,2.510,-81.9,2.247,0.907
2063150,A3,3.140,-80.7,2.247,0.907
2063170,A2,1.220,-82.0,2.255,0.907
2063180,A1,2.540,-81.4,2.283,0.932
2063300,A3,3.100,-80.8,2.283,0.974
2063320,A2,1.260,-81.5,2.265,0.974
2063330,A1,2.540,-82.1,2.265,0.974
2063450,A3,3.150,-80.8,2.265,0.922
2063470,A2,1.220,-81.8,2.283,0.922
2063480,A1,2.550,-81.9,2.292,0.930
2063600,A3,3.160,-80.8,2.292,0.919
2063620,A2,1.230,-82.1,2.287,0.919
2063630,A1,2.550,-81.8,2.287,0.919
2063750,A3,3.150,-80.6,2.287,0.930
2063770,A2,1.230,-82.1,2.287,0.930
2063780,A1,2.540,-81.6,2.278,0.922
2063900,A3,3.120,-81.2,2.278,0.953
2063920,A2,1.220,-82.2,2.283,0.953
2063930,A1,2.540,-81.9,2.283,0.953
2064050,A3,3.070,-81.3,2.283,1.004
2064070,A2,1.220,-81.8,2.283,1.004
2064080,A1,2.540,-81.5,2.283,1.004
2064350,A3,3.140,-81.2,2.283,0.932
2064370,A2,1.240,-81.7,2.274,0.932
2064380,A1,2.520,-81.8,2.256,0.915
2064500,A3,3.120,-81.5,2.256,0.936
2064520,A2,1.220,-81.6,2.264,0.936
2064530,A1,2.550,-81.6,2.292,0.961
2064650,A3,3.130,-81.3,2.292,0.951
2064670,A2,1.220,-81.9,2.292,0.951
2064680,A1,2.540,-81.4,2.283,0.942
2064800,A3,3.120,-81.5,2.283,0.953
2064820,A2,1.240,-81.8,2.274,0.953
2064830,A1,2.560,-81.6,2.292,0.970
2064950,A3,3.130,-80.8,2.292,0.959
2064970,A2,1.240,-82.1,2.292,0.959
2064980,A1,2.550,-82.1,2.283,0.951
2065100,A3,3.120,-80.6,2.283,0.961
2065120,A2,1.220,-82.2,2.292,0.961
2065130,A1,2.550,-81.9,2.292,0.961
2065250,A3,3.160,-80.6,2.292,0.919
2065270,A2,1.220,-82.2,2.292,0.919
2065280,A1,2.540,-82.0,2.283,0.911
2065400,A3,3.110,-80.2,2.283,0.963
2065420,A2,1.230,-82.1,2.278,0.963
2065430,A1,2.510,-82.2,2.251,0.938
2065550,A3,3.110,-80.5,2.251,0.938
2065570,A2,1.220,-82.2,2.255,0.938
2065580,A1,2.540,-81.8,2.283,0.963
2065700,A3,3.130,-80.5,2.283,0.942
2065720,A2,1.210,-82.3,2.287,0.942
2065730,A1,2.530,-81.9,2.278,0.934
2065850,A3,3.110,-80.1,2.278,0.955
2065870,A2,1.210,-82.2,2.278,0.955
2065880,A1,2.530,-82.3,2.278,0.955
2066000,A3,3.130,-80.3,2.278,0.934
2066020,A2,1.230,-82.1,2.269,0.934
2066030,A1,2.520,-81.8,2.260,0.926
2066150,A3,3.140,-80.4,2.260,0.915
2066170,A2,1.230,-82.0,2.260,0.915
2066180,A1,2.510,-82.3,2.251,0.907
2066300,A3,3.110,-80.4,2.251,0.938
2066320,A2,1.210,-82.2,2.260,0.938
2066330,A1,2.550,-81.6,2.296,0.972
2066450,A3,3.130,-80.5,2.296,0.951
2066470,A2,1.210,-82.1,2.296,0.951
2066480,A1,2.530,-81.7,2.278,0.934
2066600,A3,3.160,-80.8,2.278,0.903
2066620,A2,1.230,-81.9,2.269,0.903
2066630,A1,2.550,-81.9,2.287,0.919
2066750,A3,3.180,-81.1,2.287,0.898
2066770,A2,1.240,-82.1,2.283,0.898
2066780,A1,2.550,-81.6,2.283,0.898
2066900,A3,3.160,-80.4,2.283,0.919
2066920,A2,1.230,-82.2,2.287,0.919
2066930,A1,2.550,-82.0,2.287,0.919
2067050,A3,3.120,-80.6,2.287,0.961
2067070,A2,1.230,-82.0,2.287,0.961
2067080,A1,2.540,-81.7,2.278,0.953
2067200,A3,3.110,-80.6,2.278,0.963
2067220,A2,1.220,-82.1,2.283,0.963
2067230,A1,2.540,-81.8,2.283,0.963
2067500,A3,3.150,-80.3,2.283,0.922
2067520,A2,1.240,-82.2,2.274,0.922
2067530,A1,2.530,-82.2,2.265,0.913
2067650,A3,3.150,-80.9,2.265,0.913
2067670,A2,1.220,-82.0,2.274,0.913
2067680,A1,2.530,-81.7,2.274,0.913
2067800,A3,3.150,-80.8,2.274,0.913
2067820,A2,1.230,-82.1,2.269,0.913
2067830,A1,2.560,-81.9,2.297,0.939
2068100,A3,3.120,-80.5,2.297,0.970
2068120,A2,1.230,-82.1,2.297,0.970
2068130,A1,2.530,-81.5,2.269,0.944
2068250,A3,3.100,-80.8,2.269,0.965
2068270,A2,1.220,-82.1,2.274,0.965
2068280,A1,2.520,-82.0,2.264,0.957
2068400,A3,3.140,-80.6,2.264,0.915
2068420,A2,1.220,-81.9,2.264,0.915
2068430,A1,2.560,-81.3,2.301,0.949
2068550,A3,3.130,-80.8,2.301,0.959
2068570,A2,1.230,-82.2,2.297,0.959
2068580,A1,2.510,-82.0,2.251,0.917
2068700,A3,3.120,-81.0,2.251,0.928
2068720,A2,1.210,-82.2,2.260,0.928
2068730,A1,2.560,-81.8,2.305,0.970
2068850,A3,3.120,-80.8,2.305,0.970
2068870,A2,1.220,-82.0,2.301,0.970
2068880,A1,2.550,-82.1,2.292,0.961
2069000,A3,3.110,-81.6,2.292,0.972
2069020,A2,1.230,-82.0,2.287,0.972
2069030,A1,2.560,-81.5,2.297,0.980
2069150,A3,3.110,-81.0,2.297,0.980
2069170,A2,1.230,-82.2,2.297,0.980
2069180,A1,2.550,-81.6,2.287,0.972
2069300,A3,3.080,-81.5,2.287,1.003
2069320,A2,1.220,-81.8,2.292,1.003
2069330,A1,2.520,-81.9,2.264,0.977
2069450,A3,3.130,-81.3,2.264,0.926
2069470,A2,1.220,-82.2,2.264,0.926
2069480,A1,2.530,-81.9,2.274,0.934
2069600,A3,3.100,-81.7,2.274,0.965
2069620,A2,1.210,-82.0,2.278,0.965
2069630,A1,2.570,-81.6,2.315,0.999
2069750,A3,3.120,-81.2,2.315,0.978
2069770,A2,1.220,-81.8,2.310,0.978
2069780,A1,2.550,-81.6,2.292,0.961
2069900,A3,3.110,-81.6,2.292,0.972
2069920,A2,1.260,-81.9,2.274,0.972
2069930,A1,2.550,-81.2,2.274,0.972
2070050,A3,3.100,-81.5,2.274,0.982
2070070,A2,1.220,-82.1,2.292,0.982
2070080,A1,2.550,-81.6,2.292,0.982
2070200,A3,3.120,-81.9,2.292,0.961
2070220,A2,1.240,-82.0,2.283,0.961
2070230,A1,2.550,-81.8,2.283,0.961
2070350,A3,3.090,-81.4,2.283,0.992
2070370,A2,1.220,-81.8,2.292,0.992
2070380,A1,2.550,-81.8,2.292,0.992
2070650,A3,3.130,-81.1,2.292,0.951
2070670,A2,1.240,-81.8,2.283,0.951
2070680,A1,2.530,-81.9,2.265,0.934
2070800,A3,3.110,-81.2,2.265,0.955
2070820,A2,1.230,-81.7,2.269,0.955
2070830,A1,2.510,-82.1,2.251,0.938
2070950,A3,3.130,-81.2,2.251,0.917
2070970,A2,1.260,-82.2,2.238,0.917
2070980,A1,2.550,-82.3,2.274,0.951
2071100,A3,3.110,-80.8,2.274,0.972
2071120,A2,1.230,-81.9,2.287,0.972
2071130,A1,2.530,-82.2,2.269,0.955
2071250,A3,3.110,-81.0,2.269,0.955
2071270,A2,1.240,-82.0,2.265,0.955
2071280,A1,2.520,-82.3,2.256,0.946
2071400,A3,3.150,-80.9,2.256,0.905
2071420,A2,1.220,-82.1,2.264,0.905
2071430,A1,2.550,-82.4,2.292,0.930
2071550,A3,3.130,-80.8,2.292,0.951
2071570,A2,1.230,-82.2,2.287,0.951
2071580,A1,2.570,-82.6,2.306,0.968
2071700,A3,3.110,-80.6,2.306,0.989
2071720,A2,1.210,-82.1,2.315,0.989
2071730,A1,2.510,-82.4,2.260,0.938
2071850,A3,3.140,-80.5,2.260,0.907
2071870,A2,1.220,-82.1,2.255,0.907
2071880,A1,2.560,-81.9,2.301,0.949
2072000,A3,3.120,-80.9,2.301,0.970
2072020,A2,1.240,-82.3,2.292,0.970
2072030,A1,2.550,-81.8,2.283,0.961
2072150,A3,3.150,-80.6,2.283,0.930
2072170,A2,1.220,-82.3,2.292,0.930
2072180,A1,2.540,-81.9,2.283,0.922
2072300,A3,3.140,-80.9,2.283,0.932
2072320,A2,1.210,-82.4,2.287,0.932
2072330,A1,2.540,-82.2,2.287,0.932
2072450,A3,3.110,-82.1,2.287,0.963
2072470,A2,1.210,-82.3,2.287,0.963
2072480,A1,2.530,-82.2,2.278,0.955
2072600,A3,3.120,-80.6,2.278,0.944
2072620,A2,1.210,-82.5,2.278,0.944
2072630,A1,2.530,-82.1,2.278,0.944
2072750,A3,3.110,-80.5,2.278,0.955
2072770,A2,1.210,-82.2,2.278,0.955
2072780,A1,2.510,-81.5,2.260,0.938
2072900,A3,3.120,-80.9,2.260,0.928
2072920,A2,1.220,-82.2,2.255,0.928
2072930,A1,2.520,-81.5,2.264,0.936
2073050,A3,3.130,-80.6,2.264,0.926
2073070,A2,1.220,-82.4,2.264,0.926
2073080,A1,2.540,-82.1,2.283,0.942
2073200,A3,3.150,-80.8,2.283,0.922
2073220,A2,1.220,-82.1,2.283,0.922
2073230,A1,2.580,-82.2,2.319,0.956
2073350,A3,3.120,-81.0,2.319,0.987
2073370,A2,1.240,-82.0,2.311,0.987
2073380,A1,2.540,-81.8,2.274,0.953
2073500,A3,3.130,-80.6,2.274,0.942
2073520,A2,1.240,-82.2,2.274,0.942
2073530,A1,2.540,-81.5,2.274,0.942
2073800,A3,3.150,-80.5,2.274,0.922
2073820,A2,1.220,-82.3,2.283,0.922
2073830,A1,2.550,-82.0,2.292,0.930
2073950,A3,3.140,-80.3,2.292,0.940
2073970,A2,1.210,-82.3,2.296,0.940
2073980,A1,2.510,-82.3,2.260,0.907
2074100,A3,3.120,-80.6,2.260,0.928
2074120,A2,1.220,-82.3,2.255,0.928
2074130,A1,2.540,-82.3,2.283,0.953
2074250,A3,3.100,-80.5,2.283,0.974
2074270,A2,1.220,-82.3,2.283,0.974
2074280,A1,2.540,-81.9,2.283,0.974
2074400,A3,3.120,-80.3,2.283,0.953
2074420,A2,1.220,-82.2,2.283,0.953
2074430,A1,2.560,-82.2,2.301,0.970
2074550,A3,3.100,-80.6,2.301,0.991
2074570,A2,1.210,-82.5,2.305,0.991
2074580,A1,2.510,-82.1,2.260,0.948
2074700,A3,3.130,-80.7,2.260,0.917
2074720,A2,1.220,-82.5,2.255,0.917
2074730,A1,2.550,-82.3,2.292,0.951
2074850,A3,3.130,-80.9,2.292,0.951
2074870,A2,1.220,-82.2,2.292,0.951
2074880,A1,2.530,-82.0,2.274,0.934
2075000,A3,3.120,-80.5,2.274,0.944
2075020,A2,1.220,-82.2,2.274,0.944
2075030,A1,2.520,-82.1,2.264,0.936
2075150,A3,3.130,-80.3,2.264,0.926
2075170,A2,1.220,-82.2,2.264,0.926
2075180,A1,2.540,-81.9,2.283,0.942
2075300,A3,3.140,-80.5,2.283,0.932
2075320,A2,1.250,-82.2,2.269,0.932
2075330,A1,2.560,-81.9,2.288,0.949
2075450,A3,3.110,-80.7,2.288,0.980
2075470,A2,1.220,-82.3,2.301,0.980
2075480,A1,2.570,-81.9,2.310,0.989
2075600,A3,3.130,-80.5,2.310,0.968
2075620,A2,1.220,-82.1,2.310,0.968
2075630,A1,2.560,-82.0,2.301,0.959
2075750,A3,3.100,-80.6,2.301,0.991
2075770,A2,1.230,-82.4,2.297,0.991
2075780,A1,2.530,-81.9,2.269,0.965
2075900,A3,3.130,-80.8,2.269,0.934
2075920,A2,1.220,-82.2,2.274,0.934
2075930,A1,2.550,-82.0,2.292,0.951
2076200,A3,3.110,-80.8,2.292,0.972
2076220,A2,1.210,-82.6,2.296,0.972
2076230,A1,2.560,-82.2,2.305,0.980
2076350,A3,3.110,-80.8,2.305,0.980
2076370,A2,1.210,-82.1,2.305,0.980
2076380,A1,2.530,-82.2,2.278,0.955
2076500,A3,3.130,-80.7,2.278,0.934
2076520,A2,1.230,-82.1,2.269,0.934
2076530,A1,2.540,-82.1,2.278,0.942
2076650,A3,3.140,-80.8,2.278,0.932
2076670,A2,1.200,-82.6,2.291,0.932
2076680,A1,2.530,-81.8,2.282,0.924
2076950,A3,3.130,-80.7,2.282,0.934
2076970,A2,1.230,-82.0,2.269,0.934
2076980,A1,2.550,-81.9,2.287,0.951
2077100,A3,3.130,-80.5,2.287,0.951
2077120,A2,1.240,-82.3,2.283,0.951
2077130,A1,2.560,-81.9,2.292,0.959
2077250,A3,3.120,-80.4,2.292,0.970
2077270,A2,1.220,-82.1,2.301,0.970
2077280,A1,2.550,-81.5,2.292,0.961
2077400,A3,3.150,-80.6,2.292,0.930
2077420,A2,1.230,-82.2,2.287,0.930
2077430,A1,2.530,-82.1,2.269,0.913
2077550,A3,3.120,-80.7,2.269,0.944
2077570,A2,1.210,-82.2,2.278,0.944
2077580,A1,2.540,-81.8,2.287,0.953
2077700,A3,3.120,-80.8,2.287,0.953
2077720,A2,1.230,-82.3,2.278,0.953
2077730,A1,2.530,-81.6,2.269,0.944
2077850,A3,3.110,-80.4,2.269,0.955
2077870,A2,1.220,-82.3,2.274,0.955
2077880,A1,2.550,-81.9,2.292,0.972
2078000,A3,3.100,-80.7,2.292,0.982
2078020,A2,1.230,-82.5,2.287,0.982
2078030,A1,2.530,-81.5,2.269,0.965
2078150,A3,3.130,-80.8,2.269,0.934
2078170,A2,1.220,-82.4,2.274,0.934
2078180,A1,2.530,-81.7,2.274,0.934
2078300,A3,3.100,-80.7,2.274,0.965
2078320,A2,1.220,-82.3,2.274,0.965
2078330,A1,2.540,-81.4,2.283,0.974
2078450,A3,3.120,-80.2,2.283,0.953
2078470,A2,1.220,-82.3,2.283,0.953
2078480,A1,2.530,-82.1,2.274,0.944
2078600,A3,3.150,-80.4,2.274,0.913
2078620,A2,1.230,-82.3,2.269,0.913
2078630,A1,2.530,-82.2,2.269,0.913
2078750,A3,3.100,-80.3,2.269,0.965
2078770,A2,1.220,-82.5,2.274,0.965
2078780,A1,2.530,-81.6,2.274,0.965
2078900,A3,3.080,-80.7,2.274,0.986
2078920,A2,1.220,-82.1,2.274,0.986
2078930,A1,2.520,-82.1,2.264,0.977
2079050,A3,3.140,-80.8,2.264,0.915
2079070,A2,1.220,-82.3,2.264,0.915
2079080,A1,2.540,-81.5,2.283,0.932
2079200,A3,3.120,-80.6,2.283,0.953
2079220,A2,1.230,-82.1,2.278,0.953
2079230,A1,2.550,-82.0,2.287,0.961
2079350,A3,3.120,-80.9,2.287,0.961
2079370,A2,1.230,-82.2,2.287,0.961
2079380,A1,2.540,-81.6,2.278,0.953
2079500,A3,3.120,-80.6,2.278,0.953
2079520,A2,1.210,-82.3,2.287,0.953
2079530,A1,2.550,-82.3,2.296,0.961
2079650,A3,3.100,-80.8,2.296,0.982
2079670,A2,1.220,-82.2,2.292,0.982
2079680,A1,2.560,-81.8,2.301,0.991
2079800,A3,3.120,-80.7,2.301,0.970
2079820,A2,1.230,-82.0,2.297,0.970
2079830,A1,2.570,-81.9,2.306,0.978
2080100,A3,3.130,-80.8,2.306,0.968
2080120,A2,1.250,-82.0,2.297,0.968
2080130,A1,2.560,-81.8,2.288,0.959
2080250,A3,3.120,-81.0,2.288,0.970
2080270,A2,1.230,-82.3,2.297,0.970
2080280,A1,2.550,-82.1,2.287,0.961
2080400,A3,3.120,-80.2,2.287,0.961
2080420,A2,1.200,-82.2,2.301,0.961
2080430,A1,2.540,-81.9,2.291,0.953
2080550,A3,3.130,-80.3,2.291,0.942
2080570,A2,1.210,-82.3,2.287,0.942
2080580,A1,2.560,-82.2,2.305,0.959
2080700,A3,3.120,-80.8,2.305,0.970
2080720,A2,1.250,-82.6,2.288,0.970
2080730,A1,2.540,-82.3,2.269,0.953
2080850,A3,3.130,-80.5,2.269,0.942
2080870,A2,1.220,-82.3,2.283,0.942
2080880,A1,2.530,-81.7,2.274,0.934
2081000,A3,3.120,-80.7,2.274,0.944
2081020,A2,1.210,-82.1,2.278,0.944
2081030,A1,2.530,-81.8,2.278,0.944
2081150,A3,3.140,-80.7,2.278,0.924
2081170,A2,1.210,-82.4,2.278,0.924
2081180,A1,2.510,-81.9,2.260,0.907
2081300,A3,3.110,-80.6,2.260,0.938
2081320,A2,1.230,-82.3,2.251,0.938
2081330,A1,2.580,-82.1,2.315,0.997
2081450,A3,3.110,-80.6,2.315,0.997
2081470,A2,1.220,-82.2,2.319,0.997
2081480,A1,2.540,-81.9,2.283,0.963
2081600,A3,3.160,-80.6,2.283,0.911
2081620,A2,1.220,-82.1,2.283,0.911
2081630,A1,2.510,-82.3,2.255,0.886
2081750,A3,3.120,-80.9,2.255,0.928
2081770,A2,1.230,-82.3,2.251,0.928
2081780,A1,2.540,-81.9,2.278,0.953
2081900,A3,3.130,-80.9,2.278,0.942
2081920,A2,1.230,-82.3,2.278,0.942
2081930,A1,2.550,-82.3,2.287,0.951
2082050,A3,3.130,-80.3,2.287,0.951
2082070,A2,1.220,-82.1,2.292,0.951
2082080,A1,2.520,-82.1,2.264,0.926
2082200,A3,3.120,-80.9,2.264,0.936
2082220,A2,1.220,-82.2,2.264,0.936
2082230,A1,2.520,-82.2,2.264,0.936
2082350,A3,3.150,-80.6,2.264,0.905
2082370,A2,1.220,-82.4,2.264,0.905
2082380,A1,2.550,-81.7,2.292,0.930
2082500,A3,3.150,-80.3,2.292,0.930
2082520,A2,1.200,-82.2,2.301,0.930
2082530,A1,2.540,-81.9,2.291,0.922
2082650,A3,3.110,-80.6,2.291,0.963
2082670,A2,1.230,-82.3,2.278,0.963
2082680,A1,2.550,-82.4,2.287,0.972
2082800,A3,3.090,-80.7,2.287,0.992
2082820,A2,1.230,-82.2,2.287,0.992
2082830,A1,2.550,-81.8,2.287,0.992
2082950,A3,3.140,-80.8,2.287,0.940
2082970,A2,1.220,-82.1,2.292,0.940
2082980,A1,2.520,-81.7,2.264,0.915
2083250,A3,3.130,-80.8,2.264,0.926
2083270,A2,1.220,-82.3,2.264,0.926
2083280,A1,2.560,-81.8,2.301,0.959
2083400,A3,3.120,-80.7,2.301,0.970
2083420,A2,1.220,-82.2,2.301,0.970
2083430,A1,2.510,-81.6,2.255,0.928
2083550,A3,3.130,-80.6,2.255,0.917
2083570,A2,1.210,-82.3,2.260,0.917
2083580,A1,2.520,-81.7,2.269,0.926
2083700,A3,3.120,-80.5,2.269,0.936
2083720,A2,1.220,-82.3,2.264,0.936
2083730,A1,2.560,-81.8,2.301,0.970
2083850,A3,3.120,-80.8,2.301,0.970
2083870,A2,1.210,-82.5,2.305,0.970
2083880,A1,2.540,-82.2,2.287,0.953
2084000,A3,3.100,-80.9,2.287,0.974
2084020,A2,1.230,-82.2,2.278,0.974
2084030,A1,2.520,-82.4,2.260,0.957
2084150,A3,3.110,-80.7,2.260,0.946
2084170,A2,1.210,-82.5,2.269,0.946
2084180,A1,2.530,-82.3,2.278,0.955
2084300,A3,3.130,-80.8,2.278,0.934
2084320,A2,1.220,-82.2,2.274,0.934
2084330,A1,2.520,-81.7,2.264,0.926
2084450,A3,3.150,-80.7,2.264,0.905
2084470,A2,1.230,-82.3,2.260,0.905
2084480,A1,2.540,-81.8,2.278,0.922
2084600,A3,3.120,-80.6,2.278,0.953
2084620,A2,1.220,-82.2,2.283,0.953
2084630,A1,2.520,-82.2,2.264,0.936
2084750,A3,3.130,-80.5,2.264,0.926
2084770,A2,1.230,-82.5,2.260,0.926
2084780,A1,2.580,-82.4,2.315,0.977
2084900,A3,3.160,-80.4,2.315,0.945
2084920,A2,1.220,-82.3,2.319,0.945
2084930,A1,2.560,-82.0,2.301,0.928
2085050,A3,3.150,-80.7,2.301,0.939
2085070,A2,1.230,-82.2,2.297,0.939
2085080,A1,2.540,-81.5,2.278,0.922
2085200,A3,3.120,-80.8,2.278,0.953
2085220,A2,1.230,-82.6,2.278,0.953
2085500,A3,3.150,-80.2,2.278,0.922
2085520,A2,1.230,-82.2,2.278,0.922
2085530,A1,2.530,-81.7,2.269,0.913
2085650,A3,3.130,-80.8,2.269,0.934
2085680,A1,2.560,-82.2,2.297,0.959
2085830,A1,2.520,-81.8,2.260,0.926
2085950,A3,3.110,-80.6,2.260,0.946
2085970,A2,1.230,-82.4,2.260,0.946
2085980,A1,2.530,-82.3,2.269,0.955
2086100,A3,3.140,-80.4,2.269,0.924
2086120,A2,1.210,-82.2,2.278,0.924
2086130,A1,2.510,-82.3,2.260,0.907
2086400,A3,3.140,-80.8,2.260,0.907
2086420,A2,1.220,-82.1,2.255,0.907
2086430,A1,2.550,-81.9,2.292,0.940
2086550,A3,3.120,-80.6,2.292,0.961
2086570,A2,1.220,-82.2,2.292,0.961
2086580,A1,2.540,-81.8,2.283,0.953
2086700,A3,3.140,-80.7,2.283,0.932
2086720,A2,1.230,-82.1,2.278,0.932
2087000,A3,3.160,-80.4,2.278,0.911
2087020,A2,1.200,-82.4,2.291,0.911
2087030,A1,2.560,-82.3,2.310,0.928
2087150,A3,3.110,-80.8,2.310,0.980
2087170,A2,1.210,-82.5,2.305,0.980
2087180,A1,2.540,-81.8,2.287,0.963
2087300,A3,3.130,-80.8,2.287,0.942
2087320,A2,1.230,-82.4,2.278,0.942
2087330,A1,2.520,-82.1,2.260,0.926
2087450,A3,3.160,-80.8,2.260,0.894
2087470,A2,1.240,-82.3,2.256,0.894
2087480,A1,2.540,-82.1,2.274,0.911
2087600,A3,3.140,-80.9,2.274,0.932
2087620,A2,1.220,-82.4,2.283,0.932
2087630,A1,2.520,-81.7,2.264,0.915
2087750,A3,3.120,-80.4,2.264,0.936
2087770,A2,1.210,-82.5,2.269,0.936
2087780,A1,2.520,-82.1,2.269,0.936
2087900,A3,3.120,-80.9,2.269,0.936
2087920,A2,1.210,-82.2,2.269,0.936
2087930,A1,2.550,-81.5,2.296,0.961
2088050,A3,3.130,-80.7,2.296,0.951
2088070,A2,1.230,-82.3,2.287,0.951
2088080,A1,2.560,-81.5,2.297,0.959
2088200,A3,3.120,-80.9,2.297,0.970
2088220,A2,1.220,-82.2,2.301,0.970
2088230,A1,2.560,-81.7,2.301,0.970
2088350,A3,3.140,-80.9,2.301,0.949
2088370,A2,1.220,-82.2,2.301,0.949
2088380,A1,2.550,-82.2,2.292,0.940
2088500,A3,3.110,-80.9,2.292,0.972
2088520,A2,1.230,-82.2,2.287,0.972
2088530,A1,2.540,-81.9,2.278,0.963
2088650,A3,3.140,-80.9,2.278,0.932
2088670,A2,1.220,-82.1,2.283,0.932
2088680,A1,2.520,-81.7,2.264,0.915
2088800,A3,3.140,-80.8,2.264,0.915
2088820,A2,1.230,-82.3,2.260,0.915
2088830,A1,2.510,-81.7,2.251,0.907
2088950,A3,3.140,-80.8,2.251,0.907
2088970,A2,1.240,-82.3,2.247,0.907
2088980,A1,2.530,-81.8,2.265,0.924
2089100,A3,3.120,-80.7,2.265,0.944
2089120,A2,1.240,-82.4,2.265,0.944
2089130,A1,2.540,-82.2,2.274,0.953
2089250,A3,3.120,-81.0,2.274,0.953
2089270,A2,1.230,-82.6,2.278,0.953
2089280,A1,2.540,-82.0,2.278,0.953
2089550,A3,3.110,-81.5,2.278,0.963
2089570,A2,1.220,-82.6,2.283,0.963
2089580,A1,2.550,-82.7,2.292,0.972
2089700,A3,3.140,-81.0,2.292,0.940
2089720,A2,1.220,-82.1,2.292,0.940
2089730,A1,2.540,-82.1,2.283,0.932
2089850,A3,3.120,-80.4,2.283,0.953
2089870,A2,1.230,-82.3,2.278,0.953
2089880,A1,2.520,-82.1,2.260,0.936
2090000,A3,3.130,-80.8,2.260,0.926
2090020,A2,1.220,-82.3,2.264,0.926
2090030,A1,2.580,-82.0,2.319,0.977
2090150,A3,3.140,-80.9,2.319,0.966
2090170,A2,1.220,-82.3,2.319,0.966
2090180,A1,2.520,-82.4,2.264,0.915
2090450,A3,3.120,-80.5,2.264,0.936
2090470,A2,1.240,-82.3,2.256,0.936
2090480,A1,2.550,-82.4,2.283,0.961
2090600,A3,3.140,-80.6,2.283,0.940
2090620,A2,1.210,-82.1,2.296,0.940
2090630,A1,2.570,-81.5,2.315,0.958
2090750,A3,3.120,-80.7,2.315,0.978
2090770,A2,1.240,-82.1,2.301,0.978
2090780,A1,2.520,-82.0,2.256,0.936
2090900,A3,3.170,-80.6,2.256,0.884
2090920,A2,1.210,-82.2,2.269,0.884
2090930,A1,2.560,-82.4,2.305,0.917
2091050,A3,3.130,-80.5,2.305,0.959
2091070,A2,1.220,-82.1,2.301,0.959
2091080,A1,2.530,-82.3,2.274,0.934
2091200,A3,3.130,-80.8,2.274,0.934
2091220,A2,1.220,-82.4,2.274,0.934
2091230,A1,2.540,-82.3,2.283,0.942
2091350,A3,3.080,-80.5,2.283,0.994
2091370,A2,1.220,-82.3,2.283,0.994
2091380,A1,2.530,-81.8,2.274,0.986
2091500,A3,3.120,-80.8,2.274,0.944
2091520,A2,1.220,-82.4,2.274,0.944
2091530,A1,2.530,-82.3,2.274,0.944
2091650,A3,3.160,-80.4,2.274,0.903
2091670,A2,1.220,-82.2,2.274,0.903
2091680,A1,2.520,-82.3,2.264,0.894
2091800,A3,3.110,-80.4,2.264,0.946
2091820,A2,1.240,-82.0,2.256,0.946
2091830,A1,2.520,-82.4,2.256,0.946
2091950,A3,3.150,-81.0,2.256,0.905
2091970,A2,1.240,-82.2,2.256,0.905
2091980,A1,2.520,-81.9,2.256,0.905
2092100,A3,3.110,-80.9,2.256,0.946
2092120,A2,1.200,-82.5,2.273,0.946
2092130,A1,2.530,-81.9,2.282,0.955
2092270,A2,1.230,-82.2,2.269,0.955
2092280,A1,2.540,-81.9,2.278,0.963
2092420,A2,1.220,-82.3,2.283,0.963
2092430,A1,2.530,-81.9,2.274,0.955
2092700,A3,3.120,-80.7,2.274,0.944
2092720,A2,1.230,-82.3,2.269,0.944
2092730,A1,2.510,-81.6,2.251,0.928
2092850,A3,3.120,-80.9,2.251,0.928
2092870,A2,1.210,-82.4,2.260,0.928
2092880,A1,2.530,-82.1,2.278,0.944
2093000,A3,3.110,-80.8,2.278,0.955
2093020,A2,1.220,-82.2,2.274,0.955
2093030,A1,2.530,-82.4,2.274,0.955
2093150,A3,3.140,-80.7,2.274,0.924
2093170,A2,1.240,-82.3,2.265,0.924
2093180,A1,2.530,-82.1,2.265,0.924
2093300,A3,3.110,-80.6,2.265,0.955
2093320,A2,1.210,-82.1,2.278,0.955
2093330,A1,2.540,-81.4,2.287,0.963
2093450,A3,3.120,-80.6,2.287,0.953
2093470,A2,1.220,-82.3,2.283,0.953
2093480,A1,2.540,-81.9,2.283,0.953
2093600,A3,3.120,-80.6,2.283,0.953
2093620,A2,1.220,-82.2,2.283,0.953
2093630,A1,2.530,-81.9,2.274,0.944
2093750,A3,3.130,-81.0,2.274,0.934
2093770,A2,1.210,-82.2,2.278,0.934
2093780,A1,2.570,-81.8,2.315,0.968
2093900,A3,3.140,-80.9,2.315,0.958
2093920,A2,1.220,-82.2,2.310,0.958
2093930,A1,2.530,-82.4,2.274,0.924
2094050,A3,3.110,-80.7,2.274,0.955
2094070,A2,1.210,-82.3,2.278,0.955
2094080,A1,2.520,-81.5,2.269,0.946
2094200,A3,3.100,-80.6,2.269,0.957
2094220,A2,1.220,-82.6,2.264,0.957
2094230,A1,2.550,-81.9,2.292,0.982
2094350,A3,3.120,-80.6,2.292,0.961
2094380,A1,2.560,-82.1,2.301,0.970
2094530,A1,2.560,-82.1,2.301,0.970
2094650,A3,3.110,-80.9,2.301,0.980
2094670,A2,1.210,-81.9,2.305,0.980
2094680,A1,2.520,-82.2,2.269,0.946
2094800,A3,3.150,-80.8,2.269,0.905
2094820,A2,1.220,-82.1,2.264,0.905
2094830,A1,2.510,-81.8,2.255,0.896
2094950,A3,3.110,-80.7,2.255,0.938
2094970,A2,1.200,-82.2,2.264,0.938
2094980,A1,2.530,-82.2,2.282,0.955
2095100,A3,3.120,-80.6,2.282,0.944
2095120,A2,1.230,-82.1,2.269,0.944
2095130,A1,2.540,-81.7,2.278,0.953
2095250,A3,3.120,-80.9,2.278,0.953
2095270,A2,1.210,-82.2,2.287,0.953
2095280,A1,2.510,-82.0,2.260,0.928
2095400,A3,3.120,-80.4,2.260,0.928
2095420,A2,1.240,-82.2,2.247,0.928
2095430,A1,2.540,-81.6,2.274,0.953
2095550,A3,3.140,-80.8,2.274,0.932
2095570,A2,1.220,-82.0,2.283,0.932
2095580,A1,2.540,-81.8,2.283,0.932
2095850,A3,3.090,-80.2,2.283,0.984
2095870,A2,1.210,-82.2,2.287,0.984
2095880,A1,2.530,-81.8,2.278,0.975
2096000,A3,3.150,-80.9,2.278,0.913
2096020,A2,1.220,-82.4,2.274,0.913
2096030,A1,2.550,-82.1,2.292,0.930
2096150,A3,3.140,-80.8,2.292,0.940
2096170,A2,1.240,-82.4,2.283,0.940
2096180,A1,2.540,-82.0,2.274,0.932
2096300,A3,3.130,-80.8,2.274,0.942
2096320,A2,1.230,-82.1,2.278,0.942
2096330,A1,2.530,-81.7,2.269,0.934
2096450,A3,3.110,-80.2,2.269,0.955
2096470,A2,1.220,-82.1,2.274,0.955
2096480,A1,2.540,-82.3,2.283,0.963
2096600,A3,3.140,-80.9,2.283,0.932
2096620,A2,1.220,-82.3,2.283,0.932
2096630,A1,2.530,-81.9,2.274,0.924
2096750,A3,3.110,-80.7,2.274,0.955
2096770,A2,1.240,-82.2,2.265,0.955
2096780,A1,2.510,-81.9,2.247,0.938
2096900,A3,3.120,-80.7,2.247,0.928
2096920,A2,1.230,-82.3,2.251,0.928
2096930,A1,2.530,-82.1,2.269,0.944
2097050,A3,3.120,-80.8,2.269,0.944
2097070,A2,1.210,-82.2,2.278,0.944
2097080,A1,2.510,-82.0,2.260,0.928
2097200,A3,3.110,-80.5,2.260,0.938
2097220,A2,1.230,-82.4,2.251,0.938
2097230,A1,2.550,-81.5,2.287,0.972
2097350,A3,3.080,-80.4,2.287,1.003
2097370,A2,1.210,-82.0,2.296,1.003
2097380,A1,2.520,-82.1,2.269,0.977
2097500,A3,3.120,-80.3,2.269,0.936
2097520,A2,1.220,-82.4,2.264,0.936
2097530,A1,2.550,-82.3,2.292,0.961
2097650,A3,3.130,-80.8,2.292,0.951
2097670,A2,1.200,-82.4,2.301,0.951
2097680,A1,2.540,-82.4,2.291,0.942
2097800,A3,3.150,-80.6,2.291,0.922
2097820,A2,1.210,-82.2,2.287,0.922
2097830,A1,2.520,-82.0,2.269,0.905
2097950,A3,3.130,-80.6,2.269,0.926
2097970,A2,1.210,-82.1,2.269,0.926
2097980,A1,2.530,-81.9,2.278,0.934
2098100,A3,3.170,-80.7,2.278,0.892
2098120,A2,1.210,-82.5,2.278,0.892
2098130,A1,2.540,-82.0,2.287,0.900
2098250,A3,3.160,-80.6,2.287,0.911
2098270,A2,1.210,-82.1,2.287,0.911
2098280,A1,2.560,-81.8,2.305,0.928
2098400,A3,3.090,-80.4,2.305,1.001
2098420,A2,1.240,-82.3,2.292,1.001
2098430,A1,2.530,-81.5,2.265,0.975
2098550,A3,3.130,-80.2,2.265,0.934
2098570,A2,1.230,-82.6,2.269,0.934
2098580,A1,2.530,-81.9,2.269,0.934
2098700,A3,3.120,-80.8,2.269,0.944
2098720,A2,1.240,-82.3,2.265,0.944
2098730,A1,2.560,-81.9,2.292,0.970
2099000,A3,3.170,-80.8,2.292,0.917
2099020,A2,1.210,-82.3,2.305,0.917
2099300,A3,3.140,-80.9,2.305,0.949
2099320,A2,1.230,-82.3,2.297,0.949
2099330,A1,2.540,-82.4,2.278,0.932
2099450,A3,3.120,-80.6,2.278,0.953
2099470,A2,1.230,-82.3,2.278,0.953
2099480,A1,2.560,-82.2,2.297,0.970
2099600,A3,3.100,-80.9,2.297,0.991
2099620,A2,1.220,-82.4,2.301,0.991
2099630,A1,2.550,-81.8,2.292,0.982
2099750,A3,3.080,-80.8,2.292,1.003
2099770,A2,1.210,-82.2,2.296,1.003
2099780,A1,2.530,-82.2,2.278,0.986
2099900,A3,3.130,-80.9,2.278,0.934
2099920,A2,1.240,-82.2,2.265,0.934
2099930,A1,2.520,-82.5,2.256,0.926
2100050,A3,3.120,-80.5,2.256,0.936
2100070,A2,1.230,-81.9,2.260,0.936
2100080,A1,2.530,-81.8,2.269,0.944
2100200,A3,3.100,-83.7,2.269,0.965
2100220,A2,1.220,-82.6,2.274,0.965
2100230,A1,2.540,-83.2,2.283,0.974
2100350,A3,3.150,-80.6,2.283,0.922
2100370,A2,1.240,-82.4,2.274,0.922
2100380,A1,2.540,-82.2,2.274,0.922
2100500,A3,3.110,-80.6,2.274,0.963
2100520,A2,1.230,-82.2,2.278,0.963
2100530,A1,2.560,-82.0,2.297,0.980
2100650,A3,3.150,-80.8,2.297,0.939
2100670,A2,1.220,-82.4,2.301,0.939
2100680,A1,2.550,-81.8,2.292,0.930
2100800,A3,3.080,-80.4,2.292,1.003
2100820,A2,1.220,-82.1,2.292,1.003
2100830,A1,2.550,-81.6,2.292,1.003
2100950,A3,3.090,-80.6,2.292,0.992
2100970,A2,1.220,-82.2,2.292,0.992
2100980,A1,2.540,-81.7,2.283,0.984
2101100,A3,3.140,-80.6,2.283,0.932
2101120,A2,1.220,-82.2,2.283,0.932
2101130,A1,2.550,-81.6,2.292,0.940
2101250,A3,3.120,-80.8,2.292,0.961
2101270,A2,1.210,-82.3,2.296,0.961
2101280,A1,2.540,-82.2,2.287,0.953
2101400,A3,3.110,-80.7,2.287,0.963
2101420,A2,1.220,-82.1,2.283,0.963
2101430,A1,2.560,-81.9,2.301,0.980
2101550,A3,3.110,-80.8,2.301,0.980
2101570,A2,1.220,-82.3,2.301,0.980
2101580,A1,2.530,-81.5,2.274,0.955
2101700,A3,3.120,-80.9,2.274,0.944
2101720,A2,1.240,-82.3,2.265,0.944
2101730,A1,2.530,-81.8,2.265,0.944
2101850,A3,3.140,-80.8,2.265,0.924
2101870,A2,1.220,-82.3,2.274,0.924
2101880,A1,2.550,-82.1,2.292,0.940
2102150,A3,3.160,-80.8,2.292,0.919
2102170,A2,1.230,-82.1,2.287,0.919
2102180,A1,2.540,-82.1,2.278,0.911
2102300,A3,3.110,-80.7,2.278,0.963
2102320,A2,1.220,-82.4,2.283,0.963
2102330,A1,2.540,-82.0,2.283,0.963
2102450,A3,3.150,-80.8,2.283,0.922
2102470,A2,1.210,-82.3,2.287,0.922
2102480,A1,2.540,-82.4,2.287,0.922
2102600,A3,3.100,-80.6,2.287,0.974
2102620,A2,1.220,-82.2,2.283,0.974
2102630,A1,2.510,-81.9,2.255,0.948
2102750,A3,3.130,-80.7,2.255,0.917
2102770,A2,1.200,-82.2,2.264,0.917
2102780,A1,2.530,-82.2,2.282,0.934
2102900,A3,3.080,-80.5,2.282,0.986
2102920,A2,1.230,-82.2,2.269,0.986
2102930,A1,2.530,-81.5,2.269,0.986
2103050,A3,3.130,-80.8,2.269,0.934
2103070,A2,1.240,-82.4,2.265,0.934
2103080,A1,2.530,-81.7,2.265,0.934
2103200,A3,3.180,-80.3,2.265,0.881
2103220,A2,1.220,-82.2,2.274,0.881
2103230,A1,2.550,-82.4,2.292,0.898
2103350,A3,3.140,-80.7,2.292,0.940
2103370,A2,1.210,-82.2,2.296,0.940
2103380,A1,2.540,-81.9,2.287,0.932
2103500,A3,3.100,-80.9,2.287,0.974
2103520,A2,1.220,-82.2,2.283,0.974
2103530,A1,2.510,-81.6,2.255,0.948
2103650,A3,3.100,-80.3,2.255,0.948
2103670,A2,1.220,-82.4,2.255,0.948
2103680,A1,2.550,-81.8,2.292,0.982
2103800,A3,3.150,-80.8,2.292,0.930
2103820,A2,1.220,-82.4,2.292,0.930
2103830,A1,2.530,-81.7,2.274,0.913
2103950,A3,3.120,-80.5,2.274,0.944
2103970,A2,1.250,-82.2,2.260,0.944
2103980,A1,2.570,-81.8,2.297,0.978
2104100,A3,3.130,-80.9,2.297,0.968
2104120,A2,1.220,-82.1,2.310,0.968
2104130,A1,2.520,-81.9,2.264,0.926
2104250,A3,3.130,-80.3,2.264,0.926
2104270,A2,1.240,-82.3,2.256,0.926
2104280,A1,2.550,-82.1,2.283,0.951
2104400,A3,3.150,-80.5,2.283,0.930
2104420,A2,1.220,-82.2,2.292,0.930
2104430,A1,2.520,-82.3,2.264,0.905
2104550,A3,3.150,-80.9,2.264,0.905
2104570,A2,1.230,-82.3,2.260,0.905
2104580,A1,2.550,-81.8,2.287,0.930
2104700,A3,3.100,-80.5,2.287,0.982
2104720,A2,1.220,-82.2,2.292,0.982
2104730,A1,2.520,-81.9,2.264,0.957
2104850,A3,3.140,-80.6,2.264,0.915
2104870,A2,1.220,-82.2,2.264,0.915
2104880,A1,2.520,-81.9,2.264,0.915
2105000,A3,3.110,-80.7,2.264,0.946
2105020,A2,1.230,-82.3,2.260,0.946
2105030,A1,2.560,-81.6,2.297,0.980
2105300,A3,3.140,-80.7,2.297,0.949
2105320,A2,1.220,-82.5,2.301,0.949
2105330,A1,2.550,-81.8,2.292,0.940
2105450,A3,3.150,-80.6,2.292,0.930
2105470,A2,1.230,-82.2,2.287,0.930
2105480,A1,2.560,-82.1,2.297,0.939
2105600,A3,3.070,-80.8,2.297,1.021
2105620,A2,1.240,-82.1,2.292,1.021
2105630,A1,2.530,-81.7,2.265,0.996
2105750,A3,3.120,-80.4,2.265,0.944
2105770,A2,1.250,-82.5,2.260,0.944
2105780,A1,2.530,-82.2,2.260,0.944
2105900,A3,3.120,-80.3,2.260,0.944
2105920,A2,1.220,-82.2,2.274,0.944
2105930,A1,2.560,-81.7,2.301,0.970
2106050,A3,3.120,-80.3,2.301,0.970
2106070,A2,1.220,-82.2,2.301,0.970
2106080,A1,2.520,-81.8,2.264,0.936
2106200,A3,3.110,-80.4,2.264,0.946
2106220,A2,1.220,-82.3,2.264,0.946
2106230,A1,2.540,-82.1,2.283,0.963
2106350,A3,3.110,-80.8,2.283,0.963
2106370,A2,1.230,-82.0,2.278,0.963
2106380,A1,2.560,-81.8,2.297,0.980
2106500,A3,3.140,-80.7,2.297,0.949
2106520,A2,1.210,-82.5,2.305,0.949
2106530,A1,2.540,-82.0,2.287,0.932
2106650,A3,3.130,-80.6,2.287,0.942
2106670,A2,1.230,-82.2,2.278,0.942
2106680,A1,2.540,-81.8,2.278,0.942
2106800,A3,3.150,-80.6,2.278,0.922
2106820,A2,1.240,-82.2,2.274,0.922
2106830,A1,2.530,-81.6,2.265,0.913
2106950,A3,3.130,-80.7,2.265,0.934
2106970,A2,1.220,-82.1,2.274,0.934
2106980,A1,2.530,-81.7,2.274,0.934
2107100,A3,3.100,-80.5,2.274,0.965
2107120,A2,1.230,-82.2,2.269,0.965
2107130,A1,2.570,-82.3,2.306,0.999
2107250,A3,3.110,-80.9,2.306,0.989
2107270,A2,1.230,-82.3,2.306,0.989
2107280,A1,2.520,-81.8,2.260,0.946
2107400,A3,3.120,-80.6,2.260,0.936
2107420,A2,1.210,-82.3,2.269,0.936
2107430,A1,2.530,-81.7,2.278,0.944
2107550,A3,3.160,-80.6,2.278,0.903
2107570,A2,1.240,-82.2,2.265,0.903
2107580,A1,2.540,-82.1,2.274,0.911
2107700,A3,3.140,-80.5,2.274,0.932
2107720,A2,1.220,-82.3,2.283,0.932
2107730,A1,2.520,-82.0,2.264,0.915
2107850,A3,3.120,-80.6,2.264,0.936
2107870,A2,1.220,-82.5,2.264,0.936
2107880,A1,2.540,-81.6,2.283,0.953
2108000,A3,3.130,-80.6,2.283,0.942
2108020,A2,1.250,-82.4,2.269,0.942
2108030,A1,2.560,-82.1,2.288,0.959
2108150,A3,3.140,-80.4,2.288,0.949
2108170,A2,1.220,-82.2,2.301,0.949
2108180,A1,2.540,-81.9,2.283,0.932
2108450,A3,3.140,-80.7,2.283,0.932
2108470,A2,1.220,-82.1,2.283,0.932
2108480,A1,2.550,-81.5,2.292,0.940
2108600,A3,3.130,-80.2,2.292,0.951
2108620,A2,1.220,-82.3,2.292,0.951
2108630,A1,2.530,-81.8,2.274,0.934
2108750,A3,3.150,-80.8,2.274,0.913
2108770,A2,1.220,-82.3,2.274,0.913
2108780,A1,2.540,-82.1,2.283,0.922
2108900,A3,3.110,-80.9,2.283,0.963
2108920,A2,1.220,-82.1,2.283,0.963
2108930,A1,2.550,-82.0,2.292,0.972
2109050,A3,3.120,-80.3,2.292,0.961
2109070,A2,1.210,-82.5,2.296,0.961
2109080,A1,2.570,-81.6,2.315,0.978
2109200,A3,3.120,-80.7,2.315,0.978
2109220,A2,1.220,-82.4,2.310,0.978
2109230,A1,2.540,-81.9,2.283,0.953
2109350,A3,3.120,-80.8,2.283,0.953
2109370,A2,1.240,-82.4,2.274,0.953
2109380,A1,2.550,-81.9,2.283,0.961
2109500,A3,3.110,-80.3,2.283,0.972
2109520,A2,1.230,-82.4,2.287,0.972
2109530,A1,2.570,-82.3,2.306,0.989
2109650,A3,3.130,-80.3,2.306,0.968
2109670,A2,1.230,-82.0,2.306,0.968
2109680,A1,2.570,-81.8,2.306,0.968
2109800,A3,3.100,-80.5,2.306,0.999
2109820,A2,1.230,-82.2,2.306,0.999
2109830,A1,2.560,-81.8,2.297,0.991
2109950,A3,3.120,-80.4,2.297,0.970
2109970,A2,1.230,-81.9,2.297,0.970
2109980,A1,2.530,-81.9,2.269,0.944
2110100,A3,3.130,-80.1,2.269,0.934
2110120,A2,1.240,-82.0,2.265,0.934
2110130,A1,2.530,-81.8,2.265,0.934
2110250,A3,3.130,-80.7,2.265,0.934
2110270,A2,1.240,-82.3,2.265,0.934
2110280,A1,2.550,-81.7,2.283,0.951
2110400,A3,3.130,-80.7,2.283,0.951
2110420,A2,1.210,-82.2,2.296,0.951
2110430,A1,2.530,-82.1,2.278,0.934
2110550,A3,3.110,-80.8,2.278,0.955
2110570,A2,1.200,-82.4,2.282,0.955
2110580,A1,2.510,-81.5,2.264,0.938
2110700,A3,3.110,-80.8,2.264,0.938
2110720,A2,1.220,-82.4,2.255,0.938
2110730,A1,2.540,-81.8,2.283,0.963
2110850,A3,3.140,-82.5,2.283,0.932
2110870,A2,1.230,-82.4,2.278,0.932
2110880,A1,2.570,-83.0,2.306,0.958
2111020,A2,1.230,-82.2,2.306,0.958
2111030,A1,2.550,-82.0,2.287,0.940
2111170,A2,1.220,-82.3,2.292,0.940
2111180,A1,2.520,-81.8,2.264,0.915
2111300,A3,3.130,-80.9,2.264,0.926
2111320,A2,1.220,-82.1,2.264,0.926
2111330,A1,2.540,-82.2,2.283,0.942
2111600,A3,3.100,-80.3,2.283,0.974
2111620,A2,1.230,-82.1,2.278,0.974
2111630,A1,2.520,-81.7,2.260,0.957
2111750,A3,3.150,-80.5,2.260,0.905
2111770,A2,1.230,-82.1,2.260,0.905
2111780,A1,2.530,-82.0,2.269,0.913
2111900,A3,3.180,-80.6,2.269,0.881
2111920,A2,1.210,-82.2,2.278,0.881
2111930,A1,2.550,-81.5,2.296,0.898
2112050,A3,3.110,-80.9,2.296,0.972
2112070,A2,1.220,-82.1,2.292,0.972
2112080,A1,2.550,-81.8,2.292,0.972
2112200,A3,3.120,-80.4,2.292,0.961
2112220,A2,1.220,-82.4,2.292,0.961
2112230,A1,2.510,-82.1,2.255,0.928
2112350,A3,3.150,-80.5,2.255,0.896
2112370,A2,1.210,-82.5,2.260,0.896
2112380,A1,2.530,-81.7,2.278,0.913
2112500,A3,3.090,-80.2,2.278,0.975
2112520,A2,1.250,-82.0,2.260,0.975
2112530,A1,2.550,-82.2,2.278,0.992
2112650,A3,3.170,-80.1,2.278,0.909
2112670,A2,1.220,-81.9,2.292,0.909
2112680,A1,2.510,-81.7,2.255,0.875
2112800,A3,3.150,-80.5,2.255,0.896
2112820,A2,1.220,-82.3,2.255,0.896
2112830,A1,2.560,-81.7,2.301,0.939
2112950,A3,3.120,-79.9,2.301,0.970
2112970,A2,1.220,-82.0,2.301,0.970
2112980,A1,2.540,-82.2,2.283,0.953
2113100,A3,3.160,-80.7,2.283,0.911
2113120,A2,1.210,-82.3,2.287,0.911
2113130,A1,2.500,-82.2,2.251,0.877
2113250,A3,3.090,-80.2,2.251,0.950
2113270,A2,1.210,-82.5,2.251,0.950
2113280,A1,2.540,-82.2,2.287,0.984
2113400,A3,3.170,-80.6,2.287,0.900
2113420,A2,1.220,-82.2,2.283,0.900
2113430,A1,2.530,-81.4,2.274,0.892
2113550,A3,3.120,-80.5,2.274,0.944
2113570,A2,1.220,-82.2,2.274,0.944
2113580,A1,2.530,-82.2,2.274,0.944
2113700,A3,3.090,-80.6,2.274,0.975
2113720,A2,1.220,-82.2,2.274,0.975
2113730,A1,2.540,-81.7,2.283,0.984
2113850,A3,3.130,-80.7,2.283,0.942
2113870,A2,1.230,-82.2,2.278,0.942
2113880,A1,2.530,-81.6,2.269,0.934
2114000,A3,3.110,-80.5,2.269,0.955
2114020,A2,1.220,-82.2,2.274,0.955
2114030,A1,2.540,-82.0,2.283,0.963
2114150,A3,3.170,-80.2,2.283,0.900
2114170,A2,1.240,-82.3,2.274,0.900
2114180,A1,2.510,-82.2,2.247,0.875
2114300,A3,3.130,-80.2,2.247,0.917
2114320,A2,1.230,-82.0,2.251,0.917
2114330,A1,2.560,-81.7,2.297,0.959
2114450,A3,3.150,-80.6,2.297,0.939
2114470,A2,1.220,-82.2,2.301,0.939
2114480,A1,2.530,-81.2,2.274,0.913
2114750,A3,3.150,-80.1,2.274,0.913
2114770,A2,1.230,-82.3,2.269,0.913
2114780,A1,2.540,-81.8,2.278,0.922
2114900,A3,3.130,-80.4,2.278,0.942
2114920,A2,1.240,-82.2,2.274,0.942
2114930,A1,2.490,-81.7,2.229,0.901
2115050,A3,3.140,-80.3,2.229,0.890
2115070,A2,1.230,-82.1,2.233,0.890
2115080,A1,2.530,-81.5,2.269,0.924
2115200,A3,3.140,-80.1,2.269,0.924
2115220,A2,1.230,-82.2,2.269,0.924
2115230,A1,2.520,-81.7,2.260,0.915
2115350,A3,3.140,-80.7,2.260,0.915
2115370,A2,1.230,-82.2,2.260,0.915
2115380,A1,2.520,-81.7,2.260,0.915
2115500,A3,3.120,-80.2,2.260,0.936
2115520,A2,1.220,-82.2,2.264,0.936
2115530,A1,2.550,-81.7,2.292,0.961
2115650,A3,3.120,-80.4,2.292,0.961
2115670,A2,1.220,-82.1,2.292,0.961
2115680,A1,2.530,-81.7,2.274,0.944
2115800,A3,3.170,-80.5,2.274,0.892
2115820,A2,1.220,-82.3,2.274,0.892
2115830,A1,2.570,-81.8,2.310,0.926
2115950,A3,3.110,-80.1,2.310,0.989
2115970,A2,1.220,-82.1,2.310,0.989
2115980,A1,2.510,-82.1,2.255,0.938
2116100,A3,3.130,-80.0,2.255,0.917
2116120,A2,1.200,-82.2,2.264,0.917
2116130,A1,2.520,-81.8,2.273,0.926
2116250,A3,3.120,-80.0,2.273,0.936
2116270,A2,1.230,-81.9,2.260,0.936
2116280,A1,2.520,-81.4,2.260,0.936
2116400,A3,3.190,-80.6,2.260,0.862
2116420,A2,1.220,-82.2,2.264,0.862
2116430,A1,2.530,-81.2,2.274,0.871
2116550,A3,3.150,-80.3,2.274,0.913
2116570,A2,1.220,-82.1,2.274,0.913
2116580,A1,2.560,-81.6,2.301,0.939
2116700,A3,3.140,-80.7,2.301,0.949
2116720,A2,1.210,-82.1,2.305,0.949
2116730,A1,2.550,-81.8,2.296,0.940
2116850,A3,3.160,-80.6,2.296,0.919
2116870,A2,1.230,-82.3,2.287,0.919
2116880,A1,2.550,-81.8,2.287,0.919
2117000,A3,3.140,-80.5,2.287,0.940
2117020,A2,1.240,-82.1,2.283,0.940
2117030,A1,2.540,-82.3,2.274,0.932
2117150,A3,3.100,-80.0,2.274,0.974
2117170,A2,1.230,-82.2,2.278,0.974
2117180,A1,2.540,-82.3,2.278,0.974
2117450,A3,3.180,-80.2,2.278,0.890
2117470,A2,1.230,-82.2,2.278,0.890
2117480,A1,2.520,-81.8,2.260,0.873
2117600,A3,3.140,-80.3,2.260,0.915
2117620,A2,1.230,-82.1,2.260,0.915
2117630,A1,2.560,-82.1,2.297,0.949
2117900,A3,3.120,-80.4,2.297,0.970
2117920,A2,1.220,-82.2,2.301,0.970
2117930,A1,2.510,-81.7,2.255,0.928
2118050,A3,3.140,-80.1,2.255,0.907
2118070,A2,1.210,-82.0,2.260,0.907
2118080,A1,2.530,-82.1,2.278,0.924
2118200,A3,3.050,-80.2,2.278,1.016
2118220,A2,1.220,-82.2,2.274,1.016
2118230,A1,2.540,-82.1,2.283,1.025
2118350,A3,3.100,-80.3,2.283,0.974
2118370,A2,1.220,-82.0,2.283,0.974
2118380,A1,2.520,-81.6,2.264,0.957
2118500,A3,3.140,-80.2,2.264,0.915
2118520,A2,1.220,-82.2,2.264,0.915
2118530,A1,2.530,-81.6,2.274,0.924
2118650,A3,3.190,-80.2,2.274,0.871
2118670,A2,1.230,-82.3,2.269,0.871
2118680,A1,2.530,-82.1,2.269,0.871
2118800,A3,3.130,-80.2,2.269,0.934
2118820,A2,1.220,-82.1,2.274,0.934
2118830,A1,2.540,-82.1,2.283,0.942
2118950,A3,3.110,-80.1,2.283,0.963
2118970,A2,1.220,-82.1,2.283,0.963
2118980,A1,2.570,-82.0,2.310,0.989
2119100,A3,3.100,-79.8,2.310,0.999
2119120,A2,1.220,-82.4,2.310,0.999
2119130,A1,2.540,-81.9,2.283,0.974
2119250,A3,3.140,-80.6,2.283,0.932
2119270,A2,1.230,-82.1,2.278,0.932
2119280,A1,2.530,-82.2,2.269,0.924
2119400,A3,3.150,-80.1,2.269,0.913
2119420,A2,1.230,-82.2,2.269,0.913
2119430,A1,2.550,-81.8,2.287,0.930
2119550,A3,3.160,-80.1,2.287,0.919
2119570,A2,1.230,-82.3,2.287,0.919
2119580,A1,2.560,-82.3,2.297,0.928
2119700,A3,3.150,-80.4,2.297,0.939
2119720,A2,1.240,-82.1,2.292,0.939
2119730,A1,2.520,-81.8,2.256,0.905
2119850,A3,3.110,-79.9,2.256,0.946
2119870,A2,1.210,-82.1,2.269,0.946
2119880,A1,2.530,-81.6,2.278,0.955
2120000,A3,3.120,-79.9,2.278,0.944
2120020,A2,1.240,-82.0,2.265,0.944
2120030,A1,2.540,-81.9,2.274,0.953
2120150,A3,3.170,-80.3,2.274,0.900
2120170,A2,1.220,-82.0,2.283,0.900
2120180,A1,2.530,-81.6,2.274,0.892
2120300,A3,3.120,-80.3,2.274,0.944
2120320,A2,1.220,-82.1,2.274,0.944
2120330,A1,2.500,-81.8,2.246,0.919
2120450,A3,3.170,-80.5,2.246,0.867
2120470,A2,1.220,-82.1,2.246,0.867
2120480,A1,2.540,-81.5,2.283,0.900
2120600,A3,3.110,-80.7,2.283,0.963
2120620,A2,1.220,-82.3,2.283,0.963
2120630,A1,2.510,-81.5,2.255,0.938
2120750,A3,3.150,-80.5,2.255,0.896
2120770,A2,1.210,-82.1,2.260,0.896
2120780,A1,2.540,-81.4,2.287,0.922
2121050,A3,3.140,-80.0,2.287,0.932
2121070,A2,1.220,-82.1,2.283,0.932
2121080,A1,2.550,-82.2,2.292,0.940
2121200,A3,3.130,-80.0,2.292,0.951
2121220,A2,1.220,-82.2,2.292,0.951
2121230,A1,2.530,-82.0,2.274,0.934
2121350,A3,3.170,-80.4,2.274,0.892
2121370,A2,1.220,-82.1,2.274,0.892
2121380,A1,2.530,-81.6,2.274,0.892
2121500,A3,3.170,-81.1,2.274,0.892
2121520,A2,1.220,-82.5,2.274,0.892
2121530,A1,2.530,-81.8,2.274,0.892
2121950,A3,3.120,-80.4,2.274,0.944
2121970,A2,1.220,-82.1,2.274,0.944
2121980,A1,2.550,-82.1,2.292,0.961
2122100,A3,3.120,-80.7,2.292,0.961
2122120,A2,1.210,-82.2,2.296,0.961
2122130,A1,2.520,-82.2,2.269,0.936
2122250,A3,3.120,-80.6,2.269,0.936
2122270,A2,1.220,-82.2,2.264,0.936
2122280,A1,2.550,-82.1,2.292,0.961
2122400,A3,3.150,-80.6,2.292,0.930
2122420,A2,1.210,-82.1,2.296,0.930
2122430,A1,2.550,-82.2,2.296,0.930
2122550,A3,3.150,-80.4,2.296,0.930
2122570,A2,1.230,-82.3,2.287,0.930
2122580,A1,2.540,-82.0,2.278,0.922
2122700,A3,3.100,-80.1,2.278,0.974
2122720,A2,1.240,-82.4,2.274,0.974
2122730,A1,2.550,-81.7,2.283,0.982
2122850,A3,3.160,-80.5,2.283,0.919
2122870,A2,1.210,-82.2,2.296,0.919
2122880,A1,2.540,-82.0,2.287,0.911
2123000,A3,3.140,-80.7,2.287,0.932
2123020,A2,1.230,-82.2,2.278,0.932
2123030,A1,2.560,-81.8,2.297,0.949
2123150,A3,3.120,-80.4,2.297,0.970
2123170,A2,1.210,-82.5,2.305,0.970
2123180,A1,2.560,-82.1,2.305,0.970
2123300,A3,3.100,-80.4,2.305,0.991
2123320,A2,1.220,-82.2,2.301,0.991
2123330,A1,2.520,-81.8,2.264,0.957
2123450,A3,3.110,-80.7,2.264,0.946
2123470,A2,1.210,-82.5,2.269,0.946
2123480,A1,2.510,-82.0,2.260,0.938
2123600,A3,3.100,-80.3,2.260,0.948
2123620,A2,1.210,-82.6,2.260,0.948
2123630,A1,2.540,-81.6,2.287,0.974
2123750,A3,3.160,-80.4,2.287,0.911
2123770,A2,1.250,-82.3,2.269,0.911
2123780,A1,2.550,-81.8,2.278,0.919
2123900,A3,3.150,-80.2,2.278,0.930
2123920,A2,1.210,-82.4,2.296,0.930
2123930,A1,2.560,-81.5,2.305,0.939
2124200,A3,3.170,-80.9,2.305,0.917
2124220,A2,1.210,-82.6,2.305,0.917
2124230,A1,2.510,-82.0,2.260,0.875
2124350,A3,3.090,-81.1,2.260,0.959
2124370,A2,1.220,-82.4,2.255,0.959
2124380,A1,2.550,-82.0,2.292,0.992
2124500,A3,3.090,-80.5,2.292,0.992
2124520,A2,1.220,-82.2,2.292,0.992
2124530,A1,2.540,-81.8,2.283,0.984
2124650,A3,3.130,-80.5,2.283,0.942
2124670,A2,1.220,-82.7,2.283,0.942
2124680,A1,2.520,-81.6,2.264,0.926
2124800,A3,3.160,-81.1,2.264,0.894
2124820,A2,1.220,-82.6,2.264,0.894
2124830,A1,2.540,-81.7,2.283,0.911
2124950,A3,3.160,-80.4,2.283,0.911
2124970,A2,1.230,-82.0,2.278,0.911
2124980,A1,2.520,-81.8,2.260,0.894
2125100,A3,3.180,-81.0,2.260,0.873
2125120,A2,1.210,-82.2,2.269,0.873
2125130,A1,2.530,-81.5,2.278,0.881
2125250,A3,3.070,-80.5,2.278,0.996
2125270,A2,1.230,-82.3,2.269,0.996
2125280,A1,2.550,-81.8,2.287,1.013
2125430,A1,2.540,-81.7,2.278,1.004
2125580,A1,2.510,-82.0,2.251,0.979
2125720,A2,1.220,-82.2,2.255,0.979
2125730,A1,2.550,-81.6,2.292,1.013
2125850,A3,3.160,-80.9,2.292,0.919
2125870,A2,1.230,-82.2,2.287,0.919
2125880,A1,2.520,-81.6,2.260,0.894
2126000,A3,3.110,-81.5,2.260,0.946
2126020,A2,1.200,-82.1,2.273,0.946
2126030,A1,2.520,-81.9,2.273,0.946
2126150,A3,3.100,-81.1,2.273,0.957
2126170,A2,1.220,-81.9,2.264,0.957
2126180,A1,2.530,-81.9,2.274,0.965
2126300,A3,3.190,-80.6,2.274,0.871
2126320,A2,1.230,-82.0,2.269,0.871
2126330,A1,2.550,-81.4,2.287,0.888
2126450,A3,3.170,-80.2,2.287,0.909
2126470,A2,1.220,-82.2,2.292,0.909
2126480,A1,2.510,-81.9,2.255,0.875
2126600,A3,3.180,-80.3,2.255,0.865
2126620,A2,1.230,-82.0,2.251,0.865
2126630,A1,2.510,-81.8,2.251,0.865
2126750,A3,3.190,-80.7,2.251,0.854
2126770,A2,1.220,-81.9,2.255,0.854
2126780,A1,2.550,-82.1,2.292,0.888
2126900,A3,3.150,-80.9,2.292,0.930
2126920,A2,1.240,-82.1,2.283,0.930
2126930,A1,2.580,-81.6,2.311,0.956
2127050,A3,3.110,-80.9,2.311,0.997
2127070,A2,1.240,-82.5,2.311,0.997
2127080,A1,2.520,-81.3,2.256,0.946
2127350,A3,3.120,-80.8,2.256,0.936
2127370,A2,1.240,-82.0,2.256,0.936
2127380,A1,2.560,-81.4,2.292,0.970
2127500,A3,3.070,-80.8,2.292,1.021
2127520,A2,1.240,-82.2,2.292,1.021
2127530,A1,2.540,-81.7,2.274,1.004
2127650,A3,3.150,-80.9,2.274,0.922
2127670,A2,1.240,-81.8,2.274,0.922
2127680,A1,2.510,-81.8,2.247,0.896
2127800,A3,3.130,-80.9,2.247,0.917
2127820,A2,1.230,-81.7,2.251,0.917
2127830,A1,2.530,-81.8,2.269,0.934
2127950,A3,3.160,-80.9,2.269,0.903
2127970,A2,1.220,-82.0,2.274,0.903
2127980,A1,2.540,-81.8,2.283,0.911
2128100,A3,3.170,-80.7,2.283,0.900
2128120,A2,1.230,-82.1,2.278,0.900
2128130,A1,2.520,-81.8,2.260,0.884
2128250,A3,3.200,-80.7,2.260,0.852
2128270,A2,1.230,-82.0,2.260,0.852
2128280,A1,2.540,-81.8,2.278,0.869
2128400,A3,3.130,-80.8,2.278,0.942
2128420,A2,1.240,-82.0,2.274,0.942
2128430,A1,2.550,-81.7,2.283,0.951
2128550,A3,3.080,-80.7,2.283,1.003
2128570,A2,1.230,-82.1,2.287,1.003
2128580,A1,2.530,-81.5,2.269,0.986
2128700,A3,3.060,-80.8,2.269,1.006
2128720,A2,1.220,-82.3,2.274,1.006
2128730,A1,2.530,-81.6,2.274,1.006
2128850,A3,3.150,-80.6,2.274,0.913
2128870,A2,1.240,-81.8,2.265,0.913
2128880,A1,2.540,-81.8,2.274,0.922
2129000,A3,3.150,-81.1,2.274,0.922
2129020,A2,1.210,-82.2,2.287,0.922
2129030,A1,2.560,-82.1,2.305,0.939
2129150,A3,3.140,-81.3,2.305,0.949
2129170,A2,1.220,-82.2,2.301,0.949
2129180,A1,2.550,-82.0,2.292,0.940
2129300,A3,3.110,-80.6,2.292,0.972
2129320,A2,1.220,-82.2,2.292,0.972
2129330,A1,2.550,-81.6,2.292,0.972
2129450,A3,3.060,-80.7,2.292,1.023
2129470,A2,1.240,-82.2,2.283,1.023
2129480,A1,2.530,-82.0,2.265,1.006
2129600,A3,3.120,-81.0,2.265,0.944
2129620,A2,1.230,-82.1,2.269,0.944
2129630,A1,2.540,-82.2,2.278,0.953
2129750,A3,3.180,-80.6,2.278,0.890
2129770,A2,1.210,-82.2,2.287,0.890
2129780,A1,2.560,-81.8,2.305,0.907
2129900,A3,3.100,-80.6,2.305,0.991
2129920,A2,1.230,-82.0,2.297,0.991
2129930,A1,2.540,-81.7,2.278,0.974
2130050,A3,3.120,-80.5,2.278,0.953
2130070,A2,1.220,-82.2,2.283,0.953
2130080,A1,2.500,-82.1,2.246,0.919
2130200,A3,3.120,-80.9,2.246,0.919
2130220,A2,1.230,-82.2,2.242,0.919
2130230,A1,2.560,-81.9,2.297,0.970
2130500,A3,3.190,-81.3,2.297,0.896
2130520,A2,1.200,-82.4,2.310,0.896
2130530,A1,2.550,-81.7,2.301,0.888
2130650,A3,3.160,-80.7,2.301,0.919
2130670,A2,1.230,-82.0,2.287,0.919
2130680,A1,2.550,-81.5,2.287,0.919
2130800,A3,3.110,-81.2,2.287,0.972
2130820,A2,1.240,-82.1,2.283,0.972
2130830,A1,2.530,-81.5,2.265,0.955
2130950,A3,3.060,-80.6,2.265,1.006
2130970,A2,1.230,-82.1,2.269,1.006
2130980,A1,2.520,-82.0,2.260,0.998
2131100,A3,3.170,-80.9,2.260,0.884
2131120,A2,1.220,-82.1,2.264,0.884
2131130,A1,2.550,-82.0,2.292,0.909
2131250,A3,3.190,-81.2,2.292,0.888
2131270,A2,1.220,-81.9,2.292,0.888
2131280,A1,2.520,-81.9,2.264,0.862
2131400,A3,3.170,-80.7,2.264,0.884
2131420,A2,1.240,-82.0,2.256,0.884
2131720,A2,1.210,-81.9,2.269,0.884
2131730,A1,2.520,-82.2,2.269,0.884
2131850,A3,3.120,-81.2,2.269,0.936
2131870,A2,1.220,-82.3,2.264,0.936
2131880,A1,2.560,-81.9,2.301,0.970
2132000,A3,3.140,-80.4,2.301,0.949
2132020,A2,1.220,-82.2,2.301,0.949
2132030,A1,2.560,-81.6,2.301,0.949
2132150,A3,3.220,-80.4,2.301,0.864
2132180,A1,2.520,-81.6,2.264,0.830
2132330,A1,2.570,-81.6,2.310,0.873
2132450,A3,3.160,-80.3,2.310,0.937
2132470,A2,1.220,-82.3,2.310,0.937
2132480,A1,2.550,-81.7,2.292,0.919
2132600,A3,3.200,-80.3,2.292,0.877
2132620,A2,1.220,-82.3,2.292,0.877
2132630,A1,2.540,-81.9,2.283,0.869
2132750,A3,3.110,-80.6,2.283,0.963
2132770,A2,1.220,-82.1,2.283,0.963
2132780,A1,2.550,-81.7,2.292,0.972
2132900,A3,3.180,-80.8,2.292,0.898
2132920,A2,1.230,-82.2,2.287,0.898
2132930,A1,2.570,-82.2,2.306,0.915
2133070,A2,1.210,-82.0,2.315,0.915
2133080,A1,2.540,-82.2,2.287,0.890
2133220,A2,1.200,-82.1,2.291,0.890
2133230,A1,2.540,-82.3,2.291,0.890
2133350,A3,3.100,-80.6,2.291,0.974
2133370,A2,1.250,-81.7,2.269,0.974
2133380,A1,2.550,-82.0,2.278,0.982
2133650,A3,3.140,-80.9,2.278,0.940
2133670,A2,1.220,-82.2,2.292,0.940
2133680,A1,2.520,-81.7,2.264,0.915
2133800,A3,3.120,-81.0,2.264,0.936
2133820,A2,1.230,-81.9,2.260,0.936
2133830,A1,2.560,-81.8,2.297,0.970
2133950,A3,3.150,-80.8,2.297,0.939
2133970,A2,1.220,-82.0,2.301,0.939
2133980,A1,2.600,-81.7,2.338,0.973
2134100,A3,3.130,-80.4,2.338,0.994
2134120,A2,1.220,-82.1,2.338,0.994
2134130,A1,2.540,-81.4,2.283,0.942
2134250,A3,3.180,-80.1,2.283,0.890
2134270,A2,1.240,-81.9,2.274,0.890
2134280,A1,2.510,-82.1,2.247,0.865
2134550,A3,3.180,-80.3,2.247,0.865
2134570,A2,1.230,-82.1,2.251,0.865
2134580,A1,2.560,-81.9,2.297,0.907
2134700,A3,3.160,-80.7,2.297,0.928
2134720,A2,1.220,-81.9,2.301,0.928
2134730,A1,2.540,-82.2,2.283,0.911
2134850,A3,3.130,-80.3,2.283,0.942
2134870,A2,1.250,-81.9,2.269,0.942
2134880,A1,2.550,-82.2,2.278,0.951
2135000,A3,3.130,-80.3,2.278,0.951
2135020,A2,1.230,-82.1,2.287,0.951
2135030,A1,2.560,-81.7,2.297,0.959
2135150,A3,3.130,-80.3,2.297,0.959
2135170,A2,1.230,-82.0,2.297,0.959
2135180,A1,2.540,-82.1,2.278,0.942
2135300,A3,3.160,-80.3,2.278,0.911
2135320,A2,1.220,-82.1,2.283,0.911
2135330,A1,2.530,-82.0,2.274,0.903
2135450,A3,3.160,-80.7,2.274,0.903
2135470,A2,1.200,-82.1,2.282,0.903
2135480,A1,2.570,-81.7,2.319,0.937
2135600,A3,3.120,-80.3,2.319,0.978
2135620,A2,1.220,-82.5,2.310,0.978
2135630,A1,2.510,-81.7,2.255,0.928
2135750,A3,3.120,-80.1,2.255,0.928
2135770,A2,1.230,-82.2,2.251,0.928
2135780,A1,2.520,-82.1,2.260,0.936
2135900,A3,3.170,-80.7,2.260,0.884
2135920,A2,1.230,-82.3,2.260,0.884
2135930,A1,2.550,-81.8,2.287,0.909
2136050,A3,3.150,-80.1,2.287,0.930
2136070,A2,1.230,-82.0,2.287,0.930
2136080,A1,2.550,-81.6,2.287,0.930
2136200,A3,3.190,-80.5,2.287,0.888
2136220,A2,1.230,-82.1,2.287,0.888
2136230,A1,2.570,-81.8,2.306,0.905
2136350,A3,3.160,-80.8,2.306,0.937
2136370,A2,1.250,-82.3,2.297,0.937
2136380,A1,2.550,-81.5,2.278,0.919
2136500,A3,3.170,-80.3,2.278,0.909
2136520,A2,1.220,-81.9,2.292,0.909
2136530,A1,2.540,-82.3,2.283,0.900
2136800,A3,3.120,-80.6,2.283,0.953
2136820,A2,1.230,-82.1,2.278,0.953
2136830,A1,2.550,-81.9,2.287,0.961
2136950,A3,3.160,-81.0,2.287,0.919
2136970,A2,1.240,-81.8,2.283,0.919
2136980,A1,2.520,-82.3,2.256,0.894
2137100,A3,3.150,-80.6,2.256,0.905
2137120,A2,1.240,-82.0,2.256,0.905
2137130,A1,2.540,-82.3,2.274,0.922
2137250,A3,3.120,-80.2,2.274,0.953
2137270,A2,1.220,-81.7,2.283,0.953
2137280,A1,2.560,-82.3,2.301,0.970
2137400,A3,3.170,-80.8,2.301,0.917
2137420,A2,1.240,-81.8,2.292,0.917
2137430,A1,2.540,-81.9,2.274,0.900
2137550,A3,3.080,-80.6,2.274,0.994
2137570,A2,1.210,-81.8,2.287,0.994
2137580,A1,2.560,-82.4,2.305,1.011
2137700,A3,3.180,-80.7,2.305,0.907
2137720,A2,1.230,-81.9,2.297,0.907
2137730,A1,2.580,-81.8,2.315,0.924
2137850,A3,3.120,-80.1,2.315,0.987
2137870,A2,1.250,-82.2,2.306,0.987
2137880,A1,2.570,-81.8,2.297,0.978
2138000,A3,3.130,-80.1,2.297,0.968
2138020,A2,1.220,-82.2,2.310,0.968
2138030,A1,2.550,-81.8,2.292,0.951
2138150,A3,3.130,-80.6,2.292,0.951
2138170,A2,1.220,-82.0,2.292,0.951
2138180,A1,2.520,-82.0,2.264,0.926
2138300,A3,3.150,-80.2,2.264,0.905
2138320,A2,1.230,-82.3,2.260,0.905
2138330,A1,2.540,-81.7,2.278,0.922
2138450,A3,3.120,-80.0,2.278,0.953
2138470,A2,1.220,-82.2,2.283,0.953
2138480,A1,2.530,-81.9,2.274,0.944
2138600,A3,3.140,-82.8,2.274,0.924
2138620,A2,1.220,-82.3,2.274,0.924
2138630,A1,2.510,-82.2,2.255,0.907
2138750,A3,3.130,-80.6,2.255,0.917
2138770,A2,1.230,-82.1,2.251,0.917
2138780,A1,2.560,-81.7,2.297,0.959
2138900,A3,3.130,-80.5,2.297,0.959
2138920,A2,1.220,-82.2,2.301,0.959
2138930,A1,2.530,-81.8,2.274,0.934
2139050,A3,3.150,-80.3,2.274,0.913
2139070,A2,1.210,-82.3,2.278,0.913
2139080,A1,2.530,-82.0,2.278,0.913
2139200,A3,3.120,-80.9,2.278,0.944
2139220,A2,1.210,-82.1,2.278,0.944
2139230,A1,2.530,-82.4,2.278,0.944
2139350,A3,3.140,-80.3,2.278,0.924
2139370,A2,1.220,-82.2,2.274,0.924
2139380,A1,2.530,-81.4,2.274,0.924
2139500,A3,3.150,-80.2,2.274,0.913
2139520,A2,1.240,-82.4,2.265,0.913
2139530,A1,2.540,-81.9,2.274,0.922
2139650,A3,3.130,-80.8,2.274,0.942
2139670,A2,1.220,-82.4,2.283,0.942
2139680,A1,2.550,-81.9,2.292,0.951
2139950,A3,3.120,-80.9,2.292,0.961
2139970,A2,1.220,-82.1,2.292,0.961
2139980,A1,2.510,-81.7,2.255,0.928
2140100,A3,3.160,-80.6,2.255,0.886
2140120,A2,1.220,-82.2,2.255,0.886
2140130,A1,2.520,-82.1,2.264,0.894
2140250,A3,3.140,-80.7,2.264,0.915
2140270,A2,1.230,-82.2,2.260,0.915
2140280,A1,2.550,-82.2,2.287,0.940
2140400,A3,3.140,-80.6,2.287,0.940
2140420,A2,1.220,-82.1,2.292,0.940
2140430,A1,2.550,-81.9,2.292,0.940
2140550,A3,3.130,-80.3,2.292,0.951
2140570,A2,1.210,-82.4,2.296,0.951
2140580,A1,2.530,-82.5,2.278,0.934
2140700,A3,3.160,-80.2,2.278,0.903
2140720,A2,1.240,-82.2,2.265,0.903
2140730,A1,2.510,-82.2,2.247,0.886
2140850,A3,3.140,-80.4,2.247,0.907
2140870,A2,1.220,-82.0,2.255,0.907
2140880,A1,2.540,-81.9,2.283,0.932
2141000,A3,3.120,-80.2,2.283,0.953
2141020,A2,1.230,-82.4,2.278,0.953
2141030,A1,2.550,-81.6,2.287,0.961
2141150,A3,3.150,-80.3,2.287,0.930
2141170,A2,1.220,-82.2,2.292,0.930
2141180,A1,2.520,-82.5,2.264,0.905
2141300,A3,3.140,-80.4,2.264,0.915
2141320,A2,1.220,-82.3,2.264,0.915
2141330,A1,2.510,-81.8,2.255,0.907
2141450,A3,3.150,-80.4,2.255,0.896
2141470,A2,1.230,-82.2,2.251,0.896
2141480,A1,2.540,-82.1,2.278,0.922
2141750,A3,3.150,-80.1,2.278,0.922
2141770,A2,1.210,-82.3,2.287,0.922
2141780,A1,2.540,-81.8,2.287,0.922
2141900,A3,3.140,-80.3,2.287,0.932
2141920,A2,1.230,-82.2,2.278,0.932
2141930,A1,2.540,-81.9,2.278,0.932
2142050,A3,3.140,-80.1,2.278,0.932
2142070,A2,1.230,-82.3,2.278,0.932
2142080,A1,2.540,-82.5,2.278,0.932
2142200,A3,3.130,-80.2,2.278,0.942
2142220,A2,1.220,-82.3,2.283,0.942
2142230,A1,2.530,-82.3,2.274,0.934
2142350,A3,3.140,-80.0,2.274,0.924
2142370,A2,1.230,-82.2,2.269,0.924
2142380,A1,2.490,-82.2,2.233,0.890
2142500,A3,3.120,-80.3,2.233,0.911
2142520,A2,1.220,-82.4,2.237,0.911
2142530,A1,2.500,-82.0,2.246,0.919
2142650,A3,3.140,-80.5,2.246,0.898
2142670,A2,1.220,-82.3,2.246,0.898
2142680,A1,2.530,-82.0,2.274,0.924
2142800,A3,3.130,-80.3,2.274,0.934
2142820,A2,1.220,-82.1,2.274,0.934
2142830,A1,2.510,-81.9,2.255,0.917
2143100,A3,3.150,-80.4,2.255,0.896
2143120,A2,1.220,-82.0,2.255,0.896
2143130,A1,2.510,-82.1,2.255,0.896
2143250,A3,3.100,-80.2,2.255,0.948
2143270,A2,1.240,-82.3,2.247,0.948
2143280,A1,2.530,-82.2,2.265,0.965
2143420,A2,1.240,-82.4,2.265,0.965
2143430,A1,2.550,-82.2,2.283,0.982
2143570,A2,1.210,-82.2,2.296,0.982
2143580,A1,2.510,-81.6,2.260,0.948
2143700,A3,3.150,-80.2,2.260,0.896
2143720,A2,1.220,-82.4,2.255,0.896
2143730,A1,2.560,-82.2,2.301,0.939
2143850,A3,3.180,-80.1,2.301,0.907
2143870,A2,1.220,-82.1,2.301,0.907
2143880,A1,2.520,-81.7,2.264,0.873
2144000,A3,3.140,-80.3,2.264,0.915
2144020,A2,1.250,-82.0,2.251,0.915
2144030,A1,2.560,-82.3,2.288,0.949
2144150,A3,3.170,-80.4,2.288,0.917
2144170,A2,1.220,-82.2,2.301,0.917
2144180,A1,2.510,-81.7,2.255,0.875
2144300,A3,3.140,-80.2,2.255,0.907
2144320,A2,1.240,-82.0,2.247,0.907
2144330,A1,2.530,-81.7,2.265,0.924
2144450,A3,3.130,-80.4,2.265,0.934
2144470,A2,1.210,-82.1,2.278,0.934
2144480,A1,2.510,-82.0,2.260,0.917
2144600,A3,3.130,-79.9,2.260,0.917
2144620,A2,1.240,-82.2,2.247,0.917
2144630,A1,2.550,-81.9,2.283,0.951
2144750,A3,3.190,-80.3,2.283,0.888
2144770,A2,1.220,-81.9,2.292,0.888
2144780,A1,2.520,-82.3,2.264,0.862
2144900,A3,3.120,-80.2,2.264,0.936
2144920,A2,1.220,-82.4,2.264,0.936
2144930,A1,2.510,-82.0,2.255,0.928
2145050,A3,3.120,-80.4,2.255,0.928
2145070,A2,1.240,-82.0,2.247,0.928
2145080,A1,2.540,-81.8,2.274,0.953
2145200,A3,3.190,-80.4,2.274,0.879
2145220,A2,1.220,-82.2,2.283,0.879
2145230,A1,2.530,-82.1,2.274,0.871
2145350,A3,3.150,-80.6,2.274,0.913
2145370,A2,1.220,-82.3,2.274,0.913
2145380,A1,2.540,-82.2,2.283,0.922
2145500,A3,3.140,-80.6,2.283,0.932
2145520,A2,1.220,-82.4,2.283,0.932
2145530,A1,2.540,-81.6,2.283,0.932
2145650,A3,3.150,-80.4,2.283,0.922
2145670,A2,1.210,-81.9,2.287,0.922
2145950,A3,3.160,-80.5,2.287,0.911
2145970,A2,1.220,-82.1,2.283,0.911
2145980,A1,2.540,-81.6,2.283,0.911
2146250,A3,3.110,-80.3,2.283,0.963
2146270,A2,1.220,-82.5,2.283,0.963
2146280,A1,2.530,-81.7,2.274,0.955
2146400,A3,3.170,-80.3,2.274,0.892
2146420,A2,1.220,-81.9,2.274,0.892
2146430,A1,2.550,-81.7,2.292,0.909
2146550,A3,3.160,-80.3,2.292,0.919
2146570,A2,1.210,-82.1,2.296,0.919
2146580,A1,2.530,-81.9,2.278,0.903
2146720,A2,1.250,-82.2,2.260,0.903
2146730,A1,2.520,-81.8,2.251,0.894
2146870,A2,1.230,-82.3,2.260,0.894
2146880,A1,2.500,-82.2,2.242,0.877
2147180,A1,2.510,-82.1,2.251,0.886
2147300,A3,3.140,-80.6,2.251,0.907
2147320,A2,1.220,-82.1,2.255,0.907
2147330,A1,2.510,-81.7,2.255,0.907
2147450,A3,3.130,-80.6,2.255,0.917
2147470,A2,1.240,-81.9,2.247,0.917
2147480,A1,2.520,-82.3,2.256,0.926
2147600,A3,3.160,-80.4,2.256,0.894
2147620,A2,1.220,-82.3,2.264,0.894
2147630,A1,2.510,-81.5,2.255,0.886
2147750,A3,3.160,-80.2,2.255,0.886
2147770,A2,1.240,-82.2,2.247,0.886
2147780,A1,2.540,-81.8,2.274,0.911
2147900,A3,3.130,-80.2,2.274,0.942
2147920,A2,1.240,-82.6,2.274,0.942
2147930,A1,2.520,-82.3,2.256,0.926
2148050,A3,3.170,-80.4,2.256,0.884
2148070,A2,1.210,-82.3,2.269,0.884
2148080,A1,2.510,-82.3,2.260,0.875
2148200,A3,3.140,-80.2,2.260,0.907
2148220,A2,1.210,-82.5,2.260,0.907
2148230,A1,2.530,-81.5,2.278,0.924
2148350,A3,3.140,-80.3,2.278,0.924
2148370,A2,1.220,-82.5,2.274,0.924
2148380,A1,2.540,-81.8,2.283,0.932
2148500,A3,3.130,-80.4,2.283,0.942
2148520,A2,1.230,-82.2,2.278,0.942
2148530,A1,2.500,-82.1,2.242,0.909
2148650,A3,3.150,-80.4,2.242,0.888
2148670,A2,1.220,-82.4,2.246,0.888
2148680,A1,2.550,-82.3,2.292,0.930
2148800,A3,3.120,-80.8,2.292,0.961
2148820,A2,1.230,-82.2,2.287,0.961
2148830,A1,2.510,-82.2,2.251,0.928
2148950,A3,3.120,-80.2,2.251,0.928
2148970,A2,1.230,-82.0,2.251,0.928
2148980,A1,2.550,-81.6,2.287,0.961
2149100,A3,3.130,-80.7,2.287,0.951
2149120,A2,1.250,-82.0,2.278,0.951
2149130,A1,2.540,-81.7,2.269,0.942
2149400,A3,3.140,-80.9,2.269,0.932
2149420,A2,1.220,-82.3,2.283,0.932
2149430,A1,2.540,-81.5,2.283,0.932
2149550,A3,3.140,-81.1,2.283,0.932
2149570,A2,1.220,-81.6,2.283,0.932
2149580,A1,2.540,-82.1,2.283,0.932
2149700,A3,3.150,-81.2,2.283,0.922
2149720,A2,1.230,-82.0,2.278,0.922
2149730,A1,2.530,-81.7,2.269,0.913
2149850,A3,3.100,-81.0,2.269,0.965
2149870,A2,1.230,-81.5,2.269,0.965
2149880,A1,2.520,-81.8,2.260,0.957
2150000,A3,3.150,-81.1,2.260,0.905
2150020,A2,1.240,-81.6,2.256,0.905
2150030,A1,2.560,-81.6,2.292,0.939
2150150,A3,3.100,-81.3,2.292,0.991
2150170,A2,1.230,-81.5,2.297,0.991
2150180,A1,2.530,-81.9,2.269,0.965
2150300,A3,3.130,-81.1,2.269,0.934
2150320,A2,1.240,-81.7,2.265,0.934
2150330,A1,2.530,-81.4,2.265,0.934
2150450,A3,3.140,-81.3,2.265,0.924
2150470,A2,1.230,-81.6,2.269,0.924
2150480,A1,2.530,-81.1,2.269,0.924
2150600,A3,3.130,-80.9,2.269,0.934
2150620,A2,1.240,-81.9,2.265,0.934
2150630,A1,2.510,-81.9,2.247,0.917
2150750,A3,3.130,-81.0,2.247,0.917
2150770,A2,1.230,-81.4,2.251,0.917
2150780,A1,2.550,-81.2,2.287,0.951
2150900,A3,3.120,-81.3,2.287,0.961
2150920,A2,1.250,-81.5,2.278,0.961
2150930,A1,2.570,-81.4,2.297,0.978
2151050,A3,3.120,-80.9,2.297,0.978
2151070,A2,1.220,-81.7,2.310,0.978
2151080,A1,2.550,-81.3,2.292,0.961
2151200,A3,3.120,-81.4,2.292,0.961
2151220,A2,1.220,-82.1,2.292,0.961
2151230,A1,2.550,-81.3,2.292,0.961
2151350,A3,3.120,-80.3,2.292,0.961
2151370,A2,1.230,-82.5,2.287,0.961
2151380,A1,2.540,-82.1,2.278,0.953
2151500,A3,3.150,-80.8,2.278,0.922
2151520,A2,1.220,-82.1,2.283,0.922
2151530,A1,2.540,-81.8,2.283,0.922
2151650,A3,3.130,-80.2,2.283,0.942
2151670,A2,1.230,-82.2,2.278,0.942
2151680,A1,2.510,-82.3,2.251,0.917
2151800,A3,3.120,-80.2,2.251,0.928
2151820,A2,1.220,-82.1,2.255,0.928
2151830,A1,2.510,-82.0,2.255,0.928
2151950,A3,3.120,-80.3,2.255,0.928
2151970,A2,1.230,-82.2,2.251,0.928
2151980,A1,2.540,-81.8,2.278,0.953
2152100,A3,3.120,-80.3,2.278,0.953
2152120,A2,1.230,-82.0,2.278,0.953
2152130,A1,2.510,-81.4,2.251,0.928
2152250,A3,3.160,-80.7,2.251,0.886
2152270,A2,1.230,-82.1,2.251,0.886
2152280,A1,2.510,-81.8,2.251,0.886
2152550,A3,3.150,-80.7,2.251,0.896
2152570,A2,1.220,-82.2,2.255,0.896
2152580,A1,2.550,-81.9,2.292,0.930
2152700,A3,3.140,-81.0,2.292,0.940
2152720,A2,1.240,-82.0,2.283,0.940
2152730,A1,2.560,-81.7,2.292,0.949
2152850,A3,3.110,-80.8,2.292,0.980
2152870,A2,1.220,-82.3,2.301,0.980
2152880,A1,2.530,-81.8,2.274,0.955
2153000,A3,3.130,-81.3,2.274,0.934
2153020,A2,1.220,-82.1,2.274,0.934
2153030,A1,2.520,-81.9,2.264,0.926
2153150,A3,3.130,-81.0,2.264,0.926
2153170,A2,1.240,-82.3,2.256,0.926
2153180,A1,2.530,-81.4,2.265,0.934
2153300,A3,3.110,-81.0,2.265,0.955
2153320,A2,1.230,-81.9,2.269,0.955
2153330,A1,2.510,-81.4,2.251,0.938
2153450,A3,3.070,-81.2,2.251,0.979
2153470,A2,1.230,-81.8,2.251,0.979
2153480,A1,2.560,-81.2,2.297,1.021
2153600,A3,3.120,-80.8,2.297,0.970
2153620,A2,1.250,-81.6,2.288,0.970
2153630,A1,2.550,-81.2,2.278,0.961
2153750,A3,3.120,-81.2,2.278,0.961
2153770,A2,1.240,-81.6,2.283,0.961
2153780,A1,2.550,-81.2,2.283,0.961
2153900,A3,3.130,-81.1,2.283,0.951
2153920,A2,1.250,-81.5,2.278,0.951
2153930,A1,2.540,-81.8,2.269,0.942
2154050,A3,3.100,-81.0,2.269,0.974
2154070,A2,1.250,-81.7,2.269,0.974
2154080,A1,2.560,-81.4,2.288,0.991
2154200,A3,3.110,-80.9,2.288,0.980
2154220,A2,1.240,-81.5,2.292,0.980
2154230,A1,2.510,-81.6,2.247,0.938
2154350,A3,3.130,-81.1,2.247,0.917
2154370,A2,1.240,-81.7,2.247,0.917
2154380,A1,2.520,-81.8,2.256,0.926
2154500,A3,3.090,-80.8,2.256,0.967
2154520,A2,1.250,-81.5,2.251,0.967
2154530,A1,2.530,-81.5,2.260,0.975
2154650,A3,3.160,-80.9,2.260,0.903
2154670,A2,1.230,-81.6,2.269,0.903
2154680,A1,2.560,-81.2,2.297,0.928
2154800,A3,3.120,-81.1,2.297,0.970
2154820,A2,1.260,-81.7,2.283,0.970
2154830,A1,2.550,-81.1,2.274,0.961
2154950,A3,3.160,-80.6,2.274,0.919
2154970,A2,1.240,-81.5,2.283,0.919
2154980,A1,2.540,-81.2,2.274,0.911
2155100,A3,3.160,-81.0,2.274,0.911
2155120,A2,1.240,-81.5,2.274,0.911
2155130,A1,2.560,-81.4,2.292,0.928
2155250,A3,3.120,-80.6,2.292,0.970
2155270,A2,1.230,-82.3,2.297,0.970
2155280,A1,2.540,-81.5,2.278,0.953
2155400,A3,3.150,-81.7,2.278,0.922
2155420,A2,1.220,-82.3,2.283,0.922
2155430,A1,2.540,-81.7,2.283,0.922
2155700,A3,3.140,-80.9,2.283,0.932
2155720,A2,1.240,-82.1,2.274,0.932
2155730,A1,2.520,-81.5,2.256,0.915
2155850,A3,3.130,-81.1,2.256,0.926
2155870,A2,1.210,-82.2,2.269,0.926
2155880,A1,2.530,-81.8,2.278,0.934
2156000,A3,3.120,-81.1,2.278,0.944
2156020,A2,1.200,-82.1,2.282,0.944
2156030,A1,2.550,-81.7,2.301,0.961
2156150,A3,3.130,-81.1,2.301,0.951
2156170,A2,1.230,-81.8,2.287,0.951
2156180,A1,2.550,-82.2,2.287,0.951
2156300,A3,3.160,-80.5,2.287,0.919
2156320,A2,1.220,-82.1,2.292,0.919
2156330,A1,2.540,-81.9,2.283,0.911
2156470,A2,1.240,-82.4,2.274,0.911
2156480,A1,2.560,-81.7,2.292,0.928
2156750,A3,3.120,-81.3,2.292,0.970
2156770,A2,1.240,-82.1,2.292,0.970
2156780,A1,2.520,-82.0,2.256,0.936
2156900,A3,3.100,-80.9,2.256,0.957
2156920,A2,1.210,-82.6,2.269,0.957
2156930,A1,2.530,-82.1,2.278,0.965
2157050,A3,3.120,-80.4,2.278,0.944
2157070,A2,1.220,-82.1,2.274,0.944
2157080,A1,2.570,-82.0,2.310,0.978
2157200,A3,3.130,-80.8,2.310,0.968
2157220,A2,1.220,-82.3,2.310,0.968
2157230,A1,2.540,-82.1,2.283,0.942
2157350,A3,3.160,-80.7,2.283,0.911
2157370,A2,1.220,-82.2,2.283,0.911
2157380,A1,2.560,-81.9,2.301,0.928
2157500,A3,3.140,-80.2,2.301,0.949
2157520,A2,1.220,-82.1,2.301,0.949
2157530,A1,2.520,-82.3,2.264,0.915
2157650,A3,3.130,-80.7,2.264,0.926
2157670,A2,1.220,-82.2,2.264,0.926
2157680,A1,2.550,-81.9,2.292,0.951
2157800,A3,3.140,-81.2,2.292,0.940
2157820,A2,1.220,-82.0,2.292,0.940
2157830,A1,2.540,-81.6,2.283,0.932
2157950,A3,3.150,-80.5,2.283,0.922
2157970,A2,1.240,-82.0,2.274,0.922
2157980,A1,2.530,-81.3,2.265,0.913
2158100,A3,3.140,-80.9,2.265,0.924
2158120,A2,1.220,-82.1,2.274,0.924
2158130,A1,2.510,-81.5,2.255,0.907
2158250,A3,3.140,-80.6,2.255,0.907
2158270,A2,1.230,-82.0,2.251,0.907
2158280,A1,2.540,-81.9,2.278,0.932
2158420,A2,1.250,-82.0,2.269,0.932
2158430,A1,2.510,-81.4,2.242,0.907
2158570,A2,1.230,-82.1,2.251,0.907
2158580,A1,2.530,-82.0,2.269,0.924
2158850,A3,3.140,-81.2,2.269,0.924
2158870,A2,1.220,-81.8,2.274,0.924
2158880,A1,2.530,-81.8,2.274,0.924
2159000,A3,3.140,-80.4,2.274,0.924
2159020,A2,1.230,-82.2,2.269,0.924
2159030,A1,2.510,-82.3,2.251,0.907
2159150,A3,3.160,-81.4,2.251,0.886
2159170,A2,1.220,-82.6,2.255,0.886
2159180,A1,2.540,-81.7,2.283,0.911
2159300,A3,3.140,-80.5,2.283,0.932
2159320,A2,1.210,-82.0,2.287,0.932
2159330,A1,2.550,-81.9,2.296,0.940
2159450,A3,3.100,-80.9,2.296,0.982
2159480,A1,2.520,-82.3,2.269,0.957
2159630,A1,2.580,-82.3,2.324,1.008
2159750,A3,3.120,-80.6,2.324,0.987
2159770,A2,1.210,-82.0,2.324,0.987
2159780,A1,2.560,-81.5,2.305,0.970
2159900,A3,3.140,-81.8,2.305,0.949
2159920,A2,1.240,-82.3,2.292,0.949
2159930,A1,2.520,-82.5,2.256,0.915
2160050,A3,3.120,-80.3,2.256,0.936
2160070,A2,1.230,-82.0,2.260,0.936
2160080,A1,2.550,-81.9,2.287,0.961
2160200,A3,3.150,-81.2,2.287,0.930
2160220,A2,1.220,-82.3,2.292,0.930
2160230,A1,2.500,-82.4,2.246,0.888
2160350,A3,3.120,-80.9,2.246,0.919
2160370,A2,1.220,-82.2,2.246,0.919
2160380,A1,2.540,-82.4,2.283,0.953
2160500,A3,3.140,-81.1,2.283,0.932
2160520,A2,1.230,-82.2,2.278,0.932
2160530,A1,2.510,-82.0,2.251,0.907
2160650,A3,3.150,-80.7,2.251,0.896
2160670,A2,1.220,-82.2,2.255,0.896
2160680,A1,2.510,-81.6,2.255,0.896
2160800,A3,3.150,-80.2,2.255,0.896
2160820,A2,1.220,-82.0,2.255,0.896
2160830,A1,2.520,-81.4,2.264,0.905
2160950,A3,3.140,-81.3,2.264,0.915
2160970,A2,1.220,-82.2,2.264,0.915
2160980,A1,2.520,-82.4,2.264,0.915
2161100,A3,3.150,-80.4,2.264,0.905
2161120,A2,1.210,-82.3,2.269,0.905
2161130,A1,2.530,-81.8,2.278,0.913
2161250,A3,3.160,-80.2,2.278,0.903
2161270,A2,1.240,-82.7,2.265,0.903
2161280,A1,2.490,-81.7,2.229,0.869
2161400,A3,3.130,-80.6,2.229,0.901
2161420,A2,1.220,-81.9,2.237,0.901
2161430,A1,2.560,-82.2,2.301,0.959
2161550,A3,3.130,-81.5,2.301,0.959
2161570,A2,1.220,-82.0,2.301,0.959
2161580,A1,2.530,-82.2,2.274,0.934
2161700,A3,3.120,-81.0,2.274,0.944
2161720,A2,1.230,-82.0,2.269,0.944
2161730,A1,2.540,-81.7,2.278,0.953
2162000,A3,3.110,-80.8,2.278,0.963
2162020,A2,1.230,-82.2,2.278,0.963
2162300,A3,3.140,-81.3,2.278,0.932
2162320,A2,1.220,-82.0,2.283,0.932
2162330,A1,2.530,-82.1,2.274,0.924
2162450,A3,3.150,-81.2,2.274,0.913
2162470,A2,1.220,-82.5,2.274,0.913
2162480,A1,2.510,-81.5,2.255,0.896
2162600,A3,3.160,-80.9,2.255,0.886
2162620,A2,1.220,-82.0,2.255,0.886
2162630,A1,2.510,-82.3,2.255,0.886
2162750,A3,3.120,-80.6,2.255,0.928
2162770,A2,1.220,-82.0,2.255,0.928
2162780,A1,2.530,-81.5,2.274,0.944
2162900,A3,3.130,-80.7,2.274,0.934
2162920,A2,1.220,-81.9,2.274,0.934
2162930,A1,2.510,-81.5,2.255,0.917
2163050,A3,3.140,-81.7,2.255,0.907
2163070,A2,1.240,-82.0,2.247,0.907
2163080,A1,2.520,-81.5,2.256,0.915
2163200,A3,3.130,-80.3,2.256,0.926
2163220,A2,1.220,-82.0,2.264,0.926
2163230,A1,2.530,-81.8,2.274,0.934
2163350,A3,3.150,-80.5,2.274,0.913
2163370,A2,1.230,-81.8,2.269,0.913
2163380,A1,2.560,-81.9,2.297,0.939
2163500,A3,3.120,-80.8,2.297,0.970
2163520,A2,1.240,-81.8,2.292,0.970
2163530,A1,2.550,-82.0,2.283,0.961
2163650,A3,3.140,-80.8,2.283,0.940
2163670,A2,1.220,-81.6,2.292,0.940
2163680,A1,2.530,-81.6,2.274,0.924
2163800,A3,3.170,-80.6,2.274,0.892
2163820,A2,1.240,-81.6,2.265,0.892
2163830,A1,2.520,-81.2,2.256,0.884
2163950,A3,3.140,-80.6,2.256,0.915
2163970,A2,1.240,-81.5,2.256,0.915
2163980,A1,2.560,-81.4,2.292,0.949
2164100,A3,3.150,-80.7,2.292,0.939
2164120,A2,1.240,-81.7,2.292,0.939
2164130,A1,2.520,-81.6,2.256,0.905
2164250,A3,3.150,-80.5,2.256,0.905
2164270,A2,1.240,-81.9,2.256,0.905
2164280,A1,2.510,-81.5,2.247,0.896
2164400,A3,3.150,-80.7,2.247,0.896
2164420,A2,1.230,-81.9,2.251,0.896
2164430,A1,2.540,-81.3,2.278,0.922
2164550,A3,3.130,-80.7,2.278,0.942
2164570,A2,1.230,-81.4,2.278,0.942
2164580,A1,2.530,-81.6,2.269,0.934
2164700,A3,3.120,-80.5,2.269,0.944
2164720,A2,1.240,-81.3,2.265,0.944
2164730,A1,2.530,-81.5,2.265,0.944
2164850,A3,3.170,-80.6,2.265,0.892
2164870,A2,1.220,-81.4,2.274,0.892
2164880,A1,2.550,-81.8,2.292,0.909
2165150,A3,3.130,-80.8,2.292,0.951
2165170,A2,1.260,-81.7,2.274,0.951
2165180,A1,2.550,-81.2,2.274,0.951
2165450,A3,3.130,-81.3,2.274,0.951
2165470,A2,1.230,-82.1,2.287,0.951
2165480,A1,2.520,-82.0,2.260,0.926
2165600,A3,3.120,-80.8,2.260,0.936
2165620,A2,1.250,-82.5,2.251,0.936
2165630,A1,2.550,-81.3,2.278,0.961
2165750,A3,3.130,-80.7,2.278,0.951
2165770,A2,1.210,-82.2,2.296,0.951
2165780,A1,2.530,-81.9,2.278,0.934
2165900,A3,3.120,-80.7,2.278,0.944
2165920,A2,1.230,-82.5,2.269,0.944
2165930,A1,2.540,-81.7,2.278,0.953
2166050,A3,3.140,-81.0,2.278,0.932
2166070,A2,1.220,-81.7,2.283,0.932
2166080,A1,2.520,-81.8,2.264,0.915
2166200,A3,3.170,-80.9,2.264,0.884
2166220,A2,1.240,-81.9,2.256,0.884
2166230,A1,2.560,-81.4,2.292,0.917
2166350,A3,3.120,-80.6,2.292,0.970
2166370,A2,1.230,-81.7,2.297,0.970
2166380,A1,2.550,-81.4,2.287,0.961
2166500,A3,3.130,-80.8,2.287,0.951
2166520,A2,1.230,-81.9,2.287,0.951
2166530,A1,2.570,-82.1,2.306,0.968
2166650,A3,3.170,-81.1,2.306,0.926
2166670,A2,1.230,-81.6,2.306,0.926
2166680,A1,2.540,-82.0,2.278,0.900
2166800,A3,3.110,-80.6,2.278,0.963
2166820,A2,1.230,-81.9,2.278,0.963
2166830,A1,2.520,-81.5,2.260,0.946
2166950,A3,3.130,-81.2,2.260,0.926
2166970,A2,1.260,-81.9,2.247,0.926
2166980,A1,2.590,-81.6,2.311,0.985
2167100,A3,3.150,-80.7,2.311,0.964
2167120,A2,1.220,-81.7,2.329,0.964
2167130,A1,2.540,-81.6,2.283,0.922
2167270,A2,1.240,-81.7,2.274,0.922
2167280,A1,2.550,-82.0,2.283,0.930
2167420,A2,1.220,-81.9,2.292,0.930
2167430,A1,2.540,-81.6,2.283,0.922
2167550,A3,3.160,-80.7,2.283,0.911
2167570,A2,1.250,-81.8,2.269,0.911
2167580,A1,2.510,-81.9,2.242,0.886
2167700,A3,3.140,-80.9,2.242,0.907
2167720,A2,1.250,-81.9,2.242,0.907
2167730,A1,2.550,-81.2,2.278,0.940
2167850,A3,3.140,-80.9,2.278,0.940
2167870,A2,1.220,-81.8,2.292,0.940
2167880,A1,2.530,-81.4,2.274,0.924
2168000,A3,3.120,-80.8,2.274,0.944
2168020,A2,1.240,-81.6,2.265,0.944
2168030,A1,2.530,-82.1,2.265,0.944
2168300,A3,3.120,-81.0,2.265,0.944
2168320,A2,1.230,-81.7,2.269,0.944
2168330,A1,2.520,-81.5,2.260,0.936
2168450,A3,3.130,-80.9,2.260,0.926
2168470,A2,1.240,-82.1,2.256,0.926
2168480,A1,2.550,-81.4,2.283,0.951
2168600,A3,3.140,-80.7,2.283,0.940
2168620,A2,1.230,-81.9,2.287,0.940
2168630,A1,2.510,-81.6,2.251,0.907
2168750,A3,3.120,-80.9,2.251,0.928
2168770,A2,1.220,-81.7,2.255,0.928
2168780,A1,2.560,-81.5,2.301,0.970
2168900,A3,3.110,-81.0,2.301,0.980
2168920,A2,1.240,-81.8,2.292,0.980
2168930,A1,2.570,-81.8,2.301,0.989
2169050,A3,3.140,-80.8,2.301,0.958
2169070,A2,1.230,-81.7,2.306,0.958
2169080,A1,2.560,-81.6,2.297,0.949
2169200,A3,3.140,-80.8,2.297,0.949
2169220,A2,1.230,-81.8,2.297,0.949
2169230,A1,2.510,-81.2,2.251,0.907
2169350,A3,3.110,-80.6,2.251,0.938
2169370,A2,1.240,-81.9,2.247,0.938
2169380,A1,2.530,-82.0,2.265,0.955
2169500,A3,3.160,-80.8,2.265,0.903
2169520,A2,1.220,-81.7,2.274,0.903
2169530,A1,2.550,-81.5,2.292,0.919
2169650,A3,3.130,-80.7,2.292,0.951
2169670,A2,1.230,-81.7,2.287,0.951
2169680,A1,2.520,-81.4,2.260,0.926
2169800,A3,3.120,-81.0,2.260,0.936
2169820,A2,1.210,-81.7,2.269,0.936
2169830,A1,2.520,-82.0,2.269,0.936
2169950,A3,3.160,-80.8,2.269,0.894
2169970,A2,1.220,-81.7,2.264,0.894
2169980,A1,2.520,-82.0,2.264,0.894
2170100,A3,3.120,-81.0,2.264,0.936
2170120,A2,1.240,-81.7,2.256,0.936
2170130,A1,2.570,-81.4,2.301,0.978
2170250,A3,3.140,-80.9,2.301,0.958
2170270,A2,1.240,-82.0,2.301,0.958
2170280,A1,2.560,-81.5,2.292,0.949
2170400,A3,3.140,-81.0,2.292,0.949
2170420,A2,1.220,-81.6,2.301,0.949
2170430,A1,2.550,-81.7,2.292,0.940
2170550,A3,3.140,-81.3,2.292,0.940
2170570,A2,1.240,-81.8,2.283,0.940
2170580,A1,2.570,-81.5,2.301,0.958
2170700,A3,3.130,-80.7,2.301,0.968
2170720,A2,1.230,-81.7,2.306,0.968
2170730,A1,2.510,-81.6,2.251,0.917
2170850,A3,3.140,-81.0,2.251,0.907
2170870,A2,1.230,-81.4,2.251,0.907
2170880,A1,2.530,-81.5,2.269,0.924
2171000,A3,3.140,-80.8,2.269,0.924
2171020,A2,1.250,-82.1,2.260,0.924
2171030,A1,2.520,-81.6,2.251,0.915
2171150,A3,3.150,-81.1,2.251,0.905
2171170,A2,1.240,-82.0,2.256,0.905
2171180,A1,2.530,-81.5,2.265,0.913
2171450,A3,3.130,-80.7,2.265,0.934
2171470,A2,1.240,-81.7,2.265,0.934
2171480,A1,2.550,-81.6,2.283,0.951
2171600,A3,3.150,-80.9,2.283,0.930
2171620,A2,1.240,-82.2,2.283,0.930
2171630,A1,2.560,-81.6,2.292,0.939
2171750,A3,3.130,-80.8,2.292,0.959
2171770,A2,1.230,-81.8,2.297,0.959
2171780,A1,2.510,-81.6,2.251,0.917
2171900,A3,3.160,-80.9,2.251,0.886
2171920,A2,1.250,-81.7,2.242,0.886
2171930,A1,2.570,-81.2,2.297,0.937
2172050,A3,3.140,-80.7,2.297,0.958
2172070,A2,1.250,-81.6,2.297,0.958
2172080,A1,2.550,-81.2,2.278,0.940
2172200,A3,3.140,-80.6,2.278,0.940
2172220,A2,1.240,-81.6,2.283,0.940
2172230,A1,2.510,-81.9,2.247,0.907
2172350,A3,3.170,-80.6,2.247,0.875
2172370,A2,1.240,-81.4,2.247,0.875
2172380,A1,2.540,-81.7,2.274,0.900
2172500,A3,3.100,-80.5,2.274,0.974
2172520,A2,1.240,-81.4,2.274,0.974
2172530,A1,2.540,-81.5,2.274,0.974
2172650,A3,3.170,-80.3,2.274,0.900
2172670,A2,1.230,-81.3,2.278,0.900
2172680,A1,2.540,-82.0,2.278,0.900
2172800,A3,3.060,-80.6,2.278,1.015
2172820,A2,1.240,-81.6,2.274,1.015
2172830,A1,2.540,-81.2,2.274,1.015
2172950,A3,3.130,-80.5,2.274,0.942
2172970,A2,1.230,-81.7,2.278,0.942
2172980,A1,2.510,-81.8,2.251,0.917
2173100,A3,3.140,-80.7,2.251,0.907
2173120,A2,1.230,-81.6,2.251,0.907
2173130,A1,2.580,-81.7,2.315,0.966
2173270,A2,1.240,-81.4,2.311,0.966
2173280,A1,2.570,-81.7,2.301,0.958
2173420,A2,1.240,-81.4,2.301,0.958
2173430,A1,2.530,-81.8,2.265,0.924
2173550,A3,3.100,-80.7,2.265,0.965
2173570,A2,1.260,-81.6,2.256,0.965
2173580,A1,2.550,-81.4,2.274,0.982
2173700,A3,3.130,-80.7,2.274,0.951
2173720,A2,1.260,-81.6,2.274,0.951
2173730,A1,2.550,-81.5,2.274,0.951
2173850,A3,3.100,-80.7,2.274,0.982
2173870,A2,1.230,-81.6,2.287,0.982
2173880,A1,2.560,-81.4,2.297,0.991
2174000,A3,3.170,-80.6,2.297,0.917
2174020,A2,1.240,-81.5,2.292,0.917
2174030,A1,2.530,-81.9,2.265,0.892
2174150,A3,3.100,-80.4,2.265,0.965
2174170,A2,1.230,-81.7,2.269,0.965
2174180,A1,2.550,-81.8,2.287,0.982
2174300,A3,3.140,-80.6,2.287,0.940
2174320,A2,1.230,-81.7,2.287,0.940
2174330,A1,2.540,-81.3,2.278,0.932
2174600,A3,3.140,-80.8,2.278,0.932
2174620,A2,1.230,-81.5,2.278,0.932
2174630,A1,2.540,-81.9,2.278,0.932
2174750,A3,3.110,-80.4,2.278,0.963
2174770,A2,1.250,-81.4,2.269,0.963
2174780,A1,2.550,-81.7,2.278,0.972
2174900,A3,3.150,-80.5,2.278,0.930
2174920,A2,1.230,-81.6,2.287,0.930
2174930,A1,2.520,-81.8,2.260,0.905
2175050,A3,3.090,-80.6,2.260,0.967
2175070,A2,1.230,-81.8,2.260,0.967
2175080,A1,2.550,-81.6,2.287,0.992
2175200,A3,3.120,-80.3,2.287,0.961
2175220,A2,1.230,-81.9,2.287,0.961
2175230,A1,2.540,-81.3,2.278,0.953
2175350,A3,3.120,-80.7,2.278,0.953
2175370,A2,1.240,-81.6,2.274,0.953
2175380,A1,2.530,-81.5,2.265,0.944
2175500,A3,3.110,-80.6,2.265,0.955
2175520,A2,1.240,-81.6,2.265,0.955
2175530,A1,2.530,-81.5,2.265,0.955
2175650,A3,3.160,-80.7,2.265,0.903
2175670,A2,1.240,-81.4,2.265,0.903
2175680,A1,2.540,-81.4,2.274,0.911
2175800,A3,3.120,-80.5,2.274,0.953
2175820,A2,1.230,-81.9,2.278,0.953
2175830,A1,2.550,-82.0,2.287,0.961
2175950,A3,3.150,-80.5,2.287,0.930
2175970,A2,1.240,-81.5,2.283,0.930
2175980,A1,2.580,-81.2,2.311,0.956
2176100,A3,3.120,-80.8,2.311,0.987
2176120,A2,1.260,-81.4,2.302,0.987
2176130,A1,2.540,-81.2,2.265,0.953
2176250,A3,3.120,-81.2,2.265,0.953
2176270,A2,1.240,-81.2,2.274,0.953
2176280,A1,2.560,-81.2,2.292,0.970
2176400,A3,3.140,-81.1,2.292,0.949
2176420,A2,1.240,-81.6,2.292,0.949
2176430,A1,2.530,-81.7,2.265,0.924
2176550,A3,3.060,-80.9,2.265,1.006
2176570,A2,1.240,-81.4,2.265,1.006
2176580,A1,2.550,-81.7,2.283,1.023
2176700,A3,3.100,-81.1,2.283,0.982
2176720,A2,1.240,-81.8,2.283,0.982
2176730,A1,2.570,-81.4,2.301,0.999
2176850,A3,3.150,-81.0,2.301,0.947
2176870,A2,1.240,-81.3,2.301,0.947
2176880,A1,2.560,-81.6,2.292,0.939
2177000,A3,3.110,-81.3,2.292,0.980
2177020,A2,1.260,-81.4,2.283,0.980
2177030,A1,2.520,-81.8,2.247,0.946
2177150,A3,3.120,-80.9,2.247,0.936
2177170,A2,1.240,-81.8,2.256,0.936
2177180,A1,2.550,-81.3,2.283,0.961
2177300,A3,3.130,-80.5,2.283,0.951
2177320,A2,1.220,-81.6,2.292,0.951
2177330,A1,2.540,-81.6,2.283,0.942
2177450,A3,3.100,-80.5,2.283,0.974
2177470,A2,1.240,-81.4,2.274,0.974
2177480,A1,2.570,-81.3,2.301,0.999
2177750,A3,3.130,-81.0,2.301,0.968
2177770,A2,1.240,-81.4,2.301,0.968
2177780,A1,2.540,-81.3,2.274,0.942
2177900,A3,3.130,-80.8,2.274,0.942
2177920,A2,1.240,-81.4,2.274,0.942
2177930,A1,2.510,-81.4,2.247,0.917
2178050,A3,3.140,-80.6,2.247,0.907
2178070,A2,1.250,-81.7,2.242,0.907
2178080,A1,2.510,-81.4,2.242,0.907
2178200,A3,3.120,-81.1,2.242,0.928
2178220,A2,1.220,-81.5,2.255,0.928
2178230,A1,2.530,-81.7,2.274,0.944
2178350,A3,3.160,-80.6,2.274,0.903
2178370,A2,1.230,-81.6,2.269,0.903
2178380,A1,2.580,-81.6,2.315,0.945
2178500,A3,3.100,-81.0,2.315,1.008
2178520,A2,1.250,-81.3,2.306,1.008
2178530,A1,2.570,-81.3,2.297,0.999
2178650,A3,3.130,-81.1,2.297,0.968
2178670,A2,1.250,-81.5,2.297,0.968
2178680,A1,2.560,-81.0,2.288,0.959
2178800,A3,3.110,-80.8,2.288,0.980
2178820,A2,1.250,-81.4,2.288,0.980
2178830,A1,2.530,-81.6,2.260,0.955
2178950,A3,3.110,-81.0,2.260,0.955
2178970,A2,1.250,-81.7,2.260,0.955
2178980,A1,2.560,-81.4,2.288,0.980
2179100,A3,3.150,-80.6,2.288,0.939
2179120,A2,1.240,-81.6,2.292,0.939
2179130,A1,2.530,-81.5,2.265,0.913
2179250,A3,3.120,-80.6,2.265,0.944
2179280,A1,2.570,-81.8,2.301,0.978
2179430,A1,2.530,-81.2,2.265,0.944
2179550,A3,3.090,-80.5,2.265,0.975
2179570,A2,1.230,-81.6,2.269,0.975
2179580,A1,2.550,-81.2,2.287,0.992
2179700,A3,3.150,-80.5,2.287,0.930
2179720,A2,1.240,-81.6,2.283,0.930
2179730,A1,2.550,-81.7,2.283,0.930
2179850,A3,3.070,-80.8,2.283,1.013
2179870,A2,1.260,-81.7,2.274,1.013
2179880,A1,2.520,-81.8,2.247,0.988
2180000,A3,3.120,-80.9,2.247,0.936
2180020,A2,1.230,-81.3,2.260,0.936
2180030,A1,2.540,-81.0,2.278,0.953
2180150,A3,3.110,-80.8,2.278,0.963
2180170,A2,1.240,-82.1,2.274,0.963
2180180,A1,2.540,-81.2,2.274,0.963
2180300,A3,3.130,-80.6,2.274,0.942
2180320,A2,1.230,-81.4,2.278,0.942
2180330,A1,2.550,-82.0,2.287,0.951
2180450,A3,3.180,-80.5,2.287,0.898
2180470,A2,1.240,-81.6,2.283,0.898
2180480,A1,2.530,-81.7,2.265,0.881
2180600,A3,3.090,-80.8,2.265,0.975
2180620,A2,1.240,-81.7,2.265,0.975
2180630,A1,2.560,-81.3,2.292,1.001
2180900,A3,3.070,-80.8,2.292,1.021
2180920,A2,1.240,-81.8,2.292,1.021
2180930,A1,2.520,-81.6,2.256,0.988
2181050,A3,3.120,-81.1,2.256,0.936
2181070,A2,1.240,-82.0,2.256,0.936
2181080,A1,2.520,-81.8,2.256,0.936
2181200,A3,3.130,-80.9,2.256,0.926
2181220,A2,1.220,-81.6,2.264,0.926
2181230,A1,2.570,-81.4,2.310,0.968
2181350,A3,3.120,-80.7,2.310,0.978
2181370,A2,1.240,-81.4,2.301,0.978
2181380,A1,2.550,-81.7,2.283,0.961
2181500,A3,3.090,-80.9,2.283,0.992
2181520,A2,1.240,-81.6,2.283,0.992
2181530,A1,2.560,-81.5,2.292,1.001
2181650,A3,3.150,-80.8,2.292,0.939
2181670,A2,1.240,-81.4,2.292,0.939
2181680,A1,2.510,-81.6,2.247,0.896
2181800,A3,3.090,-80.8,2.247,0.959
2181820,A2,1.240,-81.5,2.247,0.959
2181830,A1,2.570,-81.5,2.301,1.009
2181950,A3,3.120,-80.9,2.301,0.978
2181970,A2,1.230,-81.7,2.306,0.978
2181980,A1,2.530,-81.7,2.269,0.944
2182100,A3,3.110,-80.7,2.269,0.955
2182120,A2,1.240,-81.8,2.265,0.955
2182130,A1,2.570,-81.7,2.301,0.989
2182250,A3,3.130,-80.5,2.301,0.968
2182270,A2,1.220,-81.6,2.310,0.968
2182280,A1,2.530,-81.4,2.274,0.934
2182400,A3,3.090,-80.7,2.274,0.975
2182420,A2,1.240,-81.7,2.265,0.975
2182430,A1,2.560,-81.7,2.292,1.001
2182550,A3,3.140,-81.0,2.292,0.949
2182570,A2,1.260,-81.5,2.283,0.949
2182580,A1,2.560,-81.4,2.283,0.949
2182700,A3,3.080,-80.7,2.283,1.011
2182720,A2,1.230,-81.4,2.297,1.011
2182730,A1,2.550,-81.3,2.287,1.003
2182850,A3,3.120,-80.6,2.287,0.961
2182870,A2,1.230,-81.5,2.287,0.961
2182880,A1,2.530,-81.6,2.269,0.944
2183000,A3,3.110,-80.7,2.269,0.955
2183020,A2,1.240,-81.4,2.265,0.955
2183030,A1,2.550,-81.4,2.283,0.972
2183150,A3,3.120,-80.7,2.283,0.961
2183170,A2,1.230,-81.8,2.287,0.961
2183180,A1,2.560,-81.8,2.297,0.970
2183300,A3,3.110,-80.9,2.297,0.980
2183320,A2,1.240,-81.6,2.292,0.980
2183330,A1,2.540,-81.8,2.274,0.963
2183450,A3,3.100,-80.6,2.274,0.974
2183470,A2,1.240,-81.5,2.274,0.974
2183480,A1,2.540,-81.5,2.274,0.974
2183600,A3,3.130,-80.7,2.274,0.942
2183620,A2,1.230,-81.9,2.278,0.942
2183630,A1,2.560,-81.5,2.297,0.959
2183750,A3,3.100,-80.7,2.297,0.991
2183770,A2,1.240,-81.5,2.292,0.991
2183780,A1,2.540,-81.8,2.274,0.974
2184050,A3,3.150,-80.7,2.274,0.922
2184070,A2,1.220,-81.8,2.283,0.922
2184080,A1,2.550,-81.5,2.292,0.930
2184200,A3,3.080,-80.6,2.292,1.003
2184220,A2,1.230,-81.7,2.287,1.003
2184230,A1,2.560,-81.8,2.297,1.011
2184350,A3,3.140,-80.8,2.297,0.949
2184370,A2,1.240,-81.4,2.292,0.949
2184380,A1,2.570,-81.3,2.301,0.958
2184500,A3,3.060,-80.7,2.301,1.040
2184520,A2,1.240,-81.6,2.301,1.040
2184530,A1,2.530,-81.3,2.265,1.006
2184650,A3,3.120,-80.8,2.265,0.944
2184670,A2,1.250,-81.5,2.260,0.944
2184680,A1,2.550,-81.7,2.278,0.961
2184800,A3,3.060,-80.8,2.278,1.023
2184820,A2,1.250,-81.5,2.278,1.023
2184830,A1,2.580,-81.2,2.306,1.049
2184950,A3,3.110,-80.8,2.306,0.997
2184970,A2,1.230,-81.6,2.315,0.997
2184980,A1,2.520,-81.4,2.260,0.946
2185100,A3,3.080,-80.6,2.260,0.977
2185120,A2,1.240,-81.7,2.256,0.977
2185130,A1,2.520,-81.4,2.256,0.977
2185250,A3,3.140,-80.6,2.256,0.915
2185270,A2,1.250,-81.6,2.251,0.915
2185280,A1,2.540,-81.8,2.269,0.932
2185400,A3,3.090,-80.8,2.269,0.984
2185420,A2,1.250,-81.6,2.269,0.984
2185430,A1,2.550,-81.7,2.278,0.992
2185550,A3,3.160,-80.7,2.278,0.919
2185570,A2,1.240,-81.6,2.283,0.919
2185580,A1,2.540,-81.3,2.274,0.911
2185700,A3,3.100,-80.8,2.274,0.974
2185720,A2,1.230,-81.6,2.278,0.974
2185730,A1,2.530,-81.3,2.269,0.965
2185850,A3,3.150,-80.8,2.269,0.913
2185870,A2,1.240,-81.7,2.265,0.913
2185880,A1,2.550,-81.5,2.283,0.930
2186000,A3,3.110,-80.6,2.283,0.972
2186020,A2,1.230,-81.6,2.287,0.972
2186030,A1,2.560,-81.8,2.297,0.980
2186150,A3,3.140,-80.7,2.297,0.949
2186170,A2,1.270,-81.4,2.279,0.949
2186180,A1,2.550,-81.2,2.269,0.940
2186300,A3,3.120,-80.8,2.269,0.961
2186320,A2,1.240,-81.8,2.283,0.961
2186330,A1,2.550,-81.4,2.283,0.961
2186450,A3,3.130,-80.9,2.283,0.951
2186470,A2,1.230,-81.6,2.287,0.951
2186480,A1,2.510,-81.5,2.251,0.917
2186600,A3,3.130,-80.7,2.251,0.917
2186620,A2,1.250,-81.7,2.242,0.917
2186630,A1,2.570,-81.8,2.297,0.968
2186750,A3,3.110,-80.8,2.297,0.989
2186770,A2,1.250,-81.6,2.297,0.989
2186780,A1,2.560,-81.9,2.288,0.980
2186900,A3,3.130,-80.8,2.288,0.959
2186920,A2,1.230,-81.8,2.297,0.959
2186930,A1,2.540,-81.7,2.278,0.942
2187200,A3,3.130,-80.7,2.278,0.942
2187220,A2,1.220,-81.7,2.283,0.942
2187230,A1,2.530,-81.8,2.274,0.934
2187350,A3,3.080,-80.5,2.274,0.986
2187370,A2,1.240,-81.3,2.265,0.986
2187380,A1,2.510,-81.4,2.247,0.969
2187500,A3,3.090,-80.8,2.247,0.959
2187520,A2,1.240,-81.6,2.247,0.959
2187530,A1,2.540,-81.9,2.274,0.984
2187650,A3,3.130,-82.8,2.274,0.942
2187670,A2,1.220,-81.9,2.283,0.942
2187680,A1,2.540,-83.0,2.283,0.942
2187800,A3,3.110,-80.8,2.283,0.963
2187820,A2,1.230,-81.6,2.278,0.963
2187830,A1,2.530,-81.5,2.269,0.955
2187950,A3,3.050,-80.8,2.269,1.016
2187970,A2,1.230,-82.0,2.269,1.016
2187980,A1,2.570,-81.6,2.306,1.050
2188100,A3,3.150,-80.7,2.306,0.947
2188120,A2,1.240,-81.8,2.301,0.947
2188130,A1,2.560,-81.6,2.292,0.939
2188250,A3,3.140,-80.9,2.292,0.949
2188270,A2,1.220,-81.8,2.301,0.949
2188280,A1,2.520,-81.9,2.264,0.915
2188400,A3,3.090,-80.8,2.264,0.967
2188420,A2,1.230,-81.7,2.260,0.967
2188430,A1,2.520,-81.4,2.260,0.967
2188550,A3,3.190,-80.7,2.260,0.862
2188570,A2,1.240,-81.8,2.256,0.862
2188580,A1,2.550,-81.1,2.283,0.888
2188700,A3,3.120,-81.0,2.283,0.961
2188720,A2,1.250,-81.7,2.278,0.961
2188730,A1,2.530,-81.6,2.260,0.944
2188850,A3,3.090,-80.7,2.260,0.975
2188870,A2,1.240,-81.6,2.265,0.975
2188880,A1,2.510,-81.9,2.247,0.959
2189000,A3,3.140,-80.9,2.247,0.907
2189020,A2,1.240,-81.7,2.247,0.907
2189030,A1,2.550,-81.5,2.283,0.940
2189150,A3,3.150,-80.8,2.283,0.930
2189170,A2,1.230,-81.5,2.287,0.930
2189180,A1,2.550,-81.5,2.287,0.930
2189300,A3,3.140,-80.8,2.287,0.940
2189320,A2,1.240,-81.8,2.283,0.940
2189330,A1,2.520,-81.7,2.256,0.915
2189450,A3,3.130,-80.7,2.256,0.926
2189470,A2,1.220,-81.5,2.264,0.926
2189480,A1,2.520,-81.3,2.264,0.926
2189600,A3,3.120,-80.8,2.264,0.936
2189620,A2,1.220,-81.6,2.264,0.936
2189630,A1,2.560,-81.5,2.301,0.970
2189750,A3,3.110,-80.9,2.301,0.980
2189770,A2,1.250,-81.7,2.288,0.980
2189780,A1,2.560,-81.6,2.288,0.980
2189900,A3,3.080,-80.8,2.288,1.011
2189920,A2,1.240,-81.5,2.292,1.011
2190350,A3,3.100,-80.8,2.292,0.991
2190370,A2,1.240,-81.3,2.292,0.991
2190380,A1,2.530,-81.5,2.265,0.965
2190500,A3,3.120,-80.8,2.265,0.944
2190520,A2,1.230,-81.5,2.269,0.944
2190530,A1,2.560,-81.8,2.297,0.970
2190650,A3,3.090,-80.7,2.297,1.001
2190670,A2,1.240,-81.6,2.292,1.001
2190680,A1,2.530,-81.1,2.265,0.975
2190800,A3,3.170,-80.8,2.265,0.892
2190820,A2,1.220,-81.5,2.274,0.892
2190830,A1,2.510,-81.2,2.255,0.875
2190950,A3,3.100,-80.6,2.255,0.948
2190980,A1,2.570,-81.4,2.310,0.999
2191130,A1,2.540,-81.9,2.283,0.974
2191250,A3,3.130,-80.8,2.283,0.942
2191270,A2,1.240,-81.8,2.274,0.942
2191280,A1,2.540,-81.5,2.274,0.942
2191400,A3,3.130,-80.9,2.274,0.942
2191420,A2,1.220,-82.0,2.283,0.942
2191430,A1,2.520,-81.2,2.264,0.926
2191550,A3,3.130,-80.6,2.264,0.926
2191570,A2,1.220,-81.9,2.264,0.926
2191580,A1,2.530,-81.4,2.274,0.934
2191850,A3,3.120,-80.6,2.274,0.944
2191870,A2,1.250,-81.7,2.260,0.944
2191880,A1,2.540,-81.8,2.269,0.953
2192000,A3,3.120,-80.8,2.269,0.953
2192020,A2,1.240,-81.8,2.274,0.953
2192030,A1,2.510,-82.2,2.247,0.928
2192150,A3,3.170,-80.8,2.247,0.875
2192170,A2,1.230,-81.3,2.251,0.875
2192180,A1,2.530,-81.2,2.269,0.892
2192300,A3,3.140,-81.0,2.269,0.924
2192320,A2,1.250,-81.8,2.260,0.924
2192330,A1,2.550,-81.4,2.278,0.940
2192450,A3,3.120,-81.0,2.278,0.961
2192470,A2,1.240,-81.5,2.283,0.961
2192480,A1,2.550,-81.3,2.283,0.961
2192600,A3,3.130,-81.0,2.283,0.951
2192620,A2,1.250,-81.4,2.278,0.951
2192630,A1,2.550,-81.2,2.278,0.951
2192750,A3,3.080,-81.0,2.278,1.003
2192770,A2,1.240,-81.8,2.283,1.003
2192780,A1,2.540,-81.5,2.274,0.994
2192900,A3,3.080,-80.9,2.274,0.994
2192920,A2,1.230,-81.7,2.278,0.994
2192930,A1,2.540,-81.4,2.278,0.994
2193050,A3,3.120,-80.9,2.278,0.953
2193070,A2,1.230,-81.7,2.278,0.953
2193080,A1,2.570,-81.1,2.306,0.978
2193200,A3,3.140,-81.0,2.306,0.958
2193220,A2,1.230,-81.7,2.306,0.958
2193230,A1,2.540,-81.8,2.278,0.932
2193500,A3,3.160,-80.9,2.278,0.911
2193520,A2,1.240,-81.7,2.274,0.911
2193530,A1,2.560,-81.9,2.292,0.928
2193650,A3,3.150,-80.9,2.292,0.939
2193670,A2,1.240,-81.9,2.292,0.939
2193680,A1,2.560,-81.8,2.292,0.939
2193800,A3,3.160,-80.6,2.292,0.928
2193820,A2,1.240,-81.6,2.292,0.928
2193830,A1,2.550,-81.4,2.283,0.919
2193950,A3,3.160,-80.7,2.283,0.919
2193970,A2,1.240,-81.6,2.283,0.919
2193980,A1,2.550,-81.7,2.283,0.919
2194100,A3,3.140,-80.9,2.283,0.940
2194120,A2,1.240,-81.6,2.283,0.940
2194130,A1,2.560,-81.3,2.292,0.949
2194250,A3,3.120,-80.8,2.292,0.970
2194270,A2,1.230,-81.5,2.297,0.970
2194280,A1,2.520,-82.0,2.260,0.936
2194400,A3,3.110,-80.8,2.260,0.946
2194420,A2,1.260,-81.7,2.247,0.946
2194430,A1,2.520,-81.7,2.247,0.946
2194550,A3,3.130,-80.9,2.247,0.926
2194570,A2,1.250,-81.4,2.251,0.926
2194580,A1,2.550,-81.4,2.278,0.951
2194700,A3,3.130,-80.9,2.278,0.951
2194720,A2,1.220,-81.5,2.292,0.951
2194730,A1,2.530,-82.0,2.274,0.934
2194850,A3,3.120,-80.6,2.274,0.944
2194870,A2,1.230,-81.9,2.269,0.944
2194880,A1,2.550,-81.3,2.287,0.961
2195000,A3,3.170,-80.7,2.287,0.909
2195020,A2,1.230,-81.8,2.287,0.909
2195030,A1,2.520,-81.4,2.260,0.884
2195150,A3,3.150,-80.4,2.260,0.905
2195170,A2,1.240,-81.5,2.256,0.905
2195180,A1,2.520,-81.3,2.256,0.905
2195300,A3,3.120,-80.5,2.256,0.936
2195320,A2,1.230,-81.5,2.260,0.936
2195330,A1,2.580,-82.1,2.315,0.987
2195450,A3,3.110,-80.5,2.315,0.997
2195470,A2,1.230,-81.5,2.315,0.997
2195480,A1,2.520,-82.3,2.260,0.946
2195600,A3,3.130,-80.4,2.260,0.926
2195620,A2,1.250,-81.7,2.251,0.926
2195630,A1,2.530,-82.0,2.260,0.934
2195750,A3,3.160,-80.5,2.260,0.903
2195770,A2,1.230,-81.8,2.269,0.903
2195780,A1,2.530,-81.5,2.269,0.903
2195900,A3,3.120,-80.6,2.269,0.944
2195920,A2,1.240,-81.3,2.265,0.944
2195930,A1,2.530,-82.2,2.265,0.944
2196050,A3,3.140,-80.5,2.265,0.924
2196070,A2,1.230,-81.6,2.269,0.924
2196080,A1,2.570,-82.1,2.306,0.958
2196200,A3,3.120,-80.3,2.306,0.978
2196220,A2,1.240,-81.5,2.301,0.978
2196230,A1,2.540,-81.5,2.274,0.953
2196350,A3,3.130,-80.4,2.274,0.942
2196370,A2,1.240,-81.5,2.274,0.942
2196380,A1,2.520,-81.5,2.256,0.926
2196650,A3,3.190,-80.2,2.256,0.862
2196670,A2,1.250,-81.8,2.251,0.862
2196680,A1,2.560,-81.8,2.288,0.896
2196800,A3,3.120,-80.5,2.288,0.970
2196820,A2,1.240,-81.5,2.292,0.970
2196830,A1,2.550,-81.6,2.283,0.961
2196950,A3,3.150,-80.5,2.283,0.930
2196970,A2,1.260,-81.6,2.274,0.930
2196980,A1,2.570,-82.1,2.292,0.947
2197100,A3,3.180,-80.6,2.292,0.915
2197120,A2,1.220,-81.9,2.310,0.915
2197130,A1,2.490,-81.8,2.237,0.848
2197250,A3,3.180,-80.5,2.237,0.848
2197270,A2,1.240,-81.5,2.229,0.848
2197280,A1,2.530,-81.8,2.265,0.881
2197400,A3,3.140,-80.6,2.265,0.924
2197420,A2,1.240,-81.8,2.265,0.924
2197430,A1,2.540,-81.4,2.274,0.932
2197550,A3,3.090,-80.8,2.274,0.984
2197570,A2,1.230,-81.6,2.278,0.984
2197580,A1,2.570,-81.5,2.306,1.009
2197700,A3,3.120,-80.5,2.306,0.978
2197720,A2,1.240,-81.6,2.301,0.978
2197730,A1,2.540,-81.6,2.274,0.953
2197850,A3,3.130,-80.7,2.274,0.942
2197870,A2,1.250,-81.7,2.269,0.942
2197880,A1,2.530,-81.0,2.260,0.934
2198000,A3,3.120,-80.6,2.260,0.944
2198020,A2,1.230,-81.3,2.269,0.944
2198030,A1,2.520,-82.0,2.260,0.936
2198150,A3,3.120,-80.5,2.260,0.936
2198170,A2,1.240,-81.6,2.256,0.936
2198180,A1,2.560,-81.8,2.292,0.970
2198320,A2,1.240,-81.5,2.292,0.970
2198330,A1,2.520,-82.2,2.256,0.936
2198470,A2,1.240,-81.5,2.256,0.936
2198480,A1,2.550,-81.6,2.283,0.961
2198600,A3,3.080,-80.7,2.283,1.003
2198620,A2,1.250,-81.7,2.278,1.003
2198630,A1,2.540,-81.3,2.269,0.994
2198770,A2,1.230,-81.3,2.278,0.994
2198780,A1,2.560,-81.8,2.297,1.011
2198920,A2,1.250,-81.2,2.288,1.011
2198930,A1,2.540,-81.6,2.269,0.994
2199050,A3,3.130,-80.7,2.269,0.942
2199070,A2,1.250,-81.3,2.269,0.942
2199080,A1,2.530,-81.3,2.260,0.934
2199200,A3,3.170,-80.9,2.260,0.892
2199220,A2,1.260,-81.5,2.256,0.892
2199230,A1,2.510,-81.2,2.238,0.875
2199500,A3,3.100,-81.0,2.238,0.948
2199520,A2,1.250,-81.3,2.242,0.948
2199530,A1,2.530,-81.2,2.260,0.965
2199800,A3,3.090,-80.8,2.260,0.975
2199820,A2,1.240,-81.3,2.265,0.975
2199830,A1,2.540,-81.2,2.274,0.984
2199950,A3,3.120,-81.1,2.274,0.953
2199970,A2,1.240,-81.2,2.274,0.953
2199980,A1,2.540,-81.4,2.274,0.953
2200100,A3,3.100,-81.2,2.274,0.974
2200120,A2,1.240,-81.3,2.274,0.974
2200130,A1,2.550,-81.4,2.283,0.982
2200250,A3,3.090,-81.1,2.283,0.992
2200270,A2,1.250,-81.7,2.278,0.992
2200280,A1,2.570,-81.7,2.297,1.009
2200400,A3,3.130,-81.3,2.297,0.968
2200420,A2,1.250,-81.4,2.297,0.968
2200430,A1,2.540,-81.4,2.269,0.942
2200550,A3,3.120,-81.2,2.269,0.953
2200570,A2,1.240,-81.2,2.274,0.953
2200580,A1,2.550,-81.8,2.283,0.961
2200700,A3,3.120,-81.5,2.283,0.961
2200720,A2,1.260,-81.2,2.274,0.961
2200730,A1,2.570,-81.5,2.292,0.978
2200850,A3,3.130,-81.5,2.292,0.968
2200870,A2,1.250,-81.2,2.297,0.968
2200880,A1,2.530,-81.7,2.260,0.934
2201000,A3,3.100,-81.4,2.260,0.965
2201020,A2,1.260,-81.3,2.256,0.965
2201030,A1,2.540,-81.1,2.265,0.974
2201150,A3,3.130,-81.5,2.265,0.942
2201170,A2,1.240,-81.2,2.274,0.942
2201180,A1,2.530,-81.1,2.265,0.934
2201300,A3,3.120,-81.3,2.265,0.944
2201320,A2,1.230,-81.5,2.269,0.944
2201330,A1,2.550,-81.1,2.287,0.961
2201450,A3,3.110,-81.4,2.287,0.972
2201470,A2,1.270,-81.2,2.269,0.972
2201480,A1,2.550,-81.7,2.269,0.972
2201600,A3,3.110,-81.5,2.269,0.972
2201620,A2,1.240,-81.2,2.283,0.972
2201630,A1,2.510,-81.3,2.247,0.938
2201750,A3,3.100,-81.6,2.247,0.948
2201770,A2,1.240,-81.5,2.247,0.948
2201780,A1,2.540,-81.4,2.274,0.974
2201900,A3,3.100,-81.1,2.274,0.974
2201920,A2,1.240,-81.2,2.274,0.974
2201930,A1,2.530,-81.6,2.265,0.965
2202050,A3,3.110,-81.5,2.265,0.955
2202070,A2,1.230,-81.4,2.269,0.955
2202080,A1,2.520,-81.4,2.260,0.946
2202200,A3,3.110,-81.5,2.260,0.946
2202220,A2,1.230,-81.2,2.260,0.946
2202230,A1,2.540,-81.4,2.278,0.963
2202350,A3,3.110,-81.4,2.278,0.963
2202370,A2,1.220,-81.4,2.283,0.963
2202380,A1,2.540,-81.8,2.283,0.963
2202500,A3,3.130,-80.9,2.283,0.942
2202520,A2,1.260,-81.5,2.265,0.942
2202530,A1,2.560,-81.0,2.283,0.959
2202650,A3,3.130,-81.2,2.283,0.959
2202670,A2,1.260,-81.6,2.283,0.959
2202680,A1,2.550,-81.4,2.274,0.951
2202950,A3,3.110,-81.1,2.274,0.972
2202970,A2,1.250,-81.6,2.278,0.972
2202980,A1,2.530,-81.7,2.260,0.955
2203100,A3,3.110,-81.2,2.260,0.955
2203120,A2,1.230,-81.3,2.269,0.955
2203130,A1,2.560,-81.7,2.297,0.980
2203250,A3,3.090,-81.3,2.297,1.001
2203270,A2,1.260,-81.4,2.283,1.001
2203280,A1,2.540,-81.1,2.265,0.984
2203400,A3,3.100,-81.4,2.265,0.974
2203420,A2,1.250,-81.5,2.269,0.974
2203430,A1,2.530,-81.2,2.260,0.965
2203550,A3,3.110,-81.2,2.260,0.955
2203570,A2,1.250,-81.4,2.260,0.955
2203580,A1,2.540,-81.6,2.269,0.963
2203700,A3,3.090,-81.5,2.269,0.984
2203720,A2,1.230,-81.2,2.278,0.984
2203730,A1,2.540,-81.2,2.278,0.984
2203850,A3,3.140,-81.2,2.278,0.932
2203870,A2,1.260,-81.3,2.265,0.932
2203880,A1,2.540,-81.4,2.265,0.932
2204000,A3,3.110,-81.0,2.265,0.963
2204020,A2,1.230,-81.4,2.278,0.963
2204030,A1,2.570,-81.7,2.306,0.989
2204150,A3,3.110,-81.4,2.306,0.989
2204170,A2,1.240,-81.6,2.301,0.989
2204180,A1,2.530,-82.1,2.265,0.955
2204300,A3,3.100,-81.4,2.265,0.965
2204320,A2,1.230,-81.6,2.269,0.965
2204330,A1,2.550,-81.1,2.287,0.982
2204450,A3,3.120,-81.2,2.287,0.961
2204470,A2,1.250,-81.5,2.278,0.961
2204480,A1,2.520,-81.6,2.251,0.936
2204600,A3,3.100,-81.4,2.251,0.957
2204620,A2,1.260,-81.2,2.247,0.957
2204630,A1,2.560,-81.4,2.283,0.991
2204750,A3,3.110,-81.1,2.283,0.980
2204770,A2,1.250,-81.2,2.288,0.980
2204780,A1,2.540,-81.5,2.269,0.963
2204900,A3,3.140,-81.1,2.269,0.932
2204920,A2,1.250,-81.1,2.269,0.932
2204930,A1,2.510,-81.6,2.242,0.907
2205050,A3,3.110,-81.2,2.242,0.938
2205070,A2,1.240,-81.6,2.247,0.938
2205080,A1,2.530,-81.8,2.265,0.955
2205200,A3,3.090,-80.7,2.265,0.975
2205220,A2,1.220,-81.6,2.274,0.975
2205230,A1,2.580,-81.1,2.319,1.018
2205350,A3,3.110,-80.9,2.319,0.997
2205370,A2,1.260,-81.5,2.302,0.997
2205380,A1,2.540,-81.5,2.265,0.963
2205500,A3,3.110,-80.9,2.265,0.963
2205520,A2,1.230,-81.8,2.278,0.963
2205530,A1,2.570,-82.0,2.306,0.989
2205650,A3,3.130,-80.8,2.306,0.968
2205670,A2,1.230,-81.5,2.306,0.968
2205680,A1,2.550,-81.5,2.287,0.951
2205800,A3,3.120,-80.6,2.287,0.961
2205820,A2,1.250,-81.5,2.278,0.961
2205830,A1,2.510,-81.2,2.242,0.928
2206100,A3,3.140,-80.7,2.242,0.907
2206120,A2,1.220,-81.5,2.255,0.907
2206130,A1,2.520,-81.6,2.264,0.915
2206250,A3,3.120,-80.6,2.264,0.936
2206270,A2,1.230,-81.9,2.260,0.936
2206280,A1,2.560,-81.3,2.297,0.970
2206400,A3,3.150,-80.8,2.297,0.939
2206420,A2,1.250,-81.4,2.288,0.939
2206430,A1,2.510,-82.0,2.242,0.896
2206550,A3,3.080,-81.1,2.242,0.969
2206570,A2,1.250,-81.4,2.242,0.969
2206580,A1,2.510,-81.4,2.242,0.969
2206700,A3,3.110,-81.1,2.242,0.938
2206720,A2,1.250,-81.4,2.242,0.938
2206730,A1,2.510,-82.0,2.242,0.938
2206850,A3,3.130,-81.2,2.242,0.917
2206870,A2,1.230,-81.3,2.251,0.917
2206880,A1,2.550,-81.4,2.287,0.951
2207000,A3,3.130,-81.3,2.287,0.951
2207020,A2,1.230,-81.3,2.287,0.951
2207030,A1,2.570,-81.7,2.306,0.968
2207150,A3,3.120,-81.3,2.306,0.978
2207170,A2,1.230,-81.2,2.306,0.978
2207180,A1,2.520,-81.2,2.260,0.936
2207300,A3,3.120,-81.2,2.260,0.936
2207320,A2,1.250,-81.2,2.251,0.936
2207330,A1,2.540,-82.1,2.269,0.953
2207450,A3,3.120,-81.4,2.269,0.953
2207470,A2,1.240,-81.3,2.274,0.953
2207480,A1,2.570,-81.7,2.301,0.978
2207600,A3,3.110,-80.9,2.301,0.989
2207620,A2,1.250,-81.4,2.297,0.989
2207630,A1,2.510,-81.6,2.242,0.938
2207750,A3,3.110,-81.2,2.242,0.938
2207770,A2,1.250,-81.4,2.242,0.938
2207780,A1,2.540,-81.8,2.269,0.963
2207900,A3,3.110,-81.2,2.269,0.963
2207920,A2,1.250,-81.2,2.269,0.963
2207930,A1,2.510,-81.7,2.242,0.938
2208050,A3,3.090,-80.9,2.242,0.959
2208070,A2,1.250,-81.4,2.242,0.959
2208080,A1,2.540,-81.4,2.269,0.984
2208200,A3,3.120,-81.0,2.269,0.953
2208220,A2,1.240,-81.4,2.274,0.953
2208230,A1,2.550,-81.5,2.283,0.961
2208350,A3,3.120,-81.1,2.283,0.961
2208370,A2,1.220,-81.2,2.292,0.961
2208380,A1,2.500,-81.1,2.246,0.919
2208500,A3,3.100,-81.0,2.246,0.940
2208520,A2,1.220,-81.4,2.246,0.940
2208530,A1,2.530,-82.0,2.274,0.965
2208650,A3,3.130,-81.1,2.274,0.934
2208670,A2,1.230,-81.4,2.269,0.934
2208950,A3,3.150,-82.0,2.269,0.913
2208970,A2,1.240,-81.6,2.265,0.913
2208980,A1,2.550,-82.3,2.283,0.930
2209250,A3,3.130,-80.7,2.283,0.951
2209270,A2,1.240,-81.5,2.283,0.951
2209280,A1,2.540,-81.6,2.274,0.942
2209400,A3,3.160,-81.0,2.274,0.911
2209420,A2,1.240,-81.5,2.274,0.911
2209430,A1,2.550,-81.8,2.283,0.919
2209550,A3,3.090,-80.9,2.283,0.992
2209570,A2,1.240,-81.3,2.283,0.992
2209580,A1,2.550,-81.6,2.283,0.992
2209700,A3,3.150,-80.6,2.283,0.930
2209720,A2,1.220,-81.5,2.292,0.930
2209730,A1,2.570,-81.5,2.310,0.947
2209850,A3,3.150,-80.6,2.310,0.947
2209870,A2,1.240,-81.8,2.301,0.947
2209880,A1,2.530,-82.0,2.265,0.913
2210000,A3,3.100,-81.0,2.265,0.965
2210020,A2,1.220,-81.4,2.274,0.965
2210030,A1,2.550,-81.3,2.292,0.982
2210150,A3,3.120,-81.0,2.292,0.961
2210170,A2,1.230,-81.3,2.287,0.961
2210180,A1,2.550,-81.6,2.287,0.961
2210300,A3,3.180,-80.8,2.287,0.898
2210320,A2,1.250,-81.4,2.278,0.898
2210330,A1,2.560,-81.7,2.288,0.907
2210450,A3,3.100,-80.8,2.288,0.991
2210470,A2,1.230,-81.6,2.297,0.991
2210480,A1,2.530,-81.9,2.269,0.965
2210600,A3,3.130,-80.9,2.269,0.934
2210620,A2,1.240,-81.4,2.265,0.934
2210630,A1,2.550,-82.1,2.283,0.951
2210750,A3,3.110,-81.1,2.283,0.972
2210770,A2,1.220,-81.4,2.292,0.972
2210780,A1,2.540,-82.0,2.283,0.963
2210900,A3,3.110,-81.0,2.283,0.963
2210920,A2,1.240,-81.5,2.274,0.963
2210930,A1,2.540,-82.1,2.274,0.963
2211050,A3,3.130,-80.9,2.274,0.942
2211070,A2,1.230,-81.4,2.278,0.942
2211080,A1,2.520,-81.9,2.260,0.926
2211200,A3,3.160,-80.7,2.260,0.894
2211220,A2,1.250,-81.3,2.251,0.894
2211230,A1,2.520,-82.0,2.251,0.894
2211350,A3,3.120,-80.6,2.251,0.936
2211370,A2,1.240,-81.5,2.256,0.936
2211380,A1,2.540,-82.2,2.274,0.953
2211500,A3,3.110,-80.9,2.274,0.963
2211520,A2,1.240,-81.7,2.274,0.963
2211530,A1,2.500,-81.4,2.238,0.930
2211650,A3,3.160,-80.8,2.238,0.877
2211670,A2,1.240,-81.6,2.238,0.877
2211680,A1,2.530,-81.2,2.265,0.903
2211800,A3,3.060,-80.9,2.265,1.006
2211820,A2,1.240,-81.6,2.265,1.006
2211830,A1,2.540,-81.7,2.274,1.015
2211950,A3,3.100,-80.9,2.274,0.974
2211970,A2,1.230,-81.8,2.278,0.974
2211980,A1,2.560,-81.9,2.297,0.991
2212100,A3,3.110,-81.1,2.297,0.980
2212120,A2,1.250,-81.7,2.288,0.980
2212130,A1,2.550,-81.8,2.278,0.972
2212550,A3,3.110,-80.9,2.278,0.972
2212570,A2,1.220,-81.7,2.292,0.972
2212580,A1,2.550,-81.7,2.292,0.972
2212700,A3,3.150,-80.8,2.292,0.930
2212720,A2,1.260,-81.3,2.274,0.930
2212730,A1,2.550,-82.1,2.274,0.930
2212850,A3,3.150,-80.9,2.274,0.930
2212870,A2,1.240,-81.2,2.283,0.930
2212880,A1,2.520,-81.2,2.256,0.905
2213000,A3,3.100,-80.8,2.256,0.957
2213020,A2,1.240,-81.4,2.256,0.957
2213030,A1,2.550,-81.5,2.283,0.982
2213150,A3,3.110,-80.7,2.283,0.972
2213170,A2,1.260,-81.8,2.274,0.972
2213180,A1,2.510,-82.0,2.238,0.938
2213300,A3,3.180,-80.7,2.238,0.865
2213320,A2,1.250,-81.6,2.242,0.865
2213330,A1,2.530,-82.0,2.260,0.881
2213450,A3,3.130,-80.9,2.260,0.934
2213470,A2,1.240,-81.4,2.265,0.934
2213480,A1,2.540,-81.8,2.274,0.942
2213600,A3,3.100,-81.1,2.274,0.974
2213620,A2,1.220,-81.4,2.283,0.974
2213630,A1,2.510,-82.2,2.255,0.948
2213750,A3,3.120,-80.9,2.255,0.928
2213770,A2,1.230,-81.4,2.251,0.928
2213780,A1,2.540,-81.4,2.278,0.953
2213900,A3,3.120,-81.0,2.278,0.953
2213920,A2,1.240,-81.5,2.274,0.953
2213930,A1,2.530,-81.7,2.265,0.944
2214050,A3,3.150,-80.8,2.265,0.913
2214070,A2,1.230,-81.4,2.269,0.913
2214080,A1,2.560,-81.8,2.297,0.939
2214200,A3,3.110,-80.9,2.297,0.980
2214220,A2,1.240,-81.4,2.292,0.980
2214230,A1,2.540,-82.2,2.274,0.963
2214350,A3,3.090,-80.8,2.274,0.984
2214370,A2,1.240,-81.3,2.274,0.984
2214380,A1,2.530,-82.2,2.265,0.975
2214500,A3,3.110,-80.7,2.265,0.955
2214520,A2,1.250,-81.8,2.260,0.955
2214530,A1,2.540,-81.3,2.269,0.963
2214650,A3,3.130,-81.1,2.269,0.942
2214670,A2,1.240,-81.3,2.274,0.942
2214680,A1,2.550,-81.9,2.283,0.951
2214800,A3,3.110,-80.8,2.283,0.972
2214820,A2,1.220,-81.8,2.292,0.972
2214830,A1,2.510,-81.7,2.255,0.938
2214950,A3,3.110,-81.1,2.255,0.938
2214970,A2,1.250,-81.6,2.242,0.938
2214980,A1,2.520,-81.6,2.251,0.946
2215100,A3,3.140,-80.8,2.251,0.915
2215120,A2,1.220,-81.7,2.264,0.915
2215130,A1,2.530,-81.8,2.274,0.924
2215250,A3,3.120,-80.9,2.274,0.944
2215270,A2,1.250,-81.3,2.260,0.944
2215280,A1,2.520,-81.9,2.251,0.936
2215550,A3,3.120,-81.0,2.251,0.936
2215570,A2,1.250,-81.5,2.251,0.936
2215580,A1,2.540,-81.4,2.269,0.953
2215700,A3,3.120,-80.9,2.269,0.953
2215720,A2,1.220,-81.6,2.283,0.953
2215730,A1,2.520,-82.0,2.264,0.936
2215850,A3,3.130,-80.7,2.264,0.926
2215870,A2,1.230,-81.3,2.260,0.926
2215880,A1,2.520,-82.1,2.260,0.926
2216000,A3,3.130,-80.8,2.260,0.926
2216020,A2,1.260,-81.5,2.247,0.926
2216030,A1,2.550,-81.3,2.274,0.951
2216150,A3,3.130,-80.7,2.274,0.951
2216170,A2,1.260,-81.5,2.274,0.951
2216180,A1,2.540,-81.6,2.265,0.942
2216300,A3,3.100,-81.0,2.265,0.974
2216320,A2,1.230,-81.7,2.278,0.974
2216330,A1,2.560,-82.1,2.297,0.991
2216450,A3,3.120,-80.9,2.297,0.970
2216470,A2,1.250,-81.4,2.288,0.970
2216480,A1,2.550,-81.4,2.278,0.961
2216600,A3,3.080,-80.8,2.278,1.003
2216620,A2,1.240,-81.5,2.283,1.003
2216630,A1,2.520,-81.3,2.256,0.977
2216750,A3,3.130,-80.9,2.256,0.926
2216770,A2,1.230,-81.4,2.260,0.926
2216780,A1,2.560,-81.6,2.297,0.959
2216900,A3,3.160,-80.7,2.297,0.928
2216920,A2,1.230,-81.6,2.297,0.928
2216930,A1,2.540,-82.0,2.278,0.911
2217050,A3,3.110,-81.1,2.278,0.963
2217070,A2,1.240,-81.6,2.274,0.963
2217080,A1,2.560,-81.9,2.292,0.980
2217200,A3,3.120,-80.9,2.292,0.970
2217220,A2,1.220,-81.7,2.301,0.970
2217230,A1,2.520,-82.2,2.264,0.936
2217350,A3,3.090,-80.7,2.264,0.967
2217370,A2,1.240,-81.5,2.256,0.967
2217380,A1,2.530,-81.5,2.265,0.975
2217500,A3,3.180,-80.9,2.265,0.881
2217520,A2,1.230,-81.3,2.269,0.881
2217530,A1,2.510,-81.4,2.251,0.865
2217650,A3,3.120,-80.9,2.251,0.928
2217670,A2,1.250,-81.1,2.242,0.928
2217680,A1,2.560,-81.9,2.288,0.970
2217800,A3,3.120,-81.0,2.288,0.970
2217820,A2,1.240,-81.6,2.292,0.970
2217830,A1,2.540,-82.0,2.274,0.953
2217950,A3,3.100,-80.6,2.274,0.974
2217970,A2,1.250,-81.4,2.269,0.974
2217980,A1,2.520,-82.0,2.251,0.957
2218100,A3,3.100,-80.8,2.251,0.957
2218120,A2,1.230,-81.5,2.260,0.957
2218130,A1,2.540,-81.4,2.278,0.974
2218250,A3,3.150,-80.6,2.278,0.922
2218270,A2,1.240,-81.4,2.274,0.922
2218280,A1,2.550,-81.4,2.283,0.930
2218400,A3,3.110,-80.6,2.283,0.972
2218420,A2,1.240,-81.3,2.283,0.972
2218430,A1,2.570,-81.5,2.301,0.989
2218700,A3,3.130,-80.7,2.301,0.968
2218720,A2,1.240,-81.5,2.301,0.968
2218730,A1,2.530,-81.1,2.265,0.934
2218850,A3,3.120,-80.6,2.265,0.944
2218870,A2,1.230,-81.5,2.269,0.944
2218880,A1,2.540,-81.3,2.278,0.953
2219000,A3,3.110,-80.4,2.278,0.963
2219020,A2,1.260,-81.2,2.265,0.963
2219030,A1,2.540,-81.2,2.265,0.963
2219150,A3,3.150,-80.8,2.265,0.922
2219170,A2,1.240,-81.2,2.274,0.922
2219180,A1,2.530,-81.3,2.265,0.913
2219300,A3,3.120,-80.9,2.265,0.944
2219320,A2,1.240,-81.5,2.265,0.944
2219600,A3,3.090,-80.7,2.265,0.975
2219620,A2,1.220,-81.8,2.274,0.975
2219630,A1,2.550,-81.0,2.292,0.992
2219750,A3,3.150,-80.5,2.292,0.930
2219770,A2,1.240,-81.5,2.283,0.930
2220050,A3,3.130,-80.6,2.283,0.951
2220070,A2,1.220,-81.5,2.292,0.951
2220080,A1,2.500,-81.7,2.246,0.909
2220200,A3,3.100,-80.5,2.246,0.940
2220220,A2,1.260,-81.6,2.229,0.940
2220230,A1,2.540,-81.5,2.265,0.974
2220350,A3,3.120,-80.7,2.265,0.953
2220370,A2,1.240,-81.5,2.274,0.953
2220380,A1,2.510,-81.8,2.247,0.928
2220500,A3,3.120,-80.7,2.247,0.928
2220520,A2,1.240,-81.7,2.247,0.928
2220530,A1,2.540,-81.9,2.274,0.953
2220650,A3,3.100,-80.7,2.274,0.974
2220670,A2,1.250,-81.4,2.269,0.974
2220680,A1,2.530,-81.6,2.260,0.965
2220800,A3,3.140,-80.7,2.260,0.924
2220820,A2,1.230,-81.6,2.269,0.924
2220830,A1,2.590,-81.8,2.324,0.975
2220950,A3,3.110,-80.8,2.324,1.006
2220970,A2,1.240,-81.8,2.320,1.006
2220980,A1,2.560,-81.6,2.292,0.980
2221100,A3,3.100,-80.9,2.292,0.991
2221120,A2,1.230,-81.6,2.297,0.991
2221130,A1,2.530,-81.2,2.269,0.965
2221250,A3,3.100,-80.9,2.269,0.965
2221270,A2,1.240,-81.5,2.265,0.965
2221280,A1,2.540,-81.4,2.274,0.974
2221400,A3,3.140,-80.8,2.274,0.932
2221420,A2,1.220,-81.6,2.283,0.932
2221430,A1,2.530,-81.5,2.274,0.924
2221550,A3,3.120,-80.9,2.274,0.944
2221570,A2,1.240,-81.5,2.265,0.944
2221580,A1,2.570,-81.7,2.301,0.978
2221850,A3,3.060,-80.6,2.301,1.040
2221870,A2,1.220,-81.7,2.310,1.040
2221880,A1,2.540,-81.1,2.283,1.015
2222000,A3,3.150,-80.6,2.283,0.922
2222020,A2,1.230,-81.6,2.278,0.922
2222030,A1,2.560,-81.4,2.297,0.939
2222150,A3,3.140,-80.5,2.297,0.949
2222170,A2,1.240,-81.6,2.292,0.949
2222180,A1,2.540,-81.9,2.274,0.932
2222300,A3,3.110,-80.9,2.274,0.963
2222320,A2,1.260,-81.6,2.265,0.963
2222330,A1,2.550,-81.7,2.274,0.972
2222450,A3,3.090,-80.5,2.274,0.992
2222470,A2,1.230,-81.5,2.287,0.992
2222480,A1,2.520,-81.2,2.260,0.967
2222600,A3,3.100,-80.9,2.260,0.957
2222620,A2,1.230,-81.6,2.260,0.957
2222630,A1,2.540,-81.2,2.278,0.974
2222750,A3,3.140,-80.8,2.278,0.932
2222770,A2,1.240,-81.8,2.274,0.932
2222780,A1,2.510,-81.3,2.247,0.907
2222900,A3,3.120,-80.7,2.247,0.928
2222920,A2,1.250,-81.6,2.242,0.928
2222930,A1,2.590,-81.8,2.315,0.996
2223050,A3,3.170,-80.8,2.315,0.943
2223070,A2,1.250,-81.5,2.315,0.943
2223080,A1,2.550,-81.3,2.278,0.909
2223220,A2,1.240,-81.7,2.283,0.909
2223230,A1,2.550,-81.9,2.283,0.909
2223370,A2,1.230,-81.7,2.287,0.909
2223380,A1,2.550,-81.5,2.287,0.909
2223500,A3,3.120,-80.7,2.287,0.961
2223520,A2,1.240,-81.7,2.283,0.961
2223530,A1,2.550,-81.5,2.283,0.961
2223650,A3,3.120,-80.8,2.283,0.961
2223670,A2,1.240,-81.6,2.283,0.961
2223680,A1,2.510,-81.1,2.247,0.928
2223800,A3,3.090,-80.9,2.247,0.959
2223820,A2,1.250,-81.7,2.242,0.959
2223830,A1,2.560,-81.3,2.288,1.001
2223950,A3,3.130,-80.8,2.288,0.959
2223970,A2,1.240,-81.6,2.292,0.959
2223980,A1,2.530,-81.1,2.265,0.934
2224100,A3,3.110,-80.8,2.265,0.955
2224120,A2,1.240,-81.4,2.265,0.955
2224130,A1,2.560,-81.1,2.292,0.980
2224400,A3,3.120,-80.6,2.292,0.970
2224420,A2,1.240,-81.9,2.292,0.970
2224430,A1,2.550,-81.8,2.283,0.961
2224550,A3,3.090,-80.6,2.283,0.992
2224570,A2,1.250,-81.6,2.278,0.992
2224580,A1,2.550,-81.3,2.278,0.992
2224700,A3,3.110,-80.8,2.278,0.972
2224720,A2,1.250,-81.7,2.278,0.972
2224730,A1,2.540,-81.1,2.269,0.963
2225000,A3,3.070,-80.6,2.269,1.004
2225020,A2,1.260,-81.5,2.265,1.004
2225030,A1,2.560,-81.4,2.283,1.021
2225150,A3,3.160,-81.2,2.283,0.928
2225170,A2,1.230,-81.4,2.297,0.928
2225180,A1,2.520,-81.1,2.260,0.894
2225300,A3,3.110,-81.2,2.260,0.946
2225320,A2,1.250,-81.3,2.251,0.946
2225330,A1,2.570,-81.6,2.297,0.989
2225450,A3,3.120,-81.7,2.297,0.978
2225470,A2,1.250,-81.4,2.297,0.978
2225480,A1,2.550,-81.6,2.278,0.961
2225600,A3,3.130,-81.5,2.278,0.951
2225620,A2,1.230,-81.5,2.287,0.951
2225630,A1,2.520,-81.4,2.260,0.926
2225750,A3,3.100,-81.3,2.260,0.957
2225770,A2,1.250,-81.3,2.251,0.957
2225780,A1,2.540,-81.4,2.269,0.974
2225900,A3,3.110,-80.9,2.269,0.963
2225920,A2,1.260,-81.6,2.265,0.963
2226200,A3,3.080,-80.9,2.265,0.994
2226220,A2,1.240,-81.2,2.274,0.994
2226230,A1,2.530,-81.6,2.265,0.986
2226350,A3,3.130,-80.8,2.265,0.934
2226370,A2,1.240,-81.5,2.265,0.934
2226380,A1,2.550,-81.6,2.283,0.951
2226500,A3,3.130,-80.6,2.283,0.951
2226520,A2,1.240,-81.5,2.283,0.951
2226530,A1,2.510,-81.9,2.247,0.917
2226650,A3,3.130,-80.5,2.247,0.917
2226670,A2,1.240,-81.7,2.247,0.917
2226680,A1,2.540,-81.2,2.274,0.942
2226800,A3,3.130,-80.8,2.274,0.942
2226820,A2,1.250,-81.5,2.269,0.942
2226830,A1,2.510,-81.7,2.242,0.917
2226950,A3,3.110,-80.9,2.242,0.938
2226970,A2,1.240,-81.5,2.247,0.938
2226980,A1,2.560,-81.7,2.292,0.980
2227100,A3,3.160,-80.9,2.292,0.928
2227120,A2,1.240,-81.7,2.292,0.928
2227130,A1,2.560,-81.4,2.292,0.928
2227250,A3,3.110,-81.0,2.292,0.980
2227270,A2,1.230,-81.4,2.297,0.980
2227550,A3,3.140,-80.7,2.297,0.949
2227570,A2,1.230,-81.7,2.297,0.949
2227580,A1,2.570,-81.2,2.306,0.958
2227700,A3,3.110,-80.9,2.306,0.989
2227720,A2,1.240,-81.5,2.301,0.989
2227730,A1,2.530,-81.1,2.265,0.955
2227850,A3,3.110,-80.9,2.265,0.955
2227870,A2,1.240,-81.6,2.265,0.955
2227880,A1,2.530,-81.9,2.265,0.955
2228150,A3,3.110,-81.0,2.265,0.955
2228170,A2,1.250,-81.4,2.260,0.955
2228180,A1,2.540,-81.8,2.269,0.963
2228300,A3,3.130,-81.8,2.269,0.942
2228320,A2,1.230,-81.6,2.278,0.942
2228330,A1,2.550,-81.5,2.287,0.951
2228450,A3,3.090,-81.1,2.287,0.992
2228470,A2,1.240,-81.8,2.283,0.992
2228480,A1,2.520,-81.9,2.256,0.967
2228600,A3,3.120,-81.2,2.256,0.936
2228620,A2,1.250,-81.6,2.251,0.936
2228630,A1,2.540,-81.2,2.269,0.953
2228750,A3,3.110,-81.2,2.269,0.963
2228770,A2,1.220,-81.6,2.283,0.963
2228780,A1,2.560,-81.5,2.301,0.980
2228900,A3,3.110,-81.1,2.301,0.980
2228920,A2,1.250,-81.8,2.288,0.980
2228930,A1,2.550,-81.4,2.278,0.972
2229050,A3,3.130,-81.1,2.278,0.951
2229070,A2,1.250,-81.7,2.278,0.951
2229080,A1,2.520,-81.7,2.251,0.926
2229200,A3,3.110,-81.2,2.251,0.946
2229220,A2,1.250,-81.8,2.251,0.946
2229230,A1,2.540,-82.3,2.269,0.963
2229350,A3,3.080,-81.1,2.269,0.994
2229370,A2,1.240,-81.8,2.274,0.994
2229380,A1,2.560,-81.7,2.292,1.011
2229650,A3,3.130,-81.3,2.292,0.959
2229670,A2,1.250,-81.6,2.288,0.959
2229680,A1,2.510,-81.8,2.242,0.917
2229800,A3,3.150,-80.9,2.242,0.896
2229820,A2,1.250,-81.8,2.242,0.896
2229830,A1,2.520,-81.4,2.251,0.905
2229950,A3,3.170,-80.7,2.251,0.884
2229970,A2,1.220,-82.3,2.264,0.884
2229980,A1,2.540,-82.1,2.283,0.900
2230250,A3,3.130,-81.4,2.283,0.942
2230270,A2,1.230,-82.1,2.278,0.942
2230280,A1,2.530,-82.0,2.269,0.934
2230400,A3,3.140,-80.3,2.269,0.924
2230420,A2,1.240,-81.5,2.265,0.924
2230430,A1,2.520,-82.0,2.256,0.915
2230550,A3,3.180,-80.2,2.256,0.873
2230570,A2,1.240,-81.8,2.256,0.873
2230580,A1,2.550,-82.1,2.283,0.898
2230700,A3,3.210,-80.3,2.283,0.866
2230720,A2,1.220,-81.9,2.292,0.866
2230730,A1,2.550,-81.3,2.292,0.866
2230850,A3,3.110,-80.0,2.292,0.972
2230870,A2,1.240,-81.5,2.283,0.972
2230880,A1,2.510,-81.9,2.247,0.938
2231000,A3,3.160,-80.7,2.247,0.886
2231020,A2,1.260,-81.8,2.238,0.886
2231030,A1,2.550,-81.6,2.274,0.919
2231300,A3,3.090,-80.4,2.274,0.992
2231320,A2,1.230,-82.2,2.287,0.992
2231330,A1,2.520,-82.5,2.260,0.967
2231450,A3,3.130,-80.6,2.260,0.926
2231470,A2,1.200,-82.3,2.273,0.926
2231480,A1,2.550,-81.4,2.301,0.951
2231600,A3,3.110,-80.8,2.301,0.972
2231620,A2,1.230,-81.9,2.287,0.972
2231630,A1,2.530,-81.7,2.269,0.955
2231750,A3,3.180,-80.3,2.269,0.881
2231770,A2,1.230,-82.0,2.269,0.881
2231780,A1,2.550,-81.8,2.287,0.898
2231900,A3,3.140,-80.8,2.287,0.940
2231920,A2,1.230,-82.0,2.287,0.940
2231930,A1,2.500,-81.2,2.242,0.898
2232050,A3,3.170,-80.9,2.242,0.867
2232070,A2,1.240,-82.0,2.238,0.867
2232080,A1,2.580,-81.9,2.311,0.935
2232200,A3,3.130,-80.3,2.311,0.977
2232220,A2,1.230,-81.5,2.315,0.977
2232230,A1,2.570,-81.9,2.306,0.968
2232350,A3,3.130,-80.8,2.306,0.968
2232370,A2,1.220,-81.6,2.310,0.968
2232380,A1,2.570,-81.4,2.310,0.968
2232500,A3,3.090,-80.7,2.310,1.009
2232520,A2,1.240,-81.5,2.301,1.009
2232530,A1,2.590,-81.4,2.320,1.027
2232650,A3,3.110,-81.0,2.320,1.006
2232670,A2,1.240,-81.3,2.320,1.006
2232680,A1,2.540,-81.6,2.274,0.963
2232800,A3,3.140,-81.2,2.274,0.932
2232820,A2,1.240,-81.4,2.274,0.932
2232830,A1,2.550,-81.4,2.283,0.940
2232950,A3,3.120,-81.7,2.283,0.961
2232970,A2,1.230,-81.3,2.287,0.961
2232980,A1,2.540,-81.1,2.278,0.953
2233100,A3,3.080,-81.6,2.278,0.994
2233120,A2,1.230,-81.3,2.278,0.994
2233130,A1,2.550,-81.9,2.287,1.003
2233250,A3,3.090,-81.4,2.287,0.992
2233270,A2,1.240,-81.5,2.283,0.992
2233280,A1,2.540,-81.4,2.274,0.984
2233400,A3,3.120,-81.6,2.274,0.953
2233420,A2,1.220,-81.4,2.283,0.953
2233430,A1,2.520,-81.3,2.264,0.936
2233550,A3,3.100,-81.3,2.264,0.957
2233570,A2,1.240,-81.5,2.256,0.957
2233580,A1,2.510,-81.7,2.247,0.948
2233700,A3,3.100,-81.1,2.247,0.948
2233720,A2,1.230,-81.3,2.251,0.948
2233730,A1,2.550,-81.3,2.287,0.982
2233850,A3,3.130,-81.2,2.287,0.951
2233870,A2,1.230,-81.5,2.287,0.951
2233880,A1,2.550,-82.0,2.287,0.951
2234000,A3,3.160,-81.1,2.287,0.919
2234020,A2,1.220,-81.3,2.292,0.919
2234030,A1,2.540,-81.2,2.283,0.911
2234150,A3,3.110,-81.7,2.283,0.963
2234170,A2,1.230,-81.6,2.278,0.963
2234180,A1,2.530,-81.2,2.269,0.955
2234450,A3,3.080,-81.7,2.269,0.986
2234470,A2,1.240,-81.6,2.265,0.986
2234480,A1,2.530,-81.4,2.265,0.986
2234600,A3,3.130,-81.6,2.265,0.934
2234620,A2,1.240,-81.7,2.265,0.934
2234630,A1,2.540,-81.8,2.274,0.942
2234750,A3,3.060,-81.2,2.274,1.015
2234770,A2,1.240,-81.7,2.274,1.015
2234780,A1,2.510,-81.1,2.247,0.989
2234900,A3,3.090,-81.3,2.247,0.959
2234920,A2,1.240,-81.4,2.247,0.959
2234930,A1,2.540,-81.3,2.274,0.984
2235050,A3,3.090,-80.9,2.274,0.984
2235070,A2,1.240,-81.7,2.274,0.984
2235080,A1,2.570,-81.3,2.301,1.009
2235200,A3,3.100,-81.3,2.301,0.999
2235220,A2,1.260,-81.7,2.292,0.999
2235230,A1,2.520,-82.1,2.247,0.957
2235350,A3,3.120,-80.9,2.247,0.936
2235370,A2,1.250,-81.5,2.251,0.936
2235380,A1,2.550,-81.3,2.278,0.961
2235650,A3,3.120,-81.4,2.278,0.961
2235670,A2,1.230,-81.6,2.287,0.961
2235680,A1,2.520,-81.6,2.260,0.936
2235820,A2,1.230,-81.8,2.260,0.936
2235830,A1,2.540,-81.9,2.278,0.953
2235970,A2,1.220,-82.2,2.283,0.953
2235980,A1,2.560,-82.0,2.301,0.970
2236100,A3,3.140,-80.6,2.301,0.949
2236120,A2,1.220,-82.3,2.301,0.949
2236130,A1,2.540,-81.7,2.283,0.932
2236250,A3,3.160,-81.1,2.283,0.911
2236270,A2,1.220,-82.3,2.283,0.911
2236280,A1,2.550,-82.2,2.292,0.919
2236400,A3,3.100,-80.9,2.292,0.982
2236420,A2,1.240,-82.4,2.283,0.982
2236430,A1,2.540,-81.7,2.274,0.974
2236550,A3,3.130,-80.5,2.274,0.942
2236570,A2,1.230,-82.4,2.278,0.942
2236580,A1,2.530,-82.0,2.269,0.934
2236700,A3,3.150,-83.2,2.269,0.913
2236720,A2,1.230,-82.6,2.269,0.913
2236730,A1,2.550,-82.5,2.287,0.930
2236850,A3,3.140,-80.8,2.287,0.940
2236870,A2,1.210,-81.8,2.296,0.940
2236880,A1,2.560,-81.0,2.305,0.949
2237000,A3,3.150,-80.5,2.305,0.939
2237020,A2,1.240,-82.0,2.292,0.939
2237030,A1,2.580,-80.9,2.311,0.956
2237150,A3,3.130,-80.5,2.311,0.977
2237170,A2,1.220,-81.9,2.319,0.977
2237180,A1,2.580,-81.6,2.319,0.977
2237300,A3,3.090,-80.4,2.319,1.018
2237320,A2,1.230,-82.1,2.315,1.018
2237330,A1,2.580,-81.0,2.315,1.018
2237600,A3,3.150,-80.5,2.315,0.956
2237620,A2,1.220,-82.2,2.319,0.956
2237630,A1,2.570,-81.2,2.310,0.947
2237750,A3,3.140,-79.8,2.310,0.958
2237770,A2,1.220,-82.1,2.310,0.958
2237780,A1,2.550,-81.3,2.292,0.940
2237900,A3,3.150,-80.4,2.292,0.930
2237920,A2,1.230,-82.1,2.287,0.930
2237930,A1,2.550,-81.8,2.287,0.930
2238050,A3,3.140,-80.9,2.287,0.940
2238070,A2,1.230,-81.9,2.287,0.940
2238080,A1,2.540,-82.3,2.278,0.932
2238200,A3,3.130,-80.8,2.278,0.942
2238220,A2,1.220,-82.0,2.283,0.942
2238230,A1,2.530,-82.5,2.274,0.934
2238350,A3,3.120,-81.5,2.274,0.944
2238370,A2,1.220,-81.9,2.274,0.944
2238380,A1,2.520,-81.6,2.264,0.936
2238500,A3,3.110,-80.9,2.264,0.946
2238520,A2,1.240,-81.7,2.256,0.946
2238530,A1,2.510,-81.4,2.247,0.938
2238650,A3,3.070,-81.0,2.247,0.979
2238670,A2,1.230,-81.5,2.251,0.979
2238680,A1,2.500,-82.0,2.242,0.971
2238800,A3,3.080,-81.2,2.242,0.961
2238820,A2,1.230,-81.4,2.242,0.961
2238830,A1,2.520,-82.0,2.260,0.977
2238950,A3,3.130,-81.1,2.260,0.926
2238970,A2,1.230,-81.8,2.260,0.926
2238980,A1,2.540,-81.4,2.278,0.942
2239100,A3,3.160,-80.6,2.278,0.911
2239120,A2,1.230,-81.6,2.278,0.911
2239130,A1,2.510,-81.9,2.251,0.886
2239250,A3,3.110,-80.6,2.251,0.938
2239270,A2,1.250,-81.8,2.242,0.938
2239280,A1,2.510,-81.3,2.242,0.938
2239400,A3,3.130,-80.8,2.242,0.917
2239420,A2,1.220,-82.3,2.255,0.917
2239430,A1,2.500,-82.2,2.246,0.909
2239550,A3,3.140,-80.8,2.246,0.898
2239570,A2,1.220,-82.1,2.246,0.898
2239580,A1,2.500,-81.9,2.246,0.898
2239700,A3,3.130,-81.0,2.246,0.909
2239720,A2,1.240,-81.8,2.238,0.909
2239730,A1,2.550,-81.8,2.283,0.951
2239850,A3,3.110,-81.3,2.283,0.972
2239870,A2,1.230,-81.8,2.287,0.972
2239880,A1,2.560,-81.8,2.297,0.980
2240000,A3,3.130,-81.2,2.297,0.959
2240020,A2,1.220,-81.7,2.301,0.959
2240030,A1,2.550,-81.8,2.292,0.951
2240150,A3,3.100,-80.8,2.292,0.982
2240170,A2,1.230,-81.9,2.287,0.982
2240180,A1,2.540,-81.9,2.278,0.974
2240300,A3,3.130,-81.0,2.278,0.942
2240320,A2,1.220,-81.9,2.283,0.942
2240330,A1,2.520,-82.0,2.264,0.926
2240450,A3,3.120,-81.1,2.264,0.936
2240470,A2,1.220,-82.3,2.264,0.936
2240480,A1,2.560,-82.5,2.301,0.970
2240750,A3,3.120,-80.8,2.301,0.970
2240770,A2,1.220,-82.2,2.301,0.970
2240780,A1,2.510,-82.2,2.255,0.928
2240900,A3,3.120,-80.6,2.255,0.928
2240920,A2,1.240,-82.1,2.247,0.928
2240930,A1,2.530,-81.7,2.265,0.944
2241050,A3,3.140,-80.8,2.265,0.924
2241070,A2,1.220,-82.0,2.274,0.924
2241080,A1,2.510,-81.6,2.255,0.907
2241200,A3,3.120,-80.4,2.255,0.928
2241220,A2,1.220,-82.2,2.255,0.928
2241230,A1,2.500,-82.5,2.246,0.919
2241350,A3,3.120,-80.7,2.246,0.919
2241370,A2,1.240,-82.0,2.238,0.919
2241380,A1,2.560,-81.9,2.292,0.970
2241500,A3,3.150,-80.4,2.292,0.939
2241520,A2,1.250,-82.3,2.288,0.939
2241530,A1,2.560,-82.6,2.288,0.939
2241650,A3,3.170,-80.6,2.288,0.917
2241670,A2,1.220,-82.3,2.301,0.917
2241680,A1,2.520,-82.0,2.264,0.884
2241800,A3,3.140,-80.9,2.264,0.915
2241820,A2,1.230,-82.2,2.260,0.915
2241830,A1,2.530,-81.7,2.269,0.924
2241970,A2,1.250,-82.1,2.260,0.924
2241980,A1,2.530,-81.9,2.260,0.924
2242120,A2,1.210,-82.1,2.278,0.924
2242130,A1,2.530,-82.5,2.278,0.924
2242250,A3,3.130,-80.6,2.278,0.934
2242270,A2,1.220,-82.2,2.274,0.934
2242280,A1,2.520,-82.1,2.264,0.926
2242400,A3,3.120,-80.7,2.264,0.936
2242420,A2,1.220,-82.2,2.264,0.936
2242430,A1,2.530,-81.8,2.274,0.944
2242550,A3,3.120,-80.5,2.274,0.944
2242570,A2,1.220,-82.1,2.274,0.944
2242580,A1,2.570,-81.8,2.310,0.978
2242700,A3,3.120,-81.2,2.310,0.978
2242720,A2,1.230,-81.9,2.306,0.978
2242730,A1,2.540,-82.6,2.278,0.953
2242850,A3,3.120,-80.7,2.278,0.953
2242870,A2,1.240,-81.6,2.274,0.953
2242880,A1,2.540,-82.3,2.274,0.953
2243000,A3,3.180,-80.6,2.274,0.890
2243020,A2,1.250,-81.7,2.269,0.890
2243030,A1,2.540,-81.8,2.269,0.890
2243150,A3,3.100,-81.0,2.269,0.974
2243170,A2,1.260,-81.7,2.265,0.974
2243180,A1,2.530,-81.3,2.256,0.965
2243300,A3,3.110,-80.8,2.256,0.955
2243320,A2,1.240,-81.8,2.265,0.955
2243330,A1,2.520,-81.7,2.256,0.946
2243450,A3,3.110,-80.7,2.256,0.946
2243470,A2,1.250,-81.5,2.251,0.946
2243480,A1,2.540,-82.0,2.269,0.963
2243600,A3,3.080,-80.8,2.269,0.994
2243620,A2,1.240,-81.8,2.274,0.994
2243630,A1,2.520,-81.8,2.256,0.977
2243900,A3,3.090,-80.5,2.256,0.967
2243920,A2,1.240,-81.8,2.256,0.967
2243930,A1,2.510,-81.9,2.247,0.959
2244050,A3,3.150,-80.8,2.247,0.896
2244070,A2,1.230,-81.2,2.251,0.896
2244080,A1,2.510,-81.8,2.251,0.896
2244200,A3,3.080,-80.9,2.251,0.969
2244230,A1,2.530,-81.7,2.269,0.986
2244380,A1,2.530,-82.1,2.269,0.986
2244500,A3,3.110,-81.0,2.269,0.955
2244520,A2,1.230,-81.5,2.269,0.955
2244530,A1,2.550,-81.5,2.287,0.972
2244650,A3,3.130,-80.7,2.287,0.951
2244670,A2,1.250,-81.5,2.278,0.951
2244680,A1,2.540,-81.3,2.269,0.942
2244800,A3,3.150,-80.9,2.269,0.922
2244820,A2,1.240,-81.4,2.274,0.922
2244830,A1,2.520,-81.8,2.256,0.905
2244950,A3,3.120,-80.8,2.256,0.936
2244970,A2,1.250,-81.6,2.251,0.936
2244980,A1,2.550,-82.0,2.278,0.961
2245100,A3,3.090,-81.0,2.278,0.992
2245120,A2,1.240,-81.6,2.283,0.992
2245130,A1,2.530,-82.3,2.265,0.975
2245250,A3,3.130,-81.1,2.265,0.934
2245270,A2,1.240,-81.5,2.265,0.934
2245280,A1,2.560,-82.1,2.292,0.959
2245400,A3,3.140,-81.1,2.292,0.949
2245420,A2,1.240,-81.8,2.292,0.949
2245430,A1,2.510,-82.1,2.247,0.907
2245550,A3,3.110,-80.7,2.247,0.938
2245570,A2,1.240,-81.5,2.247,0.938
2245580,A1,2.510,-82.1,2.247,0.938
2245700,A3,3.110,-80.8,2.247,0.938
2245720,A2,1.230,-81.4,2.251,0.938
2245730,A1,2.500,-81.4,2.242,0.930
2245850,A3,3.170,-80.8,2.242,0.867
2245870,A2,1.260,-81.5,2.229,0.867
2245880,A1,2.560,-81.5,2.283,0.917
2246000,A3,3.120,-80.6,2.283,0.970
2246020,A2,1.250,-82.0,2.288,0.970
2246030,A1,2.500,-82.2,2.233,0.919
2246150,A3,3.090,-80.5,2.233,0.950
2246170,A2,1.240,-81.6,2.238,0.950
2246180,A1,2.550,-81.6,2.283,0.992
2246300,A3,3.110,-80.6,2.283,0.972
2246320,A2,1.230,-81.8,2.287,0.972
2246330,A1,2.510,-81.7,2.251,0.938
2246450,A3,3.120,-80.9,2.251,0.928
2246470,A2,1.260,-81.3,2.238,0.928
2246480,A1,2.560,-82.1,2.283,0.970
2246600,A3,3.120,-80.9,2.283,0.970
2246620,A2,1.250,-81.5,2.288,0.970
2246630,A1,2.550,-81.6,2.278,0.961
2246750,A3,3.140,-80.7,2.278,0.940
2246770,A2,1.240,-81.8,2.283,0.940
2246780,A1,2.550,-81.5,2.283,0.940
2247050,A3,3.100,-80.9,2.283,0.982
2247070,A2,1.250,-81.6,2.278,0.982
2247080,A1,2.520,-82.1,2.251,0.957
2247200,A3,3.110,-80.8,2.251,0.946
2247220,A2,1.230,-81.6,2.260,0.946
2247500,A3,3.130,-80.8,2.260,0.926
2247520,A2,1.240,-81.5,2.256,0.926
2247530,A1,2.510,-82.2,2.247,0.917
2247650,A3,3.120,-81.0,2.247,0.928
2247670,A2,1.230,-81.8,2.251,0.928
2247680,A1,2.540,-82.2,2.278,0.953
2247800,A3,3.090,-80.5,2.278,0.984
2247820,A2,1.220,-81.6,2.283,0.984
2247830,A1,2.540,-81.7,2.283,0.984
2247950,A3,3.100,-81.1,2.283,0.974
2247970,A2,1.240,-81.6,2.274,0.974
2247980,A1,2.530,-81.6,2.265,0.965
2248100,A3,3.130,-80.5,2.265,0.934
2248120,A2,1.230,-81.7,2.269,0.934
2248130,A1,2.510,-82.0,2.251,0.917
2248250,A3,3.140,-80.7,2.251,0.907
2248270,A2,1.240,-81.4,2.247,0.907
2248280,A1,2.520,-82.0,2.256,0.915
2248400,A3,3.140,-80.9,2.256,0.915
2248420,A2,1.220,-81.8,2.264,0.915
2248430,A1,2.530,-82.2,2.274,0.924
2248550,A3,3.110,-81.0,2.274,0.955
2248570,A2,1.240,-81.5,2.265,0.955
2248580,A1,2.510,-81.4,2.247,0.938
2248700,A3,3.130,-80.5,2.247,0.917
2248720,A2,1.220,-81.6,2.255,0.917
2248730,A1,2.530,-82.1,2.274,0.934
2248850,A3,3.100,-81.1,2.274,0.965
2248870,A2,1.220,-81.8,2.274,0.965
2248880,A1,2.530,-82.2,2.274,0.965
2249000,A3,3.130,-80.5,2.274,0.934
2249020,A2,1.250,-81.3,2.260,0.934
2249030,A1,2.550,-81.9,2.278,0.951
2249150,A3,3.120,-80.7,2.278,0.961
2249170,A2,1.240,-81.6,2.283,0.961
2249180,A1,2.560,-81.5,2.292,0.970
2249300,A3,3.170,-80.9,2.292,0.917
2249320,A2,1.220,-81.9,2.301,0.917
2249330,A1,2.490,-82.1,2.237,0.859
2249450,A3,3.120,-80.9,2.237,0.911
2249470,A2,1.230,-81.4,2.233,0.911
2249480,A1,2.520,-81.8,2.260,0.936
2249600,A3,3.130,-81.0,2.260,0.926
2249620,A2,1.230,-81.7,2.260,0.926
2249630,A1,2.520,-82.1,2.260,0.926
2249750,A3,3.100,-80.9,2.260,0.957
2249770,A2,1.240,-81.5,2.256,0.957
2249780,A1,2.540,-82.0,2.274,0.974
2249900,A3,3.130,-80.7,2.274,0.942
2249920,A2,1.230,-81.9,2.278,0.942
2249930,A1,2.550,-81.5,2.287,0.951
2250200,A3,3.080,-81.0,2.287,1.003
2250220,A2,1.240,-81.7,2.283,1.003
2250230,A1,2.520,-81.8,2.256,0.977
2250350,A3,3.120,-81.1,2.256,0.936
2250370,A2,1.240,-81.4,2.256,0.936
2250380,A1,2.520,-81.7,2.256,0.936
2250500,A3,3.120,-80.9,2.256,0.936
2250520,A2,1.240,-81.4,2.256,0.936
2250530,A1,2.510,-81.6,2.247,0.928
2250650,A3,3.170,-80.7,2.247,0.875
2250670,A2,1.210,-81.8,2.260,0.875
2250680,A1,2.540,-81.7,2.287,0.900
2250800,A3,3.120,-80.9,2.287,0.953
2250820,A2,1.240,-81.5,2.274,0.953
2250830,A1,2.530,-81.7,2.265,0.944
2250950,A3,3.080,-81.0,2.265,0.986
2250970,A2,1.240,-81.8,2.265,0.986
2250980,A1,2.520,-81.7,2.256,0.977
2251100,A3,3.130,-80.9,2.256,0.926
2251120,A2,1.250,-81.5,2.251,0.926
2251130,A1,2.510,-81.8,2.242,0.917
2251250,A3,3.130,-80.7,2.242,0.917
2251270,A2,1.230,-81.9,2.251,0.917
2251280,A1,2.510,-81.8,2.251,0.917
2251400,A3,3.100,-81.2,2.251,0.948
2251420,A2,1.230,-81.7,2.251,0.948
2251430,A1,2.500,-81.9,2.242,0.940
2251550,A3,3.110,-80.8,2.242,0.930
2251570,A2,1.230,-81.9,2.242,0.930
2251580,A1,2.530,-81.5,2.269,0.955
2251700,A3,3.120,-80.6,2.269,0.944
2251720,A2,1.250,-81.7,2.260,0.944
2251730,A1,2.530,-82.2,2.260,0.944
2251850,A3,3.140,-80.5,2.260,0.924
2251870,A2,1.250,-81.7,2.260,0.924
2251880,A1,2.520,-81.6,2.251,0.915
2252000,A3,3.160,-80.5,2.251,0.894
2252020,A2,1.230,-81.5,2.260,0.894
2252030,A1,2.540,-82.2,2.278,0.911
2252150,A3,3.140,-81.3,2.278,0.932
2252170,A2,1.240,-81.9,2.274,0.932
2252180,A1,2.520,-81.5,2.256,0.915
2252300,A3,3.120,-80.5,2.256,0.936
2252320,A2,1.230,-81.9,2.260,0.936
2252330,A1,2.550,-81.8,2.287,0.961
2252450,A3,3.130,-80.7,2.287,0.951
2252470,A2,1.230,-81.9,2.287,0.951
2252480,A1,2.540,-81.8,2.278,0.942
2252600,A3,3.150,-80.7,2.278,0.922
2252620,A2,1.220,-82.0,2.283,0.922
2252630,A1,2.550,-81.7,2.292,0.930
2252750,A3,3.140,-81.6,2.292,0.940
2252770,A2,1.210,-82.0,2.296,0.940
2252780,A1,2.550,-81.6,2.296,0.940
2252900,A3,3.150,-81.1,2.296,0.930
2252920,A2,1.230,-82.0,2.287,0.930
2252930,A1,2.530,-81.5,2.269,0.913
2253050,A3,3.120,-80.4,2.269,0.944
2253070,A2,1.220,-82.0,2.274,0.944
2253080,A1,2.540,-81.7,2.283,0.953
2253350,A3,3.120,-80.3,2.283,0.953
2253370,A2,1.210,-81.9,2.287,0.953
2253380,A1,2.520,-81.9,2.269,0.936
2253500,A3,3.130,-80.7,2.269,0.926
2253520,A2,1.220,-82.1,2.264,0.926
2253530,A1,2.500,-82.3,2.246,0.909
2253650,A3,3.130,-81.2,2.246,0.909
2253670,A2,1.220,-82.0,2.246,0.909
2253680,A1,2.540,-82.1,2.283,0.942
2253800,A3,3.120,-80.7,2.283,0.953
2253820,A2,1.220,-81.5,2.283,0.953
2253830,A1,2.540,-81.6,2.283,0.953
2253950,A3,3.120,-80.6,2.283,0.953
2253970,A2,1.220,-81.6,2.283,0.953
2253980,A1,2.520,-81.6,2.264,0.936
2254100,A3,3.090,-81.2,2.264,0.967
2254120,A2,1.230,-81.3,2.260,0.967
2254130,A1,2.510,-81.3,2.251,0.959
2254250,A3,3.150,-80.9,2.251,0.896
2254270,A2,1.240,-81.5,2.247,0.896
2254280,A1,2.530,-81.7,2.265,0.913
2254550,A3,3.120,-80.7,2.265,0.944
2254570,A2,1.250,-81.9,2.260,0.944
2254580,A1,2.540,-81.5,2.269,0.953
2254700,A3,3.200,-80.8,2.269,0.869
2254720,A2,1.260,-81.4,2.265,0.869
2254730,A1,2.550,-81.5,2.274,0.877
2254850,A3,3.120,-80.9,2.274,0.961
2254870,A2,1.230,-81.6,2.287,0.961
2254880,A1,2.550,-81.8,2.287,0.961
2255000,A3,3.160,-80.8,2.287,0.919
2255020,A2,1.240,-82.2,2.283,0.919
2255030,A1,2.510,-82.4,2.247,0.886
2255150,A3,3.120,-80.5,2.247,0.928
2255170,A2,1.220,-82.2,2.255,0.928
2255180,A1,2.550,-82.3,2.292,0.961
2255300,A3,3.120,-81.6,2.292,0.961
2255320,A2,1.220,-82.1,2.292,0.961
2255330,A1,2.580,-82.2,2.319,0.987
2255450,A3,3.080,-81.2,2.319,1.028
2255470,A2,1.240,-81.7,2.311,1.028
2255480,A1,2.560,-81.2,2.292,1.011
2255600,A3,3.150,-81.7,2.292,0.939
2255620,A2,1.220,-81.9,2.301,0.939
2255630,A1,2.530,-81.3,2.274,0.913
2255750,A3,3.160,-80.7,2.274,0.903
2255770,A2,1.220,-81.8,2.274,0.903
2255780,A1,2.570,-81.7,2.310,0.937
2255900,A3,3.160,-80.6,2.310,0.937
2255920,A2,1.230,-81.8,2.306,0.937
2255930,A1,2.530,-82.3,2.269,0.903
2256050,A3,3.130,-80.9,2.269,0.934
2256070,A2,1.220,-81.7,2.274,0.934
2256080,A1,2.580,-82.2,2.319,0.977
2256200,A3,3.120,-80.9,2.319,0.987
2256220,A2,1.240,-82.2,2.311,0.987
2256230,A1,2.550,-82.3,2.283,0.961
2256500,A3,3.100,-80.5,2.283,0.982
2256520,A2,1.230,-82.2,2.287,0.982
2256530,A1,2.560,-82.2,2.297,0.991
2256650,A3,3.080,-80.5,2.297,1.011
2256670,A2,1.220,-82.0,2.301,1.011
2256680,A1,2.570,-81.5,2.310,1.020
2256800,A3,3.120,-80.8,2.310,0.978
2256820,A2,1.230,-81.8,2.306,0.978
2256830,A1,2.540,-81.8,2.278,0.953
2256950,A3,3.130,-80.7,2.278,0.942
2256970,A2,1.240,-82.1,2.274,0.942
2256980,A1,2.540,-81.8,2.274,0.942
2257100,A3,3.120,-80.7,2.274,0.953
2257120,A2,1.230,-82.0,2.278,0.953
2257130,A1,2.540,-82.0,2.278,0.953
2257250,A3,3.130,-80.3,2.278,0.942
2257270,A2,1.220,-82.1,2.283,0.942
2257280,A1,2.560,-82.3,2.301,0.959
2257400,A3,3.130,-80.7,2.301,0.959
2257420,A2,1.220,-81.8,2.301,0.959
2257430,A1,2.540,-81.9,2.283,0.942
2257550,A3,3.120,-80.5,2.283,0.953
2257570,A2,1.220,-81.8,2.283,0.953
2257580,A1,2.530,-81.7,2.274,0.944
2257700,A3,3.140,-80.7,2.274,0.924
2257720,A2,1.220,-82.2,2.274,0.924
2257730,A1,2.530,-82.2,2.274,0.924
2257850,A3,3.120,-80.4,2.274,0.944
2257870,A2,1.220,-82.0,2.274,0.944
2257880,A1,2.530,-82.3,2.274,0.944
2258000,A3,3.130,-82.0,2.274,0.934
2258020,A2,1.230,-81.9,2.269,0.934
2258030,A1,2.510,-81.9,2.251,0.917
2258150,A3,3.120,-80.9,2.251,0.928
2258170,A2,1.230,-82.0,2.251,0.928
2258180,A1,2.530,-81.9,2.269,0.944
2258300,A3,3.140,-80.8,2.269,0.924
2258320,A2,1.220,-82.0,2.274,0.924
2258330,A1,2.570,-82.0,2.310,0.958
2258450,A3,3.130,-80.2,2.310,0.968
2258470,A2,1.240,-81.9,2.301,0.968
2258480,A1,2.530,-81.9,2.265,0.934
2258600,A3,3.140,-80.6,2.265,0.924
2258620,A2,1.220,-81.9,2.274,0.924
2258630,A1,2.570,-82.2,2.310,0.958
2258750,A3,3.130,-80.8,2.310,0.968
2258770,A2,1.230,-81.8,2.306,0.968
2258780,A1,2.530,-82.2,2.269,0.934
2258900,A3,3.150,-80.6,2.269,0.913
2258920,A2,1.230,-81.9,2.269,0.913
2258930,A1,2.550,-81.9,2.287,0.930
2259050,A3,3.120,-80.8,2.287,0.961
2259070,A2,1.220,-82.1,2.292,0.961
2259080,A1,2.580,-82.0,2.319,0.987
2259200,A3,3.130,-80.7,2.319,0.977
2259220,A2,1.240,-82.3,2.311,0.977
2259230,A1,2.580,-81.8,2.311,0.977
2259350,A3,3.100,-80.7,2.311,1.008
2259370,A2,1.210,-82.1,2.324,1.008
2259380,A1,2.540,-81.6,2.287,0.974
2259650,A3,3.120,-81.1,2.287,0.953
2259670,A2,1.230,-81.9,2.278,0.953
2259680,A1,2.540,-81.7,2.278,0.953
2259800,A3,3.110,-80.6,2.278,0.963
2259820,A2,1.240,-82.0,2.274,0.963
2259830,A1,2.580,-81.6,2.311,0.997
2259950,A3,3.140,-80.3,2.311,0.966
2259970,A2,1.230,-82.0,2.315,0.966
2259980,A1,2.560,-82.2,2.297,0.949
2260100,A3,3.170,-80.7,2.297,0.917
2260120,A2,1.220,-81.8,2.301,0.917
2260130,A1,2.600,-82.3,2.338,0.952
2260270,A2,1.220,-81.9,2.338,0.952
2260280,A1,2.590,-81.8,2.329,0.943
2260420,A2,1.220,-82.0,2.329,0.943
2260430,A1,2.550,-82.3,2.292,0.909
2260550,A3,3.120,-80.9,2.292,0.961
2260570,A2,1.220,-82.0,2.292,0.961
2260580,A1,2.550,-82.3,2.292,0.961
2260700,A3,3.110,-80.8,2.292,0.972
2260720,A2,1.220,-81.9,2.292,0.972
2260730,A1,2.560,-81.6,2.301,0.980
2260850,A3,3.120,-80.9,2.301,0.970
2260870,A2,1.220,-81.9,2.301,0.970
2260880,A1,2.580,-82.3,2.319,0.987
2261000,A3,3.140,-80.6,2.319,0.966
2261020,A2,1.210,-82.0,2.324,0.966
2261030,A1,2.550,-81.3,2.296,0.940
2261150,A3,3.140,-80.8,2.296,0.940
2261170,A2,1.230,-82.0,2.287,0.940
2261180,A1,2.520,-82.3,2.260,0.915
2261300,A3,3.150,-80.9,2.260,0.905
2261320,A2,1.260,-81.8,2.247,0.905
2261330,A1,2.580,-82.2,2.302,0.956
2261450,A3,3.170,-80.4,2.302,0.935
2261470,A2,1.230,-81.8,2.315,0.935
2261480,A1,2.530,-81.9,2.269,0.892
2261600,A3,3.160,-80.5,2.269,0.903
2261620,A2,1.220,-81.7,2.274,0.903
2261630,A1,2.540,-81.7,2.283,0.911
2261750,A3,3.120,-80.5,2.283,0.953
2261770,A2,1.230,-82.0,2.278,0.953
2261780,A1,2.540,-82.1,2.278,0.953
2261900,A3,3.120,-80.8,2.278,0.953
2261920,A2,1.220,-81.9,2.283,0.953
2261930,A1,2.520,-81.8,2.264,0.936
2262050,A3,3.130,-80.7,2.264,0.926
2262070,A2,1.220,-82.1,2.264,0.926
2262080,A1,2.540,-81.9,2.283,0.942
2262200,A3,3.140,-80.6,2.283,0.932
2262220,A2,1.220,-82.7,2.283,0.932
2262230,A1,2.510,-81.9,2.255,0.907
2262350,A3,3.170,-80.7,2.255,0.875
2262370,A2,1.230,-82.2,2.251,0.875
2262380,A1,2.530,-81.9,2.269,0.892
2262500,A3,3.130,-80.5,2.269,0.934
2262520,A2,1.220,-82.1,2.274,0.934
2262530,A1,2.510,-81.8,2.255,0.917
2262800,A3,3.130,-80.8,2.255,0.917
2262820,A2,1.240,-81.9,2.247,0.917
2262830,A1,2.540,-82.0,2.274,0.942
2262950,A3,3.070,-80.5,2.274,1.004
2262970,A2,1.230,-81.5,2.278,1.004
2262980,A1,2.560,-81.7,2.297,1.021
2263100,A3,3.140,-81.0,2.297,0.949
2263130,A1,2.520,-81.6,2.260,0.915
2263280,A1,2.530,-81.7,2.269,0.924
2263400,A3,3.120,-80.7,2.269,0.944
2263420,A2,1.240,-81.7,2.265,0.944
2263430,A1,2.540,-82.2,2.274,0.953
2263550,A3,3.110,-80.2,2.274,0.963
2263570,A2,1.260,-81.5,2.265,0.963
2263580,A1,2.540,-82.2,2.265,0.963
2263700,A3,3.200,-80.9,2.265,0.869
2263720,A2,1.240,-81.8,2.274,0.869
2263730,A1,2.540,-81.3,2.274,0.869
2263850,A3,3.150,-80.4,2.274,0.922
2263870,A2,1.230,-81.8,2.278,0.922
2263880,A1,2.510,-81.6,2.251,0.896
2264000,A3,3.140,-80.3,2.251,0.907
2264020,A2,1.240,-81.6,2.247,0.907
2264030,A1,2.520,-81.7,2.256,0.915
2264150,A3,3.140,-80.7,2.256,0.915
2264170,A2,1.260,-81.6,2.247,0.915
2264180,A1,2.540,-81.9,2.265,0.932
2264300,A3,3.140,-80.6,2.265,0.932
2264320,A2,1.240,-81.6,2.274,0.932
2264330,A1,2.510,-81.5,2.247,0.907
2264450,A3,3.240,-80.6,2.247,0.800
2264470,A2,1.230,-81.6,2.251,0.800
2264480,A1,2.570,-81.6,2.306,0.851
2264600,A3,3.170,-81.3,2.306,0.926
2264620,A2,1.220,-81.4,2.310,0.926
2264630,A1,2.530,-81.8,2.274,0.892
2264750,A3,3.130,-80.7,2.274,0.934
2264770,A2,1.240,-81.6,2.265,0.934
2264780,A1,2.520,-81.9,2.256,0.926
2264900,A3,3.190,-80.5,2.256,0.862
2264920,A2,1.240,-81.9,2.256,0.862
2264930,A1,2.580,-81.4,2.311,0.913
2265050,A3,3.130,-80.7,2.311,0.977
2265070,A2,1.250,-81.9,2.306,0.977
2265080,A1,2.560,-81.7,2.288,0.959
2265200,A3,3.070,-80.5,2.288,1.021
2265220,A2,1.210,-81.6,2.305,1.021
2265230,A1,2.560,-81.8,2.305,1.021
2265350,A3,3.120,-80.4,2.305,0.970
2265370,A2,1.230,-81.8,2.297,0.970
2265380,A1,2.540,-81.7,2.278,0.953
2265500,A3,3.160,-80.4,2.278,0.911
2265520,A2,1.220,-81.8,2.283,0.911
2265530,A1,2.550,-81.7,2.292,0.919
2265650,A3,3.140,-81.2,2.292,0.940
2265670,A2,1.220,-81.9,2.292,0.940
2265680,A1,2.550,-81.5,2.292,0.940
2265950,A3,3.130,-81.2,2.292,0.951
2265970,A2,1.230,-81.6,2.287,0.951
2265980,A1,2.540,-81.8,2.278,0.942
2266100,A3,3.110,-80.8,2.278,0.963
2266120,A2,1.260,-81.5,2.265,0.963
2266130,A1,2.530,-82.2,2.256,0.955
2266250,A3,3.170,-80.7,2.256,0.892
2266270,A2,1.250,-81.7,2.260,0.892
2266280,A1,2.530,-81.7,2.260,0.892
2266400,A3,3.190,-80.5,2.260,0.871
2266420,A2,1.250,-81.6,2.260,0.871
2266430,A1,2.500,-81.9,2.233,0.846
2266550,A3,3.120,-80.9,2.233,0.919
2266570,A2,1.220,-81.7,2.246,0.919
2266580,A1,2.510,-81.8,2.255,0.928
2266700,A3,3.150,-80.2,2.255,0.896
2266720,A2,1.240,-81.5,2.247,0.896
2266730,A1,2.510,-81.5,2.247,0.896
2266850,A3,3.160,-80.6,2.247,0.886
2266870,A2,1.230,-81.7,2.251,0.886
2266880,A1,2.510,-81.8,2.251,0.886
2267000,A3,3.120,-80.3,2.251,0.928
2267020,A2,1.230,-81.6,2.251,0.928
2267300,A3,3.170,-80.5,2.251,0.875
2267320,A2,1.230,-81.6,2.251,0.875
2267330,A1,2.560,-81.9,2.297,0.917
2267450,A3,3.100,-80.3,2.297,0.991
2267470,A2,1.250,-81.5,2.288,0.991
2267480,A1,2.540,-81.4,2.269,0.974
2267600,A3,3.140,-81.2,2.269,0.932
2267620,A2,1.220,-81.8,2.283,0.932
2267630,A1,2.550,-81.8,2.292,0.940
2267750,A3,3.120,-81.2,2.292,0.961
2267770,A2,1.230,-81.7,2.287,0.961
2267780,A1,2.550,-82.1,2.287,0.961
2267900,A3,3.120,-81.1,2.287,0.961
2267920,A2,1.240,-81.6,2.283,0.961
2267930,A1,2.510,-81.4,2.247,0.928
2268050,A3,3.150,-81.0,2.247,0.896
2268070,A2,1.240,-81.5,2.247,0.896
2268080,A1,2.540,-81.6,2.274,0.922
2268200,A3,3.120,-80.4,2.274,0.953
2268220,A2,1.220,-81.6,2.283,0.953
2268230,A1,2.540,-81.3,2.283,0.953
2268350,A3,3.120,-80.6,2.283,0.953
2268370,A2,1.240,-81.9,2.274,0.953
2268380,A1,2.530,-81.9,2.265,0.944
2268500,A3,3.140,-80.6,2.265,0.924
2268520,A2,1.230,-81.5,2.269,0.924
2268530,A1,2.520,-82.3,2.260,0.915
2268650,A3,3.140,-80.3,2.260,0.915
2268670,A2,1.240,-81.7,2.256,0.915
2268680,A1,2.540,-81.8,2.274,0.932
2268800,A3,3.150,-80.4,2.274,0.922
2268820,A2,1.220,-81.9,2.283,0.922
2268830,A1,2.530,-81.6,2.274,0.913
2269100,A3,3.080,-81.0,2.274,0.986
2269120,A2,1.230,-81.7,2.269,0.986
2269130,A1,2.510,-81.5,2.251,0.969
2269250,A3,3.220,-80.8,2.251,0.822
2269270,A2,1.210,-81.9,2.260,0.822
2269280,A1,2.500,-82.1,2.251,0.814
2269400,A3,3.150,-80.6,2.251,0.888
2269420,A2,1.240,-81.7,2.238,0.888
2269430,A1,2.530,-81.8,2.265,0.913
2269550,A3,3.160,-81.0,2.265,0.903
2269570,A2,1.230,-81.8,2.269,0.903
2269580,A1,2.520,-81.9,2.260,0.894
2269700,A3,3.160,-80.5,2.260,0.894
2269720,A2,1.240,-81.7,2.256,0.894
2269730,A1,2.540,-82.2,2.274,0.911
2269850,A3,3.170,-80.2,2.274,0.900
2269870,A2,1.230,-81.7,2.278,0.900
2269880,A1,2.520,-82.1,2.260,0.884
2270000,A3,3.160,-80.3,2.260,0.894
2270020,A2,1.240,-81.8,2.256,0.894
2270030,A1,2.550,-81.7,2.283,0.919
2270150,A3,3.130,-81.1,2.283,0.951
2270170,A2,1.230,-81.6,2.287,0.951
2270180,A1,2.510,-81.6,2.251,0.917
2270300,A3,3.180,-80.9,2.251,0.865
2270320,A2,1.230,-81.6,2.251,0.865
2270330,A1,2.490,-81.8,2.233,0.848
2270450,A3,3.220,-80.3,2.233,0.805
2270470,A2,1.230,-81.7,2.233,0.805
2270480,A1,2.540,-82.2,2.278,0.847
2270600,A3,3.120,-80.6,2.278,0.953
2270620,A2,1.250,-81.4,2.269,0.953
2270630,A1,2.530,-82.2,2.260,0.944
2270750,A3,3.160,-80.3,2.260,0.903
2270780,A1,2.550,-82.2,2.278,0.919
2270930,A1,2.520,-82.2,2.251,0.894
2271050,A3,3.200,-80.5,2.251,0.852
2271070,A2,1.260,-81.3,2.247,0.852
2271080,A1,2.570,-82.2,2.292,0.894
2271200,A3,3.170,-80.4,2.292,0.926
2271220,A2,1.250,-82.0,2.297,0.926
2271230,A1,2.570,-82.0,2.297,0.926
2271350,A3,3.200,-80.8,2.297,0.894
2271370,A2,1.250,-81.7,2.297,0.894
2271380,A1,2.550,-82.2,2.278,0.877
2271500,A3,3.140,-81.0,2.278,0.940
2271520,A2,1.220,-81.7,2.292,0.940
2271530,A1,2.550,-82.0,2.292,0.940
2271650,A3,3.110,-81.1,2.292,0.972
2271670,A2,1.220,-82.0,2.292,0.972
2271680,A1,2.550,-81.7,2.292,0.972
2271800,A3,3.100,-80.3,2.292,0.982
2271820,A2,1.220,-81.8,2.292,0.982
2271830,A1,2.560,-81.6,2.301,0.991
2271950,A3,3.120,-80.5,2.301,0.970
2271970,A2,1.250,-81.5,2.288,0.970
2271980,A1,2.530,-81.4,2.260,0.944
2272270,A2,1.230,-81.5,2.269,0.944
2272280,A1,2.510,-81.7,2.251,0.928
2272420,A2,1.230,-81.7,2.251,0.928
2272430,A1,2.560,-82.2,2.297,0.970
2272550,A3,3.120,-80.6,2.297,0.970
2272570,A2,1.220,-81.9,2.301,0.970
2272580,A1,2.520,-82.4,2.264,0.936
2272700,A3,3.160,-80.5,2.264,0.894
2272720,A2,1.230,-81.4,2.260,0.894
2272730,A1,2.530,-81.7,2.269,0.903
2272850,A3,3.090,-81.2,2.269,0.975
2272870,A2,1.240,-81.9,2.265,0.975
2272880,A1,2.520,-81.7,2.256,0.967
2273000,A3,3.190,-80.6,2.256,0.862
2273020,A2,1.230,-81.6,2.260,0.862
2273030,A1,2.530,-81.3,2.269,0.871
2273150,A3,3.150,-80.5,2.269,0.913
2273170,A2,1.230,-81.6,2.269,0.913
2273180,A1,2.540,-81.8,2.278,0.922
2273300,A3,3.160,-80.4,2.278,0.911
2273320,A2,1.230,-81.7,2.278,0.911
2273330,A1,2.540,-81.5,2.278,0.911
2273450,A3,3.140,-80.4,2.278,0.932
2273470,A2,1.230,-81.5,2.278,0.932
2273480,A1,2.550,-82.2,2.287,0.940
2273600,A3,3.120,-80.3,2.287,0.961
2273620,A2,1.250,-81.8,2.278,0.961
2273630,A1,2.520,-81.8,2.251,0.936
2273750,A3,3.170,-80.6,2.251,0.884
2273770,A2,1.230,-81.7,2.260,0.884
2273780,A1,2.490,-81.7,2.233,0.859
2273900,A3,3.120,-81.0,2.233,0.911
2273920,A2,1.230,-81.5,2.233,0.911
2273930,A1,2.510,-81.4,2.251,0.928
2274050,A3,3.130,-81.1,2.251,0.917
2274070,A2,1.230,-81.6,2.251,0.917
2274080,A1,2.520,-82.0,2.260,0.926
2274200,A3,3.110,-80.6,2.260,0.946
2274220,A2,1.230,-81.9,2.260,0.946
2274230,A1,2.520,-82.1,2.260,0.946
2274350,A3,3.110,-81.0,2.260,0.946
2274370,A2,1.240,-81.6,2.256,0.946
2274380,A1,2.550,-82.3,2.283,0.972
2274500,A3,3.150,-80.6,2.283,0.930
2274520,A2,1.230,-81.4,2.287,0.930
2274530,A1,2.560,-81.6,2.297,0.939
2274650,A3,3.130,-81.2,2.297,0.959
2274670,A2,1.240,-81.6,2.292,0.959
2274680,A1,2.510,-82.1,2.247,0.917
2274800,A3,3.160,-80.5,2.247,0.886
2274820,A2,1.220,-81.5,2.255,0.886
2274830,A1,2.510,-81.6,2.255,0.886
2274950,A3,3.190,-80.7,2.255,0.854
2274970,A2,1.240,-81.4,2.247,0.854
2274980,A1,2.510,-81.8,2.247,0.854
2275100,A3,3.120,-81.7,2.247,0.928
2275120,A2,1.230,-81.7,2.251,0.928
2275130,A1,2.520,-82.3,2.260,0.936
2275400,A3,3.110,-80.4,2.260,0.946
2275420,A2,1.240,-81.7,2.256,0.946
2275430,A1,2.560,-82.1,2.292,0.980
2275550,A3,3.110,-80.4,2.292,0.980
2275570,A2,1.220,-81.8,2.301,0.980
2275580,A1,2.550,-81.6,2.292,0.972
2275700,A3,3.140,-80.4,2.292,0.940
2275730,A1,2.510,-82.1,2.255,0.907
2275880,A1,2.540,-81.9,2.283,0.932
2276000,A3,3.120,-81.1,2.283,0.953
2276020,A2,1.220,-81.5,2.283,0.953
2276030,A1,2.500,-81.9,2.246,0.919
2276150,A3,3.110,-81.0,2.246,0.930
2276170,A2,1.230,-81.4,2.242,0.930
2276180,A1,2.510,-81.9,2.251,0.938
2276300,A3,3.150,-81.0,2.251,0.896
2276320,A2,1.230,-81.7,2.251,0.896
2276330,A1,2.540,-82.0,2.278,0.922
2276450,A3,3.150,-81.2,2.278,0.922
2276470,A2,1.250,-81.4,2.269,0.922
2276480,A1,2.540,-81.9,2.269,0.922
2276600,A3,3.180,-81.1,2.269,0.890
2276620,A2,1.230,-81.9,2.278,0.890
2276630,A1,2.510,-82.1,2.251,0.865
2276750,A3,3.120,-81.3,2.251,0.928
2276770,A2,1.240,-81.8,2.247,0.928
2276780,A1,2.540,-82.3,2.274,0.953
2276900,A3,3.120,-81.0,2.274,0.953
2276920,A2,1.220,-81.4,2.283,0.953
2276930,A1,2.520,-81.9,2.264,0.936
2277050,A3,3.160,-81.2,2.264,0.894
2277070,A2,1.240,-81.6,2.256,0.894
2277080,A1,2.510,-82.1,2.247,0.886
2277200,A3,3.130,-80.6,2.247,0.917
2277220,A2,1.220,-81.8,2.255,0.917
2277230,A1,2.510,-82.2,2.255,0.917
2277350,A3,3.140,-81.1,2.255,0.907
2277370,A2,1.260,-81.4,2.238,0.907
2277380,A1,2.570,-81.6,2.292,0.958
2277520,A2,1.260,-81.5,2.292,0.958
2277530,A1,2.530,-82.0,2.256,0.924
2277670,A2,1.250,-81.8,2.260,0.924
2277680,A1,2.520,-82.3,2.251,0.915
2277800,A3,3.130,-80.5,2.251,0.926
2277820,A2,1.260,-81.4,2.247,0.926
2278100,A3,3.120,-81.3,2.247,0.936
2278120,A2,1.230,-81.5,2.260,0.936
2278130,A1,2.560,-82.1,2.297,0.970
2278250,A3,3.140,-80.5,2.297,0.949
2278270,A2,1.250,-81.4,2.288,0.949
2278280,A1,2.530,-81.6,2.260,0.924
2278550,A3,3.110,-81.2,2.260,0.955
2278570,A2,1.250,-81.5,2.260,0.955
2278580,A1,2.550,-82.1,2.278,0.972
2278700,A3,3.120,-80.5,2.278,0.961
2278720,A2,1.220,-81.6,2.292,0.961
2278730,A1,2.540,-81.8,2.283,0.953
2278850,A3,3.140,-81.3,2.283,0.932
2278870,A2,1.260,-81.2,2.265,0.932
2278880,A1,2.540,-81.6,2.265,0.932
2279000,A3,3.120,-81.2,2.265,0.953
2279020,A2,1.230,-81.3,2.278,0.953
2279030,A1,2.520,-82.0,2.260,0.936
2279150,A3,3.110,-80.5,2.260,0.946
2279170,A2,1.230,-81.3,2.260,0.946
2279180,A1,2.520,-82.1,2.260,0.946
2279300,A3,3.120,-80.5,2.260,0.936
2279320,A2,1.260,-81.5,2.247,0.936
2279330,A1,2.510,-81.6,2.238,0.928
2279450,A3,3.130,-81.1,2.238,0.917
2279470,A2,1.250,-81.7,2.242,0.917
2279480,A1,2.520,-81.7,2.251,0.926
2279600,A3,3.140,-80.5,2.251,0.915
2279620,A2,1.250,-81.5,2.251,0.915
2279630,A1,2.540,-81.5,2.269,0.932
2279750,A3,3.190,-80.7,2.269,0.879
2279770,A2,1.230,-81.8,2.278,0.879
2279780,A1,2.520,-82.1,2.260,0.862
2279900,A3,3.160,-80.6,2.260,0.894
2279920,A2,1.230,-81.6,2.260,0.894
2279930,A1,2.520,-82.1,2.260,0.894
2280050,A3,3.100,-80.6,2.260,0.957
2280070,A2,1.260,-81.5,2.247,0.957
2280080,A1,2.530,-82.3,2.256,0.965
2280200,A3,3.120,-81.1,2.256,0.944
2280220,A2,1.240,-81.7,2.265,0.944
2280230,A1,2.540,-81.6,2.274,0.953
2280350,A3,3.140,-80.6,2.274,0.932
2280370,A2,1.260,-81.4,2.265,0.932
2280380,A1,2.520,-81.8,2.247,0.915
2280500,A3,3.160,-80.5,2.247,0.894
2280520,A2,1.250,-81.5,2.251,0.894
2280530,A1,2.520,-81.8,2.251,0.894
2280650,A3,3.120,-80.7,2.251,0.936
2280670,A2,1.240,-81.3,2.256,0.936
2280680,A1,2.530,-81.6,2.265,0.944
2280800,A3,3.140,-80.4,2.265,0.924
2280820,A2,1.220,-81.6,2.274,0.924
2280830,A1,2.530,-81.5,2.274,0.924
2280950,A3,3.120,-80.8,2.274,0.944
2280970,A2,1.220,-81.5,2.274,0.944
2280980,A1,2.510,-82.2,2.255,0.928
2281100,A3,3.130,-80.6,2.255,0.917
2281120,A2,1.250,-81.4,2.242,0.917
2281130,A1,2.510,-82.2,2.242,0.917
2281250,A3,3.100,-80.5,2.242,0.948
2281270,A2,1.220,-81.4,2.255,0.948
2281280,A1,2.530,-81.7,2.274,0.965
2281400,A3,3.090,-81.2,2.274,0.975
2281420,A2,1.240,-81.7,2.265,0.975
2281430,A1,2.540,-82.2,2.274,0.984
2281700,A3,3.120,-81.1,2.274,0.953
2281720,A2,1.240,-81.4,2.274,0.953
2281730,A1,2.560,-81.8,2.292,0.970
2281850,A3,3.120,-80.4,2.292,0.970
2281870,A2,1.240,-81.4,2.292,0.970
2281880,A1,2.540,-81.6,2.274,0.953
2282000,A3,3.120,-80.6,2.274,0.953
2282020,A2,1.240,-81.6,2.274,0.953
2282030,A1,2.560,-81.5,2.292,0.970
2282150,A3,3.120,-81.2,2.292,0.970
2282170,A2,1.240,-81.6,2.292,0.970
2282180,A1,2.540,-82.3,2.274,0.953
2282300,A3,3.130,-81.1,2.274,0.942
2282320,A2,1.250,-81.8,2.269,0.942
2282330,A1,2.530,-81.5,2.260,0.934
2282450,A3,3.140,-80.8,2.260,0.924
2282470,A2,1.250,-81.6,2.260,0.924
2282480,A1,2.520,-81.6,2.251,0.915
2282600,A3,3.160,-80.6,2.251,0.894
2282620,A2,1.250,-81.4,2.251,0.894
2282630,A1,2.500,-81.3,2.233,0.877
2282750,A3,3.120,-81.0,2.233,0.919
2282770,A2,1.220,-81.7,2.246,0.919
2282780,A1,2.530,-81.6,2.274,0.944
2282900,A3,3.170,-81.2,2.274,0.892
2282920,A2,1.230,-81.4,2.269,0.892
2282930,A1,2.530,-82.4,2.269,0.892
2283050,A3,3.150,-81.1,2.269,0.913
2283070,A2,1.230,-81.4,2.269,0.913
2283080,A1,2.550,-81.7,2.287,0.930
2283200,A3,3.100,-80.8,2.287,0.982
2283220,A2,1.250,-81.6,2.278,0.982
2283230,A1,2.520,-81.6,2.251,0.957
2283350,A3,3.160,-81.1,2.251,0.894
2283370,A2,1.230,-81.5,2.260,0.894
2283380,A1,2.550,-82.2,2.287,0.919
2283500,A3,3.160,-81.3,2.287,0.919
2283520,A2,1.220,-81.8,2.292,0.919
2283530,A1,2.540,-82.3,2.283,0.911
2283650,A3,3.160,-80.7,2.283,0.911
2283670,A2,1.240,-81.5,2.274,0.911
2283680,A1,2.540,-81.8,2.274,0.911
2283800,A3,3.150,-80.6,2.274,0.922
2283820,A2,1.260,-81.3,2.265,0.922
2283830,A1,2.530,-81.6,2.256,0.913
2283950,A3,3.110,-81.0,2.256,0.955
2283970,A2,1.240,-81.5,2.265,0.955
2283980,A1,2.530,-82.2,2.265,0.955
2284100,A3,3.100,-80.4,2.265,0.965
2284120,A2,1.230,-81.8,2.269,0.965
2284130,A1,2.510,-81.3,2.251,0.948
2284250,A3,3.100,-80.8,2.251,0.948
2284270,A2,1.270,-81.5,2.233,0.948
2284280,A1,2.510,-81.6,2.233,0.948
2284400,A3,3.100,-80.6,2.233,0.948
2284420,A2,1.220,-81.6,2.255,0.948
2284430,A1,2.530,-81.8,2.274,0.965
2284550,A3,3.160,-81.2,2.274,0.903
2284570,A2,1.230,-81.5,2.269,0.903
2284580,A1,2.540,-81.8,2.278,0.911
2284850,A3,3.120,-80.6,2.278,0.953
2284870,A2,1.220,-81.7,2.283,0.953
2284880,A1,2.510,-82.1,2.255,0.928
2285000,A3,3.120,-80.9,2.255,0.928
2285020,A2,1.250,-81.3,2.242,0.928
2285030,A1,2.530,-81.8,2.260,0.944
2285150,A3,3.120,-80.6,2.260,0.944
2285170,A2,1.250,-81.5,2.260,0.944
2285180,A1,2.560,-81.8,2.288,0.970
2285300,A3,3.160,-81.3,2.288,0.928
2285320,A2,1.240,-81.5,2.292,0.928
2285330,A1,2.510,-82.2,2.247,0.886
2285450,A3,3.120,-81.0,2.247,0.928
2285470,A2,1.250,-81.5,2.242,0.928
2285480,A1,2.530,-81.6,2.260,0.944
2285600,A3,3.170,-80.6,2.260,0.892
2285620,A2,1.240,-81.8,2.265,0.892
2285630,A1,2.530,-81.8,2.265,0.892
2285750,A3,3.120,-82.7,2.265,0.944
2285770,A2,1.270,-81.6,2.251,0.944
2285780,A1,2.530,-82.9,2.251,0.944
2285900,A3,3.090,-81.1,2.251,0.975
2285920,A2,1.250,-81.3,2.260,0.975
2285930,A1,2.520,-81.4,2.251,0.967
2286050,A3,3.110,-80.9,2.251,0.946
2286080,A1,2.540,-82.2,2.269,0.963
2286230,A1,2.520,-81.6,2.251,0.946
2286350,A3,3.140,-80.5,2.251,0.915
2286370,A2,1.250,-81.6,2.251,0.915
2286380,A1,2.530,-82.1,2.260,0.924
2286500,A3,3.170,-80.4,2.260,0.892
2286520,A2,1.250,-81.5,2.260,0.892
2286530,A1,2.540,-82.1,2.269,0.900
2286650,A3,3.090,-80.6,2.269,0.984
2286670,A2,1.250,-81.6,2.269,0.984
2286680,A1,2.510,-81.5,2.242,0.959
2286800,A3,3.090,-80.6,2.242,0.959
2286820,A2,1.230,-81.5,2.251,0.959
2286830,A1,2.520,-81.5,2.260,0.967
2286950,A3,3.150,-80.5,2.260,0.905
2286970,A2,1.230,-81.6,2.260,0.905
2286980,A1,2.540,-81.8,2.278,0.922
2287100,A3,3.150,-80.8,2.278,0.922
2287120,A2,1.230,-81.4,2.278,0.922
2287130,A1,2.540,-81.5,2.278,0.922
2287250,A3,3.120,-80.4,2.278,0.953
2287270,A2,1.230,-81.5,2.278,0.953
2287280,A1,2.530,-81.9,2.269,0.944
2287400,A3,3.100,-80.6,2.269,0.965
2287420,A2,1.220,-81.8,2.274,0.965
2287430,A1,2.500,-81.4,2.246,0.940
2287550,A3,3.090,-80.7,2.246,0.950
2287570,A2,1.230,-81.4,2.242,0.950
2287580,A1,2.540,-81.6,2.278,0.984
2287700,A3,3.120,-81.0,2.278,0.953
2287720,A2,1.260,-81.4,2.265,0.953
2287730,A1,2.560,-81.8,2.283,0.970
2288000,A3,3.140,-80.6,2.283,0.949
2288020,A2,1.240,-81.6,2.292,0.949
2288030,A1,2.580,-81.8,2.311,0.966
2288150,A3,3.090,-80.4,2.311,1.018
2288170,A2,1.230,-81.5,2.315,1.018
2288180,A1,2.520,-82.3,2.260,0.967
2288300,A3,3.090,-81.0,2.260,0.967
2288320,A2,1.240,-81.7,2.256,0.967
2288330,A1,2.530,-82.3,2.265,0.975
2288450,A3,3.150,-80.5,2.265,0.913
2288470,A2,1.240,-81.6,2.265,0.913
2288480,A1,2.510,-81.7,2.247,0.896
2288600,A3,3.120,-80.7,2.247,0.928
2288620,A2,1.250,-81.8,2.242,0.928
2288630,A1,2.530,-82.1,2.260,0.944
2288750,A3,3.140,-80.9,2.260,0.924
2288770,A2,1.250,-81.4,2.260,0.924
2288780,A1,2.510,-82.4,2.242,0.907
2288920,A2,1.220,-81.4,2.255,0.907
2288930,A1,2.520,-81.4,2.264,0.915
2289070,A2,1.260,-81.2,2.247,0.915
2289080,A1,2.570,-82.0,2.292,0.958
2289200,A3,3.120,-80.5,2.292,0.978
2289220,A2,1.230,-81.6,2.306,0.978
2289230,A1,2.520,-81.8,2.260,0.936
2289350,A3,3.130,-80.5,2.260,0.926
2289370,A2,1.230,-81.5,2.260,0.926
2289380,A1,2.510,-81.7,2.251,0.917
2289500,A3,3.120,-81.1,2.251,0.928
2289520,A2,1.240,-81.4,2.247,0.928
2289530,A1,2.540,-81.9,2.274,0.953
2289650,A3,3.120,-80.5,2.274,0.953
2289670,A2,1.250,-81.6,2.269,0.953
2289680,A1,2.550,-81.6,2.278,0.961
2289800,A3,3.180,-80.6,2.278,0.898
2289820,A2,1.260,-81.6,2.274,0.898
2289830,A1,2.550,-81.6,2.274,0.898
2289950,A3,3.110,-80.4,2.274,0.972
2289970,A2,1.280,-81.5,2.265,0.972
2289980,A1,2.550,-81.5,2.265,0.972
2290100,A3,3.150,-81.1,2.265,0.930
2290120,A2,1.250,-81.6,2.278,0.930
2290130,A1,2.570,-82.0,2.297,0.947
2290250,A3,3.150,-81.1,2.297,0.947
2290270,A2,1.260,-81.2,2.292,0.947
2290280,A1,2.510,-81.6,2.238,0.896
2290400,A3,3.180,-80.4,2.238,0.865
2290420,A2,1.250,-81.2,2.242,0.865
2290430,A1,2.510,-82.2,2.242,0.865
2290550,A3,3.110,-80.6,2.242,0.938
2290570,A2,1.220,-81.4,2.255,0.938
2290580,A1,2.540,-82.2,2.283,0.963
2290700,A3,3.130,-81.1,2.283,0.942
2290720,A2,1.240,-81.5,2.274,0.942
2290730,A1,2.520,-82.0,2.256,0.926
2290850,A3,3.170,-81.2,2.256,0.884
2290870,A2,1.250,-81.6,2.251,0.884
2290880,A1,2.540,-81.7,2.269,0.900
2291150,A3,3.160,-80.5,2.269,0.911
2291170,A2,1.230,-81.4,2.278,0.911
2291180,A1,2.540,-82.0,2.278,0.911
2291300,A3,3.150,-81.1,2.278,0.922
2291330,A1,2.540,-81.8,2.278,0.922
2291480,A1,2.530,-81.4,2.269,0.913
2291600,A3,3.180,-80.8,2.269,0.881
2291620,A2,1.250,-81.4,2.260,0.881
2291630,A1,2.540,-81.5,2.269,0.890
2291750,A3,3.130,-80.5,2.269,0.942
2291770,A2,1.250,-81.5,2.269,0.942
2291780,A1,2.540,-81.3,2.269,0.942
2291900,A3,3.100,-80.4,2.269,0.974
2291920,A2,1.230,-81.6,2.278,0.974
2291930,A1,2.520,-81.7,2.260,0.957
2292050,A3,3.140,-80.6,2.260,0.915
2292070,A2,1.270,-81.3,2.242,0.915
2292080,A1,2.510,-81.7,2.233,0.907
2292200,A3,3.180,-80.5,2.233,0.865
2292220,A2,1.270,-81.3,2.233,0.865
2292230,A1,2.550,-81.3,2.269,0.898
2292350,A3,3.060,-80.4,2.269,1.023
2292370,A2,1.240,-81.6,2.283,1.023
2292380,A1,2.520,-81.7,2.256,0.998
2292500,A3,3.140,-80.5,2.256,0.915
2292520,A2,1.250,-81.3,2.251,0.915
2292530,A1,2.510,-81.4,2.242,0.907
2292650,A3,3.180,-80.9,2.242,0.865
2292670,A2,1.220,-81.7,2.255,0.865
2292680,A1,2.520,-81.6,2.264,0.873
2292800,A3,3.130,-80.3,2.264,0.926
2292820,A2,1.240,-81.4,2.256,0.926
2292830,A1,2.530,-81.7,2.265,0.934
2292950,A3,3.140,-80.6,2.265,0.924
2292970,A2,1.240,-81.9,2.265,0.924
2292980,A1,2.560,-81.7,2.292,0.949
2293100,A3,3.200,-80.7,2.292,0.886
2293120,A2,1.240,-81.6,2.292,0.886
2293130,A1,2.560,-81.8,2.292,0.886
2293250,A3,3.160,-80.6,2.292,0.928
2293270,A2,1.240,-81.4,2.292,0.928
2293280,A1,2.510,-81.9,2.247,0.886
2293400,A3,3.120,-80.8,2.247,0.928
2293420,A2,1.240,-81.5,2.247,0.928
2293430,A1,2.500,-82.2,2.238,0.919
2293550,A3,3.170,-80.4,2.238,0.867
2293570,A2,1.220,-81.6,2.246,0.867
2293580,A1,2.550,-81.7,2.292,0.909
2293700,A3,3.180,-81.2,2.292,0.898
2293720,A2,1.250,-81.4,2.278,0.898
2293730,A1,2.520,-81.8,2.251,0.873
2293870,A2,1.230,-81.4,2.260,0.873
2293880,A1,2.520,-81.5,2.260,0.873
2294020,A2,1.250,-81.5,2.251,0.873
2294030,A1,2.500,-82.4,2.233,0.856
2294300,A3,3.200,-80.4,2.233,0.835
2294320,A2,1.230,-81.4,2.242,0.835
2294330,A1,2.530,-81.7,2.269,0.860
2294450,A3,3.130,-80.4,2.269,0.934
2294470,A2,1.260,-81.5,2.256,0.934
2294480,A1,2.510,-81.7,2.238,0.917
2294600,A3,3.120,-80.5,2.238,0.928
2294620,A2,1.250,-81.3,2.242,0.928
2294630,A1,2.510,-81.7,2.242,0.928
2294750,A3,3.140,-80.4,2.242,0.907
2294770,A2,1.240,-81.7,2.247,0.907
2294780,A1,2.530,-81.8,2.265,0.924
2294900,A3,3.160,-80.3,2.265,0.903
2294920,A2,1.250,-81.4,2.260,0.903
2294930,A1,2.540,-81.5,2.269,0.911
2295050,A3,3.160,-80.6,2.269,0.911
2295070,A2,1.230,-81.7,2.278,0.911
2295080,A1,2.540,-81.7,2.278,0.911
2295200,A3,3.160,-80.4,2.278,0.911
2295220,A2,1.270,-81.5,2.260,0.911
2295230,A1,2.520,-81.5,2.242,0.894
2295500,A3,3.160,-80.7,2.242,0.894
2295520,A2,1.250,-81.4,2.251,0.894
2295530,A1,2.540,-81.6,2.269,0.911
2295650,A3,3.160,-80.1,2.269,0.911
2295670,A2,1.260,-81.6,2.265,0.911
2295680,A1,2.530,-82.2,2.256,0.903
2295800,A3,3.110,-81.2,2.256,0.955
2295820,A2,1.220,-81.8,2.274,0.955
2295830,A1,2.560,-82.1,2.301,0.980
2296100,A3,3.160,-80.3,2.301,0.928
2296120,A2,1.240,-81.4,2.292,0.928
2296130,A1,2.490,-82.1,2.229,0.869
2296250,A3,3.180,-81.0,2.229,0.848
2296270,A2,1.270,-81.8,2.215,0.848
2296280,A1,2.490,-81.8,2.215,0.848
2296400,A3,3.110,-82.3,2.215,0.921
2296420,A2,1.250,-81.6,2.224,0.921
2296430,A1,2.560,-82.4,2.288,0.980
2296550,A3,3.130,-80.6,2.288,0.959
2296570,A2,1.230,-81.6,2.297,0.959
2296580,A1,2.530,-82.1,2.269,0.934
2296720,A2,1.220,-81.6,2.274,0.934
2296730,A1,2.500,-81.3,2.246,0.909
2296870,A2,1.230,-81.8,2.242,0.909
2296880,A1,2.560,-81.6,2.297,0.959
2297000,A3,3.130,-80.9,2.297,0.959
2297020,A2,1.230,-81.7,2.297,0.959
2297030,A1,2.550,-82.2,2.287,0.951
2297150,A3,3.140,-80.4,2.287,0.940
2297170,A2,1.230,-81.7,2.287,0.940
2297180,A1,2.530,-82.0,2.269,0.924
2297450,A3,3.160,-80.3,2.269,0.903
2297470,A2,1.240,-81.4,2.265,0.903
2297480,A1,2.540,-81.6,2.274,0.911
2297600,A3,3.190,-80.4,2.274,0.879
2297620,A2,1.240,-81.7,2.274,0.879
2297630,A1,2.530,-81.8,2.265,0.871
2297750,A3,3.120,-80.7,2.265,0.944
2297770,A2,1.230,-81.3,2.269,0.944
2297780,A1,2.540,-82.0,2.278,0.953
2297900,A3,3.180,-80.3,2.278,0.890
2297920,A2,1.240,-81.6,2.274,0.890
2297930,A1,2.520,-81.7,2.256,0.873
2298050,A3,3.140,-80.7,2.256,0.915
2298070,A2,1.250,-81.6,2.251,0.915
2298080,A1,2.520,-81.4,2.251,0.915
2298200,A3,3.160,-80.8,2.251,0.894
2298220,A2,1.250,-81.3,2.251,0.894
2298230,A1,2.550,-81.6,2.278,0.919
2298350,A3,3.150,-80.3,2.278,0.930
2298370,A2,1.240,-81.5,2.283,0.930
2298380,A1,2.540,-82.0,2.274,0.922
2298500,A3,3.100,-80.6,2.274,0.974
2298520,A2,1.220,-81.8,2.283,0.974
2298530,A1,2.520,-81.7,2.264,0.957
2298650,A3,3.170,-80.6,2.264,0.884
2298670,A2,1.250,-81.5,2.251,0.884
2298680,A1,2.530,-81.3,2.260,0.892
2298800,A3,3.140,-81.2,2.260,0.924
2298820,A2,1.250,-81.4,2.260,0.924
2298830,A1,2.510,-81.7,2.242,0.907
2298950,A3,3.150,-80.3,2.242,0.896
2298970,A2,1.240,-81.6,2.247,0.896
2299250,A3,3.180,-80.6,2.247,0.865
2299270,A2,1.240,-81.8,2.247,0.865
2299280,A1,2.540,-82.0,2.274,0.890
2299400,A3,3.120,-80.5,2.274,0.953
2299420,A2,1.230,-81.5,2.278,0.953
2299430,A1,2.540,-82.1,2.278,0.953
2299700,A3,3.140,-80.8,2.278,0.932
2299720,A2,1.240,-81.6,2.274,0.932
2299730,A1,2.530,-82.1,2.265,0.924
2299850,A3,3.130,-80.6,2.265,0.934
2299870,A2,1.230,-81.5,2.269,0.934
2299880,A1,2.520,-81.7,2.260,0.926
2300000,A3,3.120,-81.2,2.260,0.936
2300020,A2,1.230,-81.2,2.260,0.936
2300030,A1,2.550,-81.4,2.287,0.961
2300150,A3,3.120,-80.6,2.287,0.961
2300170,A2,1.250,-81.6,2.278,0.961
2300180,A1,2.520,-81.8,2.251,0.936
2300300,A3,3.130,-80.8,2.251,0.926
2300320,A2,1.230,-81.7,2.260,0.926
2300330,A1,2.510,-81.3,2.251,0.917
2300600,A3,3.140,-83.2,2.251,0.907
2300620,A2,1.240,-82.1,2.247,0.907
2300630,A1,2.520,-82.8,2.256,0.915
2300750,A3,3.150,-81.0,2.256,0.905
2300770,A2,1.230,-81.8,2.260,0.905
2300780,A1,2.510,-81.9,2.251,0.896
2300900,A3,3.170,-81.2,2.251,0.875
2300920,A2,1.230,-82.1,2.251,0.875
2300930,A1,2.550,-82.1,2.287,0.909
2301050,A3,3.130,-80.5,2.287,0.951
2301070,A2,1.230,-81.7,2.287,0.951
2301080,A1,2.520,-81.9,2.260,0.926
2301200,A3,3.190,-80.5,2.260,0.862
2301220,A2,1.220,-81.8,2.264,0.862
2301230,A1,2.540,-81.6,2.283,0.879
2301350,A3,3.100,-80.3,2.283,0.974
2301370,A2,1.250,-82.0,2.269,0.974
2301380,A1,2.550,-82.3,2.278,0.982
2301500,A3,3.160,-81.0,2.278,0.919
2301520,A2,1.230,-82.0,2.287,0.919
2301530,A1,2.520,-81.9,2.260,0.894
2301650,A3,3.130,-80.9,2.260,0.926
2301670,A2,1.260,-81.9,2.247,0.926
2301680,A1,2.580,-81.4,2.302,0.977
2301800,A3,3.130,-80.5,2.302,0.977
2301820,A2,1.220,-82.1,2.319,0.977
2301830,A1,2.530,-81.3,2.274,0.934
2301950,A3,3.140,-80.6,2.274,0.924
2301970,A2,1.230,-81.8,2.269,0.924
2301980,A1,2.520,-81.8,2.260,0.915
2302100,A3,3.140,-80.7,2.260,0.915
2302120,A2,1.240,-82.0,2.256,0.915
2302130,A1,2.520,-81.4,2.256,0.915
2302250,A3,3.150,-80.6,2.256,0.905
2302270,A2,1.240,-81.9,2.256,0.905
2302280,A1,2.530,-81.3,2.265,0.913
2302400,A3,3.150,-81.1,2.265,0.913
2302420,A2,1.230,-82.0,2.269,0.913
2302430,A1,2.530,-81.3,2.269,0.913
2302550,A3,3.130,-80.4,2.269,0.934
2302570,A2,1.230,-81.8,2.269,0.934
2302580,A1,2.570,-81.6,2.306,0.968
2302720,A2,1.240,-81.7,2.301,0.968
2302730,A1,2.520,-81.8,2.256,0.926
2302870,A2,1.240,-82.2,2.256,0.926
2302880,A1,2.540,-81.5,2.274,0.942
2303000,A3,3.130,-80.8,2.274,0.942
2303020,A2,1.230,-81.8,2.278,0.942
2303030,A1,2.550,-82.1,2.287,0.951
2303150,A3,3.140,-80.5,2.287,0.940
2303170,A2,1.230,-81.9,2.287,0.940
2303180,A1,2.540,-81.5,2.278,0.932
2303300,A3,3.150,-80.7,2.278,0.922
2303320,A2,1.240,-81.7,2.274,0.922
2303330,A1,2.520,-81.6,2.256,0.905
2303450,A3,3.140,-80.8,2.256,0.915
2303470,A2,1.240,-81.9,2.256,0.915
2303480,A1,2.520,-81.5,2.256,0.915
2303750,A3,3.140,-80.4,2.256,0.915
2303770,A2,1.230,-81.8,2.260,0.915
2303780,A1,2.560,-81.2,2.297,0.949
2303900,A3,3.140,-80.7,2.297,0.949
2303920,A2,1.230,-81.9,2.297,0.949
2303930,A1,2.550,-81.4,2.287,0.940
2304050,A3,3.130,-80.7,2.287,0.951
2304070,A2,1.220,-81.8,2.292,0.951
2304080,A1,2.550,-81.5,2.292,0.951
2304200,A3,3.120,-80.9,2.292,0.961
2304220,A2,1.240,-81.8,2.283,0.961
2304230,A1,2.540,-81.5,2.274,0.953
2304350,A3,3.140,-80.5,2.274,0.932
2304370,A2,1.240,-81.8,2.274,0.932
2304380,A1,2.550,-82.0,2.283,0.940
2304500,A3,3.140,-80.5,2.283,0.940
2304520,A2,1.230,-81.8,2.287,0.940
2304530,A1,2.520,-82.1,2.260,0.915
2304650,A3,3.140,-80.6,2.260,0.915
2304670,A2,1.240,-81.7,2.256,0.915
2304680,A1,2.500,-81.9,2.238,0.898
2304800,A3,3.130,-80.7,2.238,0.909
2304820,A2,1.230,-82.0,2.242,0.909
2304830,A1,2.510,-81.5,2.251,0.917
2305100,A3,3.130,-80.7,2.251,0.917
2305120,A2,1.250,-81.9,2.242,0.917
2305130,A1,2.510,-82.1,2.242,0.917
2305250,A3,3.140,-80.4,2.242,0.907
2305270,A2,1.240,-81.8,2.247,0.907
2305280,A1,2.550,-81.9,2.283,0.940
2305400,A3,3.120,-80.5,2.283,0.961
2305420,A2,1.250,-81.5,2.278,0.961
2305430,A1,2.540,-81.9,2.269,0.953
2305550,A3,3.150,-80.5,2.269,0.922
2305570,A2,1.240,-81.8,2.274,0.922
2305580,A1,2.520,-81.6,2.256,0.905
2305700,A3,3.150,-80.3,2.256,0.905
2305720,A2,1.240,-81.8,2.256,0.905
2305730,A1,2.510,-81.8,2.247,0.896
2305850,A3,3.150,-80.6,2.247,0.896
2305870,A2,1.250,-81.7,2.242,0.896
2305880,A1,2.510,-81.2,2.242,0.896
2306000,A3,3.140,-80.7,2.242,0.907
2306020,A2,1.240,-82.3,2.247,0.907
2306030,A1,2.540,-81.5,2.274,0.932
2306150,A3,3.130,-80.5,2.274,0.942
2306170,A2,1.240,-82.1,2.274,0.942
2306180,A1,2.490,-82.1,2.229,0.901
2306300,A3,3.140,-80.6,2.229,0.890
2306320,A2,1.230,-82.3,2.233,0.890
2306330,A1,2.550,-81.6,2.287,0.940
2306450,A3,3.150,-81.2,2.287,0.930
2306470,A2,1.230,-82.0,2.287,0.930
2306480,A1,2.540,-81.4,2.278,0.922
2306600,A3,3.150,-81.2,2.278,0.922
2306620,A2,1.230,-81.8,2.278,0.922
2306630,A1,2.540,-82.4,2.278,0.922
2306900,A3,3.120,-80.2,2.278,0.953
2306920,A2,1.240,-82.2,2.274,0.953
2306930,A1,2.510,-81.7,2.247,0.928
2307050,A3,3.160,-81.1,2.247,0.886
2307070,A2,1.240,-81.7,2.247,0.886
2307080,A1,2.530,-82.0,2.265,0.903
2307200,A3,3.120,-80.5,2.265,0.944
2307220,A2,1.220,-82.1,2.274,0.944
2307230,A1,2.540,-81.6,2.283,0.953
2307350,A3,3.160,-81.0,2.283,0.911
2307370,A2,1.230,-82.2,2.278,0.911
2307380,A1,2.500,-82.2,2.242,0.877
2307500,A3,3.120,-80.6,2.242,0.919
2307520,A2,1.220,-81.8,2.246,0.919
2307530,A1,2.540,-82.2,2.283,0.953
2307650,A3,3.130,-80.1,2.283,0.942
2307670,A2,1.200,-82.2,2.291,0.942
2307680,A1,2.510,-82.2,2.264,0.917
2307800,A3,3.150,-80.3,2.264,0.896
2307820,A2,1.210,-82.3,2.260,0.896
2307830,A1,2.510,-81.8,2.260,0.896
2307950,A3,3.160,-80.7,2.260,0.886
2307970,A2,1.190,-82.3,2.268,0.886
2307980,A1,2.480,-81.8,2.241,0.861
2308100,A3,3.180,-80.3,2.241,0.840
2308120,A2,1.220,-82.3,2.228,0.840
2308130,A1,2.510,-82.0,2.255,0.865
2308250,A3,3.160,-80.3,2.255,0.886
2308270,A2,1.230,-82.1,2.251,0.886
2308280,A1,2.550,-82.4,2.287,0.919
2308400,A3,3.160,-80.2,2.287,0.919
2308420,A2,1.220,-82.1,2.292,0.919
2308430,A1,2.550,-82.5,2.292,0.919
2308550,A3,3.150,-80.7,2.292,0.930
2308570,A2,1.220,-82.3,2.292,0.930
2308580,A1,2.530,-82.4,2.274,0.913
2308700,A3,3.150,-80.9,2.274,0.913
2308720,A2,1.210,-82.2,2.278,0.913
2308730,A1,2.500,-81.9,2.251,0.888
2308850,A3,3.150,-80.3,2.251,0.888
