timestamp_ms,anchor,distance_m,rxPower_dBm,x_calculated_m,y_calculated_m
5101070,A3,2.720,-81.1,2.763,2.623
5101090,A1,3.740,-82.8,2.736,2.598
5101100,A2,2.560,-84.4,2.727,2.598
5101220,A3,2.720,-81.1,2.727,2.598
5101240,A1,3.700,-82.9,2.674,2.549
5101250,A2,2.550,-83.6,2.683,2.549
5101370,A3,2.720,-81.3,2.683,2.549
5101390,A1,3.770,-82.9,2.777,2.636
5101400,A2,2.560,-83.2,2.768,2.636
5101520,A3,2.740,-81.0,2.768,2.618
5101540,A1,3.740,-83.0,2.727,2.580
5101550,A2,2.550,-84.3,2.736,2.580
5101670,A3,2.710,-80.9,2.736,2.607
5101690,A1,3.780,-82.9,2.790,2.657
5101700,A2,2.590,-84.3,2.753,2.657
5101820,A3,2.720,-81.0,2.753,2.648
5101840,A1,3.770,-83.1,2.740,2.636
5101850,A2,2.580,-84.0,2.749,2.636
5101970,A3,2.730,-81.1,2.749,2.627
5101990,A1,3.720,-83.6,2.682,2.564
5102000,A2,2.580,-83.3,2.682,2.564
5102120,A3,2.700,-80.8,2.682,2.591
5102140,A1,3.730,-83.3,2.695,2.604
5102150,A2,2.560,-83.2,2.714,2.604
5102420,A3,2.730,-81.0,2.714,2.577
5102440,A1,3.730,-82.8,2.714,2.577
5102450,A2,2.590,-84.5,2.686,2.577
5102570,A3,2.710,-80.9,2.686,2.595
5102590,A1,3.710,-82.7,2.659,2.570
5102600,A2,2.590,-82.9,2.659,2.570
5102720,A3,2.720,-80.0,2.659,2.561
5102740,A1,3.740,-83.2,2.699,2.598
5102750,A2,2.560,-83.3,2.727,2.598
5102870,A3,2.740,-80.1,2.727,2.580
5102890,A1,3.730,-83.0,2.714,2.568
5102900,A2,2.550,-83.2,2.723,2.568
5103020,A3,2.750,-79.9,2.723,2.558
5103040,A1,3.720,-82.9,2.709,2.546
5103050,A2,2.580,-83.5,2.682,2.546
5103170,A3,2.740,-80.1,2.682,2.555
5103190,A1,3.740,-83.2,2.709,2.580
5103200,A2,2.570,-83.1,2.718,2.580
5103320,A3,2.780,-79.8,2.718,2.543
5103340,A1,3.730,-83.3,2.704,2.531
5103350,A2,2.580,-83.5,2.695,2.531
5103470,A3,2.770,-80.0,2.695,2.540
5103490,A1,3.800,-83.3,2.790,2.628
5103500,A2,2.570,-83.5,2.799,2.628
5103620,A3,2.760,-80.2,2.799,2.637
5103640,A1,3.730,-83.4,2.704,2.549
5103650,A2,2.580,-84.0,2.695,2.549
5103770,A3,2.770,-80.0,2.695,2.540
5103790,A1,3.770,-83.4,2.749,2.590
5103800,A2,2.560,-83.6,2.768,2.590
5103920,A3,2.750,-80.0,2.768,2.608
5103940,A1,3.740,-83.3,2.727,2.571
5103950,A2,2.570,-84.3,2.718,2.571
5104070,A3,2.770,-79.9,2.718,2.552
5104090,A1,3.770,-83.9,2.758,2.590
5104100,A2,2.580,-83.3,2.749,2.590
5104370,A3,2.750,-79.8,2.749,2.608
5104390,A1,3.770,-83.3,2.749,2.608
5104400,A2,2.580,-83.7,2.749,2.608
5104520,A3,2.760,-80.4,2.749,2.599
5104540,A1,3.740,-82.9,2.709,2.562
5104550,A2,2.600,-83.2,2.690,2.562
5104670,A3,2.740,-80.6,2.690,2.580
5104690,A1,3.720,-83.5,2.663,2.555
5104700,A2,2.600,-82.9,2.663,2.555
5104820,A3,2.740,-80.4,2.663,2.555
5104840,A1,3.730,-83.8,2.676,2.568
5104850,A2,2.580,-83.6,2.695,2.568
5104970,A3,2.770,-79.9,2.695,2.540
5104990,A1,3.730,-82.9,2.695,2.540
5105000,A2,2.570,-84.1,2.704,2.540
5105120,A3,2.760,-80.8,2.704,2.549
5105140,A1,3.730,-82.6,2.704,2.549
5105150,A2,2.590,-83.1,2.686,2.549
5105270,A3,2.770,-80.7,2.686,2.540
5105290,A1,3.760,-83.2,2.726,2.577
5105300,A2,2.560,-82.3,2.754,2.577
5105570,A3,2.740,-81.0,2.754,2.605
5105590,A1,3.770,-82.2,2.768,2.618
5105600,A2,2.570,-83.5,2.758,2.618
5105720,A3,2.740,-80.1,2.758,2.618
5105740,A1,3.730,-82.7,2.704,2.568
5105750,A2,2.590,-82.5,2.686,2.568
5105870,A3,2.750,-80.7,2.686,2.558
5105890,A1,3.750,-82.6,2.713,2.583
5105900,A2,2.570,-83.4,2.731,2.583
5106020,A3,2.750,-80.1,2.731,2.583
5106040,A1,3.740,-82.3,2.718,2.571
5106050,A2,2.590,-83.6,2.699,2.571
5106170,A3,2.760,-80.7,2.699,2.562
5106190,A1,3.760,-82.2,2.726,2.587
5106200,A2,2.570,-83.5,2.745,2.587
5106320,A3,2.780,-80.0,2.745,2.568
5106340,A1,3.730,-81.9,2.704,2.531
5106350,A2,2.540,-83.9,2.732,2.531
5106470,A3,2.740,-80.4,2.732,2.568
5106490,A1,3.740,-82.2,2.745,2.580
5106500,A2,2.580,-84.3,2.709,2.580
5106640,A1,3.760,-81.3,2.736,2.605
5106650,A2,2.580,-83.9,2.736,2.605
5106790,A1,3.780,-81.6,2.763,2.630
5106800,A2,2.570,-84.2,2.772,2.630
5106920,A3,2.770,-79.5,2.772,2.603
5106940,A1,3.760,-81.8,2.745,2.577
5106950,A2,2.590,-84.6,2.726,2.577
5107070,A3,2.790,-79.7,2.726,2.559
5107090,A1,3.760,-81.7,2.726,2.559
5107100,A2,2.570,-83.6,2.745,2.559
5107220,A3,2.800,-79.6,2.745,2.550
5107240,A1,3.740,-81.9,2.718,2.525
5107250,A2,2.590,-84.4,2.699,2.525
5107370,A3,2.800,-79.6,2.699,2.525
5107390,A1,3.770,-81.6,2.740,2.562
5107400,A2,2.570,-83.1,2.758,2.562
5107520,A3,2.790,-79.5,2.758,2.571
5107540,A1,3.780,-81.3,2.772,2.584
5107550,A2,2.580,-83.8,2.763,2.584
5107670,A3,2.800,-79.5,2.763,2.575
5107690,A1,3.810,-81.6,2.804,2.613
5107700,A2,2.560,-83.2,2.822,2.613
5107820,A3,2.810,-79.5,2.822,2.603
5107840,A1,3.750,-82.2,2.741,2.528
5107850,A2,2.550,-84.3,2.750,2.528
5107970,A3,2.780,-79.2,2.750,2.556
5107990,A1,3.730,-81.7,2.723,2.531
5108000,A2,2.570,-84.3,2.704,2.531
5108120,A3,2.820,-79.8,2.704,2.493
5108140,A1,3.740,-81.6,2.718,2.506
5108150,A2,2.590,-83.3,2.699,2.506
5108270,A3,2.780,-79.8,2.699,2.543
5108290,A1,3.760,-82.5,2.726,2.568
5108300,A2,2.590,-83.5,2.726,2.568
5108420,A3,2.750,-80.0,2.726,2.596
5108440,A1,3.730,-81.8,2.686,2.558
5108450,A2,2.580,-83.7,2.695,2.558
5108720,A3,2.770,-80.2,2.695,2.540
5108740,A1,3.730,-82.4,2.695,2.540
5108750,A2,2.590,-83.8,2.686,2.540
5108870,A3,2.740,-80.0,2.686,2.568
5108890,A1,3.770,-81.8,2.740,2.618
5108900,A2,2.590,-83.5,2.740,2.618
5109020,A3,2.750,-80.3,2.740,2.608
5109040,A1,3.760,-81.7,2.726,2.596
5109050,A2,2.590,-83.7,2.726,2.596
5109170,A3,2.730,-79.9,2.726,2.614
5109190,A1,3.780,-81.7,2.753,2.639
5109200,A2,2.560,-84.6,2.781,2.639
5109320,A3,2.740,-80.2,2.781,2.630
5109340,A1,3.790,-82.0,2.795,2.643
5109350,A2,2.590,-83.0,2.767,2.643
5109470,A3,2.770,-80.2,2.767,2.615
5109490,A1,3.750,-81.9,2.713,2.565
5109500,A2,2.580,-82.8,2.722,2.565
5109620,A3,2.770,-80.5,2.722,2.565
5109640,A1,3.750,-81.4,2.722,2.565
5109650,A2,2.560,-83.1,2.741,2.565
5109770,A3,2.760,-79.8,2.741,2.574
5109790,A1,3.790,-81.5,2.795,2.624
5109800,A2,2.530,-83.6,2.822,2.624
5109920,A3,2.760,-79.9,2.822,2.624
5109940,A1,3.760,-81.4,2.781,2.587
5109950,A2,2.550,-85.3,2.763,2.587
5110070,A3,2.760,-79.7,2.763,2.587
5110090,A1,3.770,-81.3,2.777,2.599
5110100,A2,2.550,-85.1,2.777,2.599
5110220,A3,2.760,-80.1,2.777,2.599
5110240,A1,3.760,-81.9,2.763,2.587
5110250,A2,2.560,-84.5,2.754,2.587
5110370,A3,2.780,-80.0,2.754,2.568
5110390,A1,3.760,-81.7,2.754,2.568
5110400,A2,2.590,-84.2,2.726,2.568
5110520,A3,2.750,-80.4,2.726,2.596
5110540,A1,3.780,-82.2,2.753,2.621
5110550,A2,2.600,-84.0,2.744,2.621
5110670,A3,2.760,-79.8,2.744,2.612
5110690,A1,3.780,-82.2,2.744,2.612
5110700,A2,2.570,-84.3,2.772,2.612
5110820,A3,2.770,-80.0,2.772,2.603
5110840,A1,3.760,-81.8,2.745,2.577
5110850,A2,2.580,-84.4,2.736,2.577
5110970,A3,2.790,-79.7,2.736,2.559
5110990,A1,3.790,-81.7,2.776,2.597
5111000,A2,2.580,-83.3,2.776,2.597
5111120,A3,2.780,-80.2,2.776,2.606
5111140,A1,3.760,-82.3,2.736,2.568
5111150,A2,2.610,-84.5,2.708,2.568
5111270,A3,2.800,-79.7,2.708,2.550
5111290,A1,3.750,-82.2,2.694,2.537
5111300,A2,2.590,-83.1,2.713,2.537
5111420,A3,2.800,-79.5,2.713,2.537
5111440,A1,3.750,-82.6,2.713,2.537
5111450,A2,2.570,-83.7,2.731,2.537
5111570,A3,2.800,-79.8,2.731,2.537
5111590,A1,3.760,-82.3,2.745,2.550
5111600,A2,2.560,-83.6,2.754,2.550
5111870,A3,2.800,-80.0,2.754,2.550
5111890,A1,3.770,-81.5,2.768,2.562
5111900,A2,2.580,-83.2,2.749,2.562
5112020,A3,2.810,-79.1,2.749,2.553
5112040,A1,3.740,-81.4,2.709,2.515
5112050,A2,2.560,-83.9,2.727,2.515
5112170,A3,2.770,-80.6,2.727,2.552
5112190,A1,3.790,-81.2,2.795,2.615
5112200,A2,2.580,-83.2,2.776,2.615
5112320,A3,2.740,-81.0,2.776,2.643
5112340,A1,3.740,-81.9,2.709,2.580
5112350,A2,2.560,-83.0,2.727,2.580
5112470,A3,2.780,-80.3,2.727,2.543
5112490,A1,3.760,-82.0,2.754,2.568
5112500,A2,2.550,-83.2,2.763,2.568
5112620,A3,2.740,-80.3,2.763,2.605
5112640,A1,3.760,-82.3,2.763,2.605
5112650,A2,2.550,-83.9,2.763,2.605
5112770,A3,2.740,-79.6,2.763,2.605
5112790,A1,3.770,-82.1,2.777,2.618
5112800,A2,2.590,-83.4,2.740,2.618
5112920,A3,2.770,-79.2,2.740,2.590
5112940,A1,3.770,-81.6,2.740,2.590
5112950,A2,2.590,-83.2,2.740,2.590
5113070,A3,2.760,-79.4,2.740,2.599
5113090,A1,3.770,-81.0,2.740,2.599
5113100,A2,2.580,-84.3,2.749,2.599
5113220,A3,2.800,-79.8,2.749,2.562
5113240,A1,3.810,-81.2,2.804,2.613
5113250,A2,2.590,-83.1,2.794,2.613
5113370,A3,2.770,-80.6,2.794,2.641
5113390,A1,3.810,-81.4,2.794,2.641
5113400,A2,2.550,-82.9,2.831,2.641
5113520,A3,2.760,-80.2,2.831,2.650
5113540,A1,3.760,-81.9,2.763,2.587
5113550,A2,2.600,-83.8,2.717,2.587
5113670,A3,2.750,-80.2,2.717,2.596
5113690,A1,3.790,-81.3,2.758,2.634
5113700,A2,2.580,-83.0,2.776,2.634
5113820,A3,2.760,-80.1,2.776,2.624
5113840,A1,3.770,-81.8,2.749,2.599
5113850,A2,2.580,-84.2,2.749,2.599
5113970,A3,2.800,-80.2,2.749,2.562
5113990,A1,3.790,-81.9,2.776,2.587
5114000,A2,2.570,-82.4,2.786,2.587
5114120,A3,2.830,-79.7,2.786,2.559
5114140,A1,3.730,-82.1,2.704,2.484
5114150,A2,2.580,-83.9,2.695,2.484
5114270,A3,2.760,-80.5,2.695,2.549
5114290,A1,3.770,-81.9,2.749,2.599
5114300,A2,2.570,-83.8,2.758,2.599
5114420,A3,2.770,-80.4,2.758,2.590
5114440,A1,3.730,-82.0,2.704,2.540
5114450,A2,2.570,-83.5,2.704,2.540
5114570,A3,2.770,-80.3,2.704,2.540
5114590,A1,3.730,-82.6,2.704,2.540
5114600,A2,2.600,-83.9,2.676,2.540
5114720,A3,2.770,-80.5,2.676,2.540
5114740,A1,3.750,-82.3,2.703,2.565
5114750,A2,2.550,-83.0,2.750,2.565
5115040,A1,3.740,-82.6,2.736,2.552
5115050,A2,2.580,-83.8,2.709,2.552
5115190,A1,3.730,-83.0,2.695,2.540
5115200,A2,2.580,-84.1,2.695,2.540
5115320,A3,2.760,-81.1,2.695,2.549
5115340,A1,3.730,-82.4,2.695,2.549
5115350,A2,2.560,-84.6,2.714,2.549
5115470,A3,2.750,-80.3,2.714,2.558
5115490,A1,3.740,-82.1,2.727,2.571
5115500,A2,2.590,-83.1,2.699,2.571
5115620,A3,2.770,-80.6,2.699,2.552
5115640,A1,3.780,-82.4,2.753,2.603
5115650,A2,2.570,-83.9,2.772,2.603
5115770,A3,2.750,-80.5,2.772,2.621
5115790,A1,3.740,-83.2,2.718,2.571
5115800,A2,2.570,-84.2,2.718,2.571
5115920,A3,2.740,-80.4,2.718,2.580
5115940,A1,3.770,-83.0,2.758,2.618
5115950,A2,2.560,-84.1,2.768,2.618
5116070,A3,2.740,-80.8,2.768,2.618
5116090,A1,3.740,-83.3,2.727,2.580
5116100,A2,2.550,-83.4,2.736,2.580
5116220,A3,2.750,-80.6,2.736,2.571
5116240,A1,3.750,-83.2,2.750,2.583
5116250,A2,2.570,-83.4,2.731,2.583
5116370,A3,2.740,-80.5,2.731,2.592
5116390,A1,3.710,-82.8,2.678,2.543
5116400,A2,2.600,-83.9,2.650,2.543
5116520,A3,2.750,-80.8,2.650,2.534
5116540,A1,3.730,-82.3,2.676,2.558
5116550,A2,2.590,-83.6,2.686,2.558
5116670,A3,2.770,-80.9,2.686,2.540
5116690,A1,3.740,-82.7,2.699,2.552
5116700,A2,2.570,-83.3,2.718,2.552
5116820,A3,2.760,-82.4,2.718,2.562
5116840,A1,3.760,-84.6,2.745,2.587
5116850,A2,2.580,-83.9,2.736,2.587
5116970,A3,2.760,-80.4,2.736,2.587
5116990,A1,3.740,-83.2,2.709,2.562
5117000,A2,2.570,-85.1,2.718,2.562
5117140,A1,3.720,-83.4,2.691,2.537
5117150,A2,2.580,-84.2,2.682,2.537
5117290,A1,3.770,-83.7,2.749,2.599
5117300,A2,2.570,-83.3,2.758,2.599
5117420,A3,2.780,-80.5,2.758,2.581
5117440,A1,3.760,-83.8,2.745,2.568
5117450,A2,2.550,-84.0,2.763,2.568
5117570,A3,2.760,-80.2,2.763,2.587
5117590,A1,3.760,-83.8,2.763,2.587
5117600,A2,2.560,-83.5,2.754,2.587
5117720,A3,2.760,-80.1,2.754,2.587
5117740,A1,3.730,-83.1,2.714,2.549
5117750,A2,2.590,-85.3,2.686,2.549
5117870,A3,2.760,-80.2,2.686,2.549
5117890,A1,3.730,-83.7,2.686,2.549
5117900,A2,2.580,-83.5,2.695,2.549
5118170,A3,2.740,-80.4,2.695,2.568
5118190,A1,3.720,-83.1,2.682,2.555
5118200,A2,2.590,-83.8,2.672,2.555
5118320,A3,2.740,-80.6,2.672,2.555
5118340,A1,3.720,-82.7,2.672,2.555
5118350,A2,2.540,-83.1,2.719,2.555
5118470,A3,2.750,-80.6,2.719,2.546
5118490,A1,3.710,-82.7,2.705,2.534
5118500,A2,2.540,-83.7,2.705,2.534
5118620,A3,2.760,-80.6,2.705,2.524
5118640,A1,3.720,-83.1,2.719,2.537
5118650,A2,2.580,-83.5,2.682,2.537
5118770,A3,2.740,-80.0,2.682,2.555
5118790,A1,3.730,-84.0,2.695,2.568
5118800,A2,2.570,-83.0,2.704,2.568
5118920,A3,2.780,-80.3,2.704,2.531
5118940,A1,3.730,-83.2,2.704,2.531
5118950,A2,2.570,-83.5,2.704,2.531
5119070,A3,2.750,-80.0,2.704,2.558
5119090,A1,3.740,-83.0,2.718,2.571
5119100,A2,2.550,-84.6,2.736,2.571
5119220,A3,2.770,-79.9,2.736,2.552
5119240,A1,3.770,-83.3,2.777,2.590
5119250,A2,2.560,-84.8,2.768,2.590
5119370,A3,2.830,-80.0,2.768,2.534
5119390,A1,3.770,-83.1,2.768,2.534
5119400,A2,2.590,-83.8,2.740,2.534
5119520,A3,2.810,-80.3,2.740,2.553
5119540,A1,3.720,-83.3,2.672,2.490
5119550,A2,2.550,-83.8,2.709,2.490
5119670,A3,2.740,-79.8,2.709,2.555
5119690,A1,3.720,-83.4,2.709,2.555
5119700,A2,2.560,-84.4,2.700,2.555
5119820,A3,2.770,-80.2,2.700,2.528
5119840,A1,3.740,-83.6,2.727,2.552
5119850,A2,2.560,-83.3,2.727,2.552
5119970,A3,2.750,-80.5,2.727,2.571
5119990,A1,3.760,-82.7,2.754,2.596
5120000,A2,2.600,-83.1,2.717,2.596
5120120,A3,2.740,-80.6,2.717,2.605
5120140,A1,3.730,-83.3,2.676,2.568
5120150,A2,2.540,-84.6,2.732,2.568
5120270,A3,2.740,-80.8,2.732,2.568
5120290,A1,3.770,-82.9,2.786,2.618
5120300,A2,2.560,-83.3,2.768,2.618
5120420,A3,2.740,-80.8,2.768,2.618
5120440,A1,3.740,-83.7,2.727,2.580
5120450,A2,2.560,-84.0,2.727,2.580
5120570,A3,2.760,-81.0,2.727,2.562
5120590,A1,3.750,-83.2,2.741,2.574
5120600,A2,2.560,-84.5,2.741,2.574
5120720,A3,2.740,-80.7,2.741,2.592
5120740,A1,3.760,-83.2,2.754,2.605
5120750,A2,2.560,-83.8,2.754,2.605
5120870,A3,2.740,-80.8,2.754,2.605
5120890,A1,3.760,-83.4,2.754,2.605
5120900,A2,2.540,-84.8,2.772,2.605
5121020,A3,2.740,-80.5,2.772,2.605
5121040,A1,3.760,-83.5,2.772,2.605
5121050,A2,2.560,-84.6,2.754,2.605
5121320,A3,2.720,-80.6,2.754,2.623
5121340,A1,3.730,-83.5,2.714,2.586
5121350,A2,2.580,-84.3,2.695,2.586
5121470,A3,2.760,-80.2,2.695,2.549
5121490,A1,3.740,-83.0,2.709,2.562
5121500,A2,2.570,-84.7,2.718,2.562
5121620,A3,2.750,-80.5,2.718,2.571
5121640,A1,3.750,-83.4,2.731,2.583
5121650,A2,2.590,-84.6,2.713,2.583
5121770,A3,2.740,-80.3,2.713,2.592
5121790,A1,3.740,-83.3,2.699,2.580
5121800,A2,2.590,-83.6,2.699,2.580
5121920,A3,2.740,-80.7,2.699,2.580
5121940,A1,3.760,-83.1,2.726,2.605
5121950,A2,2.550,-83.7,2.763,2.605
5122070,A3,2.760,-81.0,2.763,2.587
5122090,A1,3.740,-83.0,2.736,2.562
5122100,A2,2.590,-83.7,2.699,2.562
5122220,A3,2.730,-80.7,2.699,2.589
5122240,A1,3.770,-83.1,2.740,2.627
5122250,A2,2.540,-83.6,2.786,2.627
5122370,A3,2.740,-80.8,2.786,2.618
5122390,A1,3.730,-83.2,2.732,2.568
5122400,A2,2.540,-84.2,2.732,2.568
5122520,A3,2.750,-80.3,2.732,2.558
5122540,A1,3.740,-83.1,2.745,2.571
5122550,A2,2.600,-84.5,2.690,2.571
5122670,A3,2.740,-80.8,2.690,2.580
5122690,A1,3.730,-83.5,2.676,2.568
5122700,A2,2.560,-83.6,2.714,2.568
5122820,A3,2.740,-80.8,2.714,2.568
5122840,A1,3.740,-82.9,2.727,2.580
5122850,A2,2.560,-84.5,2.727,2.580
5122970,A3,2.740,-80.4,2.727,2.580
5122990,A1,3.740,-83.4,2.727,2.580
5123000,A2,2.590,-84.5,2.699,2.580
5123120,A3,2.750,-80.6,2.699,2.571
5123140,A1,3.760,-83.3,2.726,2.596
5123150,A2,2.570,-83.5,2.745,2.596
5123270,A3,2.750,-80.9,2.745,2.596
5123290,A1,3.760,-83.5,2.745,2.596
5123300,A2,2.570,-84.4,2.745,2.596
5123420,A3,2.760,-80.5,2.745,2.587
5123440,A1,3.720,-83.2,2.691,2.537
5123450,A2,2.580,-83.9,2.682,2.537
5123570,A3,2.760,-80.6,2.682,2.537
5123590,A1,3.720,-83.5,2.682,2.537
5123600,A2,2.590,-83.3,2.672,2.537
5123720,A3,2.760,-80.4,2.672,2.537
5123740,A1,3.710,-83.5,2.659,2.524
5123750,A2,2.590,-83.7,2.659,2.524
5123870,A3,2.740,-80.7,2.659,2.543
5123890,A1,3.750,-83.7,2.713,2.592
5123900,A2,2.600,-84.2,2.703,2.592
5124020,A3,2.740,-80.6,2.703,2.592
5124040,A1,3.780,-83.7,2.744,2.630
5124050,A2,2.550,-83.8,2.790,2.630
5124170,A3,2.770,-80.8,2.790,2.603
5124190,A1,3.740,-83.3,2.736,2.552
5124200,A2,2.560,-83.4,2.727,2.552
5124470,A3,2.740,-80.6,2.727,2.580
5124490,A1,3.760,-83.8,2.754,2.605
5124500,A2,2.610,-83.6,2.708,2.605
5124620,A3,2.740,-80.7,2.708,2.605
5124640,A1,3.740,-83.1,2.681,2.580
5124650,A2,2.590,-83.8,2.699,2.580
5124770,A3,2.750,-80.5,2.699,2.571
5124790,A1,3.740,-83.3,2.699,2.571
5124800,A2,2.560,-84.3,2.727,2.571
5124940,A1,3.740,-83.2,2.727,2.571
5124950,A2,2.560,-83.5,2.727,2.571
5125090,A1,3.740,-83.4,2.727,2.571
5125100,A2,2.580,-84.0,2.709,2.571
5125220,A3,2.720,-80.8,2.709,2.598
5125240,A1,3.770,-83.2,2.749,2.636
5125250,A2,2.570,-84.2,2.758,2.636
5125370,A3,2.760,-80.7,2.758,2.599
5125390,A1,3.780,-83.2,2.772,2.612
5125400,A2,2.550,-84.7,2.790,2.612
5125520,A3,2.760,-80.4,2.790,2.612
5125540,A1,3.750,-83.0,2.750,2.574
5125550,A2,2.580,-84.8,2.722,2.574
5125670,A3,2.740,-80.6,2.722,2.592
5125690,A1,3.750,-83.1,2.722,2.592
5125700,A2,2.530,-84.2,2.768,2.592
5125820,A3,2.740,-80.5,2.768,2.592
5125840,A1,3.760,-83.3,2.781,2.605
5125850,A2,2.570,-83.5,2.745,2.605
5125970,A3,2.740,-80.7,2.745,2.605
5125990,A1,3.750,-83.4,2.731,2.592
5126000,A2,2.580,-84.7,2.722,2.592
5126120,A3,2.770,-80.3,2.722,2.565
5126140,A1,3.790,-83.2,2.776,2.615
5126150,A2,2.570,-84.4,2.786,2.615
5126270,A3,2.740,-80.5,2.786,2.643
5126290,A1,3.760,-83.2,2.745,2.605
5126300,A2,2.570,-83.3,2.745,2.605
5126420,A3,2.730,-80.3,2.745,2.614
5126440,A1,3.780,-83.0,2.772,2.639
5126450,A2,2.570,-84.1,2.772,2.639
5126570,A3,2.760,-80.5,2.772,2.612
5126590,A1,3.760,-83.3,2.745,2.587
5126600,A2,2.550,-84.1,2.763,2.587
5126720,A3,2.770,-80.4,2.763,2.577
5126740,A1,3.730,-83.6,2.723,2.540
5126750,A2,2.550,-83.3,2.723,2.540
5126870,A3,2.760,-80.4,2.723,2.549
5126890,A1,3.760,-83.6,2.763,2.587
5126900,A2,2.550,-83.5,2.763,2.587
5127020,A3,2.740,-80.5,2.763,2.605
5127040,A1,3.750,-83.2,2.750,2.592
5127050,A2,2.540,-84.3,2.759,2.592
5127170,A3,2.760,-80.5,2.759,2.574
5127190,A1,3.770,-83.2,2.786,2.599
5127200,A2,2.550,-83.6,2.777,2.599
5127320,A3,2.740,-80.6,2.777,2.618
5127340,A1,3.740,-83.6,2.736,2.580
5127350,A2,2.530,-84.6,2.755,2.580
5127620,A3,2.760,-80.3,2.755,2.562
5127640,A1,3.730,-83.2,2.741,2.549
5127650,A2,2.560,-83.4,2.714,2.549
5127770,A3,2.740,-80.9,2.714,2.568
5127790,A1,3.750,-83.4,2.741,2.592
5127800,A2,2.560,-83.5,2.741,2.592
5127920,A3,2.770,-80.7,2.741,2.565
5127940,A1,3.750,-83.7,2.741,2.565
5127950,A2,2.570,-85.1,2.731,2.565
5128070,A3,2.750,-80.8,2.731,2.583
5128090,A1,3.770,-83.2,2.758,2.608
5128100,A2,2.570,-83.2,2.758,2.608
5128220,A3,2.780,-80.7,2.758,2.581
5128240,A1,3.730,-83.3,2.704,2.531
5128250,A2,2.560,-83.6,2.714,2.531
5128370,A3,2.740,-80.7,2.714,2.568
5128390,A1,3.760,-83.3,2.754,2.605
5128400,A2,2.550,-83.6,2.763,2.605
5128520,A3,2.740,-80.5,2.763,2.605
5128540,A1,3.770,-83.1,2.777,2.618
5128550,A2,2.550,-84.1,2.777,2.618
5128670,A3,2.750,-80.8,2.777,2.608
5128690,A1,3.740,-83.3,2.736,2.571
5128700,A2,2.540,-83.9,2.745,2.571
5128820,A3,2.750,-80.6,2.745,2.571
5128840,A1,3.740,-83.2,2.745,2.571
5128850,A2,2.560,-83.5,2.727,2.571
5128970,A3,2.750,-80.3,2.727,2.571
5128990,A1,3.740,-83.0,2.727,2.571
5129000,A2,2.560,-84.2,2.727,2.571
5129120,A3,2.750,-80.2,2.727,2.571
5129140,A1,3.750,-83.1,2.741,2.583
5129150,A2,2.550,-84.0,2.750,2.583
5129270,A3,2.760,-80.3,2.750,2.574
5129290,A1,3.740,-83.4,2.736,2.562
5129300,A2,2.550,-83.2,2.736,2.562
5129420,A3,2.750,-80.4,2.736,2.571
5129440,A1,3.760,-83.5,2.763,2.596
5129450,A2,2.560,-83.8,2.754,2.596
5129570,A3,2.780,-80.7,2.754,2.568
5129590,A1,3.780,-83.2,2.781,2.593
5129600,A2,2.580,-83.7,2.763,2.593
5129720,A3,2.740,-80.9,2.763,2.630
5129740,A1,3.710,-83.2,2.668,2.543
5129750,A2,2.580,-83.3,2.668,2.543
5129870,A3,2.760,-80.8,2.668,2.524
5129890,A1,3.770,-83.6,2.749,2.599
5129900,A2,2.560,-83.9,2.768,2.599
5130020,A3,2.740,-80.4,2.768,2.618
5130040,A1,3.740,-83.1,2.727,2.580
5130050,A2,2.570,-84.3,2.718,2.580
5130170,A3,2.750,-80.4,2.718,2.571
5130190,A1,3.750,-83.3,2.731,2.583
5130200,A2,2.570,-83.6,2.731,2.583
5130320,A3,2.740,-80.8,2.731,2.592
5130340,A1,3.760,-83.5,2.745,2.605
5130350,A2,2.560,-83.6,2.754,2.605
5130470,A3,2.750,-80.7,2.754,2.596
5130490,A1,3.750,-83.4,2.741,2.583
5130500,A2,2.590,-83.6,2.713,2.583
5130770,A3,2.750,-80.7,2.713,2.583
5130790,A1,3.770,-83.2,2.740,2.608
5131070,A3,2.720,-80.7,2.740,2.636
5131090,A1,3.740,-83.4,2.699,2.598
5131100,A2,2.580,-83.6,2.709,2.598
5131220,A3,2.750,-80.7,2.709,2.571
5131240,A1,3.780,-83.3,2.763,2.621
5131250,A2,2.590,-83.3,2.753,2.621
5131370,A3,2.760,-80.4,2.753,2.612
5131390,A1,3.750,-83.6,2.713,2.574
5131400,A2,2.570,-83.4,2.731,2.574
5131520,A3,2.750,-80.5,2.731,2.583
5131540,A1,3.750,-83.6,2.731,2.583
5131550,A2,2.580,-83.4,2.722,2.583
5131670,A3,2.790,-79.9,2.722,2.546
5131690,A1,3.720,-83.5,2.682,2.509
5131700,A2,2.560,-83.8,2.700,2.509
5131820,A3,2.740,-80.5,2.700,2.555
5131840,A1,3.720,-83.6,2.700,2.555
5131850,A2,2.600,-84.2,2.663,2.555
5131970,A3,2.750,-80.4,2.663,2.546
5131990,A1,3.730,-83.7,2.676,2.558
5132000,A2,2.580,-84.7,2.695,2.558
5132120,A3,2.780,-80.6,2.695,2.531
5132140,A1,3.740,-83.5,2.709,2.543
5132150,A2,2.560,-83.2,2.727,2.543
5132270,A3,2.750,-80.1,2.727,2.571
5132290,A1,3.740,-83.8,2.727,2.571
5132300,A2,2.560,-84.7,2.727,2.571
5132420,A3,2.750,-80.1,2.727,2.571
5132440,A1,3.750,-83.5,2.741,2.583
5132450,A2,2.550,-83.5,2.750,2.583
5132570,A3,2.760,-80.2,2.750,2.574
5132590,A1,3.740,-83.6,2.736,2.562
5132600,A2,2.560,-83.7,2.727,2.562
5132720,A3,2.780,-80.3,2.727,2.543
5132740,A1,3.760,-83.8,2.754,2.568
5132750,A2,2.580,-84.0,2.736,2.568
5132870,A3,2.780,-80.3,2.736,2.568
5132890,A1,3.750,-84.1,2.722,2.556
5132900,A2,2.600,-83.7,2.703,2.556
5133020,A3,2.770,-79.7,2.703,2.565
5133040,A1,3.700,-83.4,2.636,2.503
5133050,A2,2.610,-84.0,2.627,2.503
5133170,A3,2.770,-80.5,2.627,2.503
5133190,A1,3.750,-83.7,2.694,2.565
5133200,A2,2.580,-83.3,2.722,2.565
5133320,A3,2.750,-80.3,2.722,2.583
5133340,A1,3.720,-83.7,2.682,2.546
5133350,A2,2.530,-84.7,2.728,2.546
5133470,A3,2.750,-80.3,2.728,2.546
5133490,A1,3.730,-83.5,2.741,2.558
5133500,A2,2.540,-83.8,2.732,2.558
5133620,A3,2.740,-80.1,2.732,2.568
5133640,A1,3.720,-83.5,2.719,2.555
5133650,A2,2.570,-83.6,2.691,2.555
5133920,A3,2.740,-80.6,2.691,2.555
5133940,A1,3.700,-83.3,2.664,2.530
5133950,A2,2.580,-83.6,2.655,2.530
5134070,A3,2.750,-80.5,2.655,2.521
5134090,A1,3.730,-83.5,2.695,2.558
5134100,A2,2.580,-83.4,2.695,2.558
5134220,A3,2.780,-80.6,2.695,2.531
5134240,A1,3.740,-83.4,2.709,2.543
5134250,A2,2.570,-84.0,2.718,2.543
5134370,A3,2.740,-80.1,2.718,2.580
5134390,A1,3.740,-83.4,2.718,2.580
5134400,A2,2.580,-84.4,2.709,2.580
5134540,A1,3.730,-83.1,2.695,2.568
5134550,A2,2.570,-84.1,2.704,2.568
5134690,A1,3.750,-83.6,2.731,2.592
5134700,A2,2.570,-83.5,2.731,2.592
5134820,A3,2.770,-80.0,2.731,2.565
5134840,A1,3.760,-83.4,2.745,2.577
5134850,A2,2.580,-83.4,2.736,2.577
5134970,A3,2.750,-80.6,2.736,2.596
5134990,A1,3.770,-83.5,2.749,2.608
5135000,A2,2.580,-84.2,2.749,2.608
5135120,A3,2.760,-80.3,2.749,2.599
5135140,A1,3.780,-83.5,2.763,2.612
5135150,A2,2.560,-83.8,2.781,2.612
5135270,A3,2.750,-80.6,2.781,2.621
5135290,A1,3.740,-83.5,2.727,2.571
5135300,A2,2.580,-83.9,2.709,2.571
5135420,A3,2.750,-80.5,2.709,2.571
5135440,A1,3.750,-83.7,2.722,2.583
5135450,A2,2.570,-84.6,2.731,2.583
5135590,A1,3.720,-83.5,2.691,2.546
5135600,A2,2.580,-84.8,2.682,2.546
5135740,A1,3.720,-83.6,2.682,2.546
5135750,A2,2.590,-83.8,2.672,2.546
5135870,A3,2.750,-80.6,2.672,2.546
5135890,A1,3.730,-84.1,2.686,2.558
5135900,A2,2.600,-84.0,2.676,2.558
5136020,A3,2.760,-80.7,2.676,2.549
5136040,A1,3.750,-83.5,2.703,2.574
5136050,A2,2.530,-84.7,2.768,2.574
5136170,A3,2.740,-80.2,2.768,2.592
5136190,A1,3.770,-83.8,2.795,2.618
5136200,A2,2.560,-83.9,2.768,2.618
5136320,A3,2.750,-80.9,2.768,2.608
5136340,A1,3.750,-83.6,2.741,2.583
5136350,A2,2.580,-83.5,2.722,2.583
5136470,A3,2.750,-80.2,2.722,2.583
5136490,A1,3.780,-83.5,2.763,2.621
5136770,A3,2.760,-80.7,2.763,2.612
5136790,A1,3.730,-83.3,2.695,2.549
5136800,A2,2.540,-84.7,2.732,2.549
5137070,A3,2.760,-80.8,2.732,2.549
5137090,A1,3.750,-83.7,2.759,2.574
5137100,A2,2.580,-84.0,2.722,2.574
5137220,A3,2.730,-80.8,2.722,2.602
5137240,A1,3.750,-83.7,2.722,2.602
5137250,A2,2.570,-85.0,2.731,2.602
5137370,A3,2.760,-80.4,2.731,2.574
5137390,A1,3.770,-83.3,2.758,2.599
5137400,A2,2.580,-83.5,2.749,2.599
5137520,A3,2.740,-80.8,2.749,2.618
5137540,A1,3.750,-83.7,2.722,2.592
5137550,A2,2.610,-84.5,2.694,2.592
5137670,A3,2.750,-80.6,2.694,2.583
5137690,A1,3.750,-83.3,2.694,2.583
5137700,A2,2.560,-84.7,2.741,2.583
5137820,A3,2.780,-80.6,2.741,2.556
5137840,A1,3.770,-83.6,2.768,2.581
5137850,A2,2.590,-83.8,2.740,2.581
5137970,A3,2.750,-80.5,2.740,2.608
5137990,A1,3.750,-83.5,2.713,2.583
5138000,A2,2.570,-83.5,2.731,2.583
5138120,A3,2.760,-81.8,2.731,2.574
5138140,A1,3.720,-84.1,2.691,2.537
5138150,A2,2.580,-84.8,2.682,2.537
5138270,A3,2.760,-80.6,2.682,2.537
5138290,A1,3.750,-83.3,2.722,2.574
5138300,A2,2.550,-84.4,2.750,2.574
5138420,A3,2.750,-80.6,2.750,2.583
5138440,A1,3.730,-83.7,2.723,2.558
5138450,A2,2.590,-84.3,2.686,2.558
5138570,A3,2.720,-80.4,2.686,2.586
5138590,A1,3.730,-83.5,2.686,2.586
5138600,A2,2.580,-83.5,2.695,2.586
5138720,A3,2.740,-80.8,2.695,2.568
5138740,A1,3.750,-83.9,2.722,2.592
5138750,A2,2.560,-85.0,2.741,2.592
5138870,A3,2.750,-80.4,2.741,2.583
5138890,A1,3.740,-83.4,2.727,2.571
5138900,A2,2.570,-84.4,2.718,2.571
5139020,A3,2.750,-81.0,2.718,2.571
5139040,A1,3.730,-83.3,2.704,2.558
5139050,A2,2.580,-83.7,2.695,2.558
5139170,A3,2.760,-80.8,2.695,2.549
5139190,A1,3.750,-83.6,2.722,2.574
5139200,A2,2.580,-83.4,2.722,2.574
5139320,A3,2.750,-80.8,2.722,2.583
5139340,A1,3.750,-83.9,2.722,2.583
5139350,A2,2.590,-84.4,2.713,2.583
5139470,A3,2.730,-80.4,2.713,2.602
5139490,A1,3.740,-83.9,2.699,2.589
5139500,A2,2.590,-83.7,2.699,2.589
5139620,A3,2.740,-81.0,2.699,2.580
5139640,A1,3.790,-83.8,2.767,2.643
5139650,A2,2.580,-83.9,2.776,2.643
5139770,A3,2.750,-80.8,2.776,2.634
5139790,A1,3.750,-83.2,2.722,2.583
5139800,A2,2.540,-84.2,2.759,2.583
5139920,A3,2.750,-80.7,2.759,2.583
5139940,A1,3.730,-83.4,2.732,2.558
5139950,A2,2.540,-84.6,2.732,2.558
5140220,A3,2.770,-80.7,2.732,2.540
5140240,A1,3.790,-83.8,2.813,2.615
5140250,A2,2.560,-84.2,2.795,2.615
5140370,A3,2.790,-80.9,2.795,2.597
5140390,A1,3.760,-83.5,2.754,2.559
5140400,A2,2.560,-84.7,2.754,2.559
5140520,A3,2.720,-80.8,2.754,2.623
5140540,A1,3.740,-83.6,2.727,2.598
5140550,A2,2.530,-84.1,2.755,2.598
5140670,A3,2.760,-80.6,2.755,2.562
5140690,A1,3.770,-83.6,2.795,2.599
5140700,A2,2.550,-83.6,2.777,2.599
5140820,A3,2.740,-80.6,2.777,2.618
5140850,A2,2.570,-83.7,2.758,2.618
5141000,A2,2.590,-83.6,2.740,2.618
5141120,A3,2.730,-80.7,2.740,2.627
5141140,A1,3.770,-83.4,2.740,2.627
5141150,A2,2.530,-84.8,2.795,2.627
5141270,A3,2.770,-81.0,2.795,2.590
5141290,A1,3.730,-83.4,2.741,2.540
5141300,A2,2.560,-84.6,2.714,2.540
5141420,A3,2.750,-80.5,2.714,2.558
5141440,A1,3.750,-83.5,2.741,2.583
5141450,A2,2.560,-83.8,2.741,2.583
5141570,A3,2.750,-80.2,2.741,2.583
5141590,A1,3.760,-83.4,2.754,2.596
5141600,A2,2.570,-83.9,2.745,2.596
5141720,A3,2.770,-80.6,2.745,2.577
5141740,A1,3.740,-83.5,2.718,2.552
5141750,A2,2.560,-84.7,2.727,2.552
5141870,A3,2.730,-80.7,2.727,2.589
5141890,A1,3.740,-83.6,2.727,2.589
5141900,A2,2.570,-84.5,2.718,2.589
5142020,A3,2.770,-80.6,2.718,2.552
5142040,A1,3.740,-83.4,2.718,2.552
5142050,A2,2.570,-84.4,2.718,2.552
5142170,A3,2.760,-80.9,2.718,2.562
5142190,A1,3.730,-83.6,2.704,2.549
5142200,A2,2.590,-83.5,2.686,2.549
5142320,A3,2.730,-80.6,2.686,2.577
5142340,A1,3.720,-83.3,2.672,2.564
5142350,A2,2.570,-83.6,2.691,2.564
5142470,A3,2.780,-80.7,2.691,2.518
5142490,A1,3.780,-83.4,2.772,2.593
5142500,A2,2.580,-83.5,2.763,2.593
5142620,A3,2.750,-80.8,2.763,2.621
5142640,A1,3.760,-83.7,2.736,2.596
5142650,A2,2.560,-84.7,2.754,2.596
5142770,A3,2.760,-80.7,2.754,2.587
5142790,A1,3.750,-83.4,2.741,2.574
5142800,A2,2.590,-84.3,2.713,2.574
5142920,A3,2.750,-80.6,2.713,2.583
5142940,A1,3.730,-83.5,2.686,2.558
5142950,A2,2.560,-83.7,2.714,2.558
5143070,A3,2.750,-80.5,2.714,2.558
5143090,A1,3.740,-83.8,2.727,2.571
5143100,A2,2.550,-83.4,2.736,2.571
5143370,A3,2.740,-80.7,2.736,2.580
5143390,A1,3.770,-83.7,2.777,2.618
5143400,A2,2.570,-84.1,2.758,2.618
5143520,A3,2.740,-80.7,2.758,2.618
5143540,A1,3.750,-83.7,2.731,2.592
5143550,A2,2.560,-83.9,2.741,2.592
5143670,A3,2.760,-80.6,2.741,2.574
5143690,A1,3.770,-83.6,2.768,2.599
5143700,A2,2.560,-83.4,2.768,2.599
5143820,A3,2.730,-80.7,2.768,2.627
5143840,A1,3.730,-83.4,2.714,2.577
5143850,A2,2.570,-84.6,2.704,2.577
5143970,A3,2.770,-80.9,2.704,2.540
5143990,A1,3.760,-83.8,2.745,2.577
5144000,A2,2.580,-83.4,2.736,2.577
5144120,A3,2.730,-80.7,2.736,2.614
5144140,A1,3.750,-83.3,2.722,2.602
5144150,A2,2.560,-84.7,2.741,2.602
5144270,A3,2.770,-80.8,2.741,2.565
5144290,A1,3.740,-83.4,2.727,2.552
5144300,A2,2.590,-83.9,2.699,2.552
5144420,A3,2.750,-81.0,2.699,2.571
5144440,A1,3.760,-83.6,2.726,2.596
5144450,A2,2.550,-84.4,2.763,2.596
5144570,A3,2.740,-80.2,2.763,2.605
5144590,A1,3.750,-83.7,2.750,2.592
5144600,A2,2.540,-83.5,2.759,2.592
5144720,A3,2.770,-80.7,2.759,2.565
5144740,A1,3.770,-83.6,2.786,2.590
5144750,A2,2.560,-83.4,2.768,2.590
5144870,A3,2.730,-80.3,2.768,2.627
5144890,A1,3.730,-83.9,2.714,2.577
5144900,A2,2.580,-84.3,2.695,2.577
5145020,A3,2.740,-80.8,2.695,2.568
5145040,A1,3.730,-83.9,2.695,2.568
5145050,A2,2.580,-83.5,2.695,2.568
5145170,A3,2.760,-80.9,2.695,2.549
5145190,A1,3.740,-83.7,2.709,2.562
5145200,A2,2.570,-84.0,2.718,2.562
5145320,A3,2.720,-80.7,2.718,2.598
5145340,A1,3.770,-83.6,2.758,2.636
5145350,A2,2.580,-84.7,2.749,2.636
5145470,A3,2.780,-80.9,2.749,2.581
5145490,A1,3.760,-83.3,2.736,2.568
5145500,A2,2.570,-83.6,2.745,2.568
5145620,A3,2.760,-80.5,2.745,2.587
5145640,A1,3.770,-83.6,2.758,2.599
5145650,A2,2.580,-84.4,2.749,2.599
5145770,A3,2.750,-80.7,2.749,2.608
5145790,A1,3.770,-83.6,2.749,2.608
5145800,A2,2.580,-84.3,2.749,2.608
5145920,A3,2.750,-80.9,2.749,2.608
5145940,A1,3.730,-83.7,2.695,2.558
5145950,A2,2.560,-84.4,2.714,2.558
5146070,A3,2.740,-80.4,2.714,2.568
5146090,A1,3.710,-83.5,2.687,2.543
5146100,A2,2.580,-83.9,2.668,2.543
5146220,A3,2.780,-80.8,2.668,2.506
5146240,A1,3.730,-83.6,2.695,2.531
5146250,A2,2.540,-84.1,2.732,2.531
5146520,A3,2.750,-80.6,2.732,2.558
5146540,A1,3.780,-83.4,2.799,2.621
5146550,A2,2.580,-83.5,2.763,2.621
5146670,A3,2.730,-80.8,2.763,2.639
5146690,A1,3.720,-83.5,2.682,2.564
5146700,A2,2.590,-83.4,2.672,2.564
5146820,A3,2.750,-80.7,2.672,2.546
5146840,A1,3.760,-83.4,2.726,2.596
5146850,A2,2.570,-84.6,2.745,2.596
5146970,A3,2.760,-80.6,2.745,2.587
5146990,A1,3.730,-83.4,2.704,2.549
5147000,A2,2.580,-84.1,2.695,2.549
5147120,A3,2.760,-80.7,2.695,2.549
5147140,A1,3.720,-83.3,2.682,2.537
5147150,A2,2.570,-84.6,2.691,2.537
5147270,A3,2.730,-80.3,2.691,2.564
5147290,A1,3.760,-83.4,2.745,2.614
5147300,A2,2.570,-83.5,2.745,2.614
5147420,A3,2.750,-80.7,2.745,2.596
5147440,A1,3.770,-83.2,2.758,2.608
5147450,A2,2.530,-84.1,2.795,2.608
5147570,A3,2.750,-80.5,2.795,2.608
5147590,A1,3.760,-83.1,2.781,2.596
5147600,A2,2.590,-84.2,2.726,2.596
5147720,A3,2.770,-80.4,2.726,2.577
5147740,A1,3.750,-83.4,2.713,2.565
5147750,A2,2.580,-84.2,2.722,2.565
5147870,A3,2.760,-80.2,2.722,2.574
5147900,A2,2.530,-84.0,2.768,2.574
5148050,A2,2.560,-83.2,2.741,2.574
5148170,A3,2.740,-80.2,2.741,2.592
5148190,A1,3.750,-83.7,2.741,2.592
5148200,A2,2.540,-84.0,2.759,2.592
5148320,A3,2.760,-80.3,2.759,2.574
5148340,A1,3.760,-83.2,2.772,2.587
5148350,A2,2.570,-84.1,2.745,2.587
5148470,A3,2.760,-80.4,2.745,2.587
5148490,A1,3.760,-83.5,2.745,2.587
5148500,A2,2.600,-84.3,2.717,2.587
5148620,A3,2.750,-80.6,2.717,2.596
5148640,A1,3.780,-83.4,2.744,2.621
5148650,A2,2.590,-84.2,2.753,2.621
5148770,A3,2.750,-80.5,2.753,2.621
5148790,A1,3.730,-83.5,2.686,2.558
5148800,A2,2.570,-84.3,2.704,2.558
5148920,A3,2.740,-80.7,2.704,2.568
5148940,A1,3.740,-83.6,2.718,2.580
5148950,A2,2.570,-84.4,2.718,2.580
5149070,A3,2.760,-80.8,2.718,2.562
5149090,A1,3.750,-83.5,2.731,2.574
5149100,A2,2.560,-84.5,2.741,2.574
5149220,A3,2.750,-80.6,2.741,2.583
5149240,A1,3.760,-83.4,2.754,2.596
5149250,A2,2.560,-83.3,2.754,2.596
5149370,A3,2.740,-80.6,2.754,2.605
5149390,A1,3.760,-83.6,2.754,2.605
5149400,A2,2.560,-83.6,2.754,2.605
5149690,A1,3.780,-83.5,2.781,2.630
5149700,A2,2.560,-84.0,2.781,2.630
5149840,A1,3.750,-83.8,2.741,2.592
5149850,A2,2.570,-84.6,2.731,2.592
5149970,A3,2.740,-80.7,2.731,2.592
5149990,A1,3.770,-83.5,2.758,2.618
5150000,A2,2.550,-83.3,2.777,2.618
5150120,A3,2.760,-80.7,2.777,2.599
5150140,A1,3.760,-83.2,2.763,2.587
5150150,A2,2.540,-83.8,2.772,2.587
5150270,A3,2.730,-80.2,2.772,2.614
5150290,A1,3.780,-83.7,2.799,2.639
5150300,A2,2.580,-84.7,2.763,2.639
5150420,A3,2.770,-80.7,2.763,2.603
5150440,A1,3.780,-83.6,2.763,2.603
5150450,A2,2.600,-84.0,2.744,2.603
5150570,A3,2.750,-80.6,2.744,2.621
5150590,A1,3.740,-83.5,2.690,2.571
5150600,A2,2.570,-84.1,2.718,2.571
5150720,A3,2.750,-80.3,2.718,2.571
5150740,A1,3.750,-83.4,2.731,2.583
5150750,A2,2.580,-83.2,2.722,2.583
5150870,A3,2.740,-80.4,2.722,2.592
5150890,A1,3.750,-83.8,2.722,2.592
5150900,A2,2.560,-83.3,2.741,2.592
5151020,A3,2.760,-80.3,2.741,2.574
5151040,A1,3.760,-83.7,2.754,2.587
5151050,A2,2.590,-83.1,2.726,2.587
5151170,A3,2.740,-80.2,2.726,2.605
5151190,A1,3.710,-83.1,2.659,2.543
5151200,A2,2.540,-83.1,2.705,2.543
5151320,A3,2.780,-79.9,2.705,2.506
5151340,A1,3.740,-83.7,2.745,2.543
5151350,A2,2.550,-83.8,2.736,2.543
5151470,A3,2.800,-79.7,2.736,2.525
5151490,A1,3.740,-83.4,2.736,2.525
5151500,A2,2.590,-84.2,2.699,2.525
5151620,A3,2.760,-80.7,2.699,2.562
5151640,A1,3.770,-83.8,2.740,2.599
5151650,A2,2.570,-83.3,2.758,2.599
5151770,A3,2.770,-80.2,2.758,2.590
5151790,A1,3.760,-83.2,2.745,2.577
5151800,A2,2.590,-82.2,2.726,2.577
5151920,A3,2.740,-80.1,2.726,2.605
5151940,A1,3.770,-83.2,2.740,2.618
5151950,A2,2.560,-84.3,2.768,2.618
5152070,A3,2.750,-80.1,2.768,2.608
5152090,A1,3.750,-82.8,2.741,2.583
5152100,A2,2.580,-83.0,2.722,2.583
5152220,A3,2.780,-80.3,2.722,2.556
5152240,A1,3.750,-82.9,2.722,2.556
5152250,A2,2.570,-84.3,2.731,2.556
5152370,A3,2.770,-80.7,2.731,2.565
5152390,A1,3.750,-82.4,2.731,2.565
5152400,A2,2.550,-84.1,2.750,2.565
5152520,A3,2.780,-80.1,2.750,2.556
5152540,A1,3.770,-82.8,2.777,2.581
5152550,A2,2.540,-84.2,2.786,2.581
5152820,A3,2.790,-80.2,2.786,2.571
5152840,A1,3.790,-81.8,2.813,2.597
5152850,A2,2.570,-84.4,2.786,2.597
5152970,A3,2.770,-80.5,2.786,2.615
5152990,A1,3.750,-81.6,2.731,2.565
5153000,A2,2.580,-84.6,2.722,2.565
5153120,A3,2.760,-79.9,2.722,2.574
5153140,A1,3.730,-82.5,2.695,2.549
5153150,A2,2.590,-83.7,2.686,2.549
5153270,A3,2.770,-80.4,2.686,2.540
5153290,A1,3.760,-82.8,2.726,2.577
5153300,A2,2.550,-83.9,2.763,2.577
5153420,A3,2.790,-79.3,2.763,2.559
5153440,A1,3.790,-82.7,2.804,2.597
5153450,A2,2.590,-84.4,2.767,2.597
5153570,A3,2.760,-80.5,2.767,2.624
5153590,A1,3.790,-82.9,2.767,2.624
5153600,A2,2.550,-85.0,2.804,2.624
5153720,A3,2.790,-81.2,2.804,2.597
5153740,A1,3.760,-83.4,2.763,2.559
5153750,A2,2.580,-83.2,2.736,2.559
5153870,A3,2.750,-80.3,2.736,2.596
5153890,A1,3.770,-83.4,2.749,2.608
5153900,A2,2.570,-83.3,2.758,2.608
5154020,A3,2.760,-80.1,2.758,2.599
5154040,A1,3.770,-83.4,2.758,2.599
5154050,A2,2.550,-83.9,2.777,2.599
5154170,A3,2.770,-80.6,2.777,2.590
5154190,A1,3.740,-83.9,2.736,2.552
5154200,A2,2.570,-83.1,2.718,2.552
5154320,A3,2.740,-80.5,2.718,2.580
5154340,A1,3.740,-83.9,2.718,2.580
5154350,A2,2.580,-83.4,2.709,2.580
5154470,A3,2.740,-80.8,2.709,2.580
5154490,A1,3.760,-83.6,2.736,2.605
5154500,A2,2.560,-82.8,2.754,2.605
5154620,A3,2.740,-80.8,2.754,2.605
5154640,A1,3.740,-83.5,2.727,2.580
5154650,A2,2.580,-83.4,2.709,2.580
5154770,A3,2.790,-80.9,2.709,2.534
5154790,A1,3.740,-83.7,2.709,2.534
5154800,A2,2.570,-83.3,2.718,2.534
5154920,A3,2.750,-80.7,2.718,2.571
5154940,A1,3.710,-84.1,2.678,2.534
5154950,A2,2.590,-83.4,2.659,2.534
5155070,A3,2.760,-80.3,2.659,2.524
5155090,A1,3.730,-84.1,2.686,2.549
5155100,A2,2.560,-83.9,2.714,2.549
5155220,A3,2.760,-82.0,2.714,2.549
5155240,A1,3.780,-84.4,2.781,2.612
5155250,A2,2.580,-84.5,2.763,2.612
5155370,A3,2.740,-80.7,2.763,2.630
5155390,A1,3.760,-83.9,2.736,2.605
5155400,A2,2.590,-83.9,2.726,2.605
5155520,A3,2.740,-80.8,2.726,2.605
5155540,A1,3.730,-84.3,2.686,2.568
5155550,A2,2.560,-83.8,2.714,2.568
5155670,A3,2.740,-80.9,2.714,2.568
5155690,A1,3.750,-84.2,2.741,2.592
5155700,A2,2.560,-84.2,2.741,2.592
5155970,A3,2.760,-81.0,2.741,2.574
5155990,A1,3.740,-83.8,2.727,2.562
5156000,A2,2.550,-83.3,2.736,2.562
5156120,A3,2.730,-80.7,2.736,2.589
5156140,A1,3.700,-84.0,2.683,2.540
5156150,A2,2.580,-83.8,2.655,2.540
5156270,A3,2.740,-80.8,2.655,2.530
5156290,A1,3.720,-83.9,2.682,2.555
5156300,A2,2.570,-83.2,2.691,2.555
5156420,A3,2.750,-80.4,2.691,2.546
5156440,A1,3.750,-83.5,2.731,2.583
5156450,A2,2.560,-83.2,2.741,2.583
5156570,A3,2.750,-80.7,2.741,2.583
5156590,A1,3.720,-83.6,2.700,2.546
5156600,A2,2.580,-83.0,2.682,2.546
5156720,A3,2.760,-80.4,2.682,2.537
5156740,A1,3.740,-83.4,2.709,2.562
5156750,A2,2.570,-83.1,2.718,2.562
5156870,A3,2.740,-80.5,2.718,2.580
5156890,A1,3.720,-83.7,2.691,2.555
5156900,A2,2.580,-83.2,2.682,2.555
5157040,A1,3.760,-83.8,2.736,2.605
5157050,A2,2.570,-84.3,2.745,2.605
5157190,A1,3.720,-83.3,2.691,2.555
5157200,A2,2.580,-83.2,2.682,2.555
5157320,A3,2.770,-80.2,2.682,2.528
5157340,A1,3.750,-83.6,2.722,2.565
5157350,A2,2.550,-84.2,2.750,2.565
5157470,A3,2.760,-80.0,2.750,2.574
5157490,A1,3.740,-83.8,2.736,2.562
5157500,A2,2.560,-83.9,2.727,2.562
5157620,A3,2.740,-80.0,2.727,2.580
5157640,A1,3.720,-83.9,2.700,2.555
5157650,A2,2.590,-83.2,2.672,2.555
5157770,A3,2.780,-79.4,2.672,2.518
5157790,A1,3.760,-83.6,2.726,2.568
5157800,A2,2.590,-84.4,2.726,2.568
5157920,A3,2.740,-80.3,2.726,2.605
5157940,A1,3.770,-83.8,2.740,2.618
5157950,A2,2.560,-84.7,2.768,2.618
5158070,A3,2.750,-79.9,2.768,2.608
5158090,A1,3.720,-83.4,2.700,2.546
5158100,A2,2.570,-83.8,2.691,2.546
5158220,A3,2.740,-80.0,2.691,2.555
5158240,A1,3.740,-83.7,2.718,2.580
5158250,A2,2.560,-84.9,2.727,2.580
5158370,A3,2.750,-80.4,2.727,2.571
5158390,A1,3.740,-83.4,2.727,2.571
5158400,A2,2.570,-83.4,2.718,2.571
5158520,A3,2.750,-80.4,2.718,2.571
5158540,A1,3.720,-83.8,2.691,2.546
5158550,A2,2.560,-84.8,2.700,2.546
5158820,A3,2.750,-80.1,2.700,2.546
5158840,A1,3.770,-83.7,2.768,2.608
5158850,A2,2.590,-83.6,2.740,2.608
5159120,A3,2.790,-80.0,2.740,2.571
5159140,A1,3.740,-83.4,2.699,2.534
5159150,A2,2.560,-83.5,2.727,2.534
5159270,A3,2.750,-80.2,2.727,2.571
5159290,A1,3.760,-83.8,2.754,2.596
5159300,A2,2.570,-84.6,2.745,2.596
5159420,A3,2.780,-80.0,2.745,2.568
5159440,A1,3.740,-83.5,2.718,2.543
5159450,A2,2.570,-83.8,2.718,2.543
5159570,A3,2.750,-80.3,2.718,2.571
5159590,A1,3.780,-83.4,2.772,2.621
5159600,A2,2.560,-84.7,2.781,2.621
5159720,A3,2.740,-80.1,2.781,2.630
5159740,A1,3.730,-83.6,2.714,2.568
5159750,A2,2.560,-83.4,2.714,2.568
5159870,A3,2.740,-80.1,2.714,2.568
5159900,A2,2.580,-83.4,2.695,2.568
5160050,A2,2.560,-84.5,2.714,2.568
5160170,A3,2.770,-79.8,2.714,2.540
5160190,A1,3.770,-83.2,2.768,2.590
5160200,A2,2.580,-83.2,2.749,2.590
5160320,A3,2.780,-79.8,2.749,2.581
5160340,A1,3.740,-82.9,2.709,2.543
5160350,A2,2.560,-84.0,2.727,2.543
5160470,A3,2.750,-80.4,2.727,2.571
5160490,A1,3.750,-83.6,2.741,2.583
5160770,A3,2.740,-80.3,2.741,2.592
5160790,A1,3.770,-83.3,2.768,2.618
5160800,A2,2.560,-83.5,2.768,2.618
5160920,A3,2.760,-80.1,2.768,2.599
5160940,A1,3.750,-82.6,2.741,2.574
5160950,A2,2.550,-84.5,2.750,2.574
5161070,A3,2.780,-79.7,2.750,2.556
5161090,A1,3.730,-82.9,2.723,2.531
5161100,A2,2.590,-83.5,2.686,2.531
5161220,A3,2.780,-79.8,2.686,2.531
5161240,A1,3.730,-82.9,2.686,2.531
5161250,A2,2.600,-82.8,2.676,2.531
5161370,A3,2.770,-79.9,2.676,2.540
5161390,A1,3.730,-82.7,2.676,2.540
5161400,A2,2.570,-84.1,2.704,2.540
5161520,A3,2.760,-80.3,2.704,2.549
5161540,A1,3.760,-82.2,2.745,2.587
5161550,A2,2.550,-83.4,2.763,2.587
5161670,A3,2.790,-80.1,2.763,2.559
5161690,A1,3.730,-83.1,2.723,2.521
5161700,A2,2.600,-83.7,2.676,2.521
5161820,A3,2.770,-80.1,2.676,2.540
5161840,A1,3.740,-82.5,2.690,2.552
5161850,A2,2.590,-83.0,2.699,2.552
5161970,A3,2.760,-80.0,2.699,2.562
5161990,A1,3.770,-81.8,2.740,2.599
5162000,A2,2.590,-83.7,2.740,2.599
5162270,A3,2.770,-80.0,2.740,2.590
5162290,A1,3.790,-82.0,2.767,2.615
5162300,A2,2.560,-83.4,2.795,2.615
5162420,A3,2.780,-80.0,2.795,2.606
5162440,A1,3.760,-81.6,2.754,2.568
5162450,A2,2.540,-84.6,2.772,2.568
5162570,A3,2.760,-80.1,2.772,2.587
5162590,A1,3.770,-81.9,2.786,2.599
5162600,A2,2.570,-83.8,2.758,2.599
5162720,A3,2.770,-80.2,2.758,2.590
5162740,A1,3.730,-82.3,2.704,2.540
5162750,A2,2.560,-83.1,2.714,2.540
5162870,A3,2.750,-80.2,2.714,2.558
5162890,A1,3.740,-82.2,2.727,2.571
5162900,A2,2.570,-83.5,2.718,2.571
5163020,A3,2.750,-80.1,2.718,2.571
5163040,A1,3.730,-82.2,2.704,2.558
5163050,A2,2.520,-84.4,2.750,2.558
5163170,A3,2.780,-80.0,2.750,2.531
5163190,A1,3.780,-82.4,2.818,2.593
5163200,A2,2.560,-83.3,2.781,2.593
5163320,A3,2.760,-80.7,2.781,2.612
5163340,A1,3.760,-82.8,2.754,2.587
5163350,A2,2.580,-83.4,2.736,2.587
5163470,A3,2.750,-80.7,2.736,2.596
5163490,A1,3.770,-82.9,2.749,2.608
5163500,A2,2.570,-84.2,2.758,2.608
5163620,A3,2.760,-79.9,2.758,2.599
5163640,A1,3.730,-82.6,2.704,2.549
5163650,A2,2.590,-83.8,2.686,2.549
5163770,A3,2.760,-79.7,2.686,2.549
5163790,A1,3.770,-82.5,2.740,2.599
5163800,A2,2.580,-83.8,2.749,2.599
5163920,A3,2.770,-80.3,2.749,2.590
5163940,A1,3.750,-83.4,2.722,2.565
5163950,A2,2.560,-83.8,2.741,2.565
5164070,A3,2.780,-80.4,2.741,2.556
5164090,A1,3.780,-82.9,2.781,2.593
5164100,A2,2.550,-83.8,2.790,2.593
5164220,A3,2.770,-80.7,2.790,2.603
5164240,A1,3.740,-83.2,2.736,2.552
5164250,A2,2.560,-82.6,2.727,2.552
5164370,A3,2.770,-80.1,2.727,2.552
5164390,A1,3.730,-83.5,2.714,2.540
5164400,A2,2.560,-83.6,2.714,2.540
5164520,A3,2.760,-79.7,2.714,2.549
5164540,A1,3.730,-83.9,2.714,2.549
5164550,A2,2.580,-84.3,2.695,2.549
5164670,A3,2.760,-79.9,2.695,2.549
5164690,A1,3.750,-83.7,2.722,2.574
5164700,A2,2.600,-83.6,2.703,2.574
5164820,A3,2.770,-79.8,2.703,2.565
5164840,A1,3.760,-84.0,2.717,2.577
5164850,A2,2.560,-83.1,2.754,2.577
5164970,A3,2.750,-80.6,2.754,2.596
5164990,A1,3.770,-83.7,2.768,2.608
5165000,A2,2.540,-83.4,2.786,2.608
5165120,A3,2.750,-81.0,2.786,2.608
5165140,A1,3.770,-83.6,2.786,2.608
5165150,A2,2.600,-83.0,2.730,2.608
5165570,A3,2.770,-81.0,2.730,2.590
5165590,A1,3.760,-83.7,2.717,2.577
5165600,A2,2.580,-83.7,2.736,2.577
5165720,A3,2.780,-80.9,2.736,2.568
5165740,A1,3.760,-83.6,2.736,2.568
5165750,A2,2.560,-83.0,2.754,2.568
5165870,A3,2.770,-82.8,2.754,2.577
5165890,A1,3.730,-84.5,2.714,2.540
5165900,A2,2.570,-83.4,2.704,2.540
5166020,A3,2.750,-80.5,2.704,2.558
5166040,A1,3.710,-83.5,2.678,2.534
5166050,A2,2.590,-83.6,2.659,2.534
5166170,A3,2.740,-80.9,2.659,2.543
5166190,A1,3.740,-83.7,2.699,2.580
5166200,A2,2.570,-82.8,2.718,2.580
5166320,A3,2.780,-80.7,2.718,2.543
5166340,A1,3.750,-83.8,2.731,2.556
5166350,A2,2.570,-82.8,2.731,2.556
5166470,A3,2.740,-80.8,2.731,2.592
5166490,A1,3.760,-83.6,2.745,2.605
5166500,A2,2.560,-83.6,2.754,2.605
5166620,A3,2.770,-80.6,2.754,2.577
5166640,A1,3.730,-83.6,2.714,2.540
5166650,A2,2.590,-83.0,2.686,2.540
5166770,A3,2.760,-80.6,2.686,2.549
5166790,A1,3.750,-83.6,2.713,2.574
5166800,A2,2.580,-83.6,2.722,2.574
5166920,A3,2.750,-80.7,2.722,2.583
5166940,A1,3.770,-83.5,2.749,2.608
5166950,A2,2.550,-82.5,2.777,2.608
5167220,A3,2.750,-80.7,2.777,2.608
5167240,A1,3.730,-83.4,2.723,2.558
5167250,A2,2.570,-82.4,2.704,2.558
5167370,A3,2.740,-80.8,2.704,2.568
5167390,A1,3.760,-83.4,2.745,2.605
5167400,A2,2.610,-82.8,2.708,2.605
5167520,A3,2.770,-80.6,2.708,2.577
5167540,A1,3.780,-83.5,2.735,2.603
5167550,A2,2.550,-82.2,2.790,2.603
5167670,A3,2.740,-80.7,2.790,2.630
5167690,A1,3.730,-83.3,2.723,2.568
5167700,A2,2.600,-82.7,2.676,2.568
5167820,A3,2.770,-80.8,2.676,2.540
5167840,A1,3.770,-83.8,2.730,2.590
5167850,A2,2.550,-82.6,2.777,2.590
5167970,A3,2.740,-80.6,2.777,2.618
5167990,A1,3.740,-83.5,2.736,2.580
5168000,A2,2.570,-83.5,2.718,2.580
5168120,A3,2.760,-80.8,2.718,2.562
5168140,A1,3.760,-83.2,2.745,2.587
5168150,A2,2.600,-83.5,2.717,2.587
5168270,A3,2.760,-80.4,2.717,2.587
5168290,A1,3.770,-83.8,2.730,2.599
5168300,A2,2.570,-83.5,2.758,2.599
5168570,A3,2.770,-80.9,2.758,2.590
5168590,A1,3.740,-83.3,2.718,2.552
5168600,A2,2.570,-84.4,2.718,2.552
5168720,A3,2.760,-80.7,2.718,2.562
5168740,A1,3.780,-83.4,2.772,2.612
5168750,A2,2.580,-83.1,2.763,2.612
5168870,A3,2.760,-80.3,2.763,2.612
5168890,A1,3.730,-83.2,2.695,2.549
5168900,A2,2.580,-84.0,2.695,2.549
5169020,A3,2.770,-80.6,2.695,2.540
5169040,A1,3.780,-83.5,2.763,2.603
5169050,A2,2.580,-82.9,2.763,2.603
5169170,A3,2.740,-80.5,2.763,2.630
5169190,A1,3.780,-83.7,2.763,2.630
5169200,A2,2.590,-83.2,2.753,2.630
5169320,A3,2.740,-80.9,2.753,2.630
5169340,A1,3.730,-83.6,2.686,2.568
5169350,A2,2.580,-83.1,2.695,2.568
5169470,A3,2.760,-80.7,2.695,2.549
5169490,A1,3.740,-83.4,2.709,2.562
5169500,A2,2.570,-82.4,2.718,2.562
5169620,A3,2.760,-80.8,2.718,2.562
5169640,A1,3.750,-83.6,2.731,2.574
5169650,A2,2.580,-83.4,2.722,2.574
5169770,A3,2.760,-80.7,2.722,2.574
5169790,A1,3.740,-83.4,2.709,2.562
5169800,A2,2.590,-82.5,2.699,2.562
5169920,A3,2.740,-81.0,2.699,2.580
5169940,A1,3.750,-83.8,2.713,2.592
5169950,A2,2.550,-82.6,2.750,2.592
5170070,A3,2.750,-80.6,2.750,2.583
5170090,A1,3.740,-83.8,2.736,2.571
5170100,A2,2.570,-82.8,2.718,2.571
5170220,A3,2.750,-80.7,2.718,2.571
5170240,A1,3.780,-83.1,2.772,2.621
5170250,A2,2.590,-82.9,2.753,2.621
5170370,A3,2.740,-80.8,2.753,2.630
5170390,A1,3.730,-82.8,2.686,2.568
5170400,A2,2.560,-82.6,2.714,2.568
5170520,A3,2.760,-80.7,2.714,2.549
5170540,A1,3.740,-83.2,2.727,2.562
5170550,A2,2.580,-83.8,2.709,2.562
5170670,A3,2.770,-80.6,2.709,2.552
5170690,A1,3.730,-83.0,2.695,2.540
5170700,A2,2.570,-83.8,2.704,2.540
5170820,A3,2.750,-80.9,2.704,2.558
5170840,A1,3.730,-83.4,2.704,2.558
5171120,A3,2.750,-80.7,2.704,2.558
5171140,A1,3.750,-83.5,2.731,2.583
5171150,A2,2.580,-83.2,2.722,2.583
5171270,A3,2.760,-80.9,2.722,2.574
5171290,A1,3.740,-83.5,2.709,2.562
5171300,A2,2.570,-83.1,2.718,2.562
5171420,A3,2.750,-80.9,2.718,2.571
5171440,A1,3.760,-83.7,2.745,2.596
5171450,A2,2.570,-83.0,2.745,2.596
5171720,A3,2.760,-80.8,2.745,2.587
5171740,A1,3.730,-83.3,2.704,2.549
5171750,A2,2.570,-83.5,2.704,2.549
5171870,A3,2.770,-80.7,2.704,2.540
5171890,A1,3.760,-83.2,2.745,2.577
5171900,A2,2.560,-82.8,2.754,2.577
5172020,A3,2.750,-80.5,2.754,2.596
5172040,A1,3.740,-83.6,2.727,2.571
5172050,A2,2.580,-83.6,2.709,2.571
5172170,A3,2.740,-80.7,2.709,2.580
5172190,A1,3.770,-83.3,2.749,2.618
5172200,A2,2.560,-83.2,2.768,2.618
5172320,A3,2.750,-80.7,2.768,2.608
5172340,A1,3.780,-83.9,2.781,2.621
5172350,A2,2.570,-83.0,2.772,2.621
5172470,A3,2.750,-80.5,2.772,2.621
5172490,A1,3.760,-83.2,2.745,2.596
5172500,A2,2.580,-83.9,2.736,2.596
5172620,A3,2.750,-80.6,2.736,2.596
5172640,A1,3.770,-83.6,2.749,2.608
5172650,A2,2.590,-82.7,2.740,2.608
5172770,A3,2.740,-80.7,2.740,2.618
5172790,A1,3.780,-83.6,2.753,2.630
5172800,A2,2.560,-83.1,2.781,2.630
5172920,A3,2.750,-80.7,2.781,2.621
5172940,A1,3.760,-83.6,2.754,2.596
5172950,A2,2.570,-83.4,2.745,2.596
5173070,A3,2.740,-80.8,2.745,2.605
5173090,A1,3.770,-83.6,2.758,2.618
5173100,A2,2.560,-83.0,2.768,2.618
5173220,A3,2.740,-80.8,2.768,2.618
5173240,A1,3.740,-83.6,2.727,2.580
5173250,A2,2.590,-83.3,2.699,2.580
5173370,A3,2.740,-80.7,2.699,2.580
5173390,A1,3.730,-83.7,2.686,2.568
5173400,A2,2.550,-82.8,2.723,2.568
5173520,A3,2.740,-80.7,2.723,2.568
5173540,A1,3.760,-83.8,2.763,2.605
5173550,A2,2.570,-82.7,2.745,2.605
5173670,A3,2.750,-80.9,2.745,2.596
5173690,A1,3.780,-83.2,2.772,2.621
5173700,A2,2.560,-83.1,2.781,2.621
5173820,A3,2.760,-80.8,2.781,2.612
5173840,A1,3.730,-83.5,2.714,2.549
5173850,A2,2.560,-82.6,2.714,2.549
5173970,A3,2.770,-80.7,2.714,2.540
5173990,A1,3.760,-83.3,2.754,2.577
5174000,A2,2.550,-83.0,2.763,2.577
5174140,A1,3.760,-83.4,2.763,2.577
5174150,A2,2.550,-82.7,2.763,2.577
5174290,A1,3.780,-83.3,2.790,2.603
5174300,A2,2.560,-82.6,2.781,2.603
5174420,A3,2.750,-80.6,2.781,2.621
5174440,A1,3.780,-83.2,2.781,2.621
5174450,A2,2.590,-83.8,2.753,2.621
5174570,A3,2.740,-80.6,2.753,2.630
5174590,A1,3.790,-83.0,2.767,2.643
5174600,A2,2.590,-82.9,2.767,2.643
5174870,A3,2.750,-80.6,2.767,2.634
5174890,A1,3.740,-83.0,2.699,2.571
5174900,A2,2.590,-83.8,2.699,2.571
5175020,A3,2.770,-80.6,2.699,2.552
5175040,A1,3.740,-82.9,2.699,2.552
5175050,A2,2.560,-83.8,2.727,2.552
5175170,A3,2.760,-81.1,2.727,2.562
5175190,A1,3.760,-83.1,2.754,2.587
5175200,A2,2.580,-83.1,2.736,2.587
5175320,A3,2.770,-80.6,2.736,2.577
5175340,A1,3.740,-83.4,2.709,2.552
5175350,A2,2.550,-82.5,2.736,2.552
5175470,A3,2.770,-80.9,2.736,2.552
5175490,A1,3.770,-83.3,2.777,2.590
5175500,A2,2.570,-82.7,2.758,2.590
5175620,A3,2.740,-80.5,2.758,2.618
5175640,A1,3.780,-83.2,2.772,2.630
5175650,A2,2.570,-82.9,2.772,2.630
5175770,A3,2.740,-80.6,2.772,2.630
5175800,A2,2.570,-83.1,2.772,2.630
5175950,A2,2.580,-82.6,2.763,2.630
5176070,A3,2.740,-80.6,2.763,2.630
5176090,A1,3.790,-83.0,2.776,2.643
5176100,A2,2.570,-83.1,2.786,2.643
5176220,A3,2.760,-81.0,2.786,2.624
5176240,A1,3.720,-83.3,2.691,2.537
5176250,A2,2.590,-82.9,2.672,2.537
5176370,A3,2.750,-81.0,2.672,2.546
5176390,A1,3.730,-83.2,2.686,2.558
5176400,A2,2.590,-82.7,2.686,2.558
5176520,A3,2.780,-82.8,2.686,2.531
5176540,A1,3.760,-83.7,2.726,2.568
5176550,A2,2.610,-83.6,2.708,2.568
5176670,A3,2.770,-80.9,2.708,2.577
5176690,A1,3.760,-83.0,2.708,2.577
5176700,A2,2.590,-83.0,2.726,2.577
5176820,A3,2.760,-80.8,2.726,2.587
5176840,A1,3.730,-82.9,2.686,2.549
5176850,A2,2.610,-82.8,2.667,2.549
5176970,A3,2.770,-80.9,2.667,2.540
5176990,A1,3.740,-83.2,2.681,2.552
5177000,A2,2.560,-83.8,2.727,2.552
5177120,A3,2.780,-80.9,2.727,2.543
5177140,A1,3.730,-82.9,2.714,2.531
5177150,A2,2.560,-82.7,2.714,2.531
5177270,A3,2.760,-80.7,2.714,2.549
5177290,A1,3.780,-83.3,2.781,2.612
5177300,A2,2.590,-83.1,2.753,2.612
5177420,A3,2.760,-80.6,2.753,2.612
5177440,A1,3.760,-82.6,2.726,2.587
5177450,A2,2.570,-83.5,2.745,2.587
5177570,A3,2.770,-80.4,2.745,2.577
5177590,A1,3.720,-83.3,2.691,2.528
5177600,A2,2.570,-82.8,2.691,2.528
5177720,A3,2.760,-80.6,2.691,2.537
5177740,A1,3.730,-82.8,2.704,2.549
5177750,A2,2.600,-83.0,2.676,2.549
5178020,A3,2.740,-80.7,2.676,2.568
5178040,A1,3.730,-83.3,2.676,2.568
5178340,A1,3.730,-82.8,2.676,2.568
5178350,A2,2.580,-83.1,2.695,2.568
5178470,A3,2.750,-80.5,2.695,2.558
5178490,A1,3.780,-83.3,2.763,2.621
5178500,A2,2.580,-83.3,2.763,2.621
5178620,A3,2.760,-80.4,2.763,2.612
5178640,A1,3.740,-82.9,2.709,2.562
5178650,A2,2.560,-82.9,2.727,2.562
5178770,A3,2.750,-80.5,2.727,2.571
5178790,A1,3.810,-83.0,2.822,2.659
5178800,A2,2.570,-83.6,2.813,2.659
5178920,A3,2.770,-80.7,2.813,2.641
5178950,A2,2.590,-83.3,2.794,2.641
5179100,A2,2.570,-83.0,2.813,2.641
5179220,A3,2.770,-80.8,2.813,2.641
5179240,A1,3.740,-82.8,2.718,2.552
5179250,A2,2.590,-83.4,2.699,2.552
5179370,A3,2.740,-80.5,2.699,2.580
5179390,A1,3.770,-83.2,2.740,2.618
5179400,A2,2.580,-82.8,2.749,2.618
5179520,A3,2.740,-80.8,2.749,2.618
5179540,A1,3.730,-83.0,2.695,2.568
5179550,A2,2.580,-83.4,2.695,2.568
5179670,A3,2.760,-80.5,2.695,2.549
5179690,A1,3.790,-83.1,2.776,2.624
5179700,A2,2.570,-83.2,2.786,2.624
5179820,A3,2.760,-80.6,2.786,2.624
5179840,A1,3.730,-82.9,2.704,2.549
5179850,A2,2.590,-83.4,2.686,2.549
5179970,A3,2.770,-80.6,2.686,2.540
5179990,A1,3.770,-83.2,2.740,2.590
5180000,A2,2.600,-82.9,2.730,2.590
5180120,A3,2.760,-80.9,2.730,2.599
5180140,A1,3.780,-83.1,2.744,2.612
5180150,A2,2.570,-83.2,2.772,2.612
5180270,A3,2.790,-80.7,2.772,2.584
5180290,A1,3.760,-83.0,2.745,2.559
5180300,A2,2.560,-83.0,2.754,2.559
5180420,A3,2.740,-80.6,2.754,2.605
5180440,A1,3.760,-82.9,2.754,2.605
5180450,A2,2.570,-83.6,2.745,2.605
5180570,A3,2.750,-80.6,2.745,2.596
5180590,A1,3.750,-83.0,2.731,2.583
5180600,A2,2.570,-83.5,2.731,2.583
5180720,A3,2.740,-80.8,2.731,2.592
5180740,A1,3.710,-83.1,2.678,2.543
5180750,A2,2.560,-82.6,2.687,2.543
5180870,A3,2.770,-80.6,2.687,2.515
5180890,A1,3.730,-83.0,2.714,2.540
5180900,A2,2.560,-83.2,2.714,2.540
5181170,A3,2.770,-80.8,2.714,2.540
5181190,A1,3.780,-83.1,2.781,2.603
5181200,A2,2.580,-83.3,2.763,2.603
5181320,A3,2.760,-80.6,2.763,2.612
5181340,A1,3.770,-83.1,2.749,2.599
5181350,A2,2.580,-83.1,2.749,2.599
5181470,A3,2.750,-80.6,2.749,2.608
5181490,A1,3.760,-83.2,2.736,2.596
5181500,A2,2.570,-83.5,2.745,2.596
5181620,A3,2.760,-80.6,2.745,2.587
5181640,A1,3.770,-83.3,2.758,2.599
5181650,A2,2.590,-83.6,2.740,2.599
5181770,A3,2.740,-80.8,2.740,2.618
5181790,A1,3.740,-82.9,2.699,2.580
5181800,A2,2.570,-83.1,2.718,2.580
5181920,A3,2.750,-80.8,2.718,2.571
5181940,A1,3.780,-83.2,2.772,2.621
5181950,A2,2.590,-82.6,2.753,2.621
5182070,A3,2.750,-80.7,2.753,2.621
5182090,A1,3.750,-83.2,2.713,2.583
5182100,A2,2.580,-82.8,2.722,2.583
5182220,A3,2.740,-80.3,2.722,2.592
5182240,A1,3.780,-82.9,2.763,2.630
5182250,A2,2.590,-82.8,2.753,2.630
5182370,A3,2.770,-80.6,2.753,2.603
5182390,A1,3.740,-83.2,2.699,2.552
5182400,A2,2.570,-83.6,2.718,2.552
5182520,A3,2.780,-80.5,2.718,2.543
5182540,A1,3.730,-83.0,2.704,2.531
5182550,A2,2.560,-83.1,2.714,2.531
5182670,A3,2.760,-80.8,2.714,2.549
5182690,A1,3.760,-83.1,2.754,2.587
5182700,A2,2.600,-82.6,2.717,2.587
5182820,A3,2.760,-80.8,2.717,2.587
5182840,A1,3.770,-83.0,2.730,2.599
5182850,A2,2.570,-83.0,2.758,2.599
5182970,A3,2.740,-80.7,2.758,2.618
5182990,A1,3.740,-83.0,2.718,2.580
5183000,A2,2.590,-83.4,2.699,2.580
5183120,A3,2.740,-80.5,2.699,2.580
5183140,A1,3.730,-83.1,2.686,2.568
5183150,A2,2.570,-83.0,2.704,2.568
5183270,A3,2.760,-80.8,2.704,2.549
5183290,A1,3.760,-83.1,2.745,2.587
5183300,A2,2.550,-83.5,2.763,2.587
5183420,A3,2.760,-80.8,2.763,2.587
5183440,A1,3.720,-83.0,2.709,2.537
5183450,A2,2.550,-83.8,2.709,2.537
5183570,A3,2.770,-80.7,2.709,2.528
5183590,A1,3.750,-83.0,2.750,2.565
5183600,A2,2.570,-83.0,2.731,2.565
5183720,A3,2.740,-80.7,2.731,2.592
5183740,A1,3.790,-82.9,2.786,2.643
5183750,A2,2.580,-84.0,2.776,2.643
5183870,A3,2.740,-80.4,2.776,2.643
5183890,A1,3.720,-83.2,2.682,2.555
5183900,A2,2.580,-83.2,2.682,2.555
5184020,A3,2.740,-80.5,2.682,2.555
5184040,A1,3.730,-83.0,2.695,2.568
5184050,A2,2.580,-83.6,2.695,2.568
5184320,A3,2.750,-80.7,2.695,2.558
5184340,A1,3.770,-83.1,2.749,2.608
5184350,A2,2.580,-83.2,2.749,2.608
5184470,A3,2.750,-80.6,2.749,2.608
5184490,A1,3.730,-83.1,2.695,2.558
5184500,A2,2.550,-83.1,2.723,2.558
5184620,A3,2.750,-80.8,2.723,2.558
5184640,A1,3.740,-82.8,2.736,2.571
5184650,A2,2.570,-83.8,2.718,2.571
5184770,A3,2.750,-80.4,2.718,2.571
5184790,A1,3.780,-83.3,2.772,2.621
5184800,A2,2.590,-82.9,2.753,2.621
5184920,A3,2.770,-81.0,2.753,2.603
5184940,A1,3.800,-83.2,2.781,2.628
5184950,A2,2.580,-84.3,2.790,2.628
5185070,A3,2.770,-80.8,2.790,2.628
5185090,A1,3.780,-83.1,2.763,2.603
5185100,A2,2.550,-83.6,2.790,2.603
5185220,A3,2.730,-80.8,2.790,2.639
5185240,A1,3.770,-82.9,2.777,2.627
5185250,A2,2.590,-83.3,2.740,2.627
5185370,A3,2.740,-80.7,2.740,2.618
5185390,A1,3.730,-82.9,2.686,2.568
5185400,A2,2.560,-83.5,2.714,2.568
5185520,A3,2.740,-80.5,2.714,2.568
5185540,A1,3.730,-83.2,2.714,2.568
5185550,A2,2.570,-83.0,2.704,2.568
5185670,A3,2.760,-80.7,2.704,2.549
5185690,A1,3.710,-83.6,2.678,2.524
5185700,A2,2.550,-83.7,2.696,2.524
5185820,A3,2.760,-80.9,2.696,2.524
5185840,A1,3.740,-82.7,2.736,2.562
5185850,A2,2.590,-83.6,2.699,2.562
5185970,A3,2.780,-80.6,2.699,2.543
5185990,A1,3.760,-83.3,2.726,2.568
5186000,A2,2.590,-83.3,2.726,2.568
5186120,A3,2.740,-80.7,2.726,2.605
5186140,A1,3.760,-83.1,2.726,2.605
5186150,A2,2.570,-83.8,2.745,2.605
5186270,A3,2.770,-80.7,2.745,2.577
5186290,A1,3.750,-83.3,2.731,2.565
5186300,A2,2.570,-83.1,2.731,2.565
5186420,A3,2.780,-80.9,2.731,2.556
5186440,A1,3.730,-83.0,2.704,2.531
5186450,A2,2.540,-83.5,2.732,2.531
5186570,A3,2.770,-80.9,2.732,2.540
5186590,A1,3.730,-83.1,2.732,2.540
5186600,A2,2.550,-83.0,2.723,2.540
5186720,A3,2.750,-80.8,2.723,2.558
5186740,A1,3.780,-83.1,2.790,2.621
5186750,A2,2.550,-83.1,2.790,2.621
5186870,A3,2.750,-80.7,2.790,2.621
5186890,A1,3.730,-82.7,2.723,2.558
5186900,A2,2.570,-83.1,2.704,2.558
5187020,A3,2.760,-80.8,2.704,2.549
5187040,A1,3.800,-82.7,2.799,2.637
5187050,A2,2.590,-83.6,2.781,2.637
5187170,A3,2.770,-81.0,2.781,2.628
5187190,A1,3.750,-83.0,2.713,2.565
5187200,A2,2.580,-83.0,2.722,2.565
5187470,A3,2.770,-80.8,2.722,2.565
5187490,A1,3.810,-83.3,2.804,2.641
5187500,A2,2.540,-83.4,2.840,2.641
5187620,A3,2.750,-80.7,2.840,2.659
5187640,A1,3.810,-82.8,2.840,2.659
5187650,A2,2.560,-83.3,2.822,2.659
5187770,A3,2.750,-80.8,2.822,2.659
5187790,A1,3.730,-82.9,2.714,2.558
5187800,A2,2.570,-83.4,2.704,2.558
5187920,A3,2.750,-80.9,2.704,2.558
5187940,A1,3.770,-83.1,2.758,2.608
5187950,A2,2.590,-83.1,2.740,2.608
5188070,A3,2.780,-80.7,2.740,2.581
5188090,A1,3.790,-82.7,2.767,2.606
5188100,A2,2.550,-83.1,2.804,2.606
5188220,A3,2.760,-80.3,2.804,2.624
5188240,A1,3.740,-82.8,2.736,2.562
5188250,A2,2.580,-82.7,2.709,2.562
5188370,A3,2.750,-80.8,2.709,2.571
5188390,A1,3.780,-82.9,2.763,2.621
5188400,A2,2.560,-82.4,2.781,2.621
5188520,A3,2.770,-80.8,2.781,2.603
5188540,A1,3.760,-82.7,2.754,2.577
5188550,A2,2.590,-82.7,2.726,2.577
5188670,A3,2.730,-80.7,2.726,2.614
5188690,A1,3.760,-82.6,2.726,2.614
5188700,A2,2.580,-82.5,2.736,2.614
5188820,A3,2.750,-80.9,2.736,2.596
5188840,A1,3.750,-83.2,2.722,2.583
5188850,A2,2.580,-83.3,2.722,2.583
5188970,A3,2.770,-80.7,2.722,2.565
5188990,A1,3.720,-83.1,2.682,2.528
5189000,A2,2.590,-82.5,2.672,2.528
5189120,A3,2.750,-80.7,2.672,2.546
5189140,A1,3.790,-83.0,2.767,2.634
5189150,A2,2.590,-83.2,2.767,2.634
5189270,A3,2.750,-80.5,2.767,2.634
5189290,A1,3.730,-83.1,2.686,2.558
5189300,A2,2.570,-82.6,2.704,2.558
5189420,A3,2.760,-80.7,2.704,2.549
5189440,A1,3.770,-83.1,2.758,2.599
5189450,A2,2.560,-82.7,2.768,2.599
5189570,A3,2.740,-80.4,2.768,2.618
5189590,A1,3.780,-82.9,2.781,2.630
5189600,A2,2.590,-82.7,2.753,2.630
5189720,A3,2.760,-80.6,2.753,2.612
5189740,A1,3.740,-82.9,2.699,2.562
5189750,A2,2.580,-82.7,2.709,2.562
5189870,A3,2.760,-80.6,2.709,2.562
5189890,A1,3.740,-83.0,2.709,2.562
5189900,A2,2.570,-83.2,2.718,2.562
5190020,A3,2.730,-80.8,2.718,2.589
5190040,A1,3.690,-83.2,2.651,2.527
5190050,A2,2.570,-83.0,2.651,2.527
5190170,A3,2.760,-80.7,2.651,2.500
5190190,A1,3.770,-83.3,2.758,2.599
5190200,A2,2.570,-82.9,2.758,2.599
5190320,A3,2.760,-80.6,2.758,2.599
5190340,A1,3.780,-83.1,2.772,2.612
5190350,A2,2.590,-83.0,2.753,2.612
5190620,A3,2.770,-80.9,2.753,2.603
5190640,A1,3.730,-83.3,2.686,2.540
5190650,A2,2.570,-82.8,2.704,2.540
5190770,A3,2.770,-80.6,2.704,2.540
5190790,A1,3.720,-83.0,2.691,2.528
5190800,A2,2.580,-82.9,2.682,2.528
5190920,A3,2.780,-80.8,2.682,2.518
5190940,A1,3.730,-83.2,2.695,2.531
5190950,A2,2.590,-82.9,2.686,2.531
5191070,A3,2.740,-80.5,2.686,2.568
5191090,A1,3.730,-83.0,2.686,2.568
5191100,A2,2.560,-83.0,2.714,2.568
5191220,A3,2.790,-80.4,2.714,2.521
5191240,A1,3.740,-83.0,2.727,2.534
5191250,A2,2.590,-82.9,2.699,2.534
5191370,A3,2.760,-80.3,2.699,2.562
5191390,A1,3.780,-83.1,2.753,2.612
5191400,A2,2.570,-83.0,2.772,2.612
5191520,A3,2.770,-80.4,2.772,2.603
5191540,A1,3.770,-83.1,2.758,2.590
5191550,A2,2.590,-83.0,2.740,2.590
5191670,A3,2.750,-80.0,2.740,2.608
5191690,A1,3.770,-82.6,2.740,2.608
5191700,A2,2.550,-84.0,2.777,2.608
5191820,A3,2.750,-80.2,2.777,2.608
5191840,A1,3.730,-82.6,2.723,2.558
5191850,A2,2.530,-85.3,2.741,2.558
5191970,A3,2.770,-79.6,2.741,2.540
5191990,A1,3.730,-82.2,2.741,2.540
5192000,A2,2.580,-84.6,2.695,2.540
5192120,A3,2.760,-80.0,2.695,2.549
5192140,A1,3.720,-82.4,2.682,2.537
5192150,A2,2.570,-82.9,2.691,2.537
5192270,A3,2.750,-80.4,2.691,2.546
5192290,A1,3.760,-82.3,2.745,2.596
5192300,A2,2.580,-84.2,2.736,2.596
5192420,A3,2.770,-80.0,2.736,2.577
5192440,A1,3.760,-82.7,2.736,2.577
5192450,A2,2.540,-84.1,2.772,2.577
5192570,A3,2.790,-80.1,2.772,2.559
5192590,A1,3.720,-82.6,2.719,2.509
5192600,A2,2.570,-84.5,2.691,2.509
5192720,A3,2.760,-80.4,2.691,2.537
5192740,A1,3.720,-82.2,2.691,2.537
5192750,A2,2.560,-83.8,2.700,2.537
5192870,A3,2.770,-80.9,2.700,2.528
5192890,A1,3.730,-82.1,2.714,2.540
5192900,A2,2.580,-83.7,2.695,2.540
5193020,A3,2.760,-81.2,2.695,2.549
5193040,A1,3.770,-82.2,2.749,2.599
5193050,A2,2.560,-83.2,2.768,2.599
5193170,A3,2.780,-80.8,2.768,2.581
5193190,A1,3.730,-82.0,2.714,2.531
5193200,A2,2.570,-83.5,2.704,2.531
5193320,A3,2.760,-81.2,2.704,2.549
5193340,A1,3.740,-82.3,2.718,2.562
5193350,A2,2.590,-83.5,2.699,2.562
5193470,A3,2.740,-80.3,2.699,2.580
5193490,A1,3.740,-82.3,2.699,2.580
5193500,A2,2.570,-83.8,2.718,2.580
5193770,A3,2.770,-80.2,2.718,2.552
5193790,A1,3.740,-82.6,2.718,2.552
5193800,A2,2.580,-84.2,2.709,2.552
5193920,A3,2.750,-80.6,2.709,2.571
5193940,A1,3.750,-82.8,2.722,2.583
5193950,A2,2.580,-84.6,2.722,2.583
5194070,A3,2.740,-80.4,2.722,2.592
5194090,A1,3.740,-82.6,2.709,2.580
5194100,A2,2.550,-83.8,2.736,2.580
5194220,A3,2.760,-80.0,2.736,2.562
5194240,A1,3.750,-82.1,2.750,2.574
5194250,A2,2.600,-83.0,2.703,2.574
5194370,A3,2.760,-80.1,2.703,2.574
5194390,A1,3.730,-82.7,2.676,2.549
5194400,A2,2.590,-84.6,2.686,2.549
5194520,A3,2.740,-79.6,2.686,2.568
5194540,A1,3.730,-82.7,2.686,2.568
5194550,A2,2.560,-83.2,2.714,2.568
5194670,A3,2.740,-79.8,2.714,2.568
5194690,A1,3.730,-83.1,2.714,2.568
5194700,A2,2.540,-84.2,2.732,2.568
5194820,A3,2.770,-80.0,2.732,2.540
5194840,A1,3.780,-83.0,2.799,2.603
5194850,A2,2.570,-84.6,2.772,2.603
5194970,A3,2.740,-80.4,2.772,2.630
5194990,A1,3.760,-83.7,2.745,2.605
5195000,A2,2.570,-84.1,2.745,2.605
5195120,A3,2.770,-81.1,2.745,2.577
5195140,A1,3.780,-83.5,2.772,2.603
5195150,A2,2.560,-83.4,2.781,2.603
5195270,A3,2.770,-79.9,2.781,2.603
5195290,A1,3.750,-83.7,2.741,2.565
5195300,A2,2.560,-84.1,2.741,2.565
5195420,A3,2.770,-79.9,2.741,2.565
5195440,A1,3.780,-83.4,2.781,2.603
5195450,A2,2.560,-83.9,2.781,2.603
5195570,A3,2.780,-80.0,2.781,2.593
5195590,A1,3.750,-83.4,2.741,2.556
5195600,A2,2.580,-83.6,2.722,2.556
5195720,A3,2.790,-79.7,2.722,2.546
5195740,A1,3.700,-83.3,2.655,2.484
5195750,A2,2.560,-83.9,2.674,2.484
5195870,A3,2.770,-79.5,2.674,2.503
5195890,A1,3.780,-83.3,2.781,2.603
5195900,A2,2.550,-83.7,2.790,2.603
5196020,A3,2.790,-79.9,2.790,2.584
5196040,A1,3.760,-83.3,2.763,2.559
5196050,A2,2.600,-83.0,2.717,2.559
5196170,A3,2.770,-80.0,2.717,2.577
5196190,A1,3.740,-83.5,2.690,2.552
5196200,A2,2.580,-84.0,2.709,2.552
5196320,A3,2.790,-79.9,2.709,2.534
5196340,A1,3.780,-83.5,2.763,2.584
5196350,A2,2.540,-83.4,2.799,2.584
5196470,A3,2.820,-80.2,2.799,2.556
5196490,A1,3.770,-83.2,2.786,2.543
5196500,A2,2.580,-83.3,2.749,2.543
5196620,A3,2.770,-80.2,2.749,2.590
5196640,A1,3.770,-83.5,2.749,2.590
5196650,A2,2.560,-84.2,2.768,2.590
5196920,A3,2.770,-80.1,2.768,2.590
5196940,A1,3.740,-83.7,2.727,2.552
5196950,A2,2.550,-83.2,2.736,2.552
5197070,A3,2.830,-80.2,2.736,2.496
5197090,A1,3.720,-83.3,2.709,2.472
5197100,A2,2.580,-84.1,2.682,2.472
5197220,A3,2.800,-80.1,2.682,2.500
5197240,A1,3.780,-83.4,2.763,2.575
5197250,A2,2.590,-84.1,2.753,2.575
5197370,A3,2.780,-80.0,2.753,2.593
5197390,A1,3.770,-83.7,2.740,2.581
5197400,A2,2.550,-83.2,2.777,2.581
5197520,A3,2.760,-80.0,2.777,2.599
5197540,A1,3.770,-83.3,2.777,2.599
5197550,A2,2.570,-83.2,2.758,2.599
5197670,A3,2.760,-80.3,2.758,2.599
5197690,A1,3.780,-83.4,2.772,2.612
5197700,A2,2.560,-83.3,2.781,2.612
5197820,A3,2.820,-80.0,2.781,2.556
5197840,A1,3.770,-84.0,2.768,2.543
5197850,A2,2.550,-83.1,2.777,2.543
5197970,A3,2.740,-80.2,2.777,2.618
5197990,A1,3.760,-83.4,2.763,2.605
5198000,A2,2.570,-83.2,2.745,2.605
5198120,A3,2.770,-80.3,2.745,2.577
5198140,A1,3.770,-83.2,2.758,2.590
5198150,A2,2.590,-83.7,2.740,2.590
5198270,A3,2.780,-80.2,2.740,2.581
5198290,A1,3.780,-83.3,2.753,2.593
5198300,A2,2.590,-83.3,2.753,2.593
5198420,A3,2.750,-80.2,2.753,2.621
5198440,A1,3.780,-83.5,2.753,2.621
5198450,A2,2.590,-83.7,2.753,2.621
5198570,A3,2.770,-80.3,2.753,2.603
5198590,A1,3.720,-83.9,2.672,2.528
5198600,A2,2.600,-84.6,2.663,2.528
5198720,A3,2.770,-80.1,2.663,2.528
5198740,A1,3.780,-83.6,2.744,2.603
5198750,A2,2.590,-83.8,2.753,2.603
5198870,A3,2.800,-80.3,2.753,2.575
5198890,A1,3.790,-83.2,2.767,2.587
5198900,A2,2.580,-84.3,2.776,2.587
5199020,A3,2.800,-80.3,2.776,2.587
5199040,A1,3.750,-83.5,2.722,2.537
5199050,A2,2.530,-83.9,2.768,2.537
5199170,A3,2.780,-80.2,2.768,2.556
5199190,A1,3.730,-83.4,2.741,2.531
5199200,A2,2.580,-83.6,2.695,2.531
5199470,A3,2.750,-80.0,2.695,2.558
5199490,A1,3.780,-83.4,2.763,2.621
5199500,A2,2.530,-84.6,2.809,2.621
5199620,A3,2.760,-80.1,2.809,2.612
5199640,A1,3.740,-83.9,2.755,2.562
5199650,A2,2.590,-84.6,2.699,2.562
5199770,A3,2.760,-79.9,2.699,2.562
5199790,A1,3.740,-83.7,2.699,2.562
5199800,A2,2.540,-84.3,2.745,2.562
5200070,A3,2.790,-80.1,2.745,2.534
5200090,A1,3.750,-83.4,2.759,2.546
5200100,A2,2.560,-83.7,2.741,2.546
5200220,A3,2.760,-79.9,2.741,2.574
5200240,A1,3.740,-83.9,2.727,2.562
5200250,A2,2.570,-83.6,2.718,2.562
5200370,A3,2.780,-80.0,2.718,2.543
5200390,A1,3.760,-83.6,2.745,2.568
5200400,A2,2.540,-83.3,2.772,2.568
5200520,A3,2.810,-80.3,2.772,2.540
5200540,A1,3.750,-83.7,2.759,2.528
5200550,A2,2.590,-84.6,2.713,2.528
5200670,A3,2.770,-79.7,2.713,2.565
5200690,A1,3.750,-83.8,2.713,2.565
5200700,A2,2.560,-84.2,2.741,2.565
5200820,A3,2.790,-80.0,2.741,2.546
5200840,A1,3.710,-83.7,2.687,2.497
5200850,A2,2.550,-84.8,2.696,2.497
5200970,A3,2.760,-79.9,2.696,2.524
5200990,A1,3.740,-83.5,2.736,2.562
5201000,A2,2.580,-84.6,2.709,2.562
5201120,A3,2.770,-79.8,2.709,2.552
5201140,A1,3.780,-83.7,2.763,2.603
5201150,A2,2.600,-83.9,2.744,2.603
5201270,A3,2.790,-79.9,2.744,2.584
5201290,A1,3.760,-83.9,2.717,2.559
5201300,A2,2.560,-83.4,2.754,2.559
5201420,A3,2.780,-80.2,2.754,2.568
5201440,A1,3.710,-83.7,2.687,2.506
5201450,A2,2.580,-84.4,2.668,2.506
5201570,A3,2.750,-80.2,2.668,2.534
5201590,A1,3.780,-83.5,2.763,2.621
5201600,A2,2.580,-84.6,2.763,2.621
5201720,A3,2.820,-80.2,2.763,2.556
5201740,A1,3.770,-83.8,2.749,2.543
5201750,A2,2.590,-84.6,2.740,2.543
5201870,A3,2.790,-80.1,2.740,2.571
5201890,A1,3.750,-84.1,2.713,2.546
5201900,A2,2.570,-84.5,2.731,2.546
5202020,A3,2.750,-80.4,2.731,2.583
5202040,A1,3.760,-83.7,2.745,2.596
5202050,A2,2.540,-84.2,2.772,2.596
5202170,A3,2.790,-80.1,2.772,2.559
5202190,A1,3.770,-83.7,2.786,2.571
5202200,A2,2.580,-83.6,2.749,2.571
5202320,A3,2.750,-80.3,2.749,2.608
5202340,A1,3.760,-83.9,2.736,2.596
5202350,A2,2.560,-83.5,2.754,2.596
5202470,A3,2.780,-80.0,2.754,2.568
5202490,A1,3.750,-83.9,2.741,2.556
5202500,A2,2.530,-84.0,2.768,2.556
5202620,A3,2.780,-80.2,2.768,2.556
5202640,A1,3.740,-83.9,2.755,2.543
5202650,A2,2.590,-84.4,2.699,2.543
5202770,A3,2.780,-80.1,2.699,2.543
5202790,A1,3.740,-84.0,2.699,2.543
5202800,A2,2.520,-83.7,2.764,2.543
5202920,A3,2.800,-80.0,2.764,2.525
5202940,A1,3.750,-84.2,2.777,2.537
5202950,A2,2.550,-84.3,2.750,2.537
5203220,A3,2.770,-80.3,2.750,2.565
5203240,A1,3.790,-83.2,2.804,2.615
5203250,A2,2.550,-84.4,2.804,2.615
5203370,A3,2.820,-80.0,2.804,2.569
5203390,A1,3.780,-83.8,2.790,2.556
5203400,A2,2.560,-83.4,2.781,2.556
5203520,A3,2.750,-80.3,2.781,2.621
5203540,A1,3.730,-83.6,2.714,2.558
5203550,A2,2.550,-84.1,2.723,2.558
5203670,A3,2.770,-80.1,2.723,2.540
5203690,A1,3.730,-83.6,2.723,2.540
5203700,A2,2.550,-83.6,2.723,2.540
5203820,A3,2.780,-80.0,2.723,2.531
5203840,A1,3.750,-83.5,2.750,2.556
5203850,A2,2.560,-83.9,2.741,2.556
5203970,A3,2.790,-80.2,2.741,2.546
5203990,A1,3.770,-83.4,2.768,2.571
5204000,A2,2.560,-83.4,2.768,2.571
5204120,A3,2.770,-80.2,2.768,2.590
5204140,A1,3.750,-83.5,2.741,2.565
5204150,A2,2.540,-83.6,2.759,2.565
5204270,A3,2.760,-81.5,2.759,2.574
5204290,A1,3.730,-84.2,2.732,2.549
5204300,A2,2.560,-83.5,2.714,2.549
5204420,A3,2.780,-80.1,2.714,2.531
5204440,A1,3.750,-83.4,2.741,2.556
5204450,A2,2.540,-84.1,2.759,2.556
5204570,A3,2.760,-80.1,2.759,2.574
5204590,A1,3.740,-83.7,2.745,2.562
5204600,A2,2.570,-84.1,2.718,2.562
5204720,A3,2.760,-80.4,2.718,2.562
5204740,A1,3.740,-83.6,2.718,2.562
5204750,A2,2.550,-83.6,2.736,2.562
5204870,A3,2.750,-80.2,2.736,2.571
5204890,A1,3.770,-83.6,2.777,2.608
5204900,A2,2.570,-84.6,2.758,2.608
5205020,A3,2.760,-80.2,2.758,2.599
5205040,A1,3.760,-83.4,2.745,2.587
5205050,A2,2.550,-83.6,2.763,2.587
5205170,A3,2.790,-80.6,2.763,2.559
5205190,A1,3.750,-83.4,2.750,2.546
5205200,A2,2.580,-83.7,2.722,2.546
5205320,A3,2.720,-80.6,2.722,2.611
5205340,A1,3.740,-83.2,2.709,2.598
5205350,A2,2.570,-83.6,2.718,2.598
5205470,A3,2.740,-80.6,2.718,2.580
5205490,A1,3.790,-83.3,2.786,2.643
5205500,A2,2.580,-83.6,2.776,2.643
5205620,A3,2.750,-80.3,2.776,2.634
5205640,A1,3.760,-83.3,2.736,2.596
5205650,A2,2.540,-83.7,2.772,2.596
5205770,A3,2.710,-80.2,2.772,2.632
5205790,A1,3.740,-83.6,2.745,2.607
5205800,A2,2.580,-83.6,2.709,2.607
5205920,A3,2.790,-80.5,2.709,2.534
5205940,A1,3.750,-83.3,2.722,2.546
5205950,A2,2.540,-83.4,2.759,2.546
5206070,A3,2.760,-80.5,2.759,2.574
5206090,A1,3.760,-83.3,2.772,2.587
5206100,A2,2.560,-84.7,2.754,2.587
5206370,A3,2.770,-80.5,2.754,2.577
5206390,A1,3.800,-83.4,2.808,2.628
5206400,A2,2.580,-83.4,2.790,2.628
5206520,A3,2.760,-80.4,2.790,2.637
5206540,A1,3.760,-83.2,2.736,2.587
5206550,A2,2.560,-83.3,2.754,2.587
5206670,A3,2.740,-80.4,2.754,2.605
5206690,A1,3.730,-83.4,2.714,2.568
5206700,A2,2.530,-84.5,2.741,2.568
5206820,A3,2.810,-80.4,2.741,2.503
5206840,A1,3.710,-83.5,2.714,2.478
5206850,A2,2.560,-84.6,2.687,2.478
5206970,A3,2.770,-80.7,2.687,2.515
5206990,A1,3.760,-83.2,2.754,2.577
5207000,A2,2.540,-84.4,2.772,2.577
5207120,A3,2.780,-80.0,2.772,2.568
5207140,A1,3.740,-83.5,2.745,2.543
5207150,A2,2.560,-83.4,2.727,2.543
5207270,A3,2.760,-80.5,2.727,2.562
5207290,A1,3.780,-83.4,2.781,2.612
5207300,A2,2.550,-84.5,2.790,2.612
5207420,A3,2.810,-80.5,2.790,2.565
5207440,A1,3.740,-83.4,2.736,2.515
5207450,A2,2.610,-85.0,2.681,2.515
5207570,A3,2.780,-80.3,2.681,2.543
5207590,A1,3.750,-83.4,2.694,2.556
5207600,A2,2.560,-83.7,2.741,2.556
5207720,A3,2.780,-80.6,2.741,2.556
5207740,A1,3.760,-83.4,2.754,2.568
5207750,A2,2.550,-83.4,2.763,2.568
5207870,A3,2.780,-80.5,2.763,2.568
5207890,A1,3.770,-83.0,2.777,2.581
5207900,A2,2.560,-83.7,2.768,2.581
5208020,A3,2.740,-80.7,2.768,2.618
5208040,A1,3.780,-83.0,2.781,2.630
5208050,A2,2.570,-85.1,2.772,2.630
5208170,A3,2.750,-80.2,2.772,2.621
5208190,A1,3.750,-83.4,2.731,2.583
5208470,A3,2.750,-80.4,2.731,2.583
5208490,A1,3.760,-83.3,2.745,2.596
5208500,A2,2.590,-84.2,2.726,2.596
5208620,A3,2.750,-80.4,2.726,2.596
5208640,A1,3.730,-83.6,2.686,2.558
5208650,A2,2.580,-84.3,2.695,2.558
5208770,A3,2.780,-80.4,2.695,2.531
5208790,A1,3.730,-83.5,2.695,2.531
5208800,A2,2.580,-84.4,2.695,2.531
5208920,A3,2.760,-80.2,2.695,2.549
5208940,A1,3.760,-83.5,2.736,2.587
5208950,A2,2.560,-83.6,2.754,2.587
5209070,A3,2.780,-80.3,2.754,2.568
5209090,A1,3.730,-83.8,2.714,2.531
5209100,A2,2.560,-84.4,2.714,2.531
5209220,A3,2.760,-80.4,2.714,2.549
5209240,A1,3.760,-83.6,2.754,2.587
5209250,A2,2.590,-84.4,2.726,2.587
5209520,A3,2.780,-80.2,2.726,2.568
5209540,A1,3.730,-84.1,2.686,2.531
5209550,A2,2.570,-84.4,2.704,2.531
5209670,A3,2.800,-80.4,2.704,2.512
5209690,A1,3.750,-83.6,2.731,2.537
5209700,A2,2.560,-83.4,2.741,2.537
5209820,A3,2.760,-80.3,2.741,2.574
5209840,A1,3.750,-83.6,2.741,2.574
5209850,A2,2.550,-84.2,2.750,2.574
5209970,A3,2.770,-80.3,2.750,2.565
5209990,A1,3.750,-83.4,2.750,2.565
5210000,A2,2.560,-83.4,2.741,2.565
5210120,A3,2.770,-80.4,2.741,2.565
5210140,A1,3.770,-83.7,2.768,2.590
5210150,A2,2.580,-84.5,2.749,2.590
5210270,A3,2.750,-80.4,2.749,2.608
5210290,A1,3.750,-83.9,2.722,2.583
5210300,A2,2.530,-84.4,2.768,2.583
5210420,A3,2.770,-80.4,2.768,2.565
5210440,A1,3.770,-83.5,2.795,2.590
5210450,A2,2.540,-84.6,2.786,2.590
5210570,A3,2.780,-80.5,2.786,2.581
5210590,A1,3.760,-83.4,2.772,2.568
5210600,A2,2.550,-84.6,2.763,2.568
5210720,A3,2.770,-80.5,2.763,2.577
5210740,A1,3.760,-83.8,2.763,2.577
5210750,A2,2.550,-84.8,2.763,2.577
5210870,A3,2.780,-80.3,2.763,2.568
5210890,A1,3.750,-83.5,2.750,2.556
5210900,A2,2.560,-83.4,2.741,2.556
5211020,A3,2.750,-80.4,2.741,2.583
5211040,A1,3.770,-83.6,2.768,2.608
5211050,A2,2.580,-84.9,2.749,2.608
5211170,A3,2.790,-80.6,2.749,2.571
5211190,A1,3.730,-83.4,2.695,2.521
5211200,A2,2.570,-83.4,2.704,2.521
5211320,A3,2.760,-80.2,2.704,2.549
5211340,A1,3.730,-83.4,2.704,2.549
5211350,A2,2.570,-83.7,2.704,2.549
5211470,A3,2.770,-80.4,2.704,2.540
5211490,A1,3.760,-83.5,2.745,2.577
5211500,A2,2.550,-84.4,2.763,2.577
5211620,A3,2.740,-80.5,2.763,2.605
5211640,A1,3.730,-83.5,2.723,2.568
5211650,A2,2.560,-84.2,2.714,2.568
5211770,A3,2.770,-80.6,2.714,2.540
5211790,A1,3.730,-83.4,2.714,2.540
5211800,A2,2.540,-83.3,2.732,2.540
5211920,A3,2.800,-80.7,2.732,2.512
5211940,A1,3.780,-83.2,2.799,2.575
5211950,A2,2.560,-83.5,2.781,2.575
5212070,A3,2.780,-80.7,2.781,2.593
5212090,A1,3.790,-83.4,2.795,2.606
5212100,A2,2.550,-84.6,2.804,2.606
5212220,A3,2.810,-80.4,2.804,2.578
5212240,A1,3.760,-83.2,2.763,2.540
5212250,A2,2.550,-84.8,2.763,2.540
5212370,A3,2.790,-80.4,2.763,2.559
5212390,A1,3.780,-83.5,2.790,2.584
5212400,A2,2.540,-83.7,2.799,2.584
5212670,A3,2.810,-80.4,2.799,2.565
5212690,A1,3.810,-83.5,2.840,2.603
5212700,A2,2.590,-84.5,2.794,2.603
5212820,A3,2.800,-80.2,2.794,2.613
5212840,A1,3.780,-83.5,2.753,2.575
5212850,A2,2.560,-84.6,2.781,2.575
5212970,A3,2.750,-80.2,2.781,2.621
5212990,A1,3.790,-83.3,2.795,2.634
5213000,A2,2.590,-85.1,2.767,2.634
5213120,A3,2.760,-80.4,2.767,2.624
5213140,A1,3.770,-83.1,2.740,2.599
5213150,A2,2.560,-84.8,2.768,2.599
5213270,A3,2.760,-80.4,2.768,2.599
5213290,A1,3.740,-83.2,2.727,2.562
5213300,A2,2.560,-84.4,2.727,2.562
5213420,A3,2.770,-80.3,2.727,2.552
5213440,A1,3.790,-83.0,2.795,2.615
5213450,A2,2.560,-84.7,2.795,2.615
5213570,A3,2.770,-80.5,2.795,2.615
5213590,A1,3.770,-83.5,2.768,2.590
5213600,A2,2.590,-83.8,2.740,2.590
5213720,A3,2.790,-80.5,2.740,2.571
5213740,A1,3.810,-83.2,2.794,2.622
5213750,A2,2.550,-84.9,2.831,2.622
5213870,A3,2.770,-80.3,2.831,2.641
5213890,A1,3.750,-83.4,2.750,2.565
5213900,A2,2.590,-83.7,2.713,2.565
5214020,A3,2.750,-80.3,2.713,2.583
5214040,A1,3.790,-83.5,2.767,2.634
5214050,A2,2.560,-84.0,2.795,2.634
5214170,A3,2.760,-80.4,2.795,2.624
5214190,A1,3.780,-83.4,2.781,2.612
5214200,A2,2.550,-84.7,2.790,2.612
5214320,A3,2.790,-80.4,2.790,2.584
5214340,A1,3.770,-83.2,2.777,2.571
5214350,A2,2.550,-84.3,2.777,2.571
5214470,A3,2.780,-80.4,2.777,2.581
5214490,A1,3.760,-83.3,2.763,2.568
5214500,A2,2.550,-84.1,2.763,2.568
5214620,A3,2.800,-80.2,2.763,2.550
5214640,A1,3.740,-83.3,2.736,2.525
5214650,A2,2.530,-83.4,2.755,2.525
5214770,A3,2.770,-80.3,2.755,2.552
5214790,A1,3.760,-83.3,2.781,2.577
5214800,A2,2.520,-83.5,2.791,2.577
5214920,A3,2.750,-82.4,2.791,2.596
5214940,A1,3.770,-84.4,2.804,2.608
5214950,A2,2.550,-84.3,2.777,2.608
5215070,A3,2.760,-80.1,2.777,2.599
5215090,A1,3.770,-83.3,2.777,2.599
5215100,A2,2.570,-83.9,2.758,2.599
5215220,A3,2.770,-80.4,2.758,2.590
5215240,A1,3.730,-83.2,2.704,2.540
5215250,A2,2.610,-84.2,2.667,2.540
5215370,A3,2.750,-80.3,2.667,2.558
5215390,A1,3.800,-83.4,2.762,2.646
5215400,A2,2.550,-83.4,2.818,2.646
5215520,A3,2.740,-80.0,2.818,2.655
5215540,A1,3.730,-83.4,2.723,2.568
5215550,A2,2.550,-84.3,2.723,2.568
5215820,A3,2.750,-80.4,2.723,2.558
5215840,A1,3.770,-83.6,2.777,2.608
5215850,A2,2.550,-84.5,2.777,2.608
5215970,A3,2.760,-80.4,2.777,2.599
5215990,A1,3.730,-83.5,2.723,2.549
5216000,A2,2.540,-83.7,2.732,2.549
5216120,A3,2.770,-80.1,2.732,2.540
5216140,A1,3.750,-83.5,2.759,2.565
5216150,A2,2.570,-83.6,2.731,2.565
5216270,A3,2.770,-80.6,2.731,2.565
5216290,A1,3.760,-83.6,2.745,2.577
5216300,A2,2.560,-83.5,2.754,2.577
5216420,A3,2.790,-80.2,2.754,2.559
5216440,A1,3.750,-83.5,2.741,2.546
5216450,A2,2.590,-84.2,2.713,2.546
5216570,A3,2.750,-80.2,2.713,2.583
5216590,A1,3.740,-83.5,2.699,2.571
5216600,A2,2.570,-84.4,2.718,2.571
5216720,A3,2.750,-80.4,2.718,2.571
5216740,A1,3.740,-83.5,2.718,2.571
5217020,A3,2.770,-80.5,2.718,2.552
5217040,A1,3.780,-83.8,2.772,2.603
5217050,A2,2.540,-84.7,2.799,2.603
5217170,A3,2.780,-80.4,2.799,2.593
5217190,A1,3.760,-83.7,2.772,2.568
5217200,A2,2.570,-83.4,2.745,2.568
5217320,A3,2.800,-80.2,2.745,2.550
5217340,A1,3.780,-83.8,2.772,2.575
5217350,A2,2.570,-83.5,2.772,2.575
5217470,A3,2.790,-80.3,2.772,2.584
5217490,A1,3.750,-83.6,2.731,2.546
5217500,A2,2.590,-84.8,2.713,2.546
5217620,A3,2.750,-80.5,2.713,2.583
5217640,A1,3.750,-83.8,2.713,2.583
5217650,A2,2.550,-84.7,2.750,2.583
5217770,A3,2.760,-80.2,2.750,2.574
5217790,A1,3.760,-83.2,2.763,2.587
5217800,A2,2.550,-83.9,2.763,2.587
5217920,A3,2.770,-80.5,2.763,2.577
5217940,A1,3.760,-83.2,2.763,2.577
5217950,A2,2.560,-83.6,2.754,2.577
5218070,A3,2.750,-80.2,2.754,2.596
5218090,A1,3.760,-83.4,2.754,2.596
5218100,A2,2.560,-83.4,2.754,2.596
5218220,A3,2.770,-80.2,2.754,2.577
5218240,A1,3.740,-83.4,2.727,2.552
5218250,A2,2.570,-84.3,2.718,2.552
5218370,A3,2.770,-80.0,2.718,2.552
5218390,A1,3.780,-83.3,2.772,2.603
5218400,A2,2.530,-84.4,2.809,2.603
5218520,A3,2.780,-80.4,2.809,2.593
5218540,A1,3.730,-83.4,2.741,2.531
5218550,A2,2.550,-84.5,2.723,2.531
5218670,A3,2.750,-80.3,2.723,2.558
5218690,A1,3.800,-83.1,2.818,2.646
5218700,A2,2.570,-84.9,2.799,2.646
5218970,A3,2.770,-80.1,2.799,2.628
5218990,A1,3.780,-83.4,2.772,2.603
5219000,A2,2.600,-84.3,2.744,2.603
5219120,A3,2.770,-80.3,2.744,2.603
5219140,A1,3.780,-83.0,2.744,2.603
5219150,A2,2.590,-83.6,2.753,2.603
5219270,A3,2.790,-80.4,2.753,2.584
5219290,A1,3.760,-83.1,2.726,2.559
5219300,A2,2.550,-84.8,2.763,2.559
5219420,A3,2.760,-80.3,2.763,2.587
5219440,A1,3.780,-83.0,2.790,2.612
5219450,A2,2.580,-83.5,2.763,2.612
5219570,A3,2.740,-80.3,2.763,2.630
5219590,A1,3.770,-83.1,2.749,2.618
5219600,A2,2.550,-83.8,2.777,2.618
5219720,A3,2.780,-80.6,2.777,2.581
5219740,A1,3.780,-83.0,2.790,2.593
5219750,A2,2.560,-83.6,2.781,2.593
5219870,A3,2.750,-80.4,2.781,2.621
5219890,A1,3.730,-83.0,2.714,2.558
5219900,A2,2.550,-83.6,2.723,2.558
5220020,A3,2.770,-80.4,2.723,2.540
5220040,A1,3.770,-82.9,2.777,2.590
5220050,A2,2.550,-83.5,2.777,2.590
5220170,A3,2.740,-80.5,2.777,2.618
5220190,A1,3.760,-83.1,2.763,2.605
5220200,A2,2.550,-84.8,2.763,2.605
5220320,A3,2.760,-80.4,2.763,2.587
5220340,A1,3.750,-83.3,2.750,2.574
5220350,A2,2.570,-83.9,2.731,2.574
5220470,A3,2.750,-80.3,2.731,2.583
5220490,A1,3.760,-83.1,2.745,2.596
5220500,A2,2.600,-84.8,2.717,2.596
5220620,A3,2.750,-80.2,2.717,2.596
5220640,A1,3.770,-83.1,2.730,2.608
5220650,A2,2.570,-85.1,2.758,2.608
5220770,A3,2.770,-80.5,2.758,2.590
5220790,A1,3.770,-83.1,2.758,2.590
5220800,A2,2.570,-84.7,2.758,2.590
5220920,A3,2.760,-80.5,2.758,2.599
5220940,A1,3.760,-83.2,2.745,2.587
5220950,A2,2.560,-84.1,2.754,2.587
5221070,A3,2.780,-80.5,2.754,2.568
5221090,A1,3.760,-82.8,2.754,2.568
5221100,A2,2.580,-84.7,2.736,2.568
5221220,A3,2.750,-80.3,2.736,2.596
5221240,A1,3.780,-83.0,2.763,2.621
5221250,A2,2.560,-83.3,2.781,2.621
5221370,A3,2.780,-80.3,2.781,2.593
5221390,A1,3.780,-83.2,2.781,2.593
5221400,A2,2.560,-83.5,2.781,2.593
5221520,A3,2.780,-80.1,2.781,2.593
5221540,A1,3.770,-82.9,2.768,2.581
5221550,A2,2.590,-84.5,2.740,2.581
5221670,A3,2.780,-80.5,2.740,2.581
5221690,A1,3.740,-83.3,2.699,2.543
5221700,A2,2.620,-84.6,2.671,2.543
5221820,A3,2.760,-80.5,2.671,2.562
5221840,A1,3.720,-83.2,2.644,2.537
5221850,A2,2.580,-84.5,2.682,2.537
5222120,A3,2.760,-80.4,2.682,2.537
5222140,A1,3.770,-83.5,2.749,2.599
5222150,A2,2.590,-84.4,2.740,2.599
5222270,A3,2.750,-80.4,2.740,2.608
5222290,A1,3.780,-83.5,2.753,2.621
5222300,A2,2.560,-83.1,2.781,2.621
5222420,A3,2.760,-80.2,2.781,2.612
5222440,A1,3.750,-83.3,2.741,2.574
5222450,A2,2.550,-83.4,2.750,2.574
5222570,A3,2.760,-80.1,2.750,2.574
5222590,A1,3.710,-83.6,2.696,2.524
5222600,A2,2.570,-83.4,2.678,2.524
5222720,A3,2.780,-80.1,2.678,2.506
5222740,A1,3.760,-83.7,2.745,2.568
5222750,A2,2.580,-84.4,2.736,2.568
5222870,A3,2.790,-80.0,2.736,2.559
5222890,A1,3.790,-83.3,2.776,2.597
5222900,A2,2.560,-84.6,2.795,2.597
5223020,A3,2.760,-80.0,2.795,2.624
5223040,A1,3.710,-83.6,2.687,2.524
5223050,A2,2.580,-84.7,2.668,2.524
5223170,A3,2.810,-80.3,2.668,2.478
5223190,A1,3.750,-83.3,2.722,2.528
5223200,A2,2.560,-83.8,2.741,2.528
5223320,A3,2.750,-79.8,2.741,2.583
5223340,A1,3.780,-83.1,2.781,2.621
5223350,A2,2.570,-84.5,2.772,2.621
5223470,A3,2.770,-80.0,2.772,2.603
5223490,A1,3.780,-83.2,2.772,2.603
5223500,A2,2.550,-84.9,2.790,2.603
5223620,A3,2.770,-80.3,2.790,2.603
5223640,A1,3.760,-83.1,2.763,2.577
5223650,A2,2.580,-84.3,2.736,2.577
5223770,A3,2.800,-80.1,2.736,2.550
5223790,A1,3.750,-83.1,2.722,2.537
5223800,A2,2.570,-84.5,2.731,2.537
5223920,A3,2.770,-80.1,2.731,2.565
5223940,A1,3.750,-83.4,2.731,2.565
5223950,A2,2.560,-84.7,2.741,2.565
5224070,A3,2.780,-80.1,2.741,2.556
5224090,A1,3.720,-83.6,2.700,2.518
5224100,A2,2.570,-83.7,2.691,2.518
5224220,A3,2.740,-80.1,2.691,2.555
5224240,A1,3.760,-83.1,2.745,2.605
5224250,A2,2.570,-83.6,2.745,2.605
5224370,A3,2.780,-80.2,2.745,2.568
5224390,A1,3.750,-83.7,2.731,2.556
5224400,A2,2.580,-84.2,2.722,2.556
5224520,A3,2.780,-80.4,2.722,2.556
5224540,A1,3.730,-82.9,2.695,2.531
5224550,A2,2.590,-84.7,2.686,2.531
5224670,A3,2.760,-80.6,2.686,2.549
5224690,A1,3.730,-82.9,2.686,2.549
5224700,A2,2.600,-84.9,2.676,2.549
5224820,A3,2.750,-80.4,2.676,2.558
5224840,A1,3.760,-83.0,2.717,2.596
5224850,A2,2.570,-83.8,2.745,2.596
5224970,A3,2.770,-80.3,2.745,2.577
5224990,A1,3.730,-82.9,2.704,2.540
5225000,A2,2.540,-83.4,2.732,2.540
5225270,A3,2.770,-80.6,2.732,2.540
5225290,A1,3.760,-83.4,2.772,2.577
5225300,A2,2.600,-84.8,2.717,2.577
5225420,A3,2.750,-80.4,2.717,2.596
5225440,A1,3.790,-83.6,2.758,2.634
5225450,A2,2.570,-83.6,2.786,2.634
5225570,A3,2.780,-81.8,2.786,2.606
5225590,A1,3.760,-84.5,2.745,2.568
5225600,A2,2.570,-83.7,2.745,2.568
5225720,A3,2.760,-80.5,2.745,2.587
5225740,A1,3.760,-83.2,2.745,2.587
5225750,A2,2.580,-83.6,2.736,2.587
5225870,A3,2.760,-80.5,2.736,2.587
5225890,A1,3.770,-83.1,2.749,2.599
5225900,A2,2.580,-84.2,2.749,2.599
5226020,A3,2.760,-80.6,2.749,2.599
5226040,A1,3.750,-83.7,2.722,2.574
5226050,A2,2.560,-83.5,2.741,2.574
5226170,A3,2.750,-80.7,2.741,2.583
5226190,A1,3.740,-82.9,2.727,2.571
5226200,A2,2.610,-83.2,2.681,2.571
5226320,A3,2.750,-80.2,2.681,2.571
5226340,A1,3.770,-82.9,2.721,2.608
5226350,A2,2.570,-85.0,2.758,2.608
5226470,A3,2.760,-79.8,2.758,2.599
5226490,A1,3.770,-82.4,2.758,2.599
5226500,A2,2.600,-84.3,2.730,2.599
5226620,A3,2.780,-79.5,2.730,2.581
5226640,A1,3.740,-82.4,2.690,2.543
5226650,A2,2.580,-84.8,2.709,2.543
5226770,A3,2.780,-80.3,2.709,2.543
5226790,A1,3.740,-82.4,2.709,2.543
5226800,A2,2.570,-83.3,2.718,2.543
5226920,A3,2.770,-80.8,2.718,2.552
5226940,A1,3.750,-82.8,2.731,2.565
5226950,A2,2.560,-84.2,2.741,2.565
5227070,A3,2.770,-80.1,2.741,2.565
5227090,A1,3.720,-83.0,2.700,2.528
5227100,A2,2.590,-83.7,2.672,2.528
5227220,A3,2.750,-80.2,2.672,2.546
5227240,A1,3.760,-83.1,2.726,2.596
5227250,A2,2.570,-83.7,2.745,2.596
5227370,A3,2.770,-80.2,2.745,2.577
5227390,A1,3.740,-82.4,2.718,2.552
5227400,A2,2.560,-83.8,2.727,2.552
5227520,A3,2.780,-80.3,2.727,2.543
5227540,A1,3.760,-81.9,2.754,2.568
5227550,A2,2.590,-83.5,2.726,2.568
5227670,A3,2.770,-80.2,2.726,2.577
5227690,A1,3.760,-81.7,2.726,2.577
5227700,A2,2.590,-83.7,2.726,2.577
5227820,A3,2.770,-80.2,2.726,2.577
5227840,A1,3.770,-81.8,2.740,2.590
5227850,A2,2.570,-83.6,2.758,2.590
5227970,A3,2.790,-80.0,2.758,2.571
5227990,A1,3.770,-82.2,2.758,2.571
5228000,A2,2.550,-84.8,2.777,2.571
5228120,A3,2.780,-80.0,2.777,2.581
5228140,A1,3.750,-82.2,2.750,2.556
5228150,A2,2.560,-83.2,2.741,2.556
5228420,A3,2.780,-80.0,2.741,2.556
5228440,A1,3.730,-82.5,2.714,2.531
5228450,A2,2.580,-83.8,2.695,2.531
5228570,A3,2.770,-80.2,2.695,2.540
5228590,A1,3.730,-82.9,2.695,2.540
5228600,A2,2.570,-84.3,2.704,2.540
5228720,A3,2.740,-80.6,2.704,2.568
5228740,A1,3.750,-83.4,2.731,2.592
5228750,A2,2.570,-83.4,2.731,2.592
5228870,A3,2.770,-80.4,2.731,2.565
5228890,A1,3.780,-83.1,2.772,2.603
5228900,A2,2.560,-84.0,2.781,2.603
5229020,A3,2.770,-80.7,2.781,2.603
5229040,A1,3.710,-83.4,2.687,2.515
5229050,A2,2.570,-82.7,2.678,2.515
5229170,A3,2.730,-81.3,2.678,2.552
5229190,A1,3.730,-83.3,2.704,2.577
5229200,A2,2.590,-83.2,2.686,2.577
5229320,A3,2.740,-81.1,2.686,2.568
5229340,A1,3.790,-83.3,2.767,2.643
5229350,A2,2.580,-84.0,2.776,2.643
5229470,A3,2.740,-81.2,2.776,2.643
5229490,A1,3.750,-83.8,2.722,2.592
5229500,A2,2.590,-84.1,2.713,2.592
5229620,A3,2.730,-81.0,2.713,2.602
5229640,A1,3.730,-83.4,2.686,2.577
5229650,A2,2.550,-84.5,2.723,2.577
5229770,A3,2.730,-81.3,2.723,2.577
5229790,A1,3.720,-83.3,2.709,2.564
5229800,A2,2.550,-84.5,2.709,2.564
5229920,A3,2.770,-81.4,2.709,2.528
5229940,A1,3.740,-83.3,2.736,2.552
5229950,A2,2.570,-84.0,2.718,2.552
5230070,A3,2.740,-81.4,2.718,2.580
5230090,A1,3.730,-83.4,2.704,2.568
5230100,A2,2.590,-82.6,2.686,2.568
5230220,A3,2.740,-81.1,2.686,2.568
5230240,A1,3.700,-83.5,2.646,2.530
5230250,A2,2.590,-82.5,2.646,2.530
5230370,A3,2.730,-81.1,2.646,2.540
5230390,A1,3.730,-83.5,2.686,2.577
5230400,A2,2.610,-83.3,2.667,2.577
5230520,A3,2.760,-80.9,2.667,2.549
5230540,A1,3.730,-83.2,2.667,2.549
5230550,A2,2.640,-82.9,2.639,2.549
5230670,A3,2.740,-81.1,2.639,2.568
5230690,A1,3.730,-83.5,2.639,2.568
5230700,A2,2.590,-82.6,2.686,2.568
5230820,A3,2.750,-81.0,2.686,2.558
5230840,A1,3.740,-83.7,2.699,2.571
5230850,A2,2.600,-82.6,2.690,2.571
5230970,A3,2.730,-81.0,2.690,2.589
5230990,A1,3.730,-83.3,2.676,2.577
5231270,A3,2.720,-80.9,2.676,2.586
5231290,A1,3.720,-83.6,2.663,2.573
5231300,A2,2.580,-83.2,2.682,2.573
5231570,A3,2.730,-81.0,2.682,2.564
5231590,A1,3.780,-83.7,2.763,2.639
5231600,A2,2.560,-82.4,2.781,2.639
5231720,A3,2.770,-81.3,2.781,2.603
5231740,A1,3.750,-83.8,2.741,2.565
5231750,A2,2.600,-82.4,2.703,2.565
5231870,A3,2.750,-81.0,2.703,2.583
5231890,A1,3.740,-83.7,2.690,2.571
5231900,A2,2.610,-82.5,2.681,2.571
5232020,A3,2.760,-81.1,2.681,2.562
5232040,A1,3.710,-83.8,2.640,2.524
5232050,A2,2.590,-83.4,2.659,2.524
5232170,A3,2.760,-81.0,2.659,2.524
5232190,A1,3.740,-83.7,2.699,2.562
5232200,A2,2.610,-83.6,2.681,2.562
5232320,A3,2.740,-81.1,2.681,2.580
5232340,A1,3.760,-83.6,2.708,2.605
5232350,A2,2.580,-82.7,2.736,2.605
5232470,A3,2.730,-80.8,2.736,2.614
5232490,A1,3.740,-83.4,2.709,2.589
5232500,A2,2.590,-83.2,2.699,2.589
5232620,A3,2.740,-80.8,2.699,2.580
5232640,A1,3.740,-83.7,2.699,2.580
5232650,A2,2.590,-82.4,2.699,2.580
5232770,A3,2.750,-80.8,2.699,2.571
5232790,A1,3.750,-83.5,2.713,2.583
5232800,A2,2.600,-83.2,2.703,2.583
5232920,A3,2.740,-80.8,2.703,2.592
5232940,A1,3.750,-83.6,2.703,2.592
5232950,A2,2.570,-82.9,2.731,2.592
5233090,A1,3.760,-83.6,2.745,2.605
5233100,A2,2.600,-83.5,2.717,2.605
5233240,A1,3.740,-83.7,2.690,2.580
5233250,A2,2.570,-83.2,2.718,2.580
5233370,A3,2.760,-80.3,2.718,2.562
5233390,A1,3.730,-82.7,2.704,2.549
5233400,A2,2.590,-83.8,2.686,2.549
5233520,A3,2.770,-80.3,2.686,2.540
5233540,A1,3.770,-83.1,2.740,2.590
5233550,A2,2.590,-83.3,2.740,2.590
5233670,A3,2.760,-80.5,2.740,2.599
5233690,A1,3.790,-83.3,2.767,2.624
5233700,A2,2.550,-82.7,2.804,2.624
5233820,A3,2.760,-79.8,2.804,2.624
5233840,A1,3.770,-82.3,2.777,2.599
5233850,A2,2.560,-82.6,2.768,2.599
5233970,A3,2.750,-80.1,2.768,2.608
5233990,A1,3.730,-83.0,2.714,2.558
5234000,A2,2.590,-83.7,2.686,2.558
5234120,A3,2.760,-79.4,2.686,2.549
5234140,A1,3.760,-82.0,2.726,2.587
5234150,A2,2.610,-82.9,2.708,2.587
5234270,A3,2.740,-80.2,2.708,2.605
5234290,A1,3.760,-82.2,2.708,2.605
5234300,A2,2.570,-83.0,2.745,2.605
5234420,A3,2.810,-80.1,2.745,2.540
5234450,A2,2.580,-83.4,2.736,2.540
5234720,A3,2.780,-80.1,2.736,2.568
5234740,A1,3.750,-82.0,2.722,2.556
5234750,A2,2.610,-82.1,2.694,2.556
5234870,A3,2.730,-80.7,2.694,2.602
5234890,A1,3.740,-82.4,2.681,2.589
5234900,A2,2.580,-84.1,2.709,2.589
5235020,A3,2.790,-79.5,2.709,2.534
5235040,A1,3.800,-82.2,2.790,2.609
5235050,A2,2.540,-83.3,2.827,2.609
5235170,A3,2.800,-80.1,2.827,2.600
5235190,A1,3.760,-81.9,2.772,2.550
5235200,A2,2.540,-83.2,2.772,2.550
5235320,A3,2.770,-79.8,2.772,2.577
5235340,A1,3.750,-82.3,2.759,2.565
5235350,A2,2.560,-83.5,2.741,2.565
5235470,A3,2.740,-80.2,2.741,2.592
5235490,A1,3.760,-81.9,2.754,2.605
5235500,A2,2.550,-83.2,2.763,2.605
5235620,A3,2.780,-79.9,2.763,2.568
5235640,A1,3.720,-82.3,2.709,2.518
5235650,A2,2.560,-82.8,2.700,2.518
5235770,A3,2.730,-80.1,2.700,2.564
5235800,A2,2.560,-83.9,2.700,2.564
5235950,A2,2.570,-83.6,2.691,2.564
5236070,A3,2.780,-79.8,2.691,2.518
5236090,A1,3.770,-83.0,2.758,2.581
5236100,A2,2.590,-83.3,2.740,2.581
5236220,A3,2.750,-80.5,2.740,2.608
5236240,A1,3.760,-82.6,2.726,2.596
5236250,A2,2.590,-82.6,2.726,2.596
5236370,A3,2.720,-80.1,2.726,2.623
5236390,A1,3.740,-82.6,2.699,2.598
5236400,A2,2.600,-82.7,2.690,2.598
5236520,A3,2.770,-80.1,2.690,2.552
5236540,A1,3.770,-82.3,2.730,2.590
5236550,A2,2.610,-82.7,2.721,2.590
5236670,A3,2.750,-80.0,2.721,2.608
5236690,A1,3.750,-82.4,2.694,2.583
5236700,A2,2.600,-83.1,2.703,2.583
5236820,A3,2.780,-79.3,2.703,2.556
5236840,A1,3.730,-82.4,2.676,2.531
5236850,A2,2.580,-83.6,2.695,2.531
5236970,A3,2.750,-79.4,2.695,2.558
5236990,A1,3.750,-82.4,2.722,2.583
5237000,A2,2.560,-83.9,2.741,2.583
5237120,A3,2.770,-80.0,2.741,2.565
5237140,A1,3.720,-82.9,2.700,2.528
5237150,A2,2.570,-83.9,2.691,2.528
5237270,A3,2.760,-80.2,2.691,2.537
5237290,A1,3.780,-82.3,2.772,2.612
5237300,A2,2.580,-84.4,2.763,2.612
5237420,A3,2.770,-80.3,2.763,2.603
5237440,A1,3.740,-82.0,2.709,2.552
5237450,A2,2.550,-83.5,2.736,2.552
5237570,A3,2.740,-79.5,2.736,2.580
5237590,A1,3.800,-81.8,2.818,2.655
5237600,A2,2.540,-83.2,2.827,2.655
5237870,A3,2.780,-80.0,2.827,2.619
5237890,A1,3.780,-81.1,2.799,2.593
5237900,A2,2.580,-83.0,2.763,2.593
5238020,A3,2.780,-79.9,2.763,2.593
5238040,A1,3.770,-81.2,2.749,2.581
5238050,A2,2.590,-83.5,2.740,2.581
5238170,A3,2.770,-80.2,2.740,2.590
5238190,A1,3.790,-81.4,2.767,2.615
5238200,A2,2.600,-84.3,2.758,2.615
5238320,A3,2.760,-80.1,2.758,2.624
5238340,A1,3.750,-81.4,2.703,2.574
5238350,A2,2.610,-84.1,2.694,2.574
5238470,A3,2.780,-79.8,2.694,2.556
5238490,A1,3.840,-81.3,2.817,2.670
5238500,A2,2.620,-84.5,2.807,2.670
5238620,A3,2.770,-79.9,2.807,2.679
5238640,A1,3.760,-81.5,2.698,2.577
5238650,A2,2.590,-85.1,2.726,2.577
5238770,A3,2.770,-79.7,2.726,2.577
5238790,A1,3.750,-81.4,2.713,2.565
5238800,A2,2.610,-84.1,2.694,2.565
5238920,A3,2.750,-80.1,2.694,2.583
5238940,A1,3.750,-81.2,2.694,2.583
5238950,A2,2.590,-83.9,2.713,2.583
5239070,A3,2.770,-80.3,2.713,2.565
5239090,A1,3.740,-81.5,2.699,2.552
5239100,A2,2.620,-84.6,2.671,2.552
5239220,A3,2.770,-80.5,2.671,2.552
5239240,A1,3.730,-81.6,2.658,2.540
5239250,A2,2.610,-84.3,2.667,2.540
5239370,A3,2.780,-80.5,2.667,2.531
5239390,A1,3.820,-81.3,2.789,2.644
5239400,A2,2.590,-83.8,2.808,2.644
5239520,A3,2.790,-80.2,2.808,2.635
5239540,A1,3.790,-81.1,2.767,2.597
5239550,A2,2.590,-84.1,2.767,2.597
5239670,A3,2.750,-80.6,2.767,2.634
5239690,A1,3.760,-81.1,2.726,2.596
5239700,A2,2.600,-83.4,2.717,2.596
5239820,A3,2.770,-80.4,2.717,2.577
5239840,A1,3.740,-81.1,2.690,2.552
5239850,A2,2.620,-83.3,2.671,2.552
5239970,A3,2.770,-80.2,2.671,2.552
5239990,A1,3.770,-81.1,2.712,2.590
5240000,A2,2.590,-83.5,2.740,2.590
5240120,A3,2.770,-80.2,2.740,2.590
5240140,A1,3.780,-81.2,2.753,2.603
5240150,A2,2.580,-83.8,2.763,2.603
5240270,A3,2.770,-80.4,2.763,2.603
5240290,A1,3.740,-81.1,2.709,2.552
5240300,A2,2.600,-84.0,2.690,2.552
5240420,A3,2.780,-80.4,2.690,2.543
5240440,A1,3.780,-81.2,2.744,2.593
5240450,A2,2.640,-83.6,2.706,2.593
5240570,A3,2.800,-80.5,2.706,2.575
5240590,A1,3.760,-81.0,2.679,2.550
5240600,A2,2.570,-84.3,2.745,2.550
5240720,A3,2.760,-80.1,2.745,2.587
5240740,A1,3.770,-81.1,2.758,2.599
5240750,A2,2.580,-83.8,2.749,2.599
5241020,A3,2.790,-80.0,2.749,2.571
5241040,A1,3.760,-81.2,2.736,2.559
5241050,A2,2.560,-83.1,2.754,2.559
5241170,A3,2.780,-79.8,2.754,2.568
5241190,A1,3.690,-81.0,2.660,2.481
5241200,A2,2.600,-83.8,2.623,2.481
5241340,A1,3.730,-81.1,2.676,2.531
5241350,A2,2.600,-83.5,2.676,2.531
5241490,A1,3.810,-81.1,2.785,2.631
5241500,A2,2.590,-84.0,2.794,2.631
5241620,A3,2.780,-80.0,2.794,2.631
5241640,A1,3.800,-80.9,2.781,2.619
5241650,A2,2.570,-82.9,2.799,2.619
5241770,A3,2.760,-80.6,2.799,2.637
5241790,A1,3.770,-81.3,2.758,2.599
5241800,A2,2.590,-83.9,2.740,2.599
5241920,A3,2.770,-80.3,2.740,2.590
5241940,A1,3.720,-81.5,2.672,2.528
5241950,A2,2.590,-83.2,2.672,2.528
5242070,A3,2.780,-80.6,2.672,2.518
5242090,A1,3.780,-81.3,2.753,2.593
5242100,A2,2.590,-83.1,2.753,2.593
5242220,A3,2.780,-80.3,2.753,2.593
5242240,A1,3.840,-81.2,2.836,2.670
5242250,A2,2.610,-83.9,2.817,2.670
5242370,A3,2.760,-80.2,2.817,2.688
5242390,A1,3.810,-81.1,2.776,2.650
5242400,A2,2.590,-84.2,2.794,2.650
5242520,A3,2.780,-80.3,2.794,2.631
5242540,A1,3.740,-80.9,2.699,2.543
5242550,A2,2.590,-83.4,2.699,2.543
5242670,A3,2.770,-80.4,2.699,2.552
5242690,A1,3.740,-81.4,2.699,2.552
5242700,A2,2.600,-84.2,2.690,2.552
5242820,A3,2.790,-80.5,2.690,2.534
5242840,A1,3.760,-81.5,2.717,2.559
5242850,A2,2.580,-82.9,2.736,2.559
5242970,A3,2.770,-80.1,2.736,2.577
5242990,A1,3.880,-81.3,2.900,2.730
5243000,A2,2.570,-82.7,2.910,2.730
5243120,A3,2.790,-80.4,2.910,2.712
5243150,A2,2.570,-83.9,2.910,2.712
5243300,A2,2.580,-83.2,2.900,2.712
5243420,A3,2.780,-80.1,2.900,2.721
5243440,A1,3.850,-80.8,2.859,2.682
5243450,A2,2.570,-83.8,2.868,2.682
5243570,A3,2.760,-80.6,2.868,2.701
5243590,A1,3.760,-81.2,2.745,2.587
5243600,A2,2.570,-83.1,2.745,2.587
5243720,A3,2.780,-80.6,2.745,2.568
5243740,A1,3.740,-81.1,2.718,2.543
5243750,A2,2.580,-83.5,2.709,2.543
5243870,A3,2.770,-80.2,2.709,2.552
5243890,A1,3.770,-81.1,2.749,2.590
5243900,A2,2.550,-83.0,2.777,2.590
5244170,A3,2.780,-80.4,2.777,2.581
5244190,A1,3.780,-81.2,2.790,2.593
5244200,A2,2.590,-83.9,2.753,2.593
5244320,A3,2.760,-80.2,2.753,2.612
5244340,A1,3.710,-81.2,2.659,2.524
5244350,A2,2.560,-83.6,2.687,2.524
5244470,A3,2.770,-80.5,2.687,2.515
5244490,A1,3.780,-82.0,2.781,2.603
5244500,A2,2.590,-82.8,2.753,2.603
5244620,A3,2.740,-80.6,2.753,2.630
5244640,A1,3.750,-81.7,2.713,2.592
5244650,A2,2.570,-82.7,2.731,2.592
5244770,A3,2.770,-80.4,2.731,2.565
5244790,A1,3.720,-81.2,2.691,2.528
5244800,A2,2.580,-83.1,2.682,2.528
5244920,A3,2.760,-80.8,2.682,2.537
5244940,A1,3.740,-81.5,2.709,2.562
5244950,A2,2.570,-83.2,2.718,2.562
5245070,A3,2.760,-80.7,2.718,2.562
5245090,A1,3.740,-81.8,2.718,2.562
5245100,A2,2.550,-83.8,2.736,2.562
5245220,A3,2.760,-80.4,2.736,2.562
5245240,A1,3.730,-81.7,2.723,2.549
5245250,A2,2.570,-83.6,2.704,2.549
5245370,A3,2.740,-80.0,2.704,2.568
5245390,A1,3.810,-81.5,2.813,2.668
5245400,A2,2.560,-83.9,2.822,2.668
5245520,A3,2.760,-80.1,2.822,2.650
5245540,A1,3.770,-81.2,2.768,2.599
5245550,A2,2.600,-82.9,2.730,2.599
5245670,A3,2.770,-80.5,2.730,2.590
5245690,A1,3.840,-81.4,2.826,2.679
5245700,A2,2.610,-83.3,2.817,2.679
5245820,A3,2.760,-80.4,2.817,2.688
5245840,A1,3.720,-81.1,2.654,2.537
5245850,A2,2.620,-82.7,2.644,2.537
5245970,A3,2.810,-80.4,2.644,2.490
5245990,A1,3.760,-81.6,2.698,2.540
5246000,A2,2.580,-83.0,2.736,2.540
5246120,A3,2.780,-80.2,2.736,2.568
5246140,A1,3.810,-81.5,2.804,2.631
5246150,A2,2.570,-83.3,2.813,2.631
5246270,A3,2.780,-80.1,2.813,2.631
5246290,A1,3.730,-81.1,2.704,2.531
5246300,A2,2.580,-82.8,2.695,2.531
5246420,A3,2.770,-80.4,2.695,2.540
5246440,A1,3.780,-81.5,2.763,2.603
5246450,A2,2.570,-82.7,2.772,2.603
5246570,A3,2.750,-80.3,2.772,2.621
5246590,A1,3.790,-81.6,2.786,2.634
5246600,A2,2.580,-82.7,2.776,2.634
5246720,A3,2.740,-80.2,2.776,2.643
5246740,A1,3.770,-81.7,2.749,2.618
5246750,A2,2.580,-83.5,2.749,2.618
5246870,A3,2.810,-80.0,2.749,2.553
5246890,A1,3.750,-81.9,2.722,2.528
5246900,A2,2.600,-82.8,2.703,2.528
5247020,A3,2.760,-80.2,2.703,2.574
5247040,A1,3.730,-82.2,2.676,2.549
5247050,A2,2.590,-82.9,2.686,2.549
5247320,A3,2.780,-80.2,2.686,2.531
5247340,A1,3.730,-81.6,2.686,2.531
5247350,A2,2.580,-82.8,2.695,2.531
5247470,A3,2.770,-80.3,2.695,2.540
5247490,A1,3.760,-82.1,2.736,2.577
5247500,A2,2.590,-82.4,2.726,2.577
5247620,A3,2.770,-80.3,2.726,2.577
5247640,A1,3.750,-82.0,2.713,2.565
5247650,A2,2.600,-83.8,2.703,2.565
5247770,A3,2.770,-80.0,2.703,2.565
5247790,A1,3.750,-81.4,2.703,2.565
5247800,A2,2.590,-83.5,2.713,2.565
5247920,A3,2.790,-80.0,2.713,2.546
5247940,A1,3.770,-81.5,2.740,2.571
5247950,A2,2.610,-83.8,2.721,2.571
5248070,A3,2.750,-80.0,2.721,2.608
5248090,A1,3.830,-81.4,2.803,2.684
5248100,A2,2.580,-83.7,2.831,2.684
5248220,A3,2.780,-80.2,2.831,2.657
5248240,A1,3.750,-81.5,2.722,2.556
5248250,A2,2.580,-83.2,2.722,2.556
5248370,A3,2.750,-80.3,2.722,2.583
5248390,A1,3.740,-82.2,2.709,2.571
5248400,A2,2.580,-82.4,2.709,2.571
5248520,A3,2.770,-80.4,2.709,2.552
5248540,A1,3.800,-81.7,2.790,2.628
5248550,A2,2.590,-82.8,2.781,2.628
5248670,A3,2.770,-80.4,2.781,2.628
5248690,A1,3.730,-81.6,2.686,2.540
5248700,A2,2.570,-82.9,2.704,2.540
5248820,A3,2.770,-80.5,2.704,2.540
5248840,A1,3.700,-81.4,2.664,2.503
5248850,A2,2.560,-83.6,2.674,2.503
5248970,A3,2.800,-80.2,2.674,2.475
5248990,A1,3.730,-81.6,2.714,2.512
5249000,A2,2.560,-82.6,2.714,2.512
5249120,A3,2.770,-80.3,2.714,2.540
5249140,A1,3.780,-81.7,2.781,2.603
5249150,A2,2.570,-83.5,2.772,2.603
5249270,A3,2.760,-80.7,2.772,2.612
5249290,A1,3.740,-81.8,2.718,2.562
5249300,A2,2.570,-83.1,2.718,2.562
5249420,A3,2.760,-80.5,2.718,2.562
5249440,A1,3.790,-81.7,2.786,2.624
5249450,A2,2.570,-82.6,2.786,2.624
5249570,A3,2.770,-80.3,2.786,2.615
5249590,A1,3.750,-82.1,2.731,2.565
5249600,A2,2.600,-83.0,2.703,2.565
5249720,A3,2.770,-80.3,2.703,2.565
5249740,A1,3.720,-82.5,2.663,2.528
5249750,A2,2.620,-82.8,2.644,2.528
5249870,A3,2.760,-80.4,2.644,2.537
5249890,A1,3.760,-82.1,2.698,2.587
5249900,A2,2.590,-82.3,2.726,2.587
5250020,A3,2.760,-80.1,2.726,2.587
5250040,A1,3.770,-81.9,2.740,2.599
5250050,A2,2.620,-82.9,2.712,2.599
5250170,A3,2.740,-80.0,2.712,2.618
5250190,A1,3.780,-82.6,2.725,2.630
5250200,A2,2.580,-82.4,2.763,2.630
5250470,A3,2.790,-80.6,2.763,2.584
5250490,A1,3.730,-81.9,2.695,2.521
5250500,A2,2.580,-83.2,2.695,2.521
5250620,A3,2.780,-80.6,2.695,2.531
5250640,A1,3.750,-81.8,2.722,2.556
5250650,A2,2.590,-83.3,2.713,2.556
5250770,A3,2.780,-80.4,2.713,2.556
5250790,A1,3.750,-81.9,2.713,2.556
5250800,A2,2.550,-83.4,2.750,2.556
5250920,A3,2.770,-80.2,2.750,2.565
5250940,A1,3.730,-81.8,2.723,2.540
5250950,A2,2.600,-83.1,2.676,2.540
5251070,A3,2.770,-80.1,2.676,2.540
5251090,A1,3.840,-82.2,2.826,2.679
5251100,A2,2.580,-83.0,2.845,2.679
5251220,A3,2.800,-79.8,2.845,2.651
5251240,A1,3.770,-82.1,2.749,2.562
5251250,A2,2.590,-83.3,2.740,2.562
5251370,A3,2.790,-80.1,2.740,2.571
5251390,A1,3.760,-82.3,2.726,2.559
5251400,A2,2.580,-82.6,2.736,2.559
5251520,A3,2.750,-80.6,2.736,2.596
5251540,A1,3.720,-82.5,2.682,2.546
5251550,A2,2.590,-83.0,2.672,2.546
5251670,A3,2.760,-80.4,2.672,2.537
5251690,A1,3.760,-82.0,2.726,2.587
5251700,A2,2.590,-83.0,2.726,2.587
5251820,A3,2.780,-80.6,2.726,2.568
5251840,A1,3.760,-82.1,2.726,2.568
5251850,A2,2.590,-82.6,2.726,2.568
5251970,A3,2.780,-80.1,2.726,2.568
5251990,A1,3.760,-82.3,2.726,2.568
5252000,A2,2.600,-82.5,2.717,2.568
5252120,A3,2.750,-79.9,2.717,2.596
5252140,A1,3.770,-82.6,2.730,2.608
5252150,A2,2.590,-83.1,2.740,2.608
5252270,A3,2.760,-80.1,2.740,2.599
5252290,A1,3.730,-82.0,2.686,2.549
5252300,A2,2.590,-83.0,2.686,2.549
5252420,A3,2.760,-80.4,2.686,2.549
5252440,A1,3.760,-82.4,2.726,2.587
5252450,A2,2.590,-82.7,2.726,2.587
5252570,A3,2.770,-80.4,2.726,2.577
5252590,A1,3.730,-82.2,2.686,2.540
5252600,A2,2.620,-82.7,2.658,2.540
5252720,A3,2.750,-80.6,2.658,2.558
5252740,A1,3.800,-82.1,2.753,2.646
5252750,A2,2.570,-82.4,2.799,2.646
5252870,A3,2.760,-80.2,2.799,2.637
5252890,A1,3.760,-82.2,2.745,2.587
5252900,A2,2.610,-82.7,2.708,2.587
5253020,A3,2.780,-80.4,2.708,2.568
5253040,A1,3.750,-82.2,2.694,2.556
5253050,A2,2.590,-83.7,2.713,2.556
5253170,A3,2.770,-80.4,2.713,2.565
5253190,A1,3.770,-82.6,2.740,2.590
5253200,A2,2.610,-83.3,2.721,2.590
5253320,A3,2.780,-81.4,2.721,2.581
5253340,A1,3.740,-82.5,2.681,2.543
5253350,A2,2.600,-83.1,2.690,2.543
5253620,A3,2.790,-80.3,2.690,2.534
5253640,A1,3.730,-82.7,2.676,2.521
5253650,A2,2.590,-83.3,2.686,2.521
5253770,A3,2.760,-80.5,2.686,2.549
5253790,A1,3.760,-82.1,2.726,2.587
5253800,A2,2.560,-83.2,2.754,2.587
5253920,A3,2.780,-80.5,2.754,2.568
5253940,A1,3.750,-82.7,2.741,2.556
5253950,A2,2.590,-83.4,2.713,2.556
5254070,A3,2.760,-80.2,2.713,2.574
5254090,A1,3.770,-82.1,2.740,2.599
5254100,A2,2.600,-83.8,2.730,2.599
5254220,A3,2.790,-80.4,2.730,2.571
5254240,A1,3.780,-82.1,2.744,2.584
5254250,A2,2.590,-84.1,2.753,2.584
5254370,A3,2.750,-80.4,2.753,2.621
5254390,A1,3.760,-82.4,2.726,2.596
5254400,A2,2.590,-83.6,2.726,2.596
5254520,A3,2.760,-80.0,2.726,2.587
5254540,A1,3.760,-82.3,2.726,2.587
5254550,A2,2.610,-83.7,2.708,2.587
5254670,A3,2.760,-80.3,2.708,2.587
5254690,A1,3.750,-82.2,2.694,2.574
5254700,A2,2.600,-82.8,2.703,2.574
5254820,A3,2.760,-80.1,2.703,2.574
5254840,A1,3.770,-82.1,2.730,2.599
5254850,A2,2.580,-83.9,2.749,2.599
5254970,A3,2.750,-80.2,2.749,2.608
5254990,A1,3.740,-82.0,2.709,2.571
5255000,A2,2.610,-83.1,2.681,2.571
5255120,A3,2.740,-80.2,2.681,2.580
5255140,A1,3.720,-82.3,2.654,2.555
5255150,A2,2.590,-83.4,2.672,2.555
5255270,A3,2.770,-80.1,2.672,2.528
5255290,A1,3.760,-82.1,2.726,2.577
5255300,A2,2.600,-83.2,2.717,2.577
5255420,A3,2.810,-80.2,2.717,2.540
5255440,A1,3.730,-82.3,2.676,2.503
5255450,A2,2.600,-83.6,2.676,2.503
5255570,A3,2.750,-79.9,2.676,2.558
5255590,A1,3.790,-82.0,2.758,2.634
5255600,A2,2.580,-83.0,2.776,2.634
5255720,A3,2.770,-79.8,2.776,2.615
5255740,A1,3.780,-82.6,2.763,2.603
5255750,A2,2.570,-82.8,2.772,2.603
5255890,A1,3.730,-82.2,2.704,2.540
5255900,A2,2.590,-82.9,2.686,2.540
5256040,A1,3.760,-82.3,2.726,2.577
5256050,A2,2.590,-83.1,2.726,2.577
5256170,A3,2.770,-80.1,2.726,2.577
5256190,A1,3.750,-82.0,2.713,2.565
5256200,A2,2.580,-83.9,2.722,2.565
5256320,A3,2.780,-80.2,2.722,2.556
5256340,A1,3.760,-82.6,2.736,2.568
5256350,A2,2.560,-83.3,2.754,2.568
5256470,A3,2.770,-80.1,2.754,2.577
5256490,A1,3.750,-82.0,2.741,2.565
5256500,A2,2.590,-83.4,2.713,2.565
5256770,A3,2.760,-80.0,2.713,2.574
5256790,A1,3.760,-82.2,2.726,2.587
5256800,A2,2.590,-83.2,2.726,2.587
5256920,A3,2.770,-80.0,2.726,2.577
5256940,A1,3.760,-82.7,2.726,2.577
5256950,A2,2.600,-83.2,2.717,2.577
5257070,A3,2.760,-80.1,2.717,2.587
5257090,A1,3.750,-82.0,2.703,2.574
5257100,A2,2.570,-83.7,2.731,2.574
5257220,A3,2.770,-80.1,2.731,2.565
5257240,A1,3.750,-82.6,2.731,2.565
5257250,A2,2.590,-82.8,2.713,2.565
5257370,A3,2.770,-80.5,2.713,2.565
5257390,A1,3.760,-82.2,2.726,2.577
5257400,A2,2.580,-83.7,2.736,2.577
5257520,A3,2.770,-80.5,2.736,2.577
5257540,A1,3.780,-82.1,2.763,2.603
5257550,A2,2.580,-83.0,2.763,2.603
5257670,A3,2.770,-80.1,2.763,2.603
5257690,A1,3.730,-82.4,2.695,2.540
5257700,A2,2.550,-83.2,2.723,2.540
5257820,A3,2.750,-80.1,2.723,2.558
5257840,A1,3.740,-82.2,2.736,2.571
5257850,A2,2.590,-83.5,2.699,2.571
5257970,A3,2.760,-79.9,2.699,2.562
5257990,A1,3.730,-82.4,2.686,2.549
5258000,A2,2.610,-83.8,2.667,2.549
5258120,A3,2.770,-80.1,2.667,2.540
5258140,A1,3.750,-82.3,2.694,2.565
5258150,A2,2.580,-83.6,2.722,2.565
5258270,A3,2.790,-80.1,2.722,2.546
5258290,A1,3.770,-82.2,2.749,2.571
5258300,A2,2.590,-83.2,2.740,2.571
5258570,A3,2.760,-80.1,2.740,2.599
5258590,A1,3.750,-82.1,2.713,2.574
5258600,A2,2.580,-82.9,2.722,2.574
5258720,A3,2.770,-80.0,2.722,2.565
5258740,A1,3.750,-82.8,2.722,2.565
5258750,A2,2.590,-83.8,2.713,2.565
5258870,A3,2.750,-80.3,2.713,2.583
5258890,A1,3.750,-82.2,2.713,2.583
5258900,A2,2.590,-83.5,2.713,2.583
5259020,A3,2.760,-80.5,2.713,2.574
5259040,A1,3.760,-81.9,2.726,2.587
5259050,A2,2.600,-84.3,2.717,2.587
5259170,A3,2.760,-80.1,2.717,2.587
5259190,A1,3.770,-82.0,2.730,2.599
5259200,A2,2.560,-83.4,2.768,2.599
5259320,A3,2.760,-80.3,2.768,2.599
5259340,A1,3.750,-82.0,2.741,2.574
5259350,A2,2.590,-84.3,2.713,2.574
5259470,A3,2.770,-80.0,2.713,2.565
5259490,A1,3.760,-82.3,2.726,2.577
5259500,A2,2.590,-82.9,2.726,2.577
5259620,A3,2.800,-80.0,2.726,2.550
5259640,A1,3.770,-82.0,2.740,2.562
5259650,A2,2.580,-84.1,2.749,2.562
5259920,A3,2.790,-80.2,2.749,2.571
5259940,A1,3.740,-82.3,2.709,2.534
5259950,A2,2.580,-83.8,2.709,2.534
5260070,A3,2.790,-80.1,2.709,2.534
5260090,A1,3.750,-81.9,2.722,2.546
5260100,A2,2.590,-83.7,2.713,2.546
5260220,A3,2.780,-80.2,2.713,2.556
5260240,A1,3.750,-82.7,2.713,2.556
5260250,A2,2.580,-83.2,2.722,2.556
5260390,A1,3.730,-82.6,2.695,2.531
5260400,A2,2.590,-84.3,2.686,2.531
5260540,A1,3.730,-82.3,2.686,2.531
5260550,A2,2.550,-83.9,2.723,2.531
5260670,A3,2.780,-80.1,2.723,2.531
5260690,A1,3.740,-82.7,2.736,2.543
5260700,A2,2.590,-84.0,2.699,2.543
5260820,A3,2.800,-80.1,2.699,2.525
5260840,A1,3.770,-81.9,2.740,2.562
5260850,A2,2.580,-83.0,2.749,2.562
5260970,A3,2.760,-80.1,2.749,2.599
5260990,A1,3.770,-82.4,2.749,2.599
5261000,A2,2.560,-83.6,2.768,2.599
5261120,A3,2.760,-80.1,2.768,2.599
5261140,A1,3.750,-82.1,2.741,2.574
5261150,A2,2.580,-82.9,2.722,2.574
5261270,A3,2.770,-79.9,2.722,2.565
5261290,A1,3.760,-82.3,2.736,2.577
5261300,A2,2.610,-84.3,2.708,2.577
5261420,A3,2.760,-80.4,2.708,2.587
5261440,A1,3.770,-82.4,2.721,2.599
5261450,A2,2.590,-83.1,2.740,2.599
5261570,A3,2.770,-79.9,2.740,2.590
5261590,A1,3.760,-82.1,2.726,2.577
5261600,A2,2.600,-83.3,2.717,2.577
5261720,A3,2.760,-80.2,2.717,2.587
5261740,A1,3.750,-82.2,2.703,2.574
5261750,A2,2.590,-83.4,2.713,2.574
5261870,A3,2.770,-80.2,2.713,2.565
5261890,A1,3.750,-82.2,2.713,2.565
5261900,A2,2.590,-83.5,2.713,2.565
5262020,A3,2.760,-79.9,2.713,2.574
5262040,A1,3.750,-82.0,2.713,2.574
5262050,A2,2.590,-83.6,2.713,2.574
5262170,A3,2.770,-80.2,2.713,2.565
5262190,A1,3.770,-82.0,2.740,2.590
5262200,A2,2.580,-84.0,2.749,2.590
5262320,A3,2.780,-80.3,2.749,2.581
5262340,A1,3.770,-82.1,2.749,2.581
5262350,A2,2.590,-83.1,2.740,2.581
5262470,A3,2.790,-80.3,2.740,2.571
5262490,A1,3.730,-82.4,2.686,2.521
5262500,A2,2.600,-83.2,2.676,2.521
5262620,A3,2.760,-80.1,2.676,2.549
5262640,A1,3.740,-82.1,2.690,2.562
5262650,A2,2.590,-83.0,2.699,2.562
5262770,A3,2.770,-80.0,2.699,2.552
5262790,A1,3.770,-81.9,2.740,2.590
5262800,A2,2.570,-83.7,2.758,2.590
5263070,A3,2.780,-80.0,2.758,2.581
5263090,A1,3.760,-82.1,2.745,2.568
5263100,A2,2.590,-82.9,2.726,2.568
5263220,A3,2.780,-79.8,2.726,2.568
5263240,A1,3.780,-81.9,2.753,2.593
5263250,A2,2.590,-83.8,2.753,2.593
5263370,A3,2.770,-79.9,2.753,2.603
5263390,A1,3.760,-81.7,2.726,2.577
5263400,A2,2.580,-83.4,2.736,2.577
5263520,A3,2.760,-80.0,2.736,2.587
5263540,A1,3.760,-82.4,2.736,2.587
5263550,A2,2.590,-84.3,2.726,2.587
5263670,A3,2.780,-80.5,2.726,2.568
5263690,A1,3.750,-81.8,2.713,2.556
5263700,A2,2.590,-83.3,2.713,2.556
5263820,A3,2.790,-80.4,2.713,2.546
5263840,A1,3.780,-82.4,2.753,2.584
5263850,A2,2.590,-82.9,2.753,2.584
5263970,A3,2.790,-81.8,2.753,2.584
5263990,A1,3.770,-82.4,2.740,2.571
5264000,A2,2.580,-83.6,2.749,2.571
5264120,A3,2.770,-80.3,2.749,2.590
5264140,A1,3.710,-81.4,2.668,2.515
5264150,A2,2.580,-83.4,2.668,2.515
5264270,A3,2.790,-80.3,2.668,2.497
5264290,A1,3.760,-81.7,2.736,2.559
5264300,A2,2.580,-82.9,2.736,2.559
5264420,A3,2.780,-79.9,2.736,2.568
5264440,A1,3.760,-81.7,2.736,2.568
5264450,A2,2.570,-83.3,2.745,2.568
5264570,A3,2.780,-80.2,2.745,2.568
5264590,A1,3.800,-82.4,2.799,2.619
5264600,A2,2.590,-83.2,2.781,2.619
5264720,A3,2.760,-80.2,2.781,2.637
5264740,A1,3.750,-81.6,2.713,2.574
5264750,A2,2.590,-84.0,2.713,2.574
5264870,A3,2.770,-80.3,2.713,2.565
5264890,A1,3.780,-81.8,2.753,2.603
5264900,A2,2.610,-83.9,2.735,2.603
5265020,A3,2.750,-80.3,2.735,2.621
5265040,A1,3.780,-81.8,2.735,2.621
5265050,A2,2.590,-83.3,2.753,2.621
5265170,A3,2.760,-80.2,2.753,2.612
5265190,A1,3.740,-81.8,2.699,2.562
5265200,A2,2.560,-83.4,2.727,2.562
5265320,A3,2.810,-80.2,2.727,2.515
5265340,A1,3.760,-81.7,2.754,2.540
5265350,A2,2.570,-83.8,2.745,2.540
5265470,A3,2.780,-80.0,2.745,2.568
5265490,A1,3.770,-81.9,2.758,2.581
5265500,A2,2.570,-83.1,2.758,2.581
5265620,A3,2.760,-80.4,2.758,2.599
5265640,A1,3.740,-81.9,2.718,2.562
5265650,A2,2.580,-84.1,2.709,2.562
5265770,A3,2.790,-79.9,2.709,2.534
5265790,A1,3.750,-82.3,2.722,2.546
5265800,A2,2.570,-82.9,2.731,2.546
5265920,A3,2.780,-80.3,2.731,2.556
5265940,A1,3.750,-82.0,2.731,2.556
5265950,A2,2.590,-83.2,2.713,2.556
5266220,A3,2.800,-80.4,2.713,2.537
5266240,A1,3.720,-81.4,2.672,2.500
5266250,A2,2.590,-84.1,2.672,2.500
5266370,A3,2.790,-79.9,2.672,2.509
5266390,A1,3.680,-81.4,2.619,2.460
5266400,A2,2.590,-83.2,2.619,2.460
5266520,A3,2.800,-79.8,2.619,2.450
5266540,A1,3.820,-81.2,2.808,2.625
5266550,A2,2.580,-83.1,2.817,2.625
5266670,A3,2.760,-80.4,2.817,2.662
5266690,A1,3.780,-81.2,2.763,2.612
5266700,A2,2.580,-83.2,2.763,2.612
5266820,A3,2.780,-80.2,2.763,2.593
5266840,A1,3.750,-81.3,2.722,2.556
5266850,A2,2.580,-82.9,2.722,2.556
5266970,A3,2.750,-80.2,2.722,2.583
5266990,A1,3.790,-81.3,2.776,2.634
5267000,A2,2.590,-82.8,2.767,2.634
5267120,A3,2.760,-80.7,2.767,2.624
5267140,A1,3.740,-81.5,2.699,2.562
5267150,A2,2.580,-83.3,2.709,2.562
5267270,A3,2.760,-80.7,2.709,2.562
5267290,A1,3.730,-81.4,2.695,2.549
5267300,A2,2.590,-83.0,2.686,2.549
5267420,A3,2.760,-80.4,2.686,2.549
5267440,A1,3.780,-81.7,2.753,2.612
5267720,A3,2.780,-80.1,2.753,2.593
5267740,A1,3.800,-81.1,2.781,2.619
5267750,A2,2.580,-82.9,2.790,2.619
5267870,A3,2.780,-79.9,2.790,2.619
5267890,A1,3.770,-81.2,2.749,2.581
5267900,A2,2.570,-83.8,2.758,2.581
5268020,A3,2.780,-80.2,2.758,2.581
5268040,A1,3.760,-81.2,2.745,2.568
5268050,A2,2.590,-83.1,2.726,2.568
5268170,A3,2.770,-80.2,2.726,2.577
5268190,A1,3.770,-81.4,2.740,2.590
5268200,A2,2.580,-84.3,2.749,2.590
5268320,A3,2.790,-80.0,2.749,2.571
5268340,A1,3.720,-81.0,2.682,2.509
5268350,A2,2.580,-83.0,2.682,2.509
5268470,A3,2.800,-80.2,2.682,2.500
5268490,A1,3.840,-80.8,2.845,2.651
5268500,A2,2.580,-84.2,2.845,2.651
5268620,A3,2.770,-80.4,2.845,2.679
5268640,A1,3.770,-81.5,2.749,2.590
5268650,A2,2.560,-83.8,2.768,2.590
5268770,A3,2.780,-80.1,2.768,2.581
5268790,A1,3.780,-81.2,2.781,2.593
5268800,A2,2.570,-83.3,2.772,2.593
5268920,A3,2.770,-80.2,2.772,2.603
5268940,A1,3.760,-81.1,2.745,2.577
5268950,A2,2.550,-83.5,2.763,2.577
5269070,A3,2.790,-79.9,2.763,2.559
5269090,A1,3.730,-81.3,2.723,2.521
5269100,A2,2.580,-83.1,2.695,2.521
5269370,A3,2.770,-80.3,2.695,2.540
5269390,A1,3.720,-81.5,2.682,2.528
5269400,A2,2.550,-82.9,2.709,2.528
5269520,A3,2.750,-80.0,2.709,2.546
5269540,A1,3.730,-81.1,2.723,2.558
5269550,A2,2.580,-83.4,2.695,2.558
5269670,A3,2.790,-80.2,2.695,2.521
5269690,A1,3.880,-81.5,2.900,2.712
5269700,A2,2.570,-83.3,2.910,2.712
5269820,A3,2.770,-80.3,2.910,2.730
5269840,A1,3.820,-80.9,2.827,2.653
5269850,A2,2.560,-83.5,2.836,2.653
5269970,A3,2.790,-80.5,2.836,2.635
5269990,A1,3.780,-81.1,2.781,2.584
5270000,A2,2.610,-84.0,2.735,2.584
5270120,A3,2.770,-80.0,2.735,2.603
5270140,A1,3.700,-81.2,2.627,2.503
5270150,A2,2.550,-84.0,2.683,2.503
5270270,A3,2.800,-80.1,2.683,2.475
5270290,A1,3.810,-81.1,2.831,2.613
5270300,A2,2.560,-84.1,2.822,2.613
5270420,A3,2.790,-79.9,2.822,2.622
5270440,A1,3.830,-81.2,2.850,2.647
5270450,A2,2.570,-83.3,2.840,2.647
5270570,A3,2.780,-80.0,2.840,2.657
5270590,A1,3.770,-81.2,2.758,2.581
5270600,A2,2.570,-83.6,2.758,2.581
5270720,A3,2.760,-80.6,2.758,2.599
5270740,A1,3.690,-81.0,2.651,2.500
5270750,A2,2.570,-83.0,2.651,2.500
5270870,A3,2.790,-80.0,2.651,2.472
5270890,A1,3.710,-81.5,2.678,2.497
5270900,A2,2.570,-83.9,2.678,2.497
5271020,A3,2.760,-80.0,2.678,2.524
5271040,A1,3.730,-80.9,2.704,2.549
5271050,A2,2.550,-84.0,2.723,2.549
5271170,A3,2.760,-80.3,2.723,2.549
5271190,A1,3.740,-81.5,2.736,2.562
5271200,A2,2.540,-84.0,2.745,2.562
5271320,A3,2.760,-80.2,2.745,2.562
5271340,A1,3.730,-81.2,2.732,2.549
5271350,A2,2.560,-83.6,2.714,2.549
5271490,A1,3.750,-81.1,2.741,2.574
5271500,A2,2.560,-82.9,2.741,2.574
5271640,A1,3.720,-81.1,2.700,2.537
5271650,A2,2.570,-83.2,2.691,2.537
5271770,A3,2.770,-80.2,2.691,2.528
5271790,A1,3.740,-81.9,2.718,2.552
5271800,A2,2.570,-83.1,2.718,2.552
5271920,A3,2.810,-80.1,2.718,2.515
5271940,A1,3.870,-81.1,2.896,2.680
5271950,A2,2.580,-84.0,2.886,2.680
5272070,A3,2.770,-79.8,2.886,2.717
5272090,A1,3.810,-81.1,2.804,2.641
5272100,A2,2.560,-82.9,2.822,2.641
5272220,A3,2.800,-79.9,2.822,2.613
5272240,A1,3.790,-81.3,2.795,2.587
5272250,A2,2.550,-83.3,2.804,2.587
5272520,A3,2.760,-80.3,2.804,2.624
5272540,A1,3.760,-81.1,2.763,2.587
5272550,A2,2.580,-83.5,2.736,2.587
5272670,A3,2.780,-80.0,2.736,2.568
5272690,A1,3.800,-81.2,2.790,2.619
5272700,A2,2.560,-83.6,2.808,2.619
5272820,A3,2.770,-80.3,2.808,2.628
5272840,A1,3.710,-81.4,2.687,2.515
5272850,A2,2.570,-82.8,2.678,2.515
5272970,A3,2.750,-80.2,2.678,2.534
5272990,A1,3.780,-81.1,2.772,2.621
5273000,A2,2.570,-83.1,2.772,2.621
5273120,A3,2.760,-80.1,2.772,2.612
5273140,A1,3.720,-81.7,2.691,2.537
5273150,A2,2.590,-82.9,2.672,2.537
5273270,A3,2.770,-79.8,2.672,2.528
5273290,A1,3.740,-81.5,2.699,2.552
5273300,A2,2.590,-83.0,2.699,2.552
5273420,A3,2.770,-79.9,2.699,2.552
5273440,A1,3.740,-81.6,2.699,2.552
5273450,A2,2.590,-84.4,2.699,2.552
5273570,A3,2.750,-80.3,2.699,2.571
5273590,A1,3.760,-81.8,2.726,2.596
5273600,A2,2.580,-83.1,2.736,2.596
5273720,A3,2.800,-80.3,2.736,2.550
5273740,A1,3.730,-82.1,2.695,2.512
5273750,A2,2.590,-82.9,2.686,2.512
5273870,A3,2.810,-80.4,2.686,2.503
5273890,A1,3.760,-81.6,2.726,2.540
5273900,A2,2.580,-84.1,2.736,2.540
5274020,A3,2.780,-80.1,2.736,2.568
5274040,A1,3.780,-82.1,2.763,2.593
5274050,A2,2.570,-83.3,2.772,2.593
5274170,A3,2.810,-80.3,2.772,2.565
5274190,A1,3.710,-81.4,2.678,2.478
5274200,A2,2.590,-83.9,2.659,2.478
5274320,A3,2.810,-80.5,2.659,2.478
5274340,A1,3.780,-81.5,2.753,2.565
5274350,A2,2.560,-83.5,2.781,2.565
5274470,A3,2.800,-80.2,2.781,2.575
5274490,A1,3.700,-81.6,2.674,2.475
5274500,A2,2.580,-84.4,2.655,2.475
5274620,A3,2.760,-80.7,2.655,2.512
5274640,A1,3.770,-82.0,2.749,2.599
5274650,A2,2.590,-84.0,2.740,2.599
5274770,A3,2.770,-80.1,2.740,2.590
5274790,A1,3.710,-82.0,2.659,2.515
5274800,A2,2.580,-83.0,2.668,2.515
5274920,A3,2.790,-80.6,2.668,2.497
5274940,A1,3.720,-81.4,2.682,2.509
5274950,A2,2.550,-82.9,2.709,2.509
5275070,A3,2.760,-79.9,2.709,2.537
5275090,A1,3.810,-81.8,2.831,2.650
5275100,A2,2.570,-83.7,2.813,2.650
5275220,A3,2.780,-79.9,2.813,2.631
5275240,A1,3.740,-81.4,2.718,2.543
5275250,A2,2.570,-82.8,2.718,2.543
5275370,A3,2.770,-79.8,2.718,2.552
5275390,A1,3.740,-81.6,2.718,2.552
5275400,A2,2.550,-83.6,2.736,2.552
5275670,A3,2.790,-79.8,2.736,2.534
5275690,A1,3.730,-81.5,2.723,2.521
5275700,A2,2.560,-83.4,2.714,2.521
5275820,A3,2.760,-80.3,2.714,2.549
5275840,A1,3.730,-81.3,2.714,2.549
5275850,A2,2.570,-83.6,2.704,2.549
5275970,A3,2.760,-80.4,2.704,2.549
5275990,A1,3.780,-81.8,2.772,2.612
5276000,A2,2.570,-83.4,2.772,2.612
5276120,A3,2.790,-79.8,2.772,2.584
5276140,A1,3.740,-81.6,2.718,2.534
5276150,A2,2.580,-83.2,2.709,2.534
5276270,A3,2.800,-80.0,2.709,2.525
5276290,A1,3.700,-81.5,2.655,2.475
5276300,A2,2.590,-82.7,2.646,2.475
5276420,A3,2.780,-80.2,2.646,2.494
5276440,A1,3.770,-81.8,2.740,2.581
5276450,A2,2.630,-82.8,2.702,2.581
5276570,A3,2.760,-80.4,2.702,2.599
5276590,A1,3.730,-81.5,2.648,2.549
5276600,A2,2.590,-83.7,2.686,2.549
5276720,A3,2.780,-80.7,2.686,2.531
5276740,A1,3.770,-81.5,2.740,2.581
5276750,A2,2.590,-83.1,2.740,2.581
5276870,A3,2.780,-79.7,2.740,2.581
5276890,A1,3.710,-82.2,2.659,2.506
5276900,A2,2.590,-83.3,2.659,2.506
5277020,A3,2.780,-80.4,2.659,2.506
5277040,A1,3.740,-81.6,2.699,2.543
5277050,A2,2.590,-82.6,2.699,2.543
5277170,A3,2.780,-79.8,2.699,2.543
5277190,A1,3.760,-81.7,2.726,2.568
5277200,A2,2.610,-84.0,2.708,2.568
5277320,A3,2.780,-80.2,2.708,2.568
5277340,A1,3.730,-81.9,2.667,2.531
5277350,A2,2.590,-83.2,2.686,2.531
5277470,A3,2.770,-80.5,2.686,2.540
5277490,A1,3.670,-81.6,2.606,2.466
5277500,A2,2.590,-83.0,2.606,2.466
5277620,A3,2.770,-80.5,2.606,2.466
5277640,A1,3.750,-82.0,2.713,2.565
5277650,A2,2.600,-83.3,2.703,2.565
5277770,A3,2.780,-80.1,2.703,2.556
5277790,A1,3.760,-81.8,2.717,2.568
5277800,A2,2.580,-82.7,2.736,2.568
5277920,A3,2.760,-80.0,2.736,2.587
5277940,A1,3.740,-82.0,2.709,2.562
5277950,A2,2.590,-82.6,2.699,2.562
5278070,A3,2.800,-80.1,2.699,2.525
5278090,A1,3.710,-81.8,2.659,2.487
5278100,A2,2.570,-82.5,2.678,2.487
5278220,A3,2.780,-80.4,2.678,2.506
5278240,A1,3.810,-81.7,2.813,2.631
5278250,A2,2.600,-82.7,2.785,2.631
5278370,A3,2.760,-79.9,2.785,2.650
5278390,A1,3.810,-81.9,2.785,2.650
5278400,A2,2.610,-82.8,2.776,2.650
5278520,A3,2.770,-80.4,2.776,2.641
5278540,A1,3.730,-81.9,2.667,2.540
5278550,A2,2.580,-83.2,2.695,2.540
5278820,A3,2.810,-80.1,2.695,2.503
5278840,A1,3.730,-82.0,2.695,2.503
5278850,A2,2.580,-82.5,2.695,2.503
5278970,A3,2.800,-79.8,2.695,2.512
5278990,A1,3.730,-81.9,2.695,2.512
5279000,A2,2.580,-82.8,2.695,2.512
5279120,A3,2.760,-80.2,2.695,2.549
5279140,A1,3.750,-81.7,2.722,2.574
5279150,A2,2.600,-82.8,2.703,2.574
5279270,A3,2.790,-80.1,2.703,2.546
5279290,A1,3.750,-81.8,2.703,2.546
5279300,A2,2.580,-82.3,2.722,2.546
5279420,A3,2.740,-80.2,2.722,2.592
5279440,A1,3.750,-81.7,2.722,2.592
5279450,A2,2.600,-84.1,2.703,2.592
5279570,A3,2.760,-80.4,2.703,2.574
5279590,A1,3.760,-81.5,2.717,2.587
5279600,A2,2.550,-82.4,2.763,2.587
5279720,A3,2.750,-80.7,2.763,2.596
5279740,A1,3.730,-81.7,2.723,2.558
5279750,A2,2.570,-83.0,2.704,2.558
5279870,A3,2.790,-80.2,2.704,2.521
5279890,A1,3.730,-82.0,2.704,2.521
5279900,A2,2.580,-83.2,2.695,2.521
5280020,A3,2.790,-80.3,2.695,2.521
5280040,A1,3.740,-81.8,2.709,2.534
5280050,A2,2.590,-83.7,2.699,2.534
5280170,A3,2.770,-80.4,2.699,2.552
5280190,A1,3.760,-81.4,2.726,2.577
5280200,A2,2.580,-83.0,2.736,2.577
5280320,A3,2.770,-80.4,2.736,2.577
5280340,A1,3.740,-81.9,2.709,2.552
5280350,A2,2.570,-82.9,2.718,2.552
5280470,A3,2.770,-80.2,2.718,2.552
5280490,A1,3.760,-81.8,2.745,2.577
5280500,A2,2.590,-82.9,2.726,2.577
5280620,A3,2.780,-80.4,2.726,2.568
5280640,A1,3.700,-82.2,2.646,2.494
5280650,A2,2.580,-82.7,2.655,2.494
5280770,A3,2.780,-80.4,2.655,2.494
5280800,A2,2.590,-82.7,2.646,2.494
5280950,A2,2.570,-82.8,2.664,2.494
5281070,A3,2.780,-80.0,2.664,2.494
5281090,A1,3.740,-82.3,2.718,2.543
5281100,A2,2.560,-84.1,2.727,2.543
5281220,A3,2.770,-80.1,2.727,2.552
5281240,A1,3.710,-82.8,2.687,2.515
5281250,A2,2.600,-83.2,2.650,2.515
5281370,A3,2.750,-80.0,2.650,2.534
5281390,A1,3.760,-81.6,2.717,2.596
5281400,A2,2.590,-83.3,2.726,2.596
5281520,A3,2.770,-79.9,2.726,2.577
5281540,A1,3.790,-82.1,2.767,2.615
5281550,A2,2.590,-82.6,2.767,2.615
5281670,A3,2.750,-80.2,2.767,2.634
5281690,A1,3.750,-81.7,2.713,2.583
5281700,A2,2.610,-82.9,2.694,2.583
5281970,A3,2.790,-80.0,2.694,2.546
5281990,A1,3.780,-81.6,2.735,2.584
5282000,A2,2.580,-82.9,2.763,2.584
5282120,A3,2.790,-79.9,2.763,2.584
5282140,A1,3.760,-81.3,2.736,2.559
5282150,A2,2.590,-82.5,2.726,2.559
5282270,A3,2.790,-79.8,2.726,2.559
5282290,A1,3.800,-80.8,2.781,2.609
5282570,A3,2.780,-80.1,2.781,2.619
5282590,A1,3.760,-82.2,2.726,2.568
5282600,A2,2.570,-83.1,2.745,2.568
5282720,A3,2.770,-80.8,2.745,2.577
5282740,A1,3.760,-82.4,2.745,2.577
5282750,A2,2.590,-83.6,2.726,2.577
5282870,A3,2.750,-80.7,2.726,2.596
5282890,A1,3.720,-82.3,2.672,2.546
5282900,A2,2.590,-83.5,2.672,2.546
5283040,A1,3.760,-81.9,2.726,2.596
5283050,A2,2.550,-83.5,2.763,2.596
5283190,A1,3.720,-81.1,2.709,2.546
5283200,A2,2.560,-83.9,2.700,2.546
5283320,A3,2.750,-80.6,2.700,2.546
5283340,A1,3.740,-81.3,2.727,2.571
5283350,A2,2.560,-83.0,2.727,2.571
5283470,A3,2.770,-80.3,2.727,2.552
5283490,A1,3.710,-81.8,2.687,2.515
5283500,A2,2.580,-83.2,2.668,2.515
5283620,A3,2.770,-81.1,2.668,2.515
5283640,A1,3.760,-81.6,2.736,2.577
5283650,A2,2.600,-83.5,2.717,2.577
5283770,A3,2.790,-80.8,2.717,2.559
5283790,A1,3.720,-81.9,2.663,2.509
5283800,A2,2.600,-83.6,2.663,2.509
5283920,A3,2.770,-80.8,2.663,2.528
5283940,A1,3.770,-81.4,2.730,2.590
5283950,A2,2.590,-82.9,2.740,2.590
5284070,A3,2.780,-80.2,2.740,2.581
5284090,A1,3.740,-81.3,2.699,2.543
5284100,A2,2.560,-83.8,2.727,2.543
5284220,A3,2.780,-80.3,2.727,2.543
5284240,A1,3.770,-82.0,2.768,2.581
5284250,A2,2.560,-83.9,2.768,2.581
5284370,A3,2.780,-80.3,2.768,2.581
5284390,A1,3.760,-81.9,2.754,2.568
5284400,A2,2.550,-83.8,2.763,2.568
5284520,A3,2.790,-81.0,2.763,2.559
5284540,A1,3.790,-82.0,2.804,2.597
5284550,A2,2.570,-83.1,2.786,2.597
5284670,A3,2.770,-80.3,2.786,2.615
5284690,A1,3.780,-81.7,2.772,2.603
5284700,A2,2.560,-83.2,2.781,2.603
5285120,A3,2.740,-80.5,2.781,2.630
5285140,A1,3.730,-81.5,2.714,2.568
5285150,A2,2.590,-83.8,2.686,2.568
5285270,A3,2.740,-80.6,2.686,2.568
5285290,A1,3.740,-81.7,2.699,2.580
5285300,A2,2.600,-84.2,2.690,2.580
5285420,A3,2.750,-80.6,2.690,2.571
5285440,A1,3.760,-81.6,2.717,2.596
5285450,A2,2.600,-83.6,2.717,2.596
5285570,A3,2.750,-80.7,2.717,2.596
5285590,A1,3.780,-81.7,2.744,2.621
5285600,A2,2.580,-84.7,2.763,2.621
5285720,A3,2.770,-80.2,2.763,2.603
5285740,A1,3.740,-81.5,2.709,2.552
5285750,A2,2.560,-84.4,2.727,2.552
5285870,A3,2.790,-80.3,2.727,2.534
5285890,A1,3.760,-81.6,2.754,2.559
5285900,A2,2.580,-83.4,2.736,2.559
5286020,A3,2.770,-80.5,2.736,2.577
5286040,A1,3.730,-81.8,2.695,2.540
5286050,A2,2.570,-83.4,2.704,2.540
5286170,A3,2.770,-80.3,2.704,2.540
5286190,A1,3.780,-81.6,2.772,2.603
5286200,A2,2.590,-83.4,2.753,2.603
5286320,A3,2.810,-80.3,2.753,2.565
5286340,A1,3.790,-81.7,2.767,2.578
5286350,A2,2.570,-83.5,2.786,2.578
5286470,A3,2.750,-80.3,2.786,2.634
5286490,A1,3.820,-81.5,2.827,2.672
5286500,A2,2.580,-84.2,2.817,2.672
5286620,A3,2.770,-80.4,2.817,2.653
5286640,A1,3.750,-81.6,2.722,2.565
5286650,A2,2.580,-83.2,2.722,2.565
5286770,A3,2.760,-80.6,2.722,2.574
5286790,A1,3.820,-81.9,2.817,2.662
5286800,A2,2.580,-84.6,2.817,2.662
5286920,A3,2.750,-80.3,2.817,2.672
5286940,A1,3.830,-81.9,2.831,2.684
5286950,A2,2.570,-83.4,2.840,2.684
5287070,A3,2.760,-80.1,2.840,2.675
5287090,A1,3.750,-81.9,2.731,2.574
5287100,A2,2.580,-83.7,2.722,2.574
5287220,A3,2.770,-80.3,2.722,2.565
5287240,A1,3.830,-81.6,2.831,2.666
5287250,A2,2.580,-84.4,2.831,2.666
5287370,A3,2.740,-80.3,2.831,2.694
5287390,A1,3.810,-81.6,2.804,2.668
5287400,A2,2.560,-83.3,2.822,2.668
5287520,A3,2.750,-80.3,2.822,2.659
5287540,A1,3.870,-81.6,2.905,2.736
5287550,A2,2.560,-84.2,2.905,2.736
5287670,A3,2.750,-80.2,2.905,2.736
5287690,A1,3.760,-81.6,2.754,2.596
5287700,A2,2.560,-83.7,2.754,2.596
5287820,A3,2.760,-80.6,2.754,2.587
5287840,A1,3.820,-81.5,2.836,2.662
5287850,A2,2.580,-83.4,2.817,2.662
5287970,A3,2.760,-80.2,2.817,2.662
5287990,A1,3.800,-81.4,2.790,2.637
5288000,A2,2.570,-83.3,2.799,2.637
5288270,A3,2.760,-80.5,2.799,2.637
5288290,A1,3.810,-81.5,2.813,2.650
5288300,A2,2.560,-83.3,2.822,2.650
5288420,A3,2.760,-80.4,2.822,2.650
5288440,A1,3.780,-81.6,2.781,2.612
5288450,A2,2.580,-83.3,2.763,2.612
5288570,A3,2.770,-80.3,2.763,2.603
5288590,A1,3.800,-81.8,2.790,2.628
5288600,A2,2.590,-83.2,2.781,2.628
5288720,A3,2.790,-80.3,2.781,2.609
5288740,A1,3.810,-81.5,2.794,2.622
5288750,A2,2.570,-84.0,2.813,2.622
5288870,A3,2.770,-80.2,2.813,2.641
5288890,A1,3.820,-81.4,2.827,2.653
5288900,A2,2.590,-84.1,2.808,2.653
5289020,A3,2.740,-80.4,2.808,2.681
5289040,A1,3.860,-81.6,2.863,2.732
5289050,A2,2.580,-83.7,2.873,2.732
5289170,A3,2.740,-80.2,2.873,2.732
5289190,A1,3.830,-81.7,2.831,2.694
5289200,A2,2.580,-84.4,2.831,2.694
5289320,A3,2.740,-80.5,2.831,2.694
5289340,A1,3.750,-82.2,2.722,2.592
5289350,A2,2.560,-84.3,2.741,2.592
5289470,A3,2.760,-80.3,2.741,2.574
5289490,A1,3.760,-82.5,2.754,2.587
5289500,A2,2.580,-83.1,2.736,2.587
5289620,A3,2.800,-79.9,2.736,2.550
5289640,A1,3.720,-82.4,2.682,2.500
5289650,A2,2.570,-83.3,2.691,2.500
5289770,A3,2.800,-80.3,2.691,2.500
5289790,A1,3.760,-82.7,2.745,2.550
5289800,A2,2.590,-84.1,2.726,2.550
5289920,A3,2.790,-80.3,2.726,2.559
5289940,A1,3.730,-82.4,2.686,2.521
5289950,A2,2.570,-83.9,2.704,2.521
5290070,A3,2.740,-80.3,2.704,2.568
5290090,A1,3.720,-82.6,2.691,2.555
5290100,A2,2.560,-83.4,2.700,2.555
5290220,A3,2.740,-80.3,2.700,2.555
5290240,A1,3.780,-82.7,2.781,2.630
5290250,A2,2.560,-84.1,2.781,2.630
5290370,A3,2.770,-80.6,2.781,2.603
5290390,A1,3.740,-82.7,2.727,2.552
5290400,A2,2.580,-84.2,2.709,2.552
5290520,A3,2.740,-80.2,2.709,2.580
5290540,A1,3.770,-82.1,2.749,2.618
5290550,A2,2.570,-83.1,2.758,2.618
5290670,A3,2.780,-80.0,2.758,2.581
5290690,A1,3.740,-82.7,2.718,2.543
5290700,A2,2.590,-83.2,2.699,2.543
5290820,A3,2.790,-80.3,2.699,2.534
5290840,A1,3.750,-82.1,2.713,2.546
5290850,A2,2.590,-83.9,2.713,2.546
5290970,A3,2.740,-80.8,2.713,2.592
5290990,A1,3.760,-82.5,2.726,2.605
5291000,A2,2.560,-83.2,2.754,2.605
5291120,A3,2.770,-80.3,2.754,2.577
5291140,A1,3.790,-82.1,2.795,2.615
5291150,A2,2.550,-83.7,2.804,2.615
5291420,A3,2.760,-80.2,2.804,2.624
5291440,A1,3.740,-81.7,2.736,2.562
5291450,A2,2.590,-83.2,2.699,2.562
5291570,A3,2.760,-80.4,2.699,2.562
5291590,A1,3.780,-81.9,2.753,2.612
5291600,A2,2.570,-83.4,2.772,2.612
5291720,A3,2.760,-80.8,2.772,2.612
5291740,A1,3.760,-82.1,2.745,2.587
5291750,A2,2.590,-84.1,2.726,2.587
5291870,A3,2.770,-80.3,2.726,2.577
5291890,A1,3.820,-81.6,2.808,2.653
5291900,A2,2.580,-83.1,2.817,2.653
5292020,A3,2.750,-80.2,2.817,2.672
5292040,A1,3.790,-81.8,2.776,2.634
5292050,A2,2.600,-84.2,2.758,2.634
5292170,A3,2.770,-80.8,2.758,2.615
5292190,A1,3.760,-81.9,2.717,2.577
5292200,A2,2.560,-83.4,2.754,2.577
5292320,A3,2.770,-80.3,2.754,2.577
5292340,A1,3.780,-81.7,2.781,2.603
5292350,A2,2.550,-83.4,2.790,2.603
5292470,A3,2.770,-80.1,2.790,2.603
5292490,A1,3.770,-81.7,2.777,2.590
5292500,A2,2.590,-84.3,2.740,2.590
5292620,A3,2.790,-80.4,2.740,2.571
5292640,A1,3.830,-81.7,2.822,2.647
5292920,A3,2.760,-80.3,2.822,2.675
5292940,A1,3.810,-81.4,2.794,2.650
5292950,A2,2.570,-83.4,2.813,2.650
5293070,A3,2.770,-80.5,2.813,2.641
5293090,A1,3.790,-81.5,2.786,2.615
5293100,A2,2.600,-84.3,2.758,2.615
5293220,A3,2.750,-80.1,2.758,2.634
5293240,A1,3.800,-81.5,2.771,2.646
5293250,A2,2.600,-83.4,2.771,2.646
5293370,A3,2.790,-80.5,2.771,2.609
5293390,A1,3.760,-81.5,2.717,2.559
5293400,A2,2.570,-84.1,2.745,2.559
5293520,A3,2.770,-80.3,2.745,2.577
5293540,A1,3.790,-81.7,2.786,2.615
5293550,A2,2.580,-84.0,2.776,2.615
5293670,A3,2.760,-80.3,2.776,2.624
5293690,A1,3.830,-81.5,2.831,2.675
5293700,A2,2.590,-83.5,2.822,2.675
5293820,A3,2.770,-80.3,2.822,2.666
5293840,A1,3.800,-81.6,2.781,2.628
5293850,A2,2.590,-83.3,2.781,2.628
5293970,A3,2.770,-80.4,2.781,2.628
5293990,A1,3.740,-81.7,2.699,2.552
5294000,A2,2.560,-84.2,2.727,2.552
5294120,A3,2.760,-80.3,2.727,2.562
5294140,A1,3.810,-81.7,2.822,2.650
5294150,A2,2.590,-84.5,2.794,2.650
5294270,A3,2.750,-80.1,2.794,2.659
5294290,A1,3.780,-81.4,2.753,2.621
5294300,A2,2.550,-84.1,2.790,2.621
5294570,A3,2.770,-80.3,2.790,2.603
5294590,A1,3.780,-81.5,2.790,2.603
5294600,A2,2.570,-84.0,2.772,2.603
5294720,A3,2.750,-80.3,2.772,2.621
5294740,A1,3.770,-81.7,2.758,2.608
5294750,A2,2.580,-84.7,2.749,2.608
5294870,A3,2.750,-80.3,2.749,2.608
5294890,A1,3.830,-81.5,2.831,2.684
5294900,A2,2.580,-84.2,2.831,2.684
5295020,A3,2.790,-80.4,2.831,2.647
5295040,A1,3.780,-81.6,2.763,2.584
5295050,A2,2.550,-84.2,2.790,2.584
5295170,A3,2.760,-80.6,2.790,2.612
5295190,A1,3.800,-81.5,2.818,2.637
5295200,A2,2.560,-84.2,2.808,2.637
5295320,A3,2.760,-80.7,2.808,2.637
5295340,A1,3.810,-81.6,2.822,2.650
5295350,A2,2.590,-84.3,2.794,2.650
5295470,A3,2.760,-80.4,2.794,2.650
5295490,A1,3.810,-81.5,2.794,2.650
5295500,A2,2.590,-84.3,2.794,2.650
5295620,A3,2.760,-80.2,2.794,2.650
5295640,A1,3.810,-81.3,2.794,2.650
5295650,A2,2.590,-83.1,2.794,2.650
5295770,A3,2.780,-80.2,2.794,2.631
5295790,A1,3.790,-81.4,2.767,2.606
5295800,A2,2.590,-84.4,2.767,2.606
5295920,A3,2.760,-80.3,2.767,2.624
5295940,A1,3.780,-81.5,2.753,2.612
5295950,A2,2.580,-83.6,2.763,2.612
5296070,A3,2.760,-80.4,2.763,2.612
5296090,A1,3.830,-81.4,2.831,2.675
5296100,A2,2.580,-84.3,2.831,2.675
5296220,A3,2.780,-80.3,2.831,2.657
5296240,A1,3.860,-81.8,2.873,2.695
5296250,A2,2.570,-84.3,2.882,2.695
5296370,A3,2.770,-80.4,2.882,2.704
5296390,A1,3.850,-81.8,2.868,2.692
5296400,A2,2.570,-84.2,2.868,2.692
5296520,A3,2.780,-80.4,2.868,2.682
5296540,A1,3.810,-81.6,2.813,2.631
5296550,A2,2.580,-83.3,2.804,2.631
5296670,A3,2.770,-80.4,2.804,2.641
5296690,A1,3.770,-81.4,2.749,2.590
5296700,A2,2.580,-83.7,2.749,2.590
5296820,A3,2.760,-80.4,2.749,2.599
5296840,A1,3.770,-81.5,2.749,2.599
5296850,A2,2.560,-83.1,2.768,2.599
5296970,A3,2.790,-80.5,2.768,2.571
5296990,A1,3.780,-81.6,2.781,2.584
5297000,A2,2.560,-83.9,2.781,2.584
5297120,A3,2.770,-80.2,2.781,2.603
5297140,A1,3.830,-81.8,2.850,2.666
5297150,A2,2.590,-83.7,2.822,2.666
5297270,A3,2.800,-80.3,2.822,2.638
5297290,A1,3.790,-81.6,2.767,2.587
5297300,A2,2.570,-84.3,2.786,2.587
5297420,A3,2.770,-80.4,2.786,2.615
5297440,A1,3.740,-81.6,2.718,2.552
5297450,A2,2.590,-83.7,2.699,2.552
5297720,A3,2.740,-80.0,2.699,2.580
5297740,A1,3.820,-81.8,2.808,2.681
5297750,A2,2.550,-84.2,2.845,2.681
5297870,A3,2.770,-80.4,2.845,2.653
5297890,A1,3.820,-82.1,2.845,2.653
5297900,A2,2.600,-84.2,2.799,2.653
5298020,A3,2.770,-80.3,2.799,2.653
5298040,A1,3.810,-81.4,2.785,2.641
5298050,A2,2.560,-83.3,2.822,2.641
5298170,A3,2.780,-80.6,2.822,2.631
5298190,A1,3.770,-81.6,2.768,2.581
5298200,A2,2.570,-84.4,2.758,2.581
5298320,A3,2.750,-80.2,2.758,2.608
5298340,A1,3.830,-81.9,2.840,2.684
5298350,A2,2.560,-83.8,2.850,2.684
5298470,A3,2.770,-80.4,2.850,2.666
5298490,A1,3.830,-81.9,2.850,2.666
5298500,A2,2.570,-84.3,2.840,2.666
5298620,A3,2.770,-80.1,2.840,2.666
5298640,A1,3.810,-81.4,2.813,2.641
5298650,A2,2.560,-83.2,2.822,2.641
5298770,A3,2.770,-80.0,2.822,2.641
5298790,A1,3.810,-81.5,2.822,2.641
5298800,A2,2.590,-83.3,2.794,2.641
5298920,A3,2.770,-80.3,2.794,2.641
5298940,A1,3.800,-81.7,2.781,2.628
5298950,A2,2.580,-83.7,2.790,2.628
5299070,A3,2.750,-80.3,2.790,2.646
5299090,A1,3.780,-81.4,2.763,2.621
5299100,A2,2.560,-84.4,2.781,2.621
5299220,A3,2.760,-80.3,2.781,2.612
5299240,A1,3.810,-81.7,2.822,2.650
5299250,A2,2.560,-84.2,2.822,2.650
5299370,A3,2.750,-80.3,2.822,2.659
5299390,A1,3.740,-81.3,2.727,2.571
5299400,A2,2.590,-83.3,2.699,2.571
5299520,A3,2.770,-80.5,2.699,2.552
5299540,A1,3.820,-81.6,2.808,2.653
5299550,A2,2.580,-83.4,2.817,2.653
5299670,A3,2.760,-80.1,2.817,2.662
5299690,A1,3.860,-81.6,2.873,2.714
5299700,A2,2.590,-83.2,2.863,2.714
5299820,A3,2.760,-80.3,2.863,2.714
5299840,A1,3.830,-81.5,2.822,2.675
5299850,A2,2.570,-84.1,2.840,2.675
5299970,A3,2.810,-80.2,2.840,2.629
5299990,A1,3.820,-81.6,2.827,2.616
5300000,A2,2.560,-83.0,2.836,2.616
5300120,A3,2.760,-80.7,2.836,2.662
5300140,A1,3.850,-81.4,2.877,2.701
5300150,A2,2.580,-83.8,2.859,2.701
5300270,A3,2.810,-80.5,2.859,2.654
5300290,A1,3.830,-81.5,2.831,2.629
5300300,A2,2.580,-83.3,2.831,2.629
5300420,A3,2.770,-80.4,2.831,2.666
5300440,A1,3.840,-81.9,2.845,2.679
5300450,A2,2.580,-83.1,2.845,2.679
5300570,A3,2.740,-80.1,2.845,2.706
5300590,A1,3.830,-81.6,2.831,2.694
5300600,A2,2.580,-84.1,2.831,2.694
5300870,A3,2.760,-80.0,2.831,2.675
5300900,A2,2.580,-83.8,2.831,2.675
5301050,A2,2.570,-84.2,2.840,2.675
5301170,A3,2.800,-80.7,2.840,2.638
5301190,A1,3.820,-81.4,2.827,2.625
5301200,A2,2.590,-84.6,2.808,2.625
5301320,A3,2.770,-80.2,2.808,2.653
5301340,A1,3.790,-81.9,2.767,2.615
5301350,A2,2.570,-83.9,2.786,2.615
5301470,A3,2.750,-80.4,2.786,2.634
5301490,A1,3.810,-81.7,2.813,2.659
5301500,A2,2.560,-84.0,2.822,2.659
5301620,A3,2.800,-80.3,2.822,2.613
5301640,A1,3.760,-81.3,2.754,2.550
5301650,A2,2.560,-83.9,2.754,2.550
5301770,A3,2.760,-80.7,2.754,2.587
5301790,A1,3.760,-81.3,2.754,2.587
5301800,A2,2.570,-83.5,2.745,2.587
5301920,A3,2.770,-80.3,2.745,2.577
5301940,A1,3.750,-82.2,2.731,2.565
5301950,A2,2.550,-83.9,2.750,2.565
5302070,A3,2.790,-80.7,2.750,2.546
5302090,A1,3.820,-81.4,2.845,2.635
5302100,A2,2.580,-84.2,2.817,2.635
5302220,A3,2.760,-80.5,2.817,2.662
5302240,A1,3.810,-81.9,2.804,2.650
5302250,A2,2.570,-84.2,2.813,2.650
5302370,A3,2.780,-81.9,2.813,2.631
5302390,A1,3.790,-82.5,2.786,2.606
5302400,A2,2.560,-84.0,2.795,2.606
5302520,A3,2.750,-80.5,2.795,2.634
5302540,A1,3.780,-81.6,2.781,2.621
5302550,A2,2.550,-83.2,2.790,2.621
5302670,A3,2.740,-80.2,2.790,2.630
5302690,A1,3.760,-81.5,2.763,2.605
5302700,A2,2.570,-83.7,2.745,2.605
5302820,A3,2.770,-80.6,2.745,2.577
5302840,A1,3.780,-81.4,2.772,2.603
5302850,A2,2.580,-83.0,2.763,2.603
5302970,A3,2.770,-80.3,2.763,2.603
5302990,A1,3.800,-81.9,2.790,2.628
5303000,A2,2.580,-83.5,2.790,2.628
5303120,A3,2.780,-80.3,2.790,2.619
5303140,A1,3.790,-81.7,2.776,2.606
5303150,A2,2.560,-84.1,2.795,2.606
5303270,A3,2.760,-80.4,2.795,2.624
5303290,A1,3.790,-81.3,2.795,2.624
5303300,A2,2.580,-83.2,2.776,2.624
5303420,A3,2.760,-80.1,2.776,2.624
5303440,A1,3.740,-81.2,2.709,2.562
5303450,A2,2.570,-84.7,2.718,2.562
5303570,A3,2.760,-80.3,2.718,2.562
5303590,A1,3.750,-81.1,2.731,2.574
5303600,A2,2.550,-83.9,2.750,2.574
5303720,A3,2.770,-80.3,2.750,2.565
5303740,A1,3.780,-81.6,2.790,2.603
5303750,A2,2.570,-84.6,2.772,2.603
5304020,A3,2.780,-80.1,2.772,2.593
5304040,A1,3.800,-81.6,2.799,2.619
5304050,A2,2.590,-84.0,2.781,2.619
5304170,A3,2.750,-80.2,2.781,2.646
5304190,A1,3.780,-81.8,2.753,2.621
5304200,A2,2.590,-82.8,2.753,2.621
5304320,A3,2.770,-80.2,2.753,2.603
5304340,A1,3.730,-81.8,2.686,2.540
5304350,A2,2.580,-82.8,2.695,2.540
5304490,A1,3.810,-81.9,2.804,2.641
5304500,A2,2.550,-82.9,2.831,2.641
5304640,A1,3.780,-82.0,2.790,2.603
5304650,A2,2.590,-83.1,2.753,2.603
5304770,A3,2.760,-80.2,2.753,2.612
5304790,A1,3.770,-81.9,2.740,2.599
5304800,A2,2.580,-82.5,2.749,2.599
5304920,A3,2.750,-80.3,2.749,2.608
5304950,A2,2.580,-82.7,2.749,2.608
5305220,A3,2.780,-80.9,2.749,2.581
5305240,A1,3.740,-81.8,2.709,2.543
5305250,A2,2.570,-82.4,2.718,2.543
5305370,A3,2.750,-80.9,2.718,2.571
5305390,A1,3.800,-82.1,2.799,2.646
5305400,A2,2.550,-83.6,2.818,2.646
5305520,A3,2.760,-80.9,2.818,2.637
5305540,A1,3.740,-82.3,2.736,2.562
5305550,A2,2.580,-83.1,2.709,2.562
5305670,A3,2.760,-81.1,2.709,2.562
5305690,A1,3.780,-82.4,2.763,2.612
5305700,A2,2.550,-82.6,2.790,2.612
5305820,A3,2.750,-80.9,2.790,2.621
5305840,A1,3.680,-81.7,2.656,2.497
5305850,A2,2.580,-83.1,2.628,2.497
5305970,A3,2.760,-81.0,2.628,2.487
5305990,A1,3.820,-81.8,2.817,2.662
5306000,A2,2.570,-83.4,2.827,2.662
5306120,A3,2.780,-80.2,2.827,2.644
5306140,A1,3.750,-82.2,2.731,2.556
5306150,A2,2.590,-83.0,2.713,2.556
5306270,A3,2.740,-80.0,2.713,2.592
5306290,A1,3.760,-82.7,2.726,2.605
5306300,A2,2.580,-82.8,2.736,2.605
5306420,A3,2.770,-79.7,2.736,2.577
5306440,A1,3.770,-82.2,2.749,2.590
5306450,A2,2.550,-82.5,2.777,2.590
5306570,A3,2.780,-81.0,2.777,2.581
5306590,A1,3.720,-82.2,2.709,2.518
5306600,A2,2.580,-83.2,2.682,2.518
5306720,A3,2.750,-81.0,2.682,2.546
5306740,A1,3.790,-82.4,2.776,2.634
5306750,A2,2.570,-83.3,2.786,2.634
5306890,A1,3.750,-82.1,2.731,2.583
5306900,A2,2.580,-83.5,2.722,2.583
5307170,A3,2.770,-81.1,2.722,2.565
5307190,A1,3.750,-81.9,2.722,2.565
5307200,A2,2.600,-82.6,2.703,2.565
5307320,A3,2.780,-80.2,2.703,2.556
5307340,A1,3.730,-81.7,2.676,2.531
5307350,A2,2.560,-84.4,2.714,2.531
5307470,A3,2.770,-79.7,2.714,2.540
5307490,A1,3.810,-81.9,2.822,2.641
5307500,A2,2.570,-84.3,2.813,2.641
5307620,A3,2.780,-79.8,2.813,2.631
5307640,A1,3.760,-81.8,2.745,2.568
5307650,A2,2.570,-84.1,2.745,2.568
5307770,A3,2.790,-79.8,2.745,2.559
5307790,A1,3.730,-82.2,2.704,2.521
5307800,A2,2.570,-83.5,2.704,2.521
5307920,A3,2.770,-79.7,2.704,2.540
5307940,A1,3.780,-83.0,2.772,2.603
5307950,A2,2.590,-83.9,2.753,2.603
5308070,A3,2.770,-79.9,2.753,2.603
5308090,A1,3.780,-83.4,2.753,2.603
5308100,A2,2.570,-82.6,2.772,2.603
5308220,A3,2.770,-80.1,2.772,2.603
5308240,A1,3.740,-83.2,2.718,2.552
5308250,A2,2.600,-83.1,2.690,2.552
5308370,A3,2.760,-80.1,2.690,2.562
5308390,A1,3.750,-83.2,2.703,2.574
5308400,A2,2.560,-82.9,2.741,2.574
5308520,A3,2.790,-79.7,2.741,2.546
5308540,A1,3.750,-83.2,2.741,2.546
5308550,A2,2.600,-83.0,2.703,2.546
5308670,A3,2.820,-80.3,2.703,2.518
5308690,A1,3.730,-83.0,2.676,2.493
5308700,A2,2.570,-83.6,2.704,2.493
5308820,A3,2.760,-79.8,2.704,2.549
5308840,A1,3.760,-82.6,2.745,2.587
5308850,A2,2.590,-84.1,2.726,2.587
5308970,A3,2.770,-80.1,2.726,2.577
5308990,A1,3.770,-81.8,2.740,2.590
5309000,A2,2.580,-83.4,2.749,2.590
5309120,A3,2.770,-80.7,2.749,2.590
5309140,A1,3.730,-82.1,2.695,2.540
5309150,A2,2.590,-83.4,2.686,2.540
5309270,A3,2.770,-79.3,2.686,2.540
5309290,A1,3.760,-82.0,2.726,2.577
5309300,A2,2.590,-82.8,2.726,2.577
5309420,A3,2.740,-80.2,2.726,2.605
5309440,A1,3.760,-81.8,2.726,2.605
5309450,A2,2.560,-82.3,2.754,2.605
5309570,A3,2.750,-80.1,2.754,2.596
5309590,A1,3.790,-82.3,2.795,2.634
5309600,A2,2.560,-81.9,2.795,2.634
5309720,A3,2.790,-80.3,2.795,2.597
5309740,A1,3.740,-82.5,2.727,2.534
5309750,A2,2.560,-82.6,2.727,2.534
5309870,A3,2.770,-80.6,2.727,2.552
5309890,A1,3.740,-82.7,2.727,2.552
5309900,A2,2.560,-82.5,2.727,2.552
5310020,A3,2.760,-80.3,2.727,2.562
5310040,A1,3.750,-82.8,2.741,2.574
5310050,A2,2.600,-82.3,2.703,2.574
5310320,A3,2.750,-80.4,2.703,2.583
5310340,A1,3.740,-82.6,2.690,2.571
5310350,A2,2.570,-82.7,2.718,2.571
5310470,A3,2.760,-80.3,2.718,2.562
5310490,A1,3.750,-82.4,2.731,2.574
5310500,A2,2.590,-82.1,2.713,2.574
5310620,A3,2.740,-80.1,2.713,2.592
5310640,A1,3.750,-82.3,2.713,2.592
5310650,A2,2.620,-82.3,2.685,2.592
5310770,A3,2.760,-80.5,2.685,2.574
5310790,A1,3.740,-82.1,2.671,2.562
5310800,A2,2.570,-82.4,2.718,2.562
5310920,A3,2.780,-79.9,2.718,2.543
5310940,A1,3.760,-81.8,2.745,2.568
5310950,A2,2.540,-82.7,2.772,2.568
5311070,A3,2.770,-80.4,2.772,2.577
5311090,A1,3.780,-82.2,2.799,2.603
5311100,A2,2.600,-82.9,2.744,2.603
5311220,A3,2.760,-80.1,2.744,2.612
5311240,A1,3.790,-81.8,2.758,2.624
5311250,A2,2.580,-83.3,2.776,2.624
5311370,A3,2.770,-79.9,2.776,2.615
5311390,A1,3.750,-83.2,2.722,2.565
5311400,A2,2.570,-83.1,2.731,2.565
5311520,A3,2.810,-80.0,2.731,2.528
5311540,A1,3.730,-82.8,2.704,2.503
5311550,A2,2.560,-83.5,2.714,2.503
5311670,A3,2.750,-79.8,2.714,2.558
5311690,A1,3.730,-82.4,2.714,2.558
5311700,A2,2.600,-84.5,2.676,2.558
5311820,A3,2.770,-79.9,2.676,2.540
5311840,A1,3.780,-81.6,2.744,2.603
5311850,A2,2.580,-83.9,2.763,2.603
5311970,A3,2.770,-80.3,2.763,2.603
5311990,A1,3.740,-81.8,2.709,2.552
5312000,A2,2.560,-84.0,2.727,2.552
5312120,A3,2.790,-79.8,2.727,2.534
5312140,A1,3.790,-81.7,2.795,2.597
5312150,A2,2.570,-83.7,2.786,2.597
5312270,A3,2.780,-79.7,2.786,2.606
5312290,A1,3.750,-81.7,2.731,2.556
5312300,A2,2.560,-83.3,2.741,2.556
5312420,A3,2.780,-80.0,2.741,2.556
5312440,A1,3.770,-81.9,2.768,2.581
5312450,A2,2.550,-84.0,2.777,2.581
5312570,A3,2.770,-80.1,2.777,2.590
5312590,A1,3.740,-82.2,2.736,2.552
5312600,A2,2.590,-82.8,2.699,2.552
5312720,A3,2.770,-79.9,2.699,2.552
5312740,A1,3.740,-83.0,2.699,2.552
5312750,A2,2.590,-82.8,2.699,2.552
5312870,A3,2.800,-80.1,2.699,2.525
5312890,A1,3.750,-82.6,2.713,2.537
5312900,A2,2.600,-82.6,2.703,2.537
5313020,A3,2.760,-81.6,2.703,2.574
5313040,A1,3.770,-82.6,2.730,2.599
5313050,A2,2.580,-84.2,2.749,2.599
5313170,A3,2.780,-80.4,2.749,2.581
5313190,A1,3.790,-82.4,2.776,2.606
5313200,A2,2.550,-83.8,2.804,2.606
5313470,A3,2.740,-80.5,2.804,2.643
5313490,A1,3.730,-82.4,2.723,2.568
5313770,A3,2.770,-80.4,2.723,2.540
5313790,A1,3.820,-82.3,2.845,2.653
5313800,A2,2.560,-83.2,2.836,2.653
5313920,A3,2.750,-80.2,2.836,2.672
5313940,A1,3.740,-82.1,2.727,2.571
5313950,A2,2.570,-83.0,2.718,2.571
5314070,A3,2.760,-80.1,2.718,2.562
5314090,A1,3.810,-81.9,2.813,2.650
5314100,A2,2.590,-83.6,2.794,2.650
5314220,A3,2.780,-79.5,2.794,2.631
5314240,A1,3.760,-81.6,2.726,2.568
5314250,A2,2.560,-83.8,2.754,2.568
5314370,A3,2.780,-79.8,2.754,2.568
5314390,A1,3.770,-82.5,2.768,2.581
5314400,A2,2.560,-83.3,2.768,2.581
5314520,A3,2.810,-79.8,2.768,2.553
5314540,A1,3.740,-82.6,2.727,2.515
5314550,A2,2.600,-82.7,2.690,2.515
5314670,A3,2.780,-80.2,2.690,2.543
5314690,A1,3.770,-82.2,2.730,2.581
5314700,A2,2.590,-82.8,2.740,2.581
5314820,A3,2.740,-79.7,2.740,2.618
5314840,A1,3.770,-82.4,2.740,2.618
5314850,A2,2.580,-83.2,2.749,2.618
5314970,A3,2.770,-79.8,2.749,2.590
5314990,A1,3.770,-81.9,2.749,2.590
5315000,A2,2.560,-83.0,2.768,2.590
5315120,A3,2.790,-80.0,2.768,2.571
5315140,A1,3.780,-82.2,2.781,2.584
5315150,A2,2.590,-82.6,2.753,2.584
5315270,A3,2.750,-80.4,2.753,2.621
5315290,A1,3.780,-82.0,2.753,2.621
5315300,A2,2.590,-83.5,2.753,2.621
5315420,A3,2.740,-80.9,2.753,2.630
5315440,A1,3.780,-82.4,2.753,2.630
5315450,A2,2.600,-83.1,2.744,2.630
5315570,A3,2.760,-80.0,2.744,2.612
5315590,A1,3.750,-82.4,2.703,2.574
5315600,A2,2.580,-83.7,2.722,2.574
5315720,A3,2.760,-79.8,2.722,2.574
5315740,A1,3.740,-82.3,2.709,2.562
5315750,A2,2.600,-83.6,2.690,2.562
5315870,A3,2.750,-81.0,2.690,2.571
5315890,A1,3.740,-81.8,2.690,2.571
5315900,A2,2.600,-83.6,2.690,2.571
5316020,A3,2.790,-80.8,2.690,2.534
5316040,A1,3.750,-82.5,2.703,2.546
5316050,A2,2.580,-83.5,2.722,2.546
5316170,A3,2.750,-80.3,2.722,2.583
5316190,A1,3.760,-82.4,2.736,2.596
5316200,A2,2.590,-83.2,2.726,2.596
5316320,A3,2.770,-80.2,2.726,2.577
5316340,A1,3.760,-82.3,2.726,2.577
5316350,A2,2.580,-83.2,2.736,2.577
5316620,A3,2.790,-80.2,2.736,2.559
5316640,A1,3.760,-82.0,2.736,2.559
5316650,A2,2.580,-82.8,2.736,2.559
5316770,A3,2.750,-80.2,2.736,2.596
5316790,A1,3.740,-82.5,2.709,2.571
5316800,A2,2.560,-83.6,2.727,2.571
5316920,A3,2.770,-80.4,2.727,2.552
5316940,A1,3.760,-82.3,2.754,2.577
5316950,A2,2.590,-82.8,2.726,2.577
5317070,A3,2.800,-80.0,2.726,2.550
5317090,A1,3.740,-82.6,2.699,2.525
5317100,A2,2.590,-83.3,2.699,2.525
5317220,A3,2.760,-79.9,2.699,2.562
5317240,A1,3.770,-82.7,2.740,2.599
5317520,A3,2.790,-80.4,2.740,2.571
5317540,A1,3.730,-82.4,2.686,2.521
5317550,A2,2.610,-83.0,2.667,2.521
5317670,A3,2.780,-80.3,2.667,2.531
5317690,A1,3.770,-82.5,2.721,2.581
5317700,A2,2.590,-82.8,2.740,2.581
5317820,A3,2.760,-79.9,2.740,2.599
5317840,A1,3.750,-82.5,2.713,2.574
5318120,A3,2.740,-80.1,2.713,2.592
5318140,A1,3.770,-82.6,2.740,2.618
5318150,A2,2.590,-82.4,2.740,2.618
5318270,A3,2.770,-80.0,2.740,2.590
5318290,A1,3.750,-82.4,2.713,2.565
5318300,A2,2.570,-83.2,2.731,2.565
5318420,A3,2.760,-80.0,2.731,2.574
5318440,A1,3.770,-82.4,2.758,2.599
5318450,A2,2.600,-83.6,2.730,2.599
5318570,A3,2.740,-79.9,2.730,2.618
5318590,A1,3.740,-82.4,2.690,2.580
5318600,A2,2.570,-83.4,2.718,2.580
5318720,A3,2.780,-79.9,2.718,2.543
5318740,A1,3.730,-82.3,2.704,2.531
5318750,A2,2.590,-82.4,2.686,2.531
5318870,A3,2.760,-80.4,2.686,2.549
5318890,A1,3.730,-82.4,2.686,2.549
5318900,A2,2.570,-83.3,2.704,2.549
5319020,A3,2.770,-80.0,2.704,2.540
5319040,A1,3.770,-82.3,2.758,2.590
5319050,A2,2.560,-82.5,2.768,2.590
5319170,A3,2.770,-79.9,2.768,2.590
5319190,A1,3.740,-82.6,2.727,2.552
5319200,A2,2.590,-83.2,2.699,2.552
5319320,A3,2.770,-80.0,2.699,2.552
5319340,A1,3.720,-82.5,2.672,2.528
5319350,A2,2.560,-82.8,2.700,2.528
5319470,A3,2.790,-80.1,2.700,2.509
5319490,A1,3.740,-82.3,2.727,2.534
5319500,A2,2.580,-82.9,2.709,2.534
5319770,A3,2.770,-80.3,2.709,2.552
5319790,A1,3.730,-82.3,2.695,2.540
5319800,A2,2.590,-82.7,2.686,2.540
5319920,A3,2.760,-80.4,2.686,2.549
5319940,A1,3.750,-82.3,2.713,2.574
5319950,A2,2.580,-82.7,2.722,2.574
5320070,A3,2.780,-79.9,2.722,2.556
5320090,A1,3.770,-82.5,2.749,2.581
5320100,A2,2.560,-83.0,2.768,2.581
5320220,A3,2.750,-80.0,2.768,2.608
5320240,A1,3.750,-82.5,2.741,2.583
5320250,A2,2.580,-83.6,2.722,2.583
5320370,A3,2.740,-80.4,2.722,2.592
5320390,A1,3.740,-82.2,2.709,2.580
5320400,A2,2.600,-82.7,2.690,2.580
5320520,A3,2.770,-80.1,2.690,2.552
5320540,A1,3.740,-82.4,2.690,2.552
5320550,A2,2.580,-83.5,2.709,2.552
5320670,A3,2.770,-79.9,2.709,2.552
5320690,A1,3.760,-82.5,2.736,2.577
5320700,A2,2.590,-82.5,2.726,2.577
5320820,A3,2.800,-80.2,2.726,2.550
5320840,A1,3.730,-82.2,2.686,2.512
5320850,A2,2.610,-83.3,2.667,2.512
5320970,A3,2.780,-80.4,2.667,2.531
5320990,A1,3.760,-82.3,2.708,2.568
5321000,A2,2.600,-82.7,2.717,2.568
5321120,A3,2.770,-79.9,2.717,2.577
5321140,A1,3.740,-82.6,2.690,2.552
5321150,A2,2.580,-82.6,2.709,2.552
5321270,A3,2.790,-80.2,2.709,2.534
5321290,A1,3.740,-82.5,2.709,2.534
5321300,A2,2.580,-83.2,2.709,2.534
5321420,A3,2.770,-80.3,2.709,2.552
5321440,A1,3.730,-82.2,2.695,2.540
5321450,A2,2.600,-83.1,2.676,2.540
5321570,A3,2.750,-79.8,2.676,2.558
5321590,A1,3.740,-82.2,2.690,2.571
5321600,A2,2.560,-82.9,2.727,2.571
5321720,A3,2.800,-79.8,2.727,2.525
5321740,A1,3.760,-82.4,2.754,2.550
5321750,A2,2.560,-83.4,2.754,2.550
5321870,A3,2.750,-80.1,2.754,2.596
5321890,A1,3.750,-82.7,2.741,2.583
5321900,A2,2.570,-82.3,2.731,2.583
5322020,A3,2.780,-80.0,2.731,2.556
5322040,A1,3.740,-82.3,2.718,2.543
5322050,A2,2.560,-83.3,2.727,2.543
5322170,A3,2.780,-80.4,2.727,2.543
5322190,A1,3.740,-82.4,2.727,2.543
5322200,A2,2.590,-83.3,2.699,2.543
5322320,A3,2.790,-79.9,2.699,2.534
5322340,A1,3.730,-82.6,2.686,2.521
5322350,A2,2.550,-83.7,2.723,2.521
5322470,A3,2.780,-80.1,2.723,2.531
5322490,A1,3.730,-82.5,2.723,2.531
5322500,A2,2.550,-83.1,2.723,2.531
5322620,A3,2.790,-80.3,2.723,2.521
5322640,A1,3.730,-82.4,2.723,2.521
5322650,A2,2.590,-83.9,2.686,2.521
5322920,A3,2.760,-80.1,2.686,2.549
5322940,A1,3.750,-82.5,2.713,2.574
5322950,A2,2.540,-82.5,2.759,2.574
5323070,A3,2.780,-80.1,2.759,2.556
5323090,A1,3.740,-82.6,2.745,2.543
5323100,A2,2.580,-83.6,2.709,2.543
5323220,A3,2.790,-80.3,2.709,2.534
5323240,A1,3.750,-82.3,2.722,2.546
5323250,A2,2.560,-83.7,2.741,2.546
5323370,A3,2.770,-80.0,2.741,2.565
5323390,A1,3.750,-82.2,2.741,2.565
5323400,A2,2.560,-82.9,2.741,2.565
5323520,A3,2.760,-80.1,2.741,2.574
5323540,A1,3.770,-82.5,2.768,2.599
5323550,A2,2.580,-83.4,2.749,2.599
5323670,A3,2.800,-80.6,2.749,2.562
5323690,A1,3.750,-82.6,2.722,2.537
5323700,A2,2.570,-83.7,2.731,2.537
5323820,A3,2.770,-80.4,2.731,2.565
5323840,A1,3.740,-82.5,2.718,2.552
5323850,A2,2.580,-83.0,2.709,2.552
5323970,A3,2.780,-80.0,2.709,2.543
5323990,A1,3.730,-82.5,2.695,2.531
5324000,A2,2.560,-82.8,2.714,2.531
5324120,A3,2.750,-80.3,2.714,2.558
5324140,A1,3.740,-82.3,2.727,2.571
5324150,A2,2.560,-83.3,2.727,2.571
5324270,A3,2.780,-80.1,2.727,2.543
5324290,A1,3.740,-82.4,2.727,2.543
5324300,A2,2.570,-83.5,2.718,2.543
5324420,A3,2.750,-80.3,2.718,2.571
5324440,A1,3.730,-82.3,2.704,2.558
5324450,A2,2.590,-82.4,2.686,2.558
5324570,A3,2.790,-80.1,2.686,2.521
5324590,A1,3.750,-82.3,2.713,2.546
5324600,A2,2.580,-82.3,2.722,2.546
5324720,A3,2.760,-79.9,2.722,2.574
5324740,A1,3.770,-82.2,2.749,2.599
5324750,A2,2.550,-83.2,2.777,2.599
5324870,A3,2.780,-80.1,2.777,2.581
5324890,A1,3.730,-82.6,2.723,2.531
5324900,A2,2.590,-82.6,2.686,2.531
5325020,A3,2.770,-80.2,2.686,2.540
5325040,A1,3.760,-82.4,2.726,2.577
5325050,A2,2.620,-82.4,2.698,2.577
5325170,A3,2.780,-80.4,2.698,2.568
5325190,A1,3.760,-82.3,2.698,2.568
5325200,A2,2.560,-82.7,2.754,2.568
5325320,A3,2.780,-80.3,2.754,2.568
5325340,A1,3.770,-82.4,2.768,2.581
5325350,A2,2.550,-82.6,2.777,2.581
5325470,A3,2.770,-80.2,2.777,2.590
5325490,A1,3.730,-82.6,2.723,2.540
5325500,A2,2.590,-82.5,2.686,2.540
5325620,A3,2.760,-80.3,2.686,2.549
5325640,A1,3.730,-82.5,2.686,2.549
5325650,A2,2.570,-83.1,2.704,2.549
5325770,A3,2.790,-79.9,2.704,2.521
5325790,A1,3.730,-82.6,2.704,2.521
5325800,A2,2.600,-82.9,2.676,2.521
5326070,A3,2.760,-80.1,2.676,2.549
5326090,A1,3.790,-82.8,2.758,2.624
5326100,A2,2.570,-82.6,2.786,2.624
5326220,A3,2.780,-80.2,2.786,2.606
5326240,A1,3.760,-82.5,2.745,2.568
5326250,A2,2.550,-83.4,2.763,2.568
5326370,A3,2.770,-80.3,2.763,2.577
5326390,A1,3.710,-82.7,2.696,2.515
5326400,A2,2.570,-82.5,2.678,2.515
5326520,A3,2.760,-80.1,2.678,2.524
5326540,A1,3.800,-82.4,2.799,2.637
5326550,A2,2.600,-83.2,2.771,2.637
5326670,A3,2.780,-80.3,2.771,2.619
5326690,A1,3.760,-82.9,2.717,2.568
5326700,A2,2.590,-84.9,2.726,2.568
5326820,A3,2.770,-80.1,2.726,2.577
5326840,A1,3.770,-82.8,2.740,2.590
5326850,A2,2.570,-83.2,2.758,2.590
5326970,A3,2.770,-80.1,2.758,2.590
5326990,A1,3.790,-82.6,2.786,2.615
5327000,A2,2.560,-83.4,2.795,2.615
5327120,A3,2.760,-79.7,2.795,2.624
5327140,A1,3.770,-82.8,2.768,2.599
5327150,A2,2.580,-82.5,2.749,2.599
5327270,A3,2.780,-80.2,2.749,2.581
5327290,A1,3.760,-82.6,2.736,2.568
5327300,A2,2.570,-82.9,2.745,2.568
5327420,A3,2.780,-79.7,2.745,2.568
5327440,A1,3.790,-82.6,2.786,2.606
5327450,A2,2.590,-83.1,2.767,2.606
5327570,A3,2.780,-79.7,2.767,2.606
5327590,A1,3.800,-82.4,2.781,2.619
5327600,A2,2.570,-83.5,2.799,2.619
5327720,A3,2.800,-80.3,2.799,2.600
5327740,A1,3.790,-82.8,2.786,2.587
5327750,A2,2.570,-82.8,2.786,2.587
5327870,A3,2.780,-80.2,2.786,2.606
5327890,A1,3.790,-82.5,2.786,2.606
5327900,A2,2.560,-83.7,2.795,2.606
5328020,A3,2.780,-80.0,2.795,2.606
5328040,A1,3.720,-82.6,2.700,2.518
5328050,A2,2.570,-83.6,2.691,2.518
5328170,A3,2.800,-80.0,2.691,2.500
5328190,A1,3.750,-82.4,2.731,2.537
5328200,A2,2.560,-83.7,2.741,2.537
5328320,A3,2.790,-80.1,2.741,2.546
5328340,A1,3.800,-82.5,2.808,2.609
5328350,A2,2.580,-83.7,2.790,2.609
5328470,A3,2.780,-80.0,2.790,2.619
5328490,A1,3.750,-82.6,2.722,2.556
5328500,A2,2.560,-84.0,2.741,2.556
5328620,A3,2.800,-80.0,2.741,2.537
5328640,A1,3.750,-82.7,2.741,2.537
5328650,A2,2.600,-84.0,2.703,2.537
5328770,A3,2.770,-79.8,2.703,2.565
5328790,A1,3.790,-82.6,2.758,2.615
5328800,A2,2.560,-83.0,2.795,2.615
5328920,A3,2.770,-80.4,2.795,2.615
5328940,A1,3.800,-82.6,2.808,2.628
5329220,A3,2.760,-80.2,2.808,2.637
5329240,A1,3.730,-82.9,2.714,2.549
5329250,A2,2.580,-82.4,2.695,2.549
5329390,A1,3.800,-82.8,2.790,2.637
5329400,A2,2.610,-83.7,2.762,2.637
5329540,A1,3.780,-82.4,2.735,2.612
5329550,A2,2.590,-83.9,2.753,2.612
5329670,A3,2.770,-80.6,2.753,2.603
5329690,A1,3.780,-82.3,2.753,2.603
5329700,A2,2.560,-82.6,2.781,2.603
5329840,A1,3.740,-82.6,2.727,2.552
5329850,A2,2.540,-83.5,2.745,2.552
5329990,A1,3.750,-82.1,2.759,2.565
5330000,A2,2.590,-83.0,2.713,2.565
5330120,A3,2.770,-79.9,2.713,2.565
5330140,A1,3.730,-82.3,2.686,2.540
5330150,A2,2.590,-83.2,2.686,2.540
5330270,A3,2.790,-80.0,2.686,2.521
5330290,A1,3.740,-82.1,2.699,2.534
5330300,A2,2.600,-83.6,2.690,2.534
5330420,A3,2.770,-79.8,2.690,2.552
5330440,A1,3.780,-82.3,2.744,2.603
5330450,A2,2.600,-84.0,2.744,2.603
5330570,A3,2.800,-80.4,2.744,2.575
5330590,A1,3.740,-82.1,2.690,2.525
5330600,A2,2.600,-83.8,2.690,2.525
5330720,A3,2.750,-80.2,2.690,2.571
5330740,A1,3.750,-82.1,2.703,2.583
5330750,A2,2.580,-83.6,2.722,2.583
5330870,A3,2.760,-80.2,2.722,2.574
5330890,A1,3.770,-82.2,2.749,2.599
5330900,A2,2.590,-83.9,2.740,2.599
5331020,A3,2.750,-80.1,2.740,2.608
5331040,A1,3.710,-82.4,2.659,2.534
5331050,A2,2.570,-84.0,2.678,2.534
5331170,A3,2.780,-80.4,2.678,2.506
5331190,A1,3.740,-82.6,2.718,2.543
5331200,A2,2.560,-82.4,2.727,2.543
5331320,A3,2.760,-80.2,2.727,2.562
5331340,A1,3.760,-82.3,2.754,2.587
5331350,A2,2.590,-82.5,2.726,2.587
5331470,A3,2.780,-80.0,2.726,2.568
5331490,A1,3.760,-82.6,2.726,2.568
5331500,A2,2.580,-83.0,2.736,2.568
5331640,A1,3.770,-82.6,2.749,2.581
5331650,A2,2.560,-82.5,2.768,2.581
5331790,A1,3.790,-82.5,2.795,2.606
5331800,A2,2.560,-83.0,2.795,2.606
5331920,A3,2.740,-80.1,2.795,2.643
5331940,A1,3.790,-82.3,2.795,2.643
5331950,A2,2.590,-82.6,2.767,2.643
5332070,A3,2.780,-80.0,2.767,2.606
5332090,A1,3.790,-82.2,2.767,2.606
5332100,A2,2.560,-82.3,2.795,2.606
5332370,A3,2.780,-80.3,2.795,2.606
5332390,A1,3.740,-82.6,2.727,2.543
5332400,A2,2.560,-83.6,2.727,2.543
5332520,A3,2.770,-80.1,2.727,2.552
5332540,A1,3.760,-82.1,2.754,2.577
5332550,A2,2.570,-83.4,2.745,2.577
5332670,A3,2.770,-79.7,2.745,2.577
5332690,A1,3.760,-82.1,2.745,2.577
5332700,A2,2.580,-83.6,2.736,2.577
5332820,A3,2.780,-80.0,2.736,2.568
5332840,A1,3.790,-81.8,2.776,2.606
5332850,A2,2.540,-83.5,2.813,2.606
5332970,A3,2.760,-80.0,2.813,2.624
5332990,A1,3.800,-81.8,2.827,2.637
5333000,A2,2.570,-83.1,2.799,2.637
5333120,A3,2.770,-80.3,2.799,2.628
5333140,A1,3.760,-81.9,2.745,2.577
5333150,A2,2.560,-83.0,2.754,2.577
5333270,A3,2.760,-80.1,2.754,2.587
5333290,A1,3.790,-82.1,2.795,2.624
5333300,A2,2.570,-82.9,2.786,2.624
5333420,A3,2.750,-79.8,2.786,2.634
5333440,A1,3.780,-82.1,2.772,2.621
5333450,A2,2.580,-83.5,2.763,2.621
5333570,A3,2.760,-80.2,2.763,2.612
5333590,A1,3.790,-82.2,2.776,2.624
5333600,A2,2.570,-82.8,2.786,2.624
5333720,A3,2.770,-80.0,2.786,2.615
5333740,A1,3.770,-82.2,2.758,2.590
5333750,A2,2.580,-82.7,2.749,2.590
5333870,A3,2.780,-80.1,2.749,2.581
5333890,A1,3.790,-82.1,2.776,2.606
5333900,A2,2.560,-82.8,2.795,2.606
5334020,A3,2.760,-79.9,2.795,2.624
5334040,A1,3.780,-82.1,2.781,2.612
5334050,A2,2.590,-83.7,2.753,2.612
5334170,A3,2.780,-80.0,2.753,2.593
5334190,A1,3.760,-82.1,2.726,2.568
5334200,A2,2.570,-82.2,2.745,2.568
5334320,A3,2.740,-80.0,2.745,2.605
5334340,A1,3.770,-81.9,2.758,2.618
5334350,A2,2.580,-82.6,2.749,2.618
5334470,A3,2.760,-80.2,2.749,2.599
5334490,A1,3.770,-82.1,2.749,2.599
5334500,A2,2.550,-82.3,2.777,2.599
5334620,A3,2.760,-79.8,2.777,2.599
5334640,A1,3.740,-82.2,2.736,2.562
5334650,A2,2.560,-82.2,2.727,2.562
5334770,A3,2.770,-80.0,2.727,2.552
5334790,A1,3.760,-82.2,2.754,2.577
5334800,A2,2.600,-84.0,2.717,2.577
5334920,A3,2.770,-80.4,2.717,2.577
5334950,A2,2.560,-83.4,2.754,2.577
5335100,A2,2.590,-83.6,2.726,2.577
5335220,A3,2.760,-80.0,2.726,2.587
5335240,A1,3.750,-82.1,2.713,2.574
5335250,A2,2.610,-83.8,2.694,2.574
5335520,A3,2.770,-80.0,2.694,2.565
5335540,A1,3.730,-82.1,2.667,2.540
5335550,A2,2.570,-82.6,2.704,2.540
5335670,A3,2.770,-79.9,2.704,2.540
5335690,A1,3.740,-82.0,2.718,2.552
5335700,A2,2.560,-82.2,2.727,2.552
5335820,A3,2.780,-80.3,2.727,2.543
5335840,A1,3.750,-82.1,2.741,2.556
5335850,A2,2.590,-83.4,2.713,2.556
5335970,A3,2.740,-80.3,2.713,2.592
5335990,A1,3.760,-82.5,2.726,2.605
5336000,A2,2.570,-82.4,2.745,2.605
5336120,A3,2.740,-80.3,2.745,2.605
5336140,A1,3.750,-82.3,2.731,2.592
5336150,A2,2.570,-83.5,2.731,2.592
5336270,A3,2.780,-79.9,2.731,2.556
5336290,A1,3.770,-82.4,2.758,2.581
5336300,A2,2.570,-83.8,2.758,2.581
5336420,A3,2.780,-80.3,2.758,2.581
5336440,A1,3.740,-82.4,2.718,2.543
5336450,A2,2.580,-83.6,2.709,2.543
5336570,A3,2.770,-79.9,2.709,2.552
5336590,A1,3.780,-82.4,2.763,2.603
5336600,A2,2.560,-82.8,2.781,2.603
5336720,A3,2.770,-80.0,2.781,2.603
5336740,A1,3.770,-82.5,2.768,2.590
5336750,A2,2.540,-82.6,2.786,2.590
5336870,A3,2.770,-80.1,2.786,2.590
5336890,A1,3.770,-82.2,2.786,2.590
5336900,A2,2.590,-83.4,2.740,2.590
5337020,A3,2.750,-80.1,2.740,2.608
5337040,A1,3.760,-82.2,2.726,2.596
5337050,A2,2.550,-82.4,2.763,2.596
5337170,A3,2.760,-80.2,2.763,2.587
5337190,A1,3.760,-82.2,2.763,2.587
5337200,A2,2.550,-82.4,2.763,2.587
5337320,A3,2.760,-80.2,2.763,2.587
5337340,A1,3.740,-82.2,2.736,2.562
5337350,A2,2.560,-83.0,2.727,2.562
5337470,A3,2.790,-80.3,2.727,2.534
5337490,A1,3.770,-82.1,2.768,2.571
5337500,A2,2.580,-83.0,2.749,2.571
5337620,A3,2.760,-80.3,2.749,2.599
5337640,A1,3.740,-82.2,2.709,2.562
5337650,A2,2.600,-83.4,2.690,2.562
5337770,A3,2.770,-79.9,2.690,2.552
5337790,A1,3.760,-82.5,2.717,2.577
5337800,A2,2.590,-83.6,2.726,2.577
5337920,A3,2.750,-80.3,2.726,2.596
5337940,A1,3.750,-82.4,2.713,2.583
5337950,A2,2.600,-83.9,2.703,2.583
5338070,A3,2.770,-80.1,2.703,2.565
5338090,A1,3.770,-82.0,2.730,2.590
5338100,A2,2.570,-82.6,2.758,2.590
5338220,A3,2.770,-80.1,2.758,2.590
5338240,A1,3.760,-82.2,2.745,2.577
5338250,A2,2.560,-82.4,2.754,2.577
5338370,A3,2.770,-80.1,2.754,2.577
5338390,A1,3.800,-82.1,2.808,2.628
5338400,A2,2.550,-83.4,2.818,2.628
5338670,A3,2.790,-80.2,2.818,2.609
5338690,A1,3.760,-82.1,2.763,2.559
5338700,A2,2.560,-83.5,2.754,2.559
5338820,A3,2.750,-80.3,2.754,2.596
5338840,A1,3.790,-82.5,2.795,2.634
5338850,A2,2.590,-83.5,2.767,2.634
5338970,A3,2.750,-80.4,2.767,2.634
5338990,A1,3.770,-82.0,2.740,2.608
5339000,A2,2.560,-83.2,2.768,2.608
5339120,A3,2.750,-80.3,2.768,2.608
5339140,A1,3.770,-81.8,2.768,2.608
5339150,A2,2.620,-83.1,2.712,2.608
5339270,A3,2.760,-80.2,2.712,2.599
5339290,A1,3.780,-82.4,2.725,2.612
5339300,A2,2.570,-83.3,2.772,2.612
5339420,A3,2.750,-80.4,2.772,2.621
5339440,A1,3.780,-82.0,2.772,2.621
5339450,A2,2.560,-82.7,2.781,2.621
5339590,A1,3.800,-82.1,2.808,2.646
5339600,A2,2.570,-82.8,2.799,2.646
5339740,A1,3.750,-82.0,2.731,2.583
5339750,A2,2.580,-82.6,2.722,2.583
5339870,A3,2.770,-80.4,2.722,2.565
5339890,A1,3.770,-82.2,2.749,2.590
5339900,A2,2.570,-82.5,2.758,2.590
5340020,A3,2.740,-80.3,2.758,2.618
5340040,A1,3.770,-82.2,2.758,2.618
5340050,A2,2.570,-84.0,2.758,2.618
5340170,A3,2.750,-80.2,2.758,2.608
5340190,A1,3.750,-82.4,2.731,2.583
5340200,A2,2.590,-84.6,2.713,2.583
5340320,A3,2.750,-80.5,2.713,2.583
5340340,A1,3.780,-82.4,2.753,2.621
5340350,A2,2.620,-83.0,2.725,2.621
5340470,A3,2.750,-80.3,2.725,2.621
5340490,A1,3.790,-82.4,2.739,2.634
5340500,A2,2.590,-82.5,2.767,2.634
5340620,A3,2.770,-80.2,2.767,2.615
5340640,A1,3.790,-82.3,2.767,2.615
5340650,A2,2.580,-82.2,2.776,2.615
5340770,A3,2.760,-81.3,2.776,2.624
5340790,A1,3.770,-82.6,2.749,2.599
5341070,A3,2.740,-80.3,2.749,2.618
5341090,A1,3.760,-82.3,2.736,2.605
5341100,A2,2.580,-83.2,2.736,2.605
5341220,A3,2.760,-80.3,2.736,2.587
5341240,A1,3.780,-82.5,2.763,2.612
5341250,A2,2.560,-82.9,2.781,2.612
5341370,A3,2.770,-80.3,2.781,2.603
5341390,A1,3.750,-82.2,2.741,2.565
5341400,A2,2.580,-82.8,2.722,2.565
5341520,A3,2.740,-80.3,2.722,2.592
5341540,A1,3.770,-82.2,2.749,2.618
5341550,A2,2.600,-82.7,2.730,2.618
5341820,A3,2.740,-80.3,2.730,2.618
5341840,A1,3.770,-82.2,2.730,2.618
5341850,A2,2.590,-83.3,2.740,2.618
5341970,A3,2.740,-80.4,2.740,2.618
5341990,A1,3.750,-82.4,2.713,2.592
5342000,A2,2.600,-83.1,2.703,2.592
5342120,A3,2.730,-80.3,2.703,2.602
5342140,A1,3.750,-82.1,2.703,2.602
5342150,A2,2.570,-83.2,2.731,2.602
5342290,A1,3.760,-82.5,2.745,2.614
5342300,A2,2.570,-82.7,2.745,2.614
5342440,A1,3.770,-82.3,2.758,2.627
5342450,A2,2.560,-82.3,2.768,2.627
5342570,A3,2.730,-80.4,2.768,2.627
5342590,A1,3.800,-82.1,2.808,2.665
5342600,A2,2.560,-83.3,2.808,2.665
5342720,A3,2.760,-80.4,2.808,2.637
5342740,A1,3.750,-82.4,2.741,2.574
5342750,A2,2.610,-83.5,2.694,2.574
5342870,A3,2.750,-80.4,2.694,2.583
5342890,A1,3.760,-82.3,2.708,2.596
5342900,A2,2.570,-82.7,2.745,2.596
5343020,A3,2.760,-80.2,2.745,2.587
5343040,A1,3.760,-82.2,2.745,2.587
5343050,A2,2.570,-83.2,2.745,2.587
5343170,A3,2.750,-79.9,2.745,2.596
5343190,A1,3.750,-82.4,2.731,2.583
5343200,A2,2.590,-82.6,2.713,2.583
5343320,A3,2.790,-80.0,2.713,2.546
5343340,A1,3.780,-82.5,2.753,2.584
5343350,A2,2.590,-82.6,2.753,2.584
5343470,A3,2.770,-80.2,2.753,2.603
5343490,A1,3.760,-82.6,2.726,2.577
5343500,A2,2.550,-82.8,2.763,2.577
5343620,A3,2.780,-80.5,2.763,2.568
5343640,A1,3.790,-82.3,2.804,2.606
5343650,A2,2.560,-83.4,2.795,2.606
5343770,A3,2.780,-80.4,2.795,2.606
5343790,A1,3.780,-82.4,2.781,2.593
5343800,A2,2.550,-83.2,2.790,2.593
5343920,A3,2.760,-80.3,2.790,2.612
5343940,A1,3.770,-82.2,2.777,2.599
5343950,A2,2.570,-82.7,2.758,2.599
5344070,A3,2.770,-80.5,2.758,2.590
5344090,A1,3.760,-82.3,2.745,2.577
5344100,A2,2.590,-82.8,2.726,2.577
5344220,A3,2.770,-80.4,2.726,2.577
5344240,A1,3.770,-82.0,2.740,2.590
5344250,A2,2.600,-83.3,2.730,2.590
5344370,A3,2.750,-80.4,2.730,2.608
5344390,A1,3.740,-82.1,2.690,2.571
5344400,A2,2.540,-82.5,2.745,2.571
5344520,A3,2.760,-80.2,2.745,2.562
5344540,A1,3.780,-82.2,2.799,2.612
5344550,A2,2.580,-83.0,2.763,2.612
5344670,A3,2.750,-80.4,2.763,2.621
5344690,A1,3.750,-82.4,2.722,2.583
5344700,A2,2.580,-82.5,2.722,2.583
5344970,A3,2.760,-80.3,2.722,2.574
5344990,A1,3.760,-82.2,2.736,2.587
5345000,A2,2.560,-83.0,2.754,2.587
5345120,A3,2.760,-80.3,2.754,2.587
5345140,A1,3.770,-82.1,2.768,2.599
5345150,A2,2.580,-83.3,2.749,2.599
5345270,A3,2.760,-80.3,2.749,2.599
5345290,A1,3.750,-82.4,2.722,2.574
5345300,A2,2.610,-83.1,2.694,2.574
5345420,A3,2.750,-80.2,2.694,2.583
5345440,A1,3.750,-82.1,2.694,2.583
5345450,A2,2.600,-82.7,2.703,2.583
5345570,A3,2.760,-80.5,2.703,2.574
5345590,A1,3.770,-82.0,2.730,2.599
5345600,A2,2.560,-82.2,2.768,2.599
5345720,A3,2.750,-80.4,2.768,2.608
5345740,A1,3.780,-82.2,2.781,2.621
5345750,A2,2.590,-82.5,2.753,2.621
5345870,A3,2.740,-80.5,2.753,2.630
5345890,A1,3.770,-82.1,2.740,2.618
5345900,A2,2.590,-82.4,2.740,2.618
5346020,A3,2.740,-80.3,2.740,2.618
5346040,A1,3.750,-82.4,2.713,2.592
5346320,A3,2.770,-80.6,2.713,2.565
5346340,A1,3.780,-82.0,2.753,2.603
5346350,A2,2.560,-82.5,2.781,2.603
5346620,A3,2.770,-80.3,2.781,2.603
5346640,A1,3.760,-82.5,2.754,2.577
5346650,A2,2.550,-82.9,2.763,2.577
5346770,A3,2.760,-80.5,2.763,2.587
5346790,A1,3.800,-82.5,2.818,2.637
5346800,A2,2.560,-83.3,2.808,2.637
5346920,A3,2.760,-80.3,2.808,2.637
5346940,A1,3.760,-82.5,2.754,2.587
5346950,A2,2.590,-83.4,2.726,2.587
5347070,A3,2.740,-80.5,2.726,2.605
5347090,A1,3.750,-82.6,2.713,2.592
5347100,A2,2.600,-83.2,2.703,2.592
5347220,A3,2.750,-80.3,2.703,2.583
5347240,A1,3.790,-81.9,2.758,2.634
5347250,A2,2.580,-82.8,2.776,2.634
5347370,A3,2.770,-80.6,2.776,2.615
5347390,A1,3.750,-82.1,2.722,2.565
5347400,A2,2.590,-83.1,2.713,2.565
5347520,A3,2.760,-80.5,2.713,2.574
5347540,A1,3.780,-82.0,2.753,2.612
5347550,A2,2.600,-82.9,2.744,2.612
5347670,A3,2.740,-80.2,2.744,2.630
5347690,A1,3.750,-82.1,2.703,2.592
5347700,A2,2.550,-83.0,2.750,2.592
5347820,A3,2.750,-80.2,2.750,2.583
5347840,A1,3.760,-82.1,2.763,2.596
5347850,A2,2.570,-83.3,2.745,2.596
5348120,A3,2.760,-80.6,2.745,2.587
5348140,A1,3.740,-82.2,2.718,2.562
5348150,A2,2.570,-83.7,2.718,2.562
5348270,A3,2.770,-80.5,2.718,2.552
5348290,A1,3.760,-82.2,2.745,2.577
5348300,A2,2.560,-83.2,2.754,2.577
5348570,A3,2.740,-80.3,2.754,2.605
5348590,A1,3.770,-82.3,2.768,2.618
5348600,A2,2.580,-83.1,2.749,2.618
5348720,A3,2.760,-80.4,2.749,2.599
5348740,A1,3.780,-81.8,2.763,2.612
5348750,A2,2.590,-83.1,2.753,2.612
5348870,A3,2.740,-80.6,2.753,2.630
5348890,A1,3.790,-82.3,2.767,2.643
5348900,A2,2.590,-83.6,2.767,2.643
5349020,A3,2.750,-80.2,2.767,2.634
5349040,A1,3.780,-82.2,2.753,2.621
5349050,A2,2.570,-82.8,2.772,2.621
5349170,A3,2.740,-80.6,2.772,2.630
5349190,A1,3.750,-82.3,2.731,2.592
5349200,A2,2.590,-82.9,2.713,2.592
5349320,A3,2.810,-80.5,2.713,2.528
5349340,A1,3.770,-82.1,2.740,2.553
5349350,A2,2.560,-83.4,2.768,2.553
5349470,A3,2.770,-80.6,2.768,2.590
5349490,A1,3.780,-82.0,2.781,2.603
5349500,A2,2.600,-82.9,2.744,2.603
5349620,A3,2.730,-80.8,2.744,2.639
5349640,A1,3.770,-82.6,2.730,2.627
5349650,A2,2.580,-82.8,2.749,2.627
5349770,A3,2.740,-80.4,2.749,2.618
5349790,A1,3.760,-82.3,2.736,2.605
5349800,A2,2.550,-83.0,2.763,2.605
5349920,A3,2.760,-80.3,2.763,2.587
5349940,A1,3.730,-82.3,2.723,2.549
5349950,A2,2.570,-83.1,2.704,2.549
5350070,A3,2.730,-80.6,2.704,2.577
5350090,A1,3.790,-82.3,2.786,2.652
5350100,A2,2.560,-83.4,2.795,2.652
5350220,A3,2.780,-80.6,2.795,2.606
5350240,A1,3.790,-82.4,2.795,2.606
5350250,A2,2.560,-83.0,2.795,2.606
5350370,A3,2.730,-80.5,2.795,2.652
5350390,A1,3.760,-82.2,2.754,2.614
5350400,A2,2.590,-83.2,2.726,2.614
5350520,A3,2.750,-80.2,2.726,2.596
5350540,A1,3.770,-82.0,2.740,2.608
5350550,A2,2.580,-83.5,2.749,2.608
5350670,A3,2.740,-80.5,2.749,2.618
5350690,A1,3.770,-81.9,2.749,2.618
5350700,A2,2.560,-83.3,2.768,2.618
5350820,A3,2.740,-80.6,2.768,2.618
5350840,A1,3.760,-82.4,2.754,2.605
5350850,A2,2.580,-82.8,2.736,2.605
5350970,A3,2.760,-80.6,2.736,2.587
5350990,A1,3.800,-82.0,2.790,2.637
5351000,A2,2.580,-82.8,2.790,2.637
5351570,A3,2.730,-80.7,2.790,2.665
5351590,A1,3.760,-82.4,2.736,2.614
5351600,A2,2.600,-83.3,2.717,2.614
5351720,A3,2.750,-80.5,2.717,2.596
5351740,A1,3.740,-82.2,2.690,2.571
5351750,A2,2.570,-82.8,2.718,2.571
5351870,A3,2.740,-80.7,2.718,2.580
5351890,A1,3.800,-82.3,2.799,2.655
5351900,A2,2.590,-82.6,2.781,2.655
5352020,A3,2.740,-80.5,2.781,2.655
5352040,A1,3.770,-82.3,2.740,2.618
5352320,A3,2.750,-80.5,2.740,2.608
5352340,A1,3.780,-82.3,2.753,2.621
5352350,A2,2.590,-82.5,2.753,2.621
5352470,A3,2.740,-80.3,2.753,2.630
5352490,A1,3.750,-82.2,2.713,2.592
5352500,A2,2.570,-83.1,2.731,2.592
5352640,A1,3.740,-82.4,2.718,2.580
5352650,A2,2.590,-83.0,2.699,2.580
5352790,A1,3.780,-82.5,2.753,2.630
5352800,A2,2.570,-82.8,2.772,2.630
5352920,A3,2.750,-80.2,2.772,2.621
5352940,A1,3.750,-82.3,2.731,2.583
5352950,A2,2.580,-83.0,2.722,2.583
5353070,A3,2.760,-80.2,2.722,2.574
5353090,A1,3.760,-82.4,2.736,2.587
5353100,A2,2.570,-82.7,2.745,2.587
5353220,A3,2.730,-80.2,2.745,2.614
5353240,A1,3.740,-82.5,2.718,2.589
5353250,A2,2.590,-82.7,2.699,2.589
5353370,A3,2.760,-80.1,2.699,2.562
5353390,A1,3.740,-82.8,2.699,2.562
5353400,A2,2.590,-82.7,2.699,2.562
5353520,A3,2.780,-79.8,2.699,2.543
5353540,A1,3.730,-82.7,2.686,2.531
5353550,A2,2.570,-83.2,2.704,2.531
5353670,A3,2.740,-80.5,2.704,2.568
5353700,A2,2.580,-83.1,2.695,2.568
5353850,A2,2.570,-82.2,2.704,2.568
5353970,A3,2.760,-80.4,2.704,2.549
5353990,A1,3.730,-82.6,2.704,2.549
5354000,A2,2.600,-83.3,2.676,2.549
5354120,A3,2.790,-80.2,2.676,2.521
5354140,A1,3.770,-82.4,2.730,2.571
5354150,A2,2.570,-83.8,2.758,2.571
5354420,A3,2.750,-79.9,2.758,2.608
5354440,A1,3.760,-82.2,2.745,2.596
5354450,A2,2.590,-84.1,2.726,2.596
5354570,A3,2.740,-80.2,2.726,2.605
5354590,A1,3.740,-82.8,2.699,2.580
5354600,A2,2.580,-82.9,2.709,2.580
5354720,A3,2.770,-80.2,2.709,2.552
5354740,A1,3.770,-80.8,2.749,2.590
5354750,A2,2.590,-83.8,2.740,2.590
5354870,A3,2.770,-80.0,2.740,2.590
5354890,A1,3.750,-81.0,2.713,2.565
5354900,A2,2.570,-83.6,2.731,2.565
5355020,A3,2.760,-79.9,2.731,2.574
5355040,A1,3.790,-81.0,2.786,2.624
5355050,A2,2.600,-83.3,2.758,2.624
5355170,A3,2.780,-79.6,2.758,2.606
5355190,A1,3.770,-81.0,2.730,2.581
5355200,A2,2.580,-83.9,2.749,2.581
5355320,A3,2.790,-80.1,2.749,2.571
5355340,A1,3.750,-82.8,2.722,2.546
5355350,A2,2.590,-84.1,2.713,2.546
5355470,A3,2.770,-80.1,2.713,2.565
5355490,A1,3.720,-82.5,2.672,2.528
5355500,A2,2.560,-82.6,2.700,2.528
5355620,A3,2.760,-80.1,2.700,2.537
5355640,A1,3.760,-82.0,2.754,2.587
5355650,A2,2.560,-83.4,2.754,2.587
5355770,A3,2.770,-80.3,2.754,2.577
5355790,A1,3.760,-81.9,2.754,2.577
5355800,A2,2.590,-83.3,2.726,2.577
5355920,A3,2.760,-80.0,2.726,2.587
5355940,A1,3.760,-81.9,2.726,2.587
5355950,A2,2.570,-83.0,2.745,2.587
5356070,A3,2.760,-80.0,2.745,2.587
5356090,A1,3.770,-82.1,2.758,2.599
5356100,A2,2.570,-83.6,2.758,2.599
5356220,A3,2.770,-80.2,2.758,2.590
5356240,A1,3.740,-82.9,2.718,2.552
5356250,A2,2.560,-83.1,2.727,2.552
5356370,A3,2.770,-80.2,2.727,2.552
5356390,A1,3.770,-82.2,2.768,2.590
5356400,A2,2.590,-83.7,2.740,2.590
5356520,A3,2.740,-80.4,2.740,2.618
5356540,A1,3.750,-82.0,2.713,2.592
5356550,A2,2.580,-83.6,2.722,2.592
5356670,A3,2.760,-79.8,2.722,2.574
5356700,A2,2.580,-84.8,2.722,2.574
5356850,A2,2.560,-84.0,2.741,2.574
5356970,A3,2.800,-79.7,2.741,2.537
5356990,A1,3.730,-82.8,2.714,2.512
5357000,A2,2.590,-83.4,2.686,2.512
5357120,A3,2.730,-79.9,2.686,2.577
5357140,A1,3.720,-82.4,2.672,2.564
5357150,A2,2.600,-83.2,2.663,2.564
5357270,A3,2.770,-80.2,2.663,2.528
5357290,A1,3.750,-82.1,2.703,2.565
5357300,A2,2.600,-84.0,2.703,2.565
5357570,A3,2.790,-80.7,2.703,2.546
5357590,A1,3.720,-81.9,2.663,2.509
5357600,A2,2.560,-83.9,2.700,2.509
5357720,A3,2.760,-80.2,2.700,2.537
5357740,A1,3.750,-82.1,2.741,2.574
5357750,A2,2.590,-84.2,2.713,2.574
5357870,A3,2.800,-79.8,2.713,2.537
5357890,A1,3.730,-82.1,2.686,2.512
5357900,A2,2.590,-82.7,2.686,2.512
5358020,A3,2.800,-79.8,2.686,2.512
5358040,A1,3.740,-81.8,2.699,2.525
5358050,A2,2.560,-83.4,2.727,2.525
5358170,A3,2.750,-79.8,2.727,2.571
5358190,A1,3.770,-82.1,2.768,2.608
5358200,A2,2.580,-83.1,2.749,2.608
5358320,A3,2.810,-80.0,2.749,2.553
5358340,A1,3.750,-82.2,2.722,2.528
5358350,A2,2.600,-82.6,2.703,2.528
5358470,A3,2.770,-80.0,2.703,2.565
5358490,A1,3.730,-82.6,2.676,2.540
5358500,A2,2.550,-82.6,2.723,2.540
5358620,A3,2.790,-80.1,2.723,2.521
5358640,A1,3.720,-82.6,2.709,2.509
5358650,A2,2.570,-83.1,2.691,2.509
5358770,A3,2.740,-80.0,2.691,2.555
5358790,A1,3.730,-82.7,2.704,2.568
5358800,A2,2.560,-82.8,2.714,2.568
5358920,A3,2.770,-80.0,2.714,2.540
5358940,A1,3.720,-82.7,2.700,2.528
5358950,A2,2.600,-82.5,2.663,2.528
5359070,A3,2.780,-80.0,2.663,2.518
5359090,A1,3.740,-82.1,2.690,2.543
5359100,A2,2.590,-82.4,2.699,2.543
5359220,A3,2.790,-80.6,2.699,2.534
5359240,A1,3.750,-82.1,2.713,2.546
5359250,A2,2.590,-82.7,2.713,2.546
5359370,A3,2.800,-79.6,2.713,2.537
5359390,A1,3.770,-82.0,2.740,2.562
5359400,A2,2.540,-83.5,2.786,2.562
5359520,A3,2.770,-80.4,2.786,2.590
5359540,A1,3.750,-82.0,2.759,2.565
5359550,A2,2.570,-83.0,2.731,2.565
5359670,A3,2.790,-79.7,2.731,2.546
5359690,A1,3.750,-81.8,2.731,2.546
5359700,A2,2.590,-83.4,2.713,2.546
5359820,A3,2.750,-80.3,2.713,2.583
5359840,A1,3.760,-82.3,2.726,2.596
5359850,A2,2.570,-83.4,2.745,2.596
5359970,A3,2.770,-80.0,2.745,2.577
5359990,A1,3.760,-82.6,2.745,2.577
5360000,A2,2.580,-83.3,2.736,2.577
5360120,A3,2.740,-80.5,2.736,2.605
5360140,A1,3.770,-82.6,2.749,2.618
5360150,A2,2.540,-83.6,2.786,2.618
5360270,A3,2.740,-80.3,2.786,2.618
5360290,A1,3.750,-82.2,2.759,2.592
5360300,A2,2.560,-83.2,2.741,2.592
5360420,A3,2.760,-80.5,2.741,2.574
5360440,A1,3.740,-82.0,2.727,2.562
5360450,A2,2.560,-83.6,2.727,2.562
5360720,A3,2.770,-79.6,2.727,2.552
5360740,A1,3.760,-82.1,2.754,2.577
5360750,A2,2.600,-84.7,2.717,2.577
5360870,A3,2.780,-79.8,2.717,2.568
5360890,A1,3.750,-82.4,2.703,2.556
5360900,A2,2.570,-84.4,2.731,2.556
5361020,A3,2.760,-79.9,2.731,2.574
5361040,A1,3.740,-82.4,2.718,2.562
5361050,A2,2.570,-84.6,2.718,2.562
5361170,A3,2.780,-79.8,2.718,2.543
5361190,A1,3.730,-82.7,2.704,2.531
5361200,A2,2.580,-83.7,2.695,2.531
5361320,A3,2.770,-80.0,2.695,2.540
5361340,A1,3.730,-82.7,2.695,2.540
5361350,A2,2.600,-83.4,2.676,2.540
5361470,A3,2.800,-79.6,2.676,2.512
5361490,A1,3.740,-82.3,2.690,2.525
5361500,A2,2.590,-83.9,2.699,2.525
5361620,A3,2.780,-80.0,2.699,2.543
5361640,A1,3.740,-82.4,2.699,2.543
5361650,A2,2.590,-83.5,2.699,2.543
5361770,A3,2.790,-80.1,2.699,2.534
5361790,A1,3.730,-82.2,2.686,2.521
5361800,A2,2.600,-83.0,2.676,2.521
5361920,A3,2.760,-80.2,2.676,2.549
5361940,A1,3.740,-81.9,2.690,2.562
5361950,A2,2.560,-83.4,2.727,2.562
5362070,A3,2.750,-81.3,2.727,2.571
5362090,A1,3.770,-82.6,2.768,2.608
5362100,A2,2.590,-83.9,2.740,2.608
5362220,A3,2.750,-80.4,2.740,2.608
5362240,A1,3.760,-82.2,2.726,2.596
5362250,A2,2.560,-82.9,2.754,2.596
5362370,A3,2.760,-80.1,2.754,2.587
5362390,A1,3.750,-81.9,2.741,2.574
5362400,A2,2.550,-82.3,2.750,2.574
5362520,A3,2.770,-80.6,2.750,2.565
5362540,A1,3.760,-82.4,2.763,2.577
5362550,A2,2.540,-83.2,2.772,2.577
5362670,A3,2.790,-80.3,2.772,2.559
5362690,A1,3.750,-82.1,2.759,2.546
5362700,A2,2.560,-83.0,2.741,2.546
5362820,A3,2.740,-80.3,2.741,2.592
5362840,A1,3.750,-82.3,2.741,2.592
5362850,A2,2.570,-83.7,2.731,2.592
5362970,A3,2.740,-80.6,2.731,2.592
5362990,A1,3.740,-81.9,2.718,2.580
5363000,A2,2.600,-83.0,2.690,2.580
5363120,A3,2.740,-80.5,2.690,2.580
5363140,A1,3.770,-81.9,2.730,2.618
5363150,A2,2.540,-83.5,2.786,2.618
5363270,A3,2.740,-80.3,2.786,2.618
5363290,A1,3.770,-82.0,2.786,2.618
5363300,A2,2.590,-83.4,2.740,2.618
5363420,A3,2.740,-80.5,2.740,2.618
5363440,A1,3.760,-81.9,2.726,2.605
5363450,A2,2.550,-83.3,2.763,2.605
5363570,A3,2.760,-80.2,2.763,2.587
5363590,A1,3.720,-82.3,2.709,2.537
5363600,A2,2.590,-86.0,2.672,2.537
5363870,A3,2.780,-80.1,2.672,2.518
5363890,A1,3.740,-82.0,2.699,2.543
5363900,A2,2.600,-83.6,2.690,2.543
5364020,A3,2.770,-80.5,2.690,2.552
5364040,A1,3.730,-82.1,2.676,2.540
5364050,A2,2.590,-83.4,2.686,2.540
5364170,A3,2.770,-80.3,2.686,2.540
5364190,A1,3.760,-82.5,2.726,2.577
5364200,A2,2.570,-83.9,2.745,2.577
5364320,A3,2.770,-80.1,2.745,2.577
5364340,A1,3.750,-82.3,2.731,2.565
5364350,A2,2.570,-84.3,2.731,2.565
5364470,A3,2.760,-80.4,2.731,2.574
5364490,A1,3.730,-82.1,2.704,2.549
5364500,A2,2.590,-83.5,2.686,2.549
5364620,A3,2.740,-80.3,2.686,2.568
5364640,A1,3.750,-82.4,2.713,2.592
5364650,A2,2.590,-83.2,2.713,2.592
5364770,A3,2.760,-80.2,2.713,2.574
5364790,A1,3.720,-82.3,2.672,2.537
5364800,A2,2.590,-84.3,2.672,2.537
5364920,A3,2.760,-80.3,2.672,2.537
5364940,A1,3.780,-82.4,2.753,2.612
5364950,A2,2.590,-83.4,2.753,2.612
5365070,A3,2.770,-80.6,2.753,2.603
5365090,A1,3.740,-82.0,2.699,2.552
5365100,A2,2.580,-83.8,2.709,2.552
5365220,A3,2.740,-80.2,2.709,2.580
5365240,A1,3.750,-82.4,2.722,2.592
5365250,A2,2.590,-84.0,2.713,2.592
5365370,A3,2.760,-80.2,2.713,2.574
5365390,A1,3.730,-82.0,2.686,2.549
5365400,A2,2.610,-83.9,2.667,2.549
5365520,A3,2.770,-80.3,2.667,2.540
5365540,A1,3.740,-82.5,2.681,2.552
5365550,A2,2.590,-83.7,2.699,2.552
5365670,A3,2.760,-80.0,2.699,2.562
5365690,A1,3.740,-81.8,2.699,2.562
5365700,A2,2.580,-83.9,2.709,2.562
5365820,A3,2.760,-80.4,2.709,2.562
5365840,A1,3.740,-82.2,2.709,2.562
5365850,A2,2.580,-83.9,2.709,2.562
5365970,A3,2.770,-80.3,2.709,2.552
5365990,A1,3.750,-82.2,2.722,2.565
5366000,A2,2.590,-83.8,2.713,2.565
5366120,A3,2.770,-80.3,2.713,2.565
5366140,A1,3.700,-82.3,2.646,2.503
5366150,A2,2.580,-83.6,2.655,2.503
5366270,A3,2.760,-79.7,2.655,2.512
5366290,A1,3.760,-82.2,2.736,2.587
5366300,A2,2.590,-84.0,2.726,2.587
5366420,A3,2.790,-79.7,2.726,2.559
5366440,A1,3.720,-82.4,2.672,2.509
5366450,A2,2.600,-84.4,2.663,2.509
5366570,A3,2.740,-79.6,2.663,2.555
5366590,A1,3.760,-82.3,2.717,2.605
5366600,A2,2.600,-83.4,2.717,2.605
5366720,A3,2.800,-79.9,2.717,2.550
5366740,A1,3.730,-82.3,2.676,2.512
5366750,A2,2.600,-84.2,2.676,2.512
5367020,A3,2.800,-79.6,2.676,2.512
5367040,A1,3.730,-82.3,2.676,2.512
5367050,A2,2.600,-83.5,2.676,2.512
5367170,A3,2.780,-79.6,2.676,2.531
5367190,A1,3.730,-82.6,2.676,2.531
5367200,A2,2.590,-83.9,2.686,2.531
5367320,A3,2.790,-79.9,2.686,2.521
5367340,A1,3.740,-82.3,2.699,2.534
5367350,A2,2.590,-84.5,2.699,2.534
5367470,A3,2.790,-79.9,2.699,2.534
5367490,A1,3.730,-82.2,2.686,2.521
5367500,A2,2.570,-84.1,2.704,2.521
5367620,A3,2.750,-80.2,2.704,2.558
5367640,A1,3.760,-82.4,2.745,2.596
5367650,A2,2.600,-84.8,2.717,2.596
5367770,A3,2.760,-79.7,2.717,2.587
5367790,A1,3.730,-82.6,2.676,2.549
5367800,A2,2.580,-84.4,2.695,2.549
5367920,A3,2.750,-80.1,2.695,2.558
5367940,A1,3.750,-82.5,2.722,2.583
5368220,A3,2.750,-79.9,2.722,2.583
5368240,A1,3.720,-82.4,2.682,2.546
5368250,A2,2.580,-84.4,2.682,2.546
5368370,A3,2.750,-80.1,2.682,2.546
5368390,A1,3.750,-82.1,2.722,2.583
5368400,A2,2.600,-84.2,2.703,2.583
5368520,A3,2.740,-80.1,2.703,2.592
5368540,A1,3.750,-82.0,2.703,2.592
5368550,A2,2.540,-83.9,2.759,2.592
5368670,A3,2.750,-80.3,2.759,2.583
5368690,A1,3.750,-82.1,2.759,2.583
5368700,A2,2.590,-84.2,2.713,2.583
5368820,A3,2.750,-80.7,2.713,2.583
5368840,A1,3.760,-82.0,2.726,2.596
5368850,A2,2.550,-83.6,2.763,2.596
5368970,A3,2.760,-80.3,2.763,2.587
5368990,A1,3.770,-82.3,2.777,2.599
5369000,A2,2.590,-83.1,2.740,2.599
5369120,A3,2.760,-80.5,2.740,2.599
5369140,A1,3.760,-82.1,2.726,2.587
5369150,A2,2.560,-84.4,2.754,2.587
5369270,A3,2.740,-80.4,2.754,2.605
5369290,A1,3.770,-82.1,2.768,2.618
5369300,A2,2.600,-84.1,2.730,2.618
5369420,A3,2.750,-80.3,2.730,2.608
5369440,A1,3.770,-82.0,2.730,2.608
5369450,A2,2.600,-83.3,2.730,2.608
5369570,A3,2.750,-80.1,2.730,2.608
5369590,A1,3.760,-81.8,2.717,2.596
5369600,A2,2.590,-83.3,2.726,2.596
5369720,A3,2.740,-80.2,2.726,2.605
5369740,A1,3.780,-82.2,2.753,2.630
5369750,A2,2.600,-83.6,2.744,2.630
5369870,A3,2.760,-80.0,2.744,2.612
5369890,A1,3.780,-81.8,2.744,2.612
5369900,A2,2.570,-82.8,2.772,2.612
5370170,A3,2.760,-80.6,2.772,2.612
5370190,A1,3.770,-82.2,2.758,2.599
5370200,A2,2.580,-83.7,2.749,2.599
5370320,A3,2.760,-80.4,2.749,2.599
5370340,A1,3.740,-82.4,2.709,2.562
5370350,A2,2.560,-83.3,2.727,2.562
5370470,A3,2.770,-80.5,2.727,2.552
5370490,A1,3.760,-82.3,2.754,2.577
5370500,A2,2.560,-82.6,2.754,2.577
5370620,A3,2.780,-80.0,2.754,2.568
5370640,A1,3.760,-82.5,2.754,2.568
5370650,A2,2.590,-83.8,2.726,2.568
5370770,A3,2.780,-80.1,2.726,2.568
5370790,A1,3.750,-82.4,2.713,2.556
5370800,A2,2.560,-82.4,2.741,2.556
5370920,A3,2.770,-80.2,2.741,2.565
5370940,A1,3.770,-82.5,2.768,2.590
5370950,A2,2.540,-83.7,2.786,2.590
5371070,A3,2.800,-80.1,2.786,2.562
5371090,A1,3.720,-82.3,2.719,2.500
5371100,A2,2.560,-82.2,2.700,2.500
5371220,A3,2.760,-80.2,2.700,2.537
5371240,A1,3.740,-82.1,2.727,2.562
5371250,A2,2.570,-82.6,2.718,2.562
5371370,A3,2.750,-80.4,2.718,2.571
5371390,A1,3.750,-82.2,2.731,2.583
5371400,A2,2.570,-83.4,2.731,2.583
5371520,A3,2.750,-80.1,2.731,2.583
5371540,A1,3.780,-82.2,2.772,2.621
5371550,A2,2.580,-83.2,2.763,2.621
5371670,A3,2.740,-80.4,2.763,2.630
5371690,A1,3.760,-82.4,2.736,2.605
5371700,A2,2.570,-83.3,2.745,2.605
5371820,A3,2.770,-80.0,2.745,2.577
5371840,A1,3.730,-82.2,2.704,2.540
5371850,A2,2.550,-83.8,2.723,2.540
5371970,A3,2.740,-80.0,2.723,2.568
5371990,A1,3.740,-82.2,2.736,2.580
5372000,A2,2.580,-83.7,2.709,2.580
5372120,A3,2.780,-79.6,2.709,2.543
5372140,A1,3.760,-82.1,2.736,2.568
5372150,A2,2.560,-83.2,2.754,2.568
5372270,A3,2.760,-80.2,2.754,2.587
5372290,A1,3.790,-81.8,2.795,2.624
5372300,A2,2.600,-83.3,2.758,2.624
5372420,A3,2.790,-79.5,2.758,2.597
5372440,A1,3.750,-82.2,2.703,2.546
5372450,A2,2.590,-83.3,2.713,2.546
5372570,A3,2.760,-79.8,2.713,2.574
5372590,A1,3.740,-82.3,2.699,2.562
5372600,A2,2.580,-84.1,2.709,2.562
5372720,A3,2.770,-80.6,2.709,2.552
5372740,A1,3.730,-82.3,2.695,2.540
5372750,A2,2.600,-83.8,2.676,2.540
5372870,A3,2.770,-80.2,2.676,2.540
5372890,A1,3.730,-82.3,2.676,2.540
5372900,A2,2.570,-83.7,2.704,2.540
5373020,A3,2.770,-79.9,2.704,2.540
5373040,A1,3.740,-82.4,2.718,2.552
5373050,A2,2.550,-83.8,2.736,2.552
5373320,A3,2.760,-80.4,2.736,2.562
5373340,A1,3.730,-82.1,2.723,2.549
5373350,A2,2.560,-83.6,2.714,2.549
5373470,A3,2.760,-80.2,2.714,2.549
5373490,A1,3.750,-81.7,2.741,2.574
5373500,A2,2.600,-83.6,2.703,2.574
5373620,A3,2.750,-80.2,2.703,2.583
5373640,A1,3.770,-81.3,2.730,2.608
5373650,A2,2.580,-83.6,2.749,2.608
5373770,A3,2.770,-80.3,2.749,2.590
5373790,A1,3.750,-81.8,2.722,2.565
5373800,A2,2.590,-83.2,2.713,2.565
5373920,A3,2.760,-80.2,2.713,2.574
5373940,A1,3.740,-81.8,2.699,2.562
5373950,A2,2.560,-83.6,2.727,2.562
5374070,A3,2.740,-80.3,2.727,2.580
5374090,A1,3.770,-81.9,2.768,2.618
5374100,A2,2.580,-84.0,2.749,2.618
5374220,A3,2.780,-80.4,2.749,2.581
5374240,A1,3.780,-82.1,2.763,2.593
5374250,A2,2.570,-83.4,2.772,2.593
5374370,A3,2.770,-80.0,2.772,2.603
5374390,A1,3.760,-82.4,2.745,2.577
5374400,A2,2.570,-83.1,2.745,2.577
5374520,A3,2.770,-80.2,2.745,2.577
5374540,A1,3.760,-82.1,2.745,2.577
5374550,A2,2.600,-84.5,2.717,2.577
5374670,A3,2.780,-80.3,2.717,2.568
5374690,A1,3.770,-81.3,2.730,2.581
5374700,A2,2.570,-83.1,2.758,2.581
5374820,A3,2.780,-80.2,2.758,2.581
5374840,A1,3.760,-81.7,2.745,2.568
5374850,A2,2.550,-83.4,2.763,2.568
5374970,A3,2.770,-79.8,2.763,2.577
5374990,A1,3.740,-81.9,2.736,2.552
5375000,A2,2.600,-83.3,2.690,2.552
5375120,A3,2.810,-79.9,2.690,2.515
5375140,A1,3.740,-82.3,2.690,2.515
5375150,A2,2.570,-83.1,2.718,2.515
5375270,A3,2.740,-80.2,2.718,2.580
5375290,A1,3.730,-81.9,2.704,2.568
5375300,A2,2.590,-84.2,2.686,2.568
5375420,A3,2.750,-79.7,2.686,2.558
5375440,A1,3.770,-82.1,2.740,2.608
5375450,A2,2.560,-83.8,2.768,2.608
5375570,A3,2.770,-79.8,2.768,2.590
5375590,A1,3.780,-82.2,2.781,2.603
5375600,A2,2.600,-83.8,2.744,2.603
5375720,A3,2.800,-80.2,2.744,2.575
5375740,A1,3.740,-81.9,2.690,2.525
5375750,A2,2.590,-84.1,2.699,2.525
5375870,A3,2.750,-80.2,2.699,2.571
5375890,A1,3.730,-83.1,2.686,2.558
5375900,A2,2.570,-83.6,2.704,2.558
5376020,A3,2.760,-79.9,2.704,2.549
5376040,A1,3.730,-82.7,2.704,2.549
5376050,A2,2.550,-83.4,2.723,2.549
5376170,A3,2.790,-80.1,2.723,2.521
5376190,A1,3.740,-82.6,2.736,2.534
5376200,A2,2.570,-83.9,2.718,2.534
5376470,A3,2.760,-80.4,2.718,2.562
5376490,A1,3.750,-82.2,2.731,2.574
5376500,A2,2.560,-82.8,2.741,2.574
5376620,A3,2.770,-80.4,2.741,2.565
5376640,A1,3.750,-82.4,2.741,2.565
5376650,A2,2.590,-83.0,2.713,2.565
5376770,A3,2.750,-80.4,2.713,2.583
5376790,A1,3.770,-82.2,2.740,2.608
5376800,A2,2.560,-83.7,2.768,2.608
5376920,A3,2.740,-80.4,2.768,2.618
5376940,A1,3.780,-82.3,2.781,2.630
5376950,A2,2.590,-83.1,2.753,2.630
5377070,A3,2.770,-80.6,2.753,2.603
5377090,A1,3.780,-82.2,2.753,2.603
5377100,A2,2.590,-83.0,2.753,2.603
5377220,A3,2.750,-80.2,2.753,2.621
5377240,A1,3.770,-82.0,2.740,2.608
5377250,A2,2.560,-83.3,2.768,2.608
5377370,A3,2.740,-80.4,2.768,2.618
5377390,A1,3.750,-82.1,2.741,2.592
5377400,A2,2.570,-83.4,2.731,2.592
5377520,A3,2.740,-80.3,2.731,2.592
5377540,A1,3.730,-82.4,2.704,2.568
5377550,A2,2.570,-83.1,2.704,2.568
5377670,A3,2.750,-80.3,2.704,2.558
5377690,A1,3.760,-82.6,2.745,2.596
5377700,A2,2.570,-83.5,2.745,2.596
5377820,A3,2.770,-79.9,2.745,2.577
5377840,A1,3.760,-82.0,2.745,2.577
5377850,A2,2.570,-83.8,2.745,2.577
5377970,A3,2.750,-80.1,2.745,2.596
5377990,A1,3.750,-82.0,2.731,2.583
5378000,A2,2.560,-83.3,2.741,2.583
5378120,A3,2.740,-80.2,2.741,2.592
5378140,A1,3.750,-82.3,2.741,2.592
5378150,A2,2.580,-83.7,2.722,2.592
5378270,A3,2.750,-80.2,2.722,2.583
5378290,A1,3.750,-82.1,2.722,2.583
5378300,A2,2.580,-83.4,2.722,2.583
5378420,A3,2.760,-80.1,2.722,2.574
5378440,A1,3.740,-82.3,2.709,2.562
5378450,A2,2.570,-83.0,2.718,2.562
5378570,A3,2.760,-80.1,2.718,2.562
5378590,A1,3.770,-82.0,2.758,2.599
5378600,A2,2.600,-82.5,2.730,2.599
5378720,A3,2.740,-80.4,2.730,2.618
5378740,A1,3.760,-82.2,2.717,2.605
5378750,A2,2.590,-83.7,2.726,2.605
5378870,A3,2.770,-79.9,2.726,2.577
5378890,A1,3.770,-82.3,2.740,2.590
5378900,A2,2.560,-83.6,2.768,2.590
5379020,A3,2.770,-80.0,2.768,2.590
5379040,A1,3.730,-82.4,2.714,2.540
5379050,A2,2.570,-83.7,2.704,2.540
5379170,A3,2.740,-80.5,2.704,2.568
5379190,A1,3.790,-82.2,2.786,2.643
5379200,A2,2.580,-83.2,2.776,2.643
5379320,A3,2.760,-80.1,2.776,2.624
5379340,A1,3.760,-82.1,2.736,2.587
5379350,A2,2.580,-83.1,2.736,2.587
5379620,A3,2.770,-80.0,2.736,2.577
5379640,A1,3.730,-82.3,2.695,2.540
5379650,A2,2.580,-83.9,2.695,2.540
5379770,A3,2.770,-80.1,2.695,2.540
5379790,A1,3.750,-82.2,2.722,2.565
5379800,A2,2.590,-83.3,2.713,2.565
5379920,A3,2.760,-80.3,2.713,2.574
5379940,A1,3.760,-82.2,2.726,2.587
5379950,A2,2.560,-83.8,2.754,2.587
5380070,A3,2.760,-80.4,2.754,2.587
5380090,A1,3.740,-82.1,2.727,2.562
5380100,A2,2.590,-83.1,2.699,2.562
5380220,A3,2.720,-80.2,2.699,2.598
5380240,A1,3.740,-82.1,2.699,2.598
5380250,A2,2.560,-83.7,2.727,2.598
5380370,A3,2.760,-80.4,2.727,2.562
5380390,A1,3.770,-82.1,2.768,2.599
5380400,A2,2.570,-82.8,2.758,2.599
5380520,A3,2.750,-80.3,2.758,2.608
5380540,A1,3.740,-82.4,2.718,2.571
5380550,A2,2.540,-82.5,2.745,2.571
5380670,A3,2.780,-80.1,2.745,2.543
5380690,A1,3.790,-82.1,2.813,2.606
5380700,A2,2.580,-83.9,2.776,2.606
5380820,A3,2.770,-80.2,2.776,2.615
5380840,A1,3.770,-82.0,2.749,2.590
5380850,A2,2.580,-83.8,2.749,2.590
5380970,A3,2.750,-80.2,2.749,2.608
5380990,A1,3.750,-82.3,2.722,2.583
5381000,A2,2.580,-82.9,2.722,2.583
5381120,A3,2.750,-79.9,2.722,2.583
5381140,A1,3.760,-82.2,2.736,2.596
5381150,A2,2.570,-82.9,2.745,2.596
5381270,A3,2.740,-80.4,2.745,2.605
5381290,A1,3.770,-82.4,2.758,2.618
5381300,A2,2.550,-82.9,2.777,2.618
5381420,A3,2.750,-80.3,2.777,2.608
5381440,A1,3.770,-82.1,2.777,2.608
5381450,A2,2.560,-83.1,2.768,2.608
5381570,A3,2.740,-80.3,2.768,2.618
5381590,A1,3.750,-82.2,2.741,2.592
5381600,A2,2.580,-83.6,2.722,2.592
5381720,A3,2.740,-80.5,2.722,2.592
5381740,A1,3.750,-82.3,2.722,2.592
5381750,A2,2.550,-82.9,2.750,2.592
5381870,A3,2.760,-80.2,2.750,2.574
5381890,A1,3.740,-82.3,2.736,2.562
5381900,A2,2.560,-83.8,2.727,2.562
5382020,A3,2.720,-80.4,2.727,2.598
5382040,A1,3.730,-82.4,2.714,2.586
5382050,A2,2.590,-84.0,2.686,2.586
5382170,A3,2.760,-80.0,2.686,2.549
5382190,A1,3.750,-82.2,2.713,2.574
5382200,A2,2.560,-83.3,2.741,2.574
5382320,A3,2.740,-80.2,2.741,2.592
5382340,A1,3.750,-82.4,2.741,2.592
5382350,A2,2.590,-83.4,2.713,2.592
5382470,A3,2.770,-80.0,2.713,2.565
5382490,A1,3.750,-82.5,2.713,2.565
5382500,A2,2.560,-83.1,2.741,2.565
5382770,A3,2.780,-80.2,2.741,2.556
5382790,A1,3.760,-82.2,2.754,2.568
5382800,A2,2.560,-83.6,2.754,2.568
5382920,A3,2.760,-80.0,2.754,2.587
5382940,A1,3.780,-82.3,2.781,2.612
5382950,A2,2.570,-83.0,2.772,2.612
5383070,A3,2.750,-80.7,2.772,2.621
5383090,A1,3.770,-82.1,2.758,2.608
5383100,A2,2.570,-83.3,2.758,2.608
5383220,A3,2.780,-80.5,2.758,2.581
5383240,A1,3.760,-82.2,2.745,2.568
5383250,A2,2.590,-84.0,2.726,2.568
5383370,A3,2.750,-80.4,2.726,2.596
5383390,A1,3.780,-81.9,2.753,2.621
5383400,A2,2.560,-83.8,2.781,2.621
5383520,A3,2.770,-80.1,2.781,2.603
5383540,A1,3.760,-82.1,2.754,2.577
5383550,A2,2.590,-83.6,2.726,2.577
5383670,A3,2.740,-80.4,2.726,2.605
5383690,A1,3.760,-82.2,2.726,2.605
5383700,A2,2.580,-82.9,2.736,2.605
5383820,A3,2.740,-80.5,2.736,2.605
5383840,A1,3.740,-82.2,2.709,2.580
5383850,A2,2.580,-83.1,2.709,2.580
5383970,A3,2.750,-80.2,2.709,2.571
5383990,A1,3.790,-81.9,2.776,2.634
5384000,A2,2.580,-82.3,2.776,2.634
5384120,A3,2.750,-80.5,2.776,2.634
5384140,A1,3.740,-82.7,2.709,2.571
5384150,A2,2.590,-82.4,2.699,2.571
5384270,A3,2.800,-80.6,2.699,2.525
5384290,A1,3.740,-82.4,2.699,2.525
5384300,A2,2.570,-83.8,2.718,2.525
5384420,A3,2.780,-80.6,2.718,2.543
5384440,A1,3.740,-82.6,2.718,2.543
5384450,A2,2.590,-82.4,2.699,2.543
5384570,A3,2.750,-79.8,2.699,2.571
5384590,A1,3.740,-83.0,2.699,2.571
5384600,A2,2.560,-82.8,2.727,2.571
5384720,A3,2.760,-80.3,2.727,2.562
5384740,A1,3.730,-82.4,2.714,2.549
5384750,A2,2.550,-83.3,2.723,2.549
5384870,A3,2.770,-79.9,2.723,2.540
5384890,A1,3.780,-81.9,2.790,2.603
5384900,A2,2.590,-83.2,2.753,2.603
5385020,A3,2.780,-80.0,2.753,2.593
5385040,A1,3.750,-81.8,2.713,2.556
5385050,A2,2.560,-82.9,2.741,2.556
5385170,A3,2.750,-80.3,2.741,2.583
5385190,A1,3.740,-81.7,2.727,2.571
5385200,A2,2.580,-83.2,2.709,2.571
5385320,A3,2.770,-80.1,2.709,2.552
5385340,A1,3.750,-81.8,2.722,2.565
5385350,A2,2.570,-83.1,2.731,2.565
5385470,A3,2.760,-80.5,2.731,2.574
5385490,A1,3.780,-82.2,2.772,2.612
5385500,A2,2.570,-83.3,2.772,2.612
5385620,A3,2.770,-79.9,2.772,2.603
5385640,A1,3.730,-82.3,2.704,2.540
5385650,A2,2.570,-82.7,2.704,2.540
5385920,A3,2.760,-80.7,2.704,2.549
5385940,A1,3.740,-82.6,2.718,2.562
5385950,A2,2.560,-83.4,2.727,2.562
5386070,A3,2.760,-80.7,2.727,2.562
5386090,A1,3.750,-82.2,2.741,2.574
5386100,A2,2.550,-82.3,2.750,2.574
5386220,A3,2.770,-80.4,2.750,2.565
5386240,A1,3.780,-82.4,2.790,2.603
5386250,A2,2.590,-82.9,2.753,2.603
5386370,A3,2.790,-79.8,2.753,2.584
5386390,A1,3.770,-82.2,2.740,2.571
5386400,A2,2.540,-83.4,2.786,2.571
5386520,A3,2.770,-80.1,2.786,2.590
5386540,A1,3.750,-82.5,2.759,2.565
5386550,A2,2.570,-83.5,2.731,2.565
5386670,A3,2.770,-80.0,2.731,2.565
5386690,A1,3.750,-82.5,2.731,2.565
5386700,A2,2.600,-83.4,2.703,2.565
5386820,A3,2.770,-80.0,2.703,2.565
5386840,A1,3.750,-82.6,2.703,2.565
5386850,A2,2.590,-84.6,2.713,2.565
5386970,A3,2.780,-80.0,2.713,2.556
5386990,A1,3.750,-82.2,2.713,2.556
5387000,A2,2.590,-83.8,2.713,2.556
5387120,A3,2.770,-79.8,2.713,2.565
5387140,A1,3.740,-82.3,2.699,2.552
5387150,A2,2.580,-83.3,2.709,2.552
5387270,A3,2.760,-79.7,2.709,2.562
5387290,A1,3.730,-82.6,2.695,2.549
5387300,A2,2.590,-83.3,2.686,2.549
5387420,A3,2.790,-79.5,2.686,2.521
5387440,A1,3.730,-82.2,2.686,2.521
5387450,A2,2.600,-84.1,2.676,2.521
5387570,A3,2.770,-80.3,2.676,2.540
5387590,A1,3.730,-81.9,2.676,2.540
5387600,A2,2.570,-83.2,2.704,2.540
5387720,A3,2.810,-80.2,2.704,2.503
5387740,A1,3.740,-82.2,2.718,2.515
5387750,A2,2.550,-82.3,2.736,2.515
5387870,A3,2.770,-80.5,2.736,2.552
5387890,A1,3.760,-82.6,2.763,2.577
5387900,A2,2.600,-83.8,2.717,2.577
5388020,A3,2.770,-80.5,2.717,2.577
5388040,A1,3.740,-82.6,2.690,2.552
5388050,A2,2.580,-83.7,2.709,2.552
5388170,A3,2.750,-80.5,2.709,2.571
5388190,A1,3.750,-82.2,2.722,2.583
5388200,A2,2.600,-83.8,2.703,2.583
5388320,A3,2.780,-79.9,2.703,2.556
5388340,A1,3.760,-81.6,2.717,2.568
5388350,A2,2.590,-83.2,2.726,2.568
5388470,A3,2.730,-80.2,2.726,2.614
5388490,A1,3.780,-81.9,2.753,2.639
5388500,A2,2.580,-84.1,2.763,2.639
5388620,A3,2.760,-80.5,2.763,2.612
5388640,A1,3.760,-82.1,2.736,2.587
5388650,A2,2.580,-83.3,2.736,2.587
5388790,A1,3.790,-82.0,2.776,2.624
5388800,A2,2.580,-84.1,2.776,2.624
5389070,A3,2.770,-80.3,2.776,2.615
5389090,A1,3.780,-82.2,2.763,2.603
5389100,A2,2.570,-83.1,2.772,2.603
5389220,A3,2.750,-80.0,2.772,2.621
5389240,A1,3.770,-82.0,2.758,2.608
5389250,A2,2.570,-83.6,2.758,2.608
5389370,A3,2.750,-80.2,2.758,2.608
5389390,A1,3.810,-82.1,2.813,2.659
5389400,A2,2.590,-83.3,2.794,2.659
5389520,A3,2.780,-80.2,2.794,2.631
5389540,A1,3.750,-82.3,2.713,2.556
5389550,A2,2.570,-83.9,2.731,2.556
5389670,A3,2.780,-79.7,2.731,2.556
5389690,A1,3.760,-81.7,2.745,2.568
5389700,A2,2.600,-83.7,2.717,2.568
5389820,A3,2.750,-81.3,2.717,2.596
5389840,A1,3.790,-82.6,2.758,2.634
5389850,A2,2.570,-84.7,2.786,2.634
5389970,A3,2.760,-80.2,2.786,2.624
5389990,A1,3.750,-81.7,2.731,2.574
5390000,A2,2.540,-84.1,2.759,2.574
5390120,A3,2.770,-80.2,2.759,2.565
5390140,A1,3.790,-81.5,2.813,2.615
5390150,A2,2.580,-84.0,2.776,2.615
5390270,A3,2.760,-80.1,2.776,2.624
5390290,A1,3.750,-82.0,2.722,2.574
5390300,A2,2.590,-83.3,2.713,2.574
5390420,A3,2.760,-80.4,2.713,2.574
5390440,A1,3.770,-82.1,2.740,2.599
5390450,A2,2.580,-83.3,2.749,2.599
5390570,A3,2.780,-80.4,2.749,2.581
5390590,A1,3.750,-81.7,2.722,2.556
5390600,A2,2.550,-84.5,2.750,2.556
5390720,A3,2.790,-80.4,2.750,2.546
5390740,A1,3.740,-82.3,2.736,2.534
5390750,A2,2.560,-83.6,2.727,2.534
5390870,A3,2.770,-79.8,2.727,2.552
5390890,A1,3.740,-81.8,2.727,2.552
5390900,A2,2.560,-84.3,2.727,2.552
5391020,A3,2.790,-80.1,2.727,2.534
5391040,A1,3.740,-82.1,2.727,2.534
5391050,A2,2.560,-82.8,2.727,2.534
5391170,A3,2.770,-80.1,2.727,2.552
5391190,A1,3.760,-81.8,2.754,2.577
5391200,A2,2.550,-85.3,2.763,2.577
5391320,A3,2.760,-79.9,2.763,2.587
5391340,A1,3.750,-82.0,2.750,2.574
5391350,A2,2.600,-84.0,2.703,2.574
5391470,A3,2.790,-79.8,2.703,2.546
5391490,A1,3.760,-82.3,2.717,2.559
5391500,A2,2.570,-83.7,2.745,2.559
5391620,A3,2.780,-79.8,2.745,2.568
5391640,A1,3.740,-82.4,2.718,2.543
5391650,A2,2.540,-83.4,2.745,2.543
5391770,A3,2.790,-80.1,2.745,2.534
5391790,A1,3.730,-82.5,2.732,2.521
5391800,A2,2.590,-83.2,2.686,2.521
5391920,A3,2.790,-80.2,2.686,2.521
5391940,A1,3.720,-82.9,2.672,2.509
5391950,A2,2.620,-82.4,2.644,2.509
5392220,A3,2.750,-80.2,2.644,2.546
5392240,A1,3.740,-82.7,2.671,2.571
5392250,A2,2.580,-82.6,2.709,2.571
5392370,A3,2.780,-80.4,2.709,2.543
5392390,A1,3.730,-82.7,2.695,2.531
5392400,A2,2.570,-83.1,2.704,2.531
5392520,A3,2.750,-80.1,2.704,2.558
5392540,A1,3.760,-82.9,2.745,2.596
5392550,A2,2.560,-83.6,2.754,2.596
5392670,A3,2.760,-80.1,2.754,2.587
5392690,A1,3.730,-82.8,2.714,2.549
5392700,A2,2.590,-82.6,2.686,2.549
5392820,A3,2.760,-80.4,2.686,2.549
5392840,A1,3.730,-82.5,2.686,2.549
5392850,A2,2.590,-82.9,2.686,2.549
5392970,A3,2.790,-80.2,2.686,2.521
5392990,A1,3.770,-82.5,2.740,2.571
5393000,A2,2.580,-83.4,2.749,2.571
5393120,A3,2.750,-80.4,2.749,2.608
5393140,A1,3.730,-82.4,2.695,2.558
5393150,A2,2.620,-82.7,2.658,2.558
5393270,A3,2.810,-80.0,2.658,2.503
5393290,A1,3.790,-82.3,2.739,2.578
5393300,A2,2.550,-83.6,2.804,2.578
5393420,A3,2.760,-80.4,2.804,2.624
5393440,A1,3.740,-82.7,2.736,2.562
5393450,A2,2.580,-84.2,2.709,2.562
5393570,A3,2.760,-80.5,2.709,2.562
5393590,A1,3.750,-82.6,2.722,2.574
5393600,A2,2.570,-83.9,2.731,2.574
5393720,A3,2.780,-80.2,2.731,2.556
5393740,A1,3.730,-82.4,2.704,2.531
5393750,A2,2.550,-83.6,2.723,2.531
5393870,A3,2.760,-80.6,2.723,2.549
5393890,A1,3.760,-82.9,2.763,2.587
5393900,A2,2.580,-83.1,2.736,2.587
5394020,A3,2.770,-80.7,2.736,2.577
5394040,A1,3.730,-82.6,2.695,2.540
5394050,A2,2.570,-83.4,2.704,2.540
5394170,A3,2.770,-80.4,2.704,2.540
5394190,A1,3.740,-82.5,2.718,2.552
5394200,A2,2.550,-82.6,2.736,2.552
5394320,A3,2.760,-80.0,2.736,2.562
5394340,A1,3.810,-82.4,2.831,2.650
5394350,A2,2.560,-83.9,2.822,2.650
5394470,A3,2.770,-80.2,2.822,2.641
5394490,A1,3.760,-82.5,2.754,2.577
5394500,A2,2.560,-83.0,2.754,2.577
5394620,A3,2.770,-80.5,2.754,2.577
5394640,A1,3.780,-82.5,2.781,2.603
5394650,A2,2.580,-83.8,2.763,2.603
5394770,A3,2.770,-79.9,2.763,2.603
5394790,A1,3.710,-82.3,2.668,2.515
5394800,A2,2.600,-84.0,2.650,2.515
5394920,A3,2.730,-80.0,2.650,2.552
5394940,A1,3.730,-82.7,2.676,2.577
5394950,A2,2.550,-83.8,2.723,2.577
5395070,A3,2.770,-80.1,2.723,2.540
5395090,A1,3.770,-82.7,2.777,2.590
5395100,A2,2.570,-82.9,2.758,2.590
5395370,A3,2.780,-80.0,2.758,2.581
5395390,A1,3.780,-82.4,2.772,2.593
5395670,A3,2.770,-80.1,2.772,2.603
5395690,A1,3.740,-82.7,2.718,2.552
5395700,A2,2.550,-83.8,2.736,2.552
5395820,A3,2.780,-80.3,2.736,2.543
5395840,A1,3.770,-82.9,2.777,2.581
5395850,A2,2.560,-83.4,2.768,2.581
5395970,A3,2.750,-80.2,2.768,2.608
5395990,A1,3.740,-82.4,2.727,2.571
5396000,A2,2.550,-82.6,2.736,2.571
5396120,A3,2.770,-79.9,2.736,2.552
5396140,A1,3.790,-82.7,2.804,2.615
5396150,A2,2.590,-82.6,2.767,2.615
5396270,A3,2.770,-80.0,2.767,2.615
5396290,A1,3.800,-82.3,2.781,2.628
5396300,A2,2.560,-83.0,2.808,2.628
5396420,A3,2.740,-80.1,2.808,2.655
5396440,A1,3.760,-82.4,2.754,2.605
5396450,A2,2.550,-82.7,2.763,2.605
5396570,A3,2.770,-80.6,2.763,2.577
5396590,A1,3.730,-82.4,2.723,2.540
5396600,A2,2.540,-81.8,2.732,2.540
5396720,A3,2.760,-80.4,2.732,2.549
5396740,A1,3.750,-82.4,2.759,2.574
5396750,A2,2.580,-82.0,2.722,2.574
5396870,A3,2.790,-80.3,2.722,2.546
5396890,A1,3.770,-82.5,2.749,2.571
5396900,A2,2.560,-82.1,2.768,2.571
5397020,A3,2.760,-80.5,2.768,2.599
5397040,A1,3.820,-82.8,2.836,2.662
5397050,A2,2.560,-83.0,2.836,2.662
5397170,A3,2.790,-80.6,2.836,2.635
5397190,A1,3.780,-82.4,2.781,2.584
5397200,A2,2.580,-82.7,2.763,2.584
5397320,A3,2.770,-80.2,2.763,2.603
5397340,A1,3.750,-82.8,2.722,2.565
5397350,A2,2.590,-83.1,2.713,2.565
5397470,A3,2.770,-80.2,2.713,2.565
5397490,A1,3.770,-82.5,2.740,2.590
5397500,A2,2.550,-82.8,2.777,2.590
5397620,A3,2.770,-80.2,2.777,2.590
5397640,A1,3.790,-82.6,2.804,2.615
5397650,A2,2.580,-83.3,2.776,2.615
5397770,A3,2.810,-80.1,2.776,2.578
5397790,A1,3.790,-82.6,2.776,2.578
5397800,A2,2.570,-82.5,2.786,2.578
5397920,A3,2.770,-80.0,2.786,2.615
5397940,A1,3.800,-82.4,2.799,2.628
5397950,A2,2.560,-82.4,2.808,2.628
5398070,A3,2.780,-80.3,2.808,2.619
5398090,A1,3.800,-82.4,2.808,2.619
5398100,A2,2.610,-82.2,2.762,2.619
5398220,A3,2.760,-80.4,2.762,2.637
5398240,A1,3.780,-82.5,2.735,2.612
5398250,A2,2.550,-83.3,2.790,2.612
5398520,A3,2.780,-79.9,2.790,2.593
5398540,A1,3.760,-82.6,2.763,2.568
5398550,A2,2.580,-83.3,2.736,2.568
5398670,A3,2.770,-80.1,2.736,2.577
5398690,A1,3.760,-82.1,2.736,2.577
5398700,A2,2.540,-83.1,2.772,2.577
5398820,A3,2.780,-80.3,2.772,2.568
5398840,A1,3.780,-82.6,2.799,2.593
5398850,A2,2.590,-82.5,2.753,2.593
5398970,A3,2.780,-80.1,2.753,2.593
5398990,A1,3.760,-82.3,2.726,2.568
5399000,A2,2.560,-82.9,2.754,2.568
5399120,A3,2.770,-79.7,2.754,2.577
5399140,A1,3.770,-82.4,2.768,2.590
5399150,A2,2.590,-82.4,2.740,2.590
5399270,A3,2.770,-80.2,2.740,2.590
5399290,A1,3.750,-82.6,2.713,2.565
5399300,A2,2.590,-83.1,2.713,2.565
5399420,A3,2.790,-80.1,2.713,2.546
5399440,A1,3.810,-82.5,2.794,2.622
5399450,A2,2.560,-82.4,2.822,2.622
5399570,A3,2.750,-80.1,2.822,2.659
5399590,A1,3.760,-82.6,2.754,2.596
5399600,A2,2.550,-83.4,2.763,2.596
5399720,A3,2.770,-80.1,2.763,2.577
5399740,A1,3.760,-82.6,2.763,2.577
5399750,A2,2.560,-82.0,2.754,2.577
5399870,A3,2.780,-80.4,2.754,2.568
5399890,A1,3.770,-82.6,2.768,2.581
5399900,A2,2.550,-82.1,2.777,2.581
5400020,A3,2.770,-80.4,2.777,2.590
5400040,A1,3.730,-82.4,2.723,2.540
5400320,A3,2.770,-80.6,2.723,2.540
5400340,A1,3.750,-82.6,2.750,2.565
5400350,A2,2.580,-83.2,2.722,2.565
5400470,A3,2.780,-81.8,2.722,2.556
5400490,A1,3.760,-83.6,2.736,2.568
5400500,A2,2.550,-83.4,2.763,2.568
5400620,A3,2.770,-80.2,2.763,2.577
5400640,A1,3.740,-82.4,2.736,2.552
5400650,A2,2.550,-83.1,2.736,2.552
5400770,A3,2.790,-80.6,2.736,2.534
5400790,A1,3.730,-82.3,2.723,2.521
5400800,A2,2.560,-82.4,2.714,2.521
5400920,A3,2.760,-79.9,2.714,2.549
5400940,A1,3.760,-82.3,2.754,2.587
5400950,A2,2.560,-81.9,2.754,2.587
5401070,A3,2.780,-80.2,2.754,2.568
5401090,A1,3.760,-82.2,2.754,2.568
5401100,A2,2.570,-83.4,2.745,2.568
5401220,A3,2.760,-79.9,2.745,2.587
5401240,A1,3.800,-82.4,2.799,2.637
5401250,A2,2.570,-82.6,2.799,2.637
5401370,A3,2.770,-80.3,2.799,2.628
5401390,A1,3.750,-82.6,2.731,2.565
5401400,A2,2.580,-82.9,2.722,2.565
5401670,A3,2.780,-80.4,2.722,2.556
5401690,A1,3.800,-82.7,2.790,2.619
5401700,A2,2.560,-82.5,2.808,2.619
5401820,A3,2.790,-80.5,2.808,2.609
5401840,A1,3.780,-82.7,2.781,2.584
5401850,A2,2.570,-82.8,2.772,2.584
5401970,A3,2.780,-80.7,2.772,2.593
5401990,A1,3.750,-82.1,2.731,2.556
5402000,A2,2.560,-83.8,2.741,2.556
5402120,A3,2.740,-79.9,2.741,2.592
5402140,A1,3.760,-82.7,2.754,2.605
5402150,A2,2.560,-84.5,2.754,2.605
5402270,A3,2.760,-80.2,2.754,2.587
5402290,A1,3.800,-82.2,2.808,2.637
5402300,A2,2.560,-83.7,2.808,2.637
5402420,A3,2.740,-80.6,2.808,2.655
5402440,A1,3.810,-82.8,2.822,2.668
5402450,A2,2.570,-82.5,2.813,2.668
5402570,A3,2.780,-80.3,2.813,2.631
5402590,A1,3.720,-82.5,2.691,2.518
5402600,A2,2.530,-83.3,2.728,2.518
5402720,A3,2.760,-80.9,2.728,2.537
5402740,A1,3.770,-82.5,2.795,2.599
5402750,A2,2.550,-83.8,2.777,2.599
5402870,A3,2.730,-80.9,2.777,2.627
5402890,A1,3.760,-82.1,2.763,2.614
5402900,A2,2.560,-82.9,2.754,2.614
5403020,A3,2.770,-80.1,2.754,2.577
5403040,A1,3.770,-82.5,2.768,2.590
5403050,A2,2.530,-83.2,2.795,2.590
5403170,A3,2.770,-80.2,2.795,2.590
5403190,A1,3.700,-82.4,2.701,2.503
5403200,A2,2.550,-84.3,2.683,2.503
5403320,A3,2.770,-80.2,2.683,2.503
5403340,A1,3.780,-82.5,2.790,2.603
5403350,A2,2.570,-83.1,2.772,2.603
5403470,A3,2.750,-80.1,2.772,2.621
5403490,A1,3.750,-82.3,2.731,2.583
5403500,A2,2.560,-83.7,2.741,2.583
5403620,A3,2.760,-80.2,2.741,2.574
5403640,A1,3.800,-82.5,2.808,2.637
5403650,A2,2.540,-84.1,2.827,2.637
5403770,A3,2.760,-80.5,2.827,2.637
5403790,A1,3.760,-82.4,2.772,2.587
5403800,A2,2.540,-83.4,2.772,2.587
5403920,A3,2.750,-80.0,2.772,2.596
5403940,A1,3.800,-82.6,2.827,2.646
5403950,A2,2.560,-82.9,2.808,2.646
5404070,A3,2.760,-80.0,2.808,2.637
5404090,A1,3.750,-82.3,2.741,2.574
5404100,A2,2.540,-83.6,2.759,2.574
5404220,A3,2.770,-79.8,2.759,2.565
5404240,A1,3.740,-82.3,2.745,2.552
5404250,A2,2.560,-83.1,2.727,2.552
5404370,A3,2.800,-80.1,2.727,2.525
5404390,A1,3.720,-82.5,2.700,2.500
5404400,A2,2.580,-83.7,2.682,2.500
