timestamp_ms,anchor,distance_m,rxPower_dBm,x_calculated_m,y_calculated_m
3202970,A3,3.130,-80.9,3.171,3.109
3202990,A1,4.430,-81.9,3.202,3.138
3203000,A2,3.940,-86.3,2.128,3.138
3203120,A3,3.160,-81.0,2.128,3.107
3203140,A1,4.380,-81.9,2.048,3.033
3203150,A2,4.050,-86.4,1.890,3.033
3203270,A3,3.150,-81.4,1.890,3.044
3203290,A1,4.420,-81.8,1.954,3.102
3203300,A2,3.440,-86.2,2.775,3.102
3203420,A3,3.130,-81.2,2.775,3.123
3203440,A1,4.400,-81.4,2.744,3.094
3203570,A3,3.140,-81.1,2.744,3.083
3203590,A1,4.390,-81.9,2.728,3.069
3203600,A2,4.080,-85.8,1.862,3.069
3203720,A3,3.210,-81.3,1.862,2.995
3203740,A1,4.410,-82.0,1.894,3.024
3203750,A2,3.800,-85.9,2.291,3.024
3203870,A3,3.120,-80.9,2.291,3.119
3203890,A1,4.390,-81.8,2.259,3.090
3203900,A2,3.730,-86.2,2.354,3.090
3204020,A3,3.130,-81.3,2.354,3.079
3204040,A1,4.400,-81.8,2.370,3.094
3204050,A2,3.910,-86.5,2.122,3.094
3204170,A3,3.140,-80.9,2.122,3.083
3204190,A1,4.410,-81.7,2.138,3.098
3204200,A2,3.720,-86.1,2.399,3.098
3204320,A3,3.150,-81.2,2.399,3.088
3204340,A1,5.260,-81.5,3.877,4.458
3204350,A2,3.760,-86.4,3.823,4.458
3204470,A3,3.120,-80.9,3.823,4.489
3204490,A1,4.420,-81.4,2.361,3.134
3204500,A2,3.430,-86.1,2.788,3.134
3204620,A3,3.140,-81.3,2.788,3.113
3204640,A1,4.410,-81.7,2.772,3.098
3204650,A2,3.920,-86.2,2.124,3.098
3204770,A3,3.110,-80.9,2.124,3.129
3204790,A1,4.410,-81.8,2.124,3.129
3204800,A2,3.420,-86.1,2.784,3.129
3204920,A3,3.130,-80.9,2.784,3.109
3204940,A1,4.430,-81.8,2.816,3.138
3204950,A2,3.480,-86.1,2.742,3.138
3205070,A3,3.120,-80.9,2.742,3.148
3205100,A2,3.770,-86.1,2.363,3.148
3205250,A2,3.310,-86.2,2.949,3.148
3205370,A3,3.120,-81.2,2.949,3.148
3205400,A2,3.930,-86.2,2.142,3.148
3205550,A2,3.920,-86.2,2.156,3.148
3205670,A3,3.110,-81.3,2.156,3.159
3205690,A1,4.430,-81.7,2.156,3.159
3205700,A2,3.770,-86.2,2.363,3.159
3205820,A3,3.130,-83.3,2.363,3.138
3205840,A1,4.400,-82.3,2.316,3.094
3205850,A2,4.050,-86.9,1.922,3.094
3206120,A3,3.130,-81.2,1.922,3.094
3206140,A1,4.410,-81.7,1.938,3.109
3206150,A2,3.120,-86.3,3.137,3.109
3206270,A3,3.110,-81.3,3.137,3.129
3206290,A1,4.450,-81.7,3.201,3.188
3206300,A2,3.120,-85.4,3.201,3.188
3206420,A3,3.130,-80.9,3.201,3.168
3206440,A1,4.450,-81.7,3.201,3.168
3206450,A2,3.430,-86.3,2.836,3.168
3206570,A3,3.110,-81.1,2.836,3.188
3206590,A1,4.360,-81.9,2.693,3.056
3206600,A2,4.100,-86.1,1.786,3.056
3206720,A3,3.150,-80.9,1.786,3.015
3206740,A1,4.390,-81.4,1.833,3.058
3206750,A2,4.070,-86.6,1.877,3.058
3206870,A3,3.150,-81.2,1.877,3.058
3206890,A1,4.370,-81.5,1.845,3.029
3206900,A2,3.760,-85.9,2.282,3.029
3207020,A3,3.140,-80.7,2.282,3.040
3207040,A1,4.400,-81.1,2.329,3.083
3207050,A2,3.120,-87.1,3.121,3.083
3207170,A3,3.130,-81.1,3.121,3.094
3207190,A1,4.400,-81.2,3.121,3.094
3207200,A2,3.110,-86.5,3.132,3.094
3207320,A3,3.120,-80.9,3.132,3.104
3207340,A1,4.380,-81.1,3.101,3.075
3207350,A2,3.120,-85.8,3.090,3.075
3207470,A3,3.130,-81.7,3.090,3.065
3207490,A1,4.400,-81.3,3.121,3.094
3207500,A2,4.950,-85.5,0.465,3.094
3207620,A3,3.120,-81.3,0.465,3.104
3207640,A1,4.410,-81.8,0.481,3.119
3207650,A2,5.070,-85.8,0.265,3.119
3207770,A3,3.120,-81.8,0.265,3.119
3207790,A1,4.380,-81.4,0.217,3.075
3207800,A2,4.010,-85.1,1.948,3.075
3207920,A3,3.200,-81.3,1.948,2.991
3207940,A1,4.370,-82.0,1.933,2.976
3207950,A2,4.790,-85.7,0.698,2.976
3208070,A3,3.120,-81.4,0.698,3.060
3208090,A1,4.420,-81.7,0.777,3.134
3208100,A2,4.010,-85.1,2.012,3.134
3208220,A3,3.160,-81.1,2.012,3.092
3208250,A2,4.430,-85.3,1.374,3.092
3208400,A2,4.790,-85.2,0.777,3.092
3208520,A3,3.120,-81.5,0.777,3.134
3208540,A1,5.220,-81.9,2.164,4.419
3208550,A2,3.450,-85.3,4.150,4.419
3208670,A3,3.120,-82.1,4.150,4.419
3208690,A1,4.380,-81.8,2.700,3.075
3208700,A2,4.110,-85.5,1.802,3.075
3208820,A3,3.110,-81.4,1.802,3.085
3208840,A1,4.390,-81.9,1.818,3.100
3208850,A2,4.780,-85.4,0.747,3.100
3208970,A3,3.110,-81.9,0.747,3.100
3208990,A1,4.380,-81.8,0.731,3.085
3209000,A2,4.100,-85.4,1.817,3.085
3209270,A3,3.110,-82.0,1.817,3.085
3209290,A1,4.380,-81.4,1.817,3.085
3209300,A2,5.110,-85.5,0.144,3.085
3209420,A3,3.100,-81.4,0.144,3.096
3209440,A1,4.350,-81.5,0.097,3.052
3209450,A2,3.750,-85.6,2.264,3.052
3209570,A3,3.130,-81.7,2.264,3.021
3209590,A1,4.380,-81.6,2.311,3.065
3209600,A2,3.800,-85.2,2.243,3.065
3209720,A3,3.130,-81.4,2.243,3.065
3209740,A1,4.390,-81.5,2.259,3.079
3209750,A2,3.120,-85.1,3.105,3.079
3209870,A3,3.110,-81.7,3.105,3.100
3209890,A1,4.390,-81.6,3.105,3.100
3209900,A2,4.790,-85.1,0.730,3.100
3210020,A3,3.120,-81.8,0.730,3.090
3210040,A1,4.360,-81.8,0.682,3.046
3210050,A2,4.110,-84.9,1.771,3.046
3210170,A3,3.130,-82.5,1.771,3.035
3210190,A1,4.390,-82.2,1.818,3.079
3210200,A2,4.310,-86.0,1.515,3.079
3210320,A3,3.130,-81.4,1.515,3.079
3210340,A1,4.370,-81.3,1.484,3.050
3210350,A2,3.300,-86.2,2.866,3.050
3210470,A3,3.120,-82.1,2.866,3.060
3210490,A1,4.360,-81.4,2.850,3.046
3210500,A2,3.090,-87.2,3.092,3.046
3210620,A3,3.110,-82.0,3.092,3.056
3210640,A1,4.420,-81.3,3.186,3.144
3210650,A2,3.720,-87.0,2.415,3.144
3210770,A3,3.120,-81.7,2.415,3.134
3210790,A1,4.390,-81.4,2.367,3.090
3210800,A2,3.730,-87.5,2.354,3.090
3210920,A3,3.130,-81.8,2.354,3.079
3210940,A1,4.410,-81.2,2.386,3.109
3210950,A2,3.100,-87.0,3.159,3.109
3211070,A3,3.110,-82.0,3.159,3.129
3211090,A1,4.390,-81.6,3.128,3.100
3211100,A2,3.110,-87.0,3.117,3.100
3211220,A3,3.120,-81.1,3.117,3.090
3211240,A1,4.380,-81.2,3.101,3.075
3211250,A2,3.790,-86.6,2.257,3.075
3211520,A3,3.120,-81.5,2.257,3.075
3211540,A1,4.390,-81.4,2.273,3.090
3211550,A2,3.290,-86.6,2.909,3.090
3211670,A3,3.110,-81.7,2.909,3.100
3211690,A1,4.410,-81.4,2.941,3.129
3211700,A2,3.130,-86.1,3.126,3.129
3211820,A3,3.140,-81.3,3.126,3.098
3211840,A1,4.390,-81.9,3.094,3.069
3211850,A2,3.450,-84.7,2.715,3.069
3211970,A3,3.120,-81.4,2.715,3.090
3211990,A1,4.410,-80.8,2.747,3.119
3212000,A2,4.080,-86.3,1.894,3.119
3212120,A3,3.180,-81.4,1.894,3.056
3212140,A1,4.430,-81.7,1.926,3.085
3212150,A2,3.090,-86.8,3.202,3.085
3212420,A3,3.180,-80.7,3.202,3.085
3212440,A1,4.410,-81.3,3.171,3.056
3212450,A2,3.100,-87.0,3.159,3.056
3212570,A3,3.150,-81.2,3.159,3.088
3212590,A1,4.380,-81.2,3.112,3.044
3212600,A2,3.650,-87.0,2.444,3.044
3212720,A3,3.120,-81.0,2.444,3.075
3212740,A1,4.410,-81.2,2.492,3.119
3212750,A2,4.100,-88.1,1.864,3.119
3212870,A3,3.110,-81.7,1.864,3.129
3212890,A1,4.420,-81.8,1.880,3.144
3212900,A2,3.120,-87.3,3.153,3.144
3213020,A3,3.120,-81.5,3.153,3.134
3213040,A1,4.400,-82.6,3.121,3.104
3213050,A2,3.430,-87.8,2.756,3.104
3213170,A3,3.110,-81.9,2.756,3.115
3213190,A1,4.420,-81.4,2.788,3.144
3213200,A2,3.270,-87.6,2.981,3.144
3213320,A3,3.100,-81.9,2.981,3.154
3213340,A1,4.370,-82.2,2.902,3.081
3213350,A2,3.120,-86.8,3.074,3.081
3213470,A3,3.120,-81.8,3.074,3.060
3213490,A1,4.400,-82.0,3.121,3.104
3213500,A2,4.790,-85.2,0.745,3.104
3213620,A3,3.120,-81.5,0.745,3.104
3213640,A1,4.380,-82.2,0.714,3.075
3213650,A2,5.050,-85.7,0.254,3.075
3213770,A3,3.120,-81.5,0.254,3.075
3213790,A1,4.400,-81.8,0.285,3.104
3213800,A2,3.730,-85.8,2.370,3.104
3213920,A3,3.150,-81.5,2.370,3.073
3213940,A1,4.430,-82.0,2.417,3.117
3213950,A2,4.310,-85.5,1.579,3.117
3214070,A3,3.130,-81.8,1.579,3.138
3214090,A1,4.360,-81.5,1.468,3.035
3214100,A2,3.500,-86.4,2.606,3.035
3214220,A3,3.120,-81.5,2.606,3.046
3214240,A1,4.410,-81.4,2.685,3.119
3214520,A3,3.120,-82.0,2.685,3.119
3214540,A1,4.410,-81.5,2.685,3.119
3214550,A2,3.130,-87.3,3.126,3.119
3214670,A3,3.140,-81.2,3.126,3.098
3214690,A1,4.400,-81.7,3.110,3.083
3214700,A2,3.120,-87.2,3.121,3.083
3214820,A3,3.120,-81.3,3.121,3.104
3214840,A1,4.380,-81.6,3.090,3.075
3214850,A2,3.140,-87.3,3.067,3.075
3214970,A3,3.120,-81.6,3.067,3.075
3214990,A1,4.380,-81.6,3.067,3.075
3215000,A2,3.100,-87.5,3.112,3.075
3215120,A3,3.170,-81.7,3.112,3.023
3215140,A1,4.400,-81.7,3.144,3.052
3215150,A2,3.120,-87.9,3.121,3.052
3215270,A3,3.140,-81.7,3.121,3.083
3215290,A1,4.430,-81.5,3.169,3.128
3215300,A2,3.120,-87.9,3.169,3.128
3215570,A3,3.120,-81.0,3.169,3.148
3215590,A1,4.410,-81.4,3.137,3.119
3215600,A2,4.090,-88.1,1.879,3.119
3215720,A3,3.110,-81.0,1.879,3.129
3215740,A1,4.390,-81.4,1.848,3.100
3215750,A2,3.120,-87.8,3.105,3.100
3215870,A3,3.110,-81.1,3.105,3.100
3215890,A1,4.400,-81.4,3.121,3.115
3215900,A2,3.110,-87.8,3.132,3.115
3216020,A3,3.130,-81.6,3.132,3.094
3216040,A1,4.410,-81.4,3.148,3.109
3216050,A2,3.110,-88.0,3.148,3.109
3216170,A3,3.140,-81.4,3.148,3.098
3216190,A1,4.410,-81.6,3.148,3.098
3216200,A2,3.950,-87.5,2.082,3.098
3216320,A3,3.120,-81.9,2.082,3.119
3216340,A1,4.430,-81.3,2.113,3.148
3216350,A2,3.650,-87.8,2.524,3.148
3216470,A3,3.170,-82.2,2.524,3.096
3216490,A1,4.430,-81.7,2.524,3.096
3216500,A2,3.310,-88.0,2.949,3.096
3216620,A3,3.140,-81.2,2.949,3.128
3216640,A1,4.400,-81.5,2.901,3.083
3216650,A2,3.120,-87.7,3.121,3.083
3216770,A3,3.130,-81.5,3.121,3.094
3216790,A1,4.400,-81.2,3.121,3.094
3216800,A2,3.120,-87.6,3.121,3.094
3216920,A3,3.090,-81.2,3.121,3.135
3216940,A1,4.390,-81.2,3.105,3.121
3216950,A2,3.120,-87.8,3.105,3.121
3217070,A3,3.110,-81.4,3.105,3.100
3217090,A1,4.390,-81.2,3.105,3.100
3217100,A2,3.490,-87.7,2.666,3.100
3217220,A3,3.130,-81.4,2.666,3.079
3217240,A1,4.440,-81.4,2.745,3.153
3217250,A2,3.120,-87.8,3.185,3.153
3217370,A3,3.150,-81.8,3.185,3.132
3217390,A1,4.420,-81.1,3.153,3.102
3217400,A2,3.120,-87.8,3.153,3.102
3217520,A3,3.120,-81.1,3.153,3.134
3217540,A1,4.430,-81.4,3.169,3.148
3217550,A2,3.110,-87.5,3.180,3.148
3217670,A3,3.100,-81.5,3.180,3.169
3217690,A1,4.420,-81.5,3.164,3.154
3217700,A2,3.140,-87.8,3.130,3.154
3217820,A3,3.100,-81.2,3.130,3.154
3217840,A1,4.430,-81.6,3.146,3.169
3217850,A2,3.140,-87.9,3.146,3.169
3217970,A3,3.150,-81.8,3.146,3.117
3217990,A1,4.390,-81.4,3.083,3.058
3218000,A2,3.090,-87.9,3.139,3.058
3218120,A3,3.140,-81.6,3.139,3.069
3218140,A1,4.410,-81.8,3.171,3.098
3218150,A2,3.310,-87.1,2.917,3.098
3218270,A3,3.140,-81.6,2.917,3.098
3218290,A1,4.400,-81.4,2.901,3.083
3218300,A2,3.120,-87.3,3.121,3.083
3218420,A3,3.110,-81.9,3.121,3.115
3218440,A1,4.380,-81.4,3.090,3.085
3218450,A2,3.450,-87.3,2.700,3.085
3218720,A3,3.170,-82.3,2.700,3.023
3218740,A1,4.420,-81.4,2.763,3.081
3218750,A2,3.130,-87.0,3.142,3.081
3218870,A3,3.130,-81.9,3.142,3.123
3218890,A1,4.400,-81.7,3.110,3.094
3218900,A2,3.650,-86.9,2.476,3.094
3219020,A3,3.090,-81.5,2.476,3.135
3219040,A1,4.380,-81.1,2.444,3.106
3219050,A2,3.640,-86.9,2.457,3.106
3219170,A3,3.110,-82.1,2.457,3.085
3219190,A1,5.250,-81.1,3.964,4.482
3219200,A2,3.120,-87.0,4.596,4.482
3219320,A3,3.110,-82.2,4.596,4.482
3219340,A1,4.410,-81.4,3.137,3.129
3219350,A2,3.100,-87.7,3.159,3.129
3219470,A3,3.080,-82.3,3.159,3.160
3219490,A1,4.400,-81.3,3.144,3.146
3219500,A2,3.150,-87.7,3.087,3.146
3219620,A3,3.150,-82.3,3.087,3.073
3219640,A1,4.400,-81.2,3.087,3.073
3219650,A2,3.470,-87.3,2.706,3.073
3219770,A3,3.140,-82.3,2.706,3.083
3219790,A1,4.400,-81.3,2.706,3.083
3219800,A2,3.140,-87.4,3.099,3.083
3219920,A3,3.110,-81.9,3.099,3.115
3219940,A1,4.410,-81.4,3.115,3.129
3219950,A2,3.130,-87.2,3.126,3.129
3220070,A3,3.140,-81.9,3.126,3.098
3220090,A1,4.410,-81.6,3.126,3.098
3220100,A2,3.120,-87.8,3.137,3.098
3220220,A3,3.120,-81.4,3.137,3.119
3220240,A1,4.380,-81.4,3.090,3.075
3220250,A2,3.310,-87.3,2.870,3.075
3220370,A3,3.120,-81.9,2.870,3.075
3220390,A1,4.410,-81.4,2.917,3.119
3220400,A2,3.120,-87.6,3.137,3.119
3220520,A3,3.100,-81.9,3.137,3.140
3220540,A1,4.350,-81.4,3.043,3.052
3220550,A2,3.290,-88.0,2.847,3.052
3220670,A3,3.120,-81.6,2.847,3.031
3220690,A1,4.400,-81.4,2.925,3.104
3220700,A2,3.110,-88.0,3.132,3.104
3220820,A3,3.140,-81.7,3.132,3.083
3220840,A1,4.400,-81.2,3.132,3.083
3220850,A2,3.120,-88.0,3.121,3.083
3220970,A3,3.120,-82.1,3.121,3.104
3220990,A1,4.400,-81.3,3.121,3.104
3221000,A2,3.110,-87.7,3.132,3.104
3221120,A3,3.130,-82.1,3.132,3.094
3221140,A1,4.410,-81.6,3.148,3.109
3221150,A2,3.130,-88.0,3.126,3.109
3221270,A3,3.090,-82.0,3.126,3.150
3221290,A1,4.410,-81.3,3.126,3.150
3221300,A2,3.120,-88.0,3.137,3.150
3221420,A3,3.130,-82.1,3.137,3.109
3221440,A1,4.430,-81.3,3.169,3.138
3221450,A2,3.120,-87.9,3.169,3.138
3221570,A3,3.120,-81.9,3.169,3.148
3221590,A1,4.400,-81.2,3.121,3.104
3221600,A2,3.160,-87.7,3.076,3.104
3221870,A3,3.130,-82.1,3.076,3.094
3221890,A1,4.420,-81.6,3.108,3.123
3221900,A2,3.120,-87.8,3.153,3.123
3222020,A3,3.130,-82.2,3.153,3.123
3222040,A1,4.430,-81.4,3.169,3.138
3222050,A2,3.180,-87.5,3.101,3.138
3222170,A3,3.130,-82.1,3.101,3.138
3222190,A1,4.400,-81.5,3.053,3.094
3222200,A2,3.630,-87.5,2.502,3.094
3222320,A3,3.100,-82.0,2.502,3.125
3222340,A1,4.410,-81.2,2.518,3.140
3222350,A2,3.470,-87.7,2.722,3.140
3222470,A3,3.140,-81.5,2.722,3.098
3222490,A1,4.390,-81.2,2.691,3.069
3222500,A2,3.140,-87.8,3.083,3.069
3222620,A3,3.140,-82.3,3.083,3.069
3222640,A1,4.430,-81.3,3.146,3.128
3222650,A2,3.150,-87.5,3.135,3.128
3222770,A3,3.100,-81.5,3.135,3.169
3222790,A1,4.420,-81.2,3.119,3.154
3222800,A2,3.120,-87.9,3.153,3.154
3222920,A3,3.120,-81.8,3.153,3.134
3222940,A1,4.380,-81.2,3.090,3.075
3222950,A2,3.130,-87.7,3.078,3.075
3223070,A3,3.150,-81.7,3.078,3.044
3223090,A1,4.380,-81.1,3.078,3.044
3223100,A2,3.660,-87.8,2.431,3.044
3223220,A3,3.120,-81.7,2.431,3.075
3223240,A1,4.380,-81.4,2.431,3.075
3223250,A2,3.650,-87.7,2.444,3.075
3223370,A3,3.080,-81.6,2.444,3.116
3223390,A1,4.390,-81.2,2.460,3.131
3223400,A2,3.490,-87.8,2.666,3.131
3223520,A3,3.120,-81.4,2.666,3.090
3223540,A1,4.400,-81.5,2.681,3.104
3223820,A3,3.120,-82.0,2.681,3.104
3223840,A1,4.420,-81.2,2.713,3.134
3223850,A2,3.100,-88.0,3.175,3.134
3223970,A3,3.140,-81.2,3.175,3.113
3223990,A1,4.410,-81.2,3.159,3.098
3224000,A2,3.060,-87.7,3.204,3.098
3224120,A3,3.140,-82.0,3.204,3.098
3224140,A1,4.370,-81.3,3.141,3.040
3224150,A2,3.650,-87.6,2.429,3.040
3224270,A3,3.120,-82.2,2.429,3.060
3224290,A1,4.420,-80.9,2.508,3.134
3224300,A2,3.620,-88.1,2.547,3.134
3224420,A3,3.100,-81.4,2.547,3.154
3224440,A1,4.400,-81.3,2.515,3.125
3224450,A2,3.130,-87.1,3.110,3.125
3224570,A3,3.120,-81.6,3.110,3.104
3224590,A1,4.390,-81.2,3.094,3.090
3224600,A2,3.170,-87.3,3.049,3.090
3224720,A3,3.130,-81.6,3.049,3.079
3224740,A1,4.410,-81.4,3.081,3.109
3224750,A2,3.130,-87.6,3.126,3.109
3225020,A3,3.210,-81.2,3.126,3.024
3225040,A1,4.400,-81.4,3.110,3.009
3225050,A2,3.130,-87.8,3.110,3.009
3225170,A3,3.100,-82.1,3.110,3.125
3225190,A1,4.400,-81.2,3.110,3.125
3225200,A2,3.130,-87.8,3.110,3.125
3225320,A3,3.120,-82.1,3.110,3.104
3225340,A1,4.410,-81.1,3.126,3.119
3225350,A2,3.140,-87.6,3.115,3.119
3225470,A3,3.120,-81.4,3.115,3.119
3225490,A1,4.400,-81.4,3.099,3.104
3225500,A2,3.110,-88.1,3.132,3.104
3225620,A3,3.140,-82.0,3.132,3.083
3225640,A1,4.350,-81.4,3.054,3.010
3225650,A2,3.120,-87.5,3.043,3.010
3225770,A3,3.110,-81.7,3.043,3.042
3225790,A1,4.410,-81.5,3.137,3.129
3225800,A2,3.150,-87.8,3.103,3.129
3225920,A3,3.120,-81.1,3.103,3.119
3225940,A1,4.410,-81.2,3.103,3.119
3225950,A2,3.110,-87.6,3.148,3.119
3226070,A3,3.120,-81.6,3.148,3.119
3226090,A1,4.390,-81.8,3.117,3.090
3226100,A2,3.460,-87.0,2.703,3.090
3226220,A3,3.120,-81.8,2.703,3.090
3226240,A1,4.410,-81.5,2.735,3.119
3226250,A2,4.570,-86.7,1.132,3.119
3226370,A3,3.120,-81.1,1.132,3.119
3226400,A2,3.460,-87.1,2.735,3.119
3226550,A2,4.080,-87.4,1.894,3.119
3226670,A3,3.130,-81.7,1.894,3.109
3226690,A1,4.400,-81.2,1.878,3.094
3226700,A2,3.820,-86.5,2.247,3.094
3226820,A3,3.110,-81.1,2.247,3.115
3226840,A1,4.410,-81.2,2.263,3.129
3226850,A2,3.460,-86.7,2.735,3.129
3226970,A3,3.120,-81.7,2.735,3.119
3226990,A1,4.400,-81.5,2.719,3.104
3227000,A2,3.480,-86.3,2.694,3.104
3227120,A3,3.140,-82.0,2.694,3.083
3227140,A1,4.430,-81.2,2.742,3.128
3227150,A2,3.470,-85.9,2.754,3.128
3227270,A3,3.130,-81.8,2.754,3.138
3227290,A1,4.400,-80.8,2.706,3.094
3227300,A2,4.860,-84.9,0.624,3.094
3227420,A3,3.130,-81.8,0.624,3.094
3227440,A1,4.440,-81.3,0.687,3.153
3227450,A2,5.110,-84.5,0.239,3.153
3227570,A3,3.110,-81.2,0.239,3.174
3227590,A1,4.440,-81.4,0.239,3.174
3227600,A2,5.070,-84.1,0.312,3.174
3227720,A3,3.120,-81.4,0.312,3.163
3227740,A1,4.420,-81.1,0.281,3.134
3227750,A2,3.930,-85.4,2.126,3.134
3227870,A3,3.140,-80.7,2.126,3.113
3227890,A1,4.420,-81.6,2.126,3.113
3227900,A2,3.470,-86.1,2.738,3.113
3228170,A3,3.140,-80.8,2.738,3.113
3228190,A1,4.410,-81.4,2.722,3.098
3228200,A2,3.760,-87.2,2.345,3.098
3228320,A3,3.130,-81.4,2.345,3.109
3228340,A1,4.410,-81.0,2.345,3.109
3228350,A2,3.290,-86.2,2.941,3.109
3228470,A3,3.110,-80.9,2.941,3.129
3228490,A1,4.450,-80.6,3.005,3.188
3228500,A2,3.290,-86.2,3.005,3.188
3228620,A3,3.130,-81.1,3.005,3.168
3228640,A1,4.400,-81.6,2.925,3.094
3228650,A2,3.120,-86.8,3.121,3.094
3228770,A3,3.120,-80.6,3.121,3.104
3228790,A1,4.410,-82.2,3.137,3.119
3228800,A2,3.090,-87.4,3.171,3.119
3228920,A3,3.110,-80.7,3.171,3.129
3228940,A1,4.400,-81.9,3.155,3.115
3228950,A2,3.120,-85.6,3.121,3.115
3229070,A3,3.130,-80.6,3.121,3.094
3229090,A1,4.390,-81.8,3.105,3.079
3229100,A2,3.120,-86.4,3.105,3.079
3229220,A3,3.180,-81.2,3.105,3.027
3229240,A1,4.390,-81.5,3.105,3.027
3229250,A2,3.120,-85.6,3.105,3.027
3229370,A3,3.090,-80.9,3.105,3.121
3229390,A1,4.370,-82.2,3.074,3.091
3229400,A2,3.140,-86.2,3.051,3.091
3229520,A3,3.130,-81.3,3.051,3.050
3229540,A1,4.400,-81.0,3.099,3.094
3229550,A2,3.130,-87.8,3.110,3.094
3229670,A3,3.110,-80.9,3.110,3.115
3229690,A1,4.400,-81.5,3.110,3.115
3229700,A2,3.100,-87.8,3.144,3.115
3229820,A3,3.100,-81.1,3.144,3.125
3229840,A1,5.180,-81.6,4.488,4.370
3229850,A2,3.440,-87.5,4.088,4.370
3229970,A3,3.120,-81.0,4.088,4.350
3229990,A1,4.410,-80.8,2.760,3.119
3230000,A2,3.460,-86.4,2.735,3.119
3230120,A3,3.080,-82.0,2.735,3.160
3230140,A1,4.410,-81.0,2.735,3.160
3230150,A2,3.300,-85.7,2.929,3.160
3230270,A3,3.130,-81.5,2.929,3.109
3230290,A1,4.430,-81.5,2.961,3.138
3230300,A2,3.330,-86.5,2.925,3.138
3230420,A3,3.130,-80.9,2.925,3.138
3230440,A1,4.390,-81.3,2.862,3.079
3230450,A2,4.940,-86.1,0.467,3.079
3230570,A3,3.120,-80.6,0.467,3.090
3230590,A1,4.390,-81.4,0.467,3.090
3230600,A2,3.760,-86.3,2.313,3.090
3230870,A3,3.160,-80.5,2.313,3.048
3230890,A1,4.380,-81.2,2.298,3.033
3230900,A2,3.110,-87.3,3.101,3.033
3231020,A3,3.130,-81.1,3.101,3.065
3231040,A1,4.410,-81.6,3.148,3.109
3231050,A2,3.460,-87.7,2.735,3.109
3231320,A3,3.110,-81.2,2.735,3.129
3231340,A1,4.410,-81.8,2.735,3.129
3231350,A2,3.810,-87.7,2.277,3.129
3231470,A3,3.190,-80.9,2.277,3.045
3231490,A1,4.400,-81.6,2.261,3.031
3231500,A2,3.100,-88.5,3.144,3.031
3231620,A3,3.140,-81.4,3.144,3.083
3231640,A1,4.410,-81.5,3.159,3.098
3231650,A2,3.130,-88.2,3.126,3.098
3231770,A3,3.140,-81.2,3.126,3.098
3231790,A1,4.370,-81.2,3.063,3.040
3231800,A2,3.140,-87.3,3.051,3.040
3231920,A3,3.160,-80.4,3.051,3.019
3231940,A1,4.390,-81.6,3.083,3.048
3231950,A2,3.880,-85.4,2.149,3.048
3232070,A3,3.150,-80.7,2.149,3.058
3232090,A1,4.410,-81.6,2.180,3.088
3232100,A2,4.190,-85.8,1.730,3.088
3232220,A3,3.160,-80.9,1.730,3.077
3232240,A1,4.350,-82.2,1.636,2.989
3232250,A2,4.280,-85.5,1.499,2.989
3232370,A3,3.090,-81.1,1.499,3.062
3232390,A1,4.370,-82.6,1.530,3.091
3232400,A2,5.300,-86.0,-0.227,3.091
3232520,A3,3.100,-80.4,-0.227,3.081
3232540,A1,4.410,-82.4,-0.164,3.140
3232550,A2,4.190,-85.0,1.730,3.140
3232670,A3,3.140,-80.3,1.730,3.098
3232690,A1,4.350,-82.2,1.636,3.010
3232700,A2,5.220,-84.3,-0.107,3.010
3232820,A3,3.120,-80.6,-0.107,3.031
3232840,A1,4.380,-82.0,-0.060,3.075
3232850,A2,5.580,-84.7,-0.760,3.075
3232970,A3,3.120,-80.9,-0.760,3.075
3232990,A1,4.380,-82.2,-0.760,3.075
3233000,A2,4.780,-84.3,0.731,3.075
3233120,A3,3.120,-80.5,0.731,3.075
3233140,A1,4.380,-81.6,0.731,3.075
3233150,A2,5.290,-85.0,-0.193,3.075
3233270,A3,3.130,-80.8,-0.193,3.065
3233290,A1,4.400,-81.7,-0.161,3.094
3233300,A2,5.410,-84.5,-0.392,3.094
3233420,A3,3.120,-80.8,-0.392,3.104
3233440,A1,4.400,-81.5,-0.392,3.104
3233450,A2,3.540,-84.8,2.618,3.104
3233570,A3,3.140,-82.6,2.618,3.083
3233590,A1,4.400,-82.2,2.618,3.083
3233600,A2,3.960,-85.5,2.052,3.083
3233740,A1,4.390,-81.4,2.036,3.069
3233750,A2,5.190,-84.9,0.012,3.069
3233890,A1,4.370,-81.3,-0.020,3.040
3233900,A2,3.940,-85.9,2.033,3.040
3234020,A3,3.130,-81.6,2.033,3.050
3234040,A1,4.350,-81.8,2.001,3.021
3234050,A2,4.720,-87.3,0.786,3.021
3234170,A3,3.180,-81.7,0.786,2.968
3234190,A1,4.380,-81.6,0.834,3.012
3234200,A2,3.340,-87.3,2.834,3.012
3234470,A3,3.140,-80.9,2.834,3.054
3234490,A1,4.380,-81.4,2.834,3.054
3234500,A2,3.750,-86.3,2.311,3.054
3234620,A3,3.100,-81.7,2.311,3.096
3234640,A1,4.380,-81.2,2.311,3.096
3234650,A2,4.670,-87.1,0.918,3.096
3234790,A1,4.390,-81.4,0.934,3.110
3234800,A2,3.080,-88.7,3.150,3.110
3234940,A1,4.390,-81.3,3.150,3.110
3234950,A2,3.110,-86.4,3.117,3.110
3235070,A3,3.120,-80.2,3.117,3.090
3235090,A1,4.380,-81.4,3.101,3.075
3235100,A2,3.130,-85.6,3.078,3.075
3235220,A3,3.160,-80.2,3.078,3.033
3235240,A1,4.410,-81.3,3.126,3.077
3235250,A2,4.110,-85.1,1.850,3.077
3235370,A3,3.160,-80.6,1.850,3.077
3235390,A1,4.410,-81.3,1.850,3.077
3235400,A2,3.490,-85.1,2.697,3.077
3235520,A3,3.160,-80.2,2.697,3.077
3235540,A1,4.400,-81.3,2.681,3.062
3235550,A2,4.710,-85.3,0.882,3.062
3235670,A3,3.230,-80.8,0.882,2.988
3235690,A1,4.380,-81.4,0.850,2.959
3235700,A2,3.340,-86.3,2.834,2.959
3235820,A3,3.140,-80.8,2.834,3.054
3235840,A1,4.380,-81.4,2.834,3.054
3235850,A2,4.260,-87.1,1.576,3.054
3235970,A3,3.150,-80.8,1.576,3.044
3235990,A1,4.420,-82.0,1.640,3.102
3236000,A2,3.450,-87.0,2.763,3.102
3236120,A3,3.130,-80.6,2.763,3.123
3236140,A1,4.390,-81.2,2.715,3.079
3236150,A2,3.440,-86.6,2.728,3.079
3236270,A3,3.160,-80.6,2.728,3.048
3236290,A1,5.150,-81.2,4.032,4.256
3236300,A2,3.480,-86.0,3.982,4.256
3236420,A3,3.140,-80.4,3.982,4.277
3236440,A1,4.370,-81.5,2.647,3.040
3236720,A3,3.150,-80.6,2.647,3.029
3236740,A1,4.370,-81.3,2.647,3.029
3236750,A2,4.090,-85.9,1.816,3.029
3236870,A3,3.130,-80.7,1.816,3.050
3236890,A1,4.400,-81.7,1.863,3.094
3236900,A2,4.730,-86.2,0.848,3.094
3237020,A3,3.140,-81.1,0.848,3.083
3237040,A1,4.390,-81.8,0.832,3.069
3237050,A2,4.250,-86.3,1.608,3.069
3237170,A3,3.160,-80.7,1.608,3.048
3237190,A1,4.400,-81.3,1.623,3.062
3237200,A2,3.130,-87.3,3.110,3.062
3237320,A3,3.110,-80.9,3.110,3.115
3237340,A1,4.400,-81.6,3.110,3.115
3237620,A3,3.150,-80.9,3.110,3.073
3237640,A1,4.370,-81.4,3.063,3.029
3237650,A2,3.140,-87.2,3.051,3.029
3237770,A3,3.110,-81.4,3.051,3.071
3237790,A1,4.410,-81.4,3.115,3.129
3237800,A2,3.090,-87.4,3.171,3.129
3237920,A3,3.120,-80.8,3.171,3.119
3237940,A1,4.370,-81.4,3.107,3.060
3237950,A2,3.130,-86.9,3.063,3.060
3238070,A3,3.150,-80.7,3.063,3.029
3238090,A1,4.400,-81.1,3.110,3.073
3238100,A2,3.140,-86.5,3.099,3.073
3238220,A3,3.110,-80.5,3.099,3.115
3238240,A1,4.390,-81.6,3.083,3.100
3238250,A2,3.120,-86.4,3.105,3.100
3238370,A3,3.150,-80.3,3.105,3.058
3238390,A1,4.390,-81.2,3.105,3.058
3238400,A2,3.110,-85.9,3.117,3.058
3238520,A3,3.150,-80.2,3.117,3.058
3238540,A1,4.450,-81.0,3.212,3.147
3238550,A2,3.300,-85.9,2.993,3.147
3238670,A3,3.180,-80.3,2.993,3.115
3238690,A1,4.410,-81.3,2.929,3.056
3238700,A2,3.790,-85.5,2.304,3.056
3238970,A3,3.160,-80.2,2.304,3.077
3238990,A1,4.400,-81.1,2.289,3.062
3239000,A2,4.400,-85.2,1.390,3.062
3239120,A3,3.140,-80.1,1.390,3.083
3239140,A1,4.410,-81.0,1.406,3.098
3239150,A2,4.420,-85.5,1.374,3.098
3239270,A3,3.150,-80.2,1.374,3.088
3239290,A1,4.390,-81.6,1.342,3.058
3239300,A2,3.440,-85.1,2.728,3.058
3239420,A3,3.130,-80.3,2.728,3.079
3239440,A1,4.400,-81.1,2.744,3.094
3239450,A2,4.110,-85.3,1.834,3.094
3239570,A3,3.130,-80.1,1.834,3.094
3239590,A1,4.390,-81.1,1.818,3.079
3239600,A2,4.740,-85.1,0.815,3.079
3239720,A3,3.170,-80.1,0.815,3.037
3239740,A1,4.410,-81.2,0.847,3.067
3239750,A2,4.440,-85.2,1.342,3.067
3239870,A3,3.200,-80.5,1.342,3.035
3239890,A1,4.410,-81.6,1.342,3.035
3239900,A2,3.760,-85.3,2.345,3.035
3240020,A3,3.150,-80.0,2.345,3.088
3240040,A1,4.390,-81.1,2.313,3.058
3240050,A2,3.730,-85.5,2.354,3.058
3240170,A3,3.160,-80.0,2.354,3.048
3240190,A1,4.390,-81.2,2.354,3.048
3240200,A2,4.710,-85.1,0.866,3.048
3240320,A3,3.120,-80.2,0.866,3.090
3240340,A1,4.390,-81.3,0.866,3.090
3240350,A2,4.420,-85.4,1.342,3.090
3240470,A3,3.170,-80.4,1.342,3.037
3240490,A1,5.170,-81.4,2.684,4.280
3240500,A2,5.050,-85.3,1.611,4.280
3240770,A3,3.160,-80.1,1.611,4.291
3240790,A1,4.390,-81.2,0.269,3.048
3240800,A2,4.750,-85.3,0.798,3.048
3240920,A3,3.170,-80.3,0.798,3.037
3240940,A1,4.380,-81.4,0.782,3.023
3240950,A2,4.730,-85.0,0.817,3.023
3241070,A3,3.130,-80.3,0.817,3.065
3241090,A1,4.410,-81.2,0.864,3.109
3241100,A2,5.470,-85.4,-0.494,3.109
3241220,A3,3.130,-80.5,-0.494,3.109
3241240,A1,4.390,-81.2,-0.525,3.079
3241250,A2,3.480,-85.2,2.678,3.079
3241370,A3,3.150,-80.0,2.678,3.058
3241390,A1,4.380,-81.6,2.662,3.044
3241400,A2,3.140,-85.3,3.067,3.044
3241520,A3,3.160,-80.6,3.067,3.033
3241540,A1,4.410,-81.0,3.115,3.077
3241550,A2,4.720,-85.7,0.881,3.077
3241670,A3,3.160,-80.0,0.881,3.077
3241690,A1,4.380,-81.0,0.834,3.033
3241700,A2,4.730,-85.4,0.817,3.033
3241820,A3,3.120,-80.1,0.817,3.075
3241840,A1,4.390,-81.2,0.832,3.090
3241850,A2,4.780,-85.3,0.747,3.090
3241970,A3,3.150,-80.2,0.747,3.058
3241990,A1,4.370,-81.4,0.715,3.029
3242000,A2,4.430,-85.1,1.295,3.029
3242120,A3,3.280,-80.5,1.295,2.890
3242140,A1,4.390,-81.4,1.327,2.919
3242150,A2,3.480,-85.4,2.678,2.919
3242270,A3,3.200,-80.3,2.678,3.005
3242290,A1,4.390,-81.2,2.678,3.005
3242300,A2,3.150,-85.4,3.072,3.005
3242420,A3,3.150,-80.1,3.072,3.058
3242440,A1,4.380,-80.9,3.056,3.044
3242450,A2,3.300,-85.4,2.882,3.044
3242570,A3,3.110,-80.2,2.882,3.085
3242590,A1,4.390,-81.2,2.898,3.100
3242600,A2,3.120,-85.5,3.105,3.100
3242720,A3,3.140,-80.4,3.105,3.069
3242740,A1,4.390,-81.2,3.105,3.069
3242750,A2,3.320,-85.2,2.874,3.069
3242870,A3,3.160,-80.0,2.874,3.048
3242890,A1,4.360,-80.8,2.827,3.004
3242900,A2,4.120,-85.3,1.756,3.004
3243020,A3,3.150,-79.9,1.756,3.015
3243040,A1,4.370,-81.0,1.772,3.029
3243050,A2,3.160,-85.4,3.029,3.029
3243170,A3,3.140,-80.1,3.029,3.040
3243190,A1,4.390,-81.2,3.060,3.069
3243200,A2,3.180,-85.6,3.037,3.069
3243320,A3,3.130,-80.2,3.037,3.079
3243340,A1,4.400,-81.0,3.053,3.094
3243350,A2,4.280,-85.3,1.577,3.094
3243470,A3,3.120,-80.2,1.577,3.104
3243490,A1,4.410,-81.0,1.593,3.119
3243500,A2,4.440,-85.5,1.342,3.119
3243620,A3,3.120,-80.3,1.342,3.119
3243640,A1,4.400,-81.3,1.326,3.104
3243650,A2,4.090,-85.5,1.863,3.104
3243920,A3,3.150,-80.0,1.863,3.073
3243940,A1,4.410,-81.2,1.879,3.088
3243950,A2,4.460,-85.6,1.310,3.088
3244070,A3,3.160,-80.4,1.310,3.077
3244090,A1,4.380,-81.1,1.263,3.033
3244100,A2,3.120,-85.2,3.090,3.033
3244220,A3,3.160,-81.6,3.090,3.033
3244240,A1,4.360,-82.1,3.058,3.004
3244250,A2,4.430,-86.0,1.279,3.004
3244370,A3,3.120,-80.3,1.279,3.046
3244390,A1,4.350,-81.2,1.264,3.031
3244400,A2,3.450,-85.5,2.653,3.031
3244520,A3,3.120,-80.3,2.653,3.031
3244540,A1,4.370,-80.8,2.684,3.060
3244550,A2,3.160,-85.6,3.029,3.060
3244670,A3,3.150,-80.3,3.029,3.029
3244690,A1,4.390,-81.1,3.060,3.058
3244700,A2,3.130,-85.6,3.094,3.058
3244820,A3,3.160,-80.2,3.094,3.048
3244840,A1,4.360,-80.9,3.047,3.004
3244850,A2,3.140,-85.2,3.036,3.004
3244970,A3,3.170,-79.9,3.036,2.993
3244990,A1,4.370,-80.9,3.051,3.008
3245000,A2,3.480,-85.5,2.647,3.008
3245120,A3,3.150,-80.5,2.647,3.029
3245140,A1,4.390,-81.2,2.678,3.058
3245150,A2,3.130,-85.3,3.094,3.058
3245270,A3,3.140,-80.2,3.094,3.069
3245290,A1,4.350,-81.1,3.031,3.010
3245300,A2,4.430,-85.4,1.264,3.010
3245420,A3,3.150,-80.3,1.264,3.000
3245440,A1,4.380,-81.4,1.311,3.044
3245450,A2,5.070,-85.7,0.217,3.044
3245570,A3,3.120,-80.2,0.217,3.075
3245590,A1,4.430,-81.4,0.296,3.148
3245600,A2,5.100,-85.6,0.242,3.148
3245720,A3,3.110,-80.0,0.242,3.159
3245740,A1,4.410,-81.0,0.210,3.129
3245750,A2,4.730,-85.8,0.864,3.129
3245870,A3,3.130,-80.3,0.864,3.109
3245890,A1,4.370,-80.9,0.801,3.050
3245900,A2,3.780,-85.8,2.255,3.050
3246020,A3,3.160,-80.5,2.255,3.019
3246040,A1,4.370,-81.1,2.255,3.019
3246050,A2,3.120,-85.5,3.074,3.019
3246170,A3,3.160,-80.5,3.074,3.019
3246190,A1,4.360,-81.1,3.058,3.004
3246200,A2,3.500,-85.5,2.606,3.004
3246320,A3,3.260,-80.6,2.606,2.897
3246340,A1,4.400,-80.9,2.669,2.955
3246350,A2,4.430,-85.4,1.342,2.955
3246470,A3,3.180,-80.2,1.342,3.041
3246490,A1,4.420,-81.3,1.374,3.071
3246500,A2,5.050,-85.8,0.317,3.071
3246620,A3,3.160,-80.2,0.317,3.092
3246640,A1,4.370,-81.4,0.238,3.019
3246650,A2,3.790,-85.8,2.241,3.019
3246770,A3,3.130,-80.2,2.241,3.050
3246790,A1,4.350,-81.2,2.210,3.021
3246800,A2,3.170,-86.2,2.986,3.021
3247070,A3,3.130,-80.4,2.986,3.021
3247090,A1,4.400,-81.2,3.065,3.094
3247100,A2,4.440,-85.9,1.326,3.094
3247220,A3,3.130,-80.6,1.326,3.094
3247240,A1,4.390,-81.1,1.311,3.079
3247250,A2,5.070,-85.5,0.233,3.079
3247370,A3,3.140,-80.4,0.233,3.069
3247390,A1,4.400,-81.0,0.249,3.083
3247400,A2,3.790,-85.5,2.289,3.083
3247520,A3,3.120,-80.6,2.289,3.104
3247540,A1,4.410,-81.1,2.304,3.119
3247550,A2,3.120,-85.9,3.137,3.119
3247670,A3,3.140,-80.1,3.137,3.098
3247690,A1,4.410,-81.3,3.137,3.098
3247700,A2,3.310,-85.6,2.917,3.098
3247820,A3,3.130,-80.1,2.917,3.109
3247840,A1,4.380,-81.3,2.870,3.065
3247850,A2,4.430,-85.7,1.311,3.065
3247970,A3,3.120,-80.2,1.311,3.075
3247990,A1,4.380,-81.3,1.311,3.075
3248000,A2,4.030,-85.8,1.919,3.075
3248120,A3,3.150,-80.3,1.919,3.044
3248140,A1,4.410,-81.0,1.967,3.088
3248150,A2,3.480,-85.8,2.710,3.088
3248270,A3,3.140,-79.8,2.710,3.098
3248290,A1,4.390,-81.1,2.678,3.069
3248300,A2,3.130,-85.8,3.094,3.069
3248420,A3,3.140,-80.4,3.094,3.069
3248440,A1,4.380,-81.0,3.078,3.054
3248450,A2,4.420,-85.6,1.327,3.054
3248570,A3,3.170,-80.3,1.327,3.023
3248590,A1,4.400,-81.2,1.358,3.052
3248600,A2,4.710,-85.8,0.882,3.052
3248720,A3,3.150,-80.0,0.882,3.073
3248740,A1,4.400,-81.2,0.882,3.073
3248750,A2,3.290,-85.3,2.925,3.073
3248870,A3,3.100,-80.5,2.925,3.125
3248890,A1,4.380,-81.3,2.894,3.096
3248900,A2,4.750,-85.9,0.782,3.096
3249020,A3,3.170,-80.1,0.782,3.023
3249040,A1,4.430,-81.1,0.862,3.096
3249050,A2,5.040,-85.3,0.351,3.096
3249170,A3,3.160,-80.0,0.351,3.107
3249190,A1,4.410,-81.1,0.319,3.077
3249200,A2,3.480,-85.8,2.710,3.077
3249320,A3,3.130,-80.2,2.710,3.109
3249340,A1,4.400,-81.2,2.694,3.094
3249350,A2,4.290,-85.8,1.562,3.094
3249470,A3,3.150,-80.2,1.562,3.073
3249490,A1,4.380,-80.9,1.530,3.044
3249500,A2,3.790,-85.5,2.257,3.044
3249620,A3,3.180,-80.1,2.257,3.012
3249640,A1,4.410,-81.0,2.304,3.056
3249650,A2,3.320,-85.8,2.905,3.056
3249920,A3,3.150,-80.3,2.905,3.088
3249940,A1,4.410,-81.4,2.905,3.088
3249950,A2,4.100,-85.8,1.864,3.088
3250220,A3,3.120,-80.3,1.864,3.119
3250240,A1,4.360,-81.2,1.786,3.046
3250250,A2,5.040,-85.7,0.240,3.046
3250370,A3,3.170,-80.2,0.240,2.993
3250390,A1,4.390,-81.4,0.288,3.037
3250400,A2,4.140,-85.9,1.774,3.037
3250520,A3,3.190,-80.4,1.774,3.016
3250540,A1,4.390,-81.1,1.774,3.016
3250550,A2,3.660,-85.9,2.447,3.016
3250670,A3,3.130,-80.2,2.447,3.079
3250690,A1,4.390,-81.2,2.447,3.079
3250700,A2,4.770,-85.8,0.764,3.079
3250820,A3,3.190,-80.4,0.764,3.016
3250840,A1,4.370,-81.2,0.732,2.987
3250850,A2,4.730,-85.7,0.801,2.987
3250970,A3,3.150,-80.2,0.801,3.029
3250990,A1,4.420,-81.1,0.880,3.102
3251000,A2,3.160,-85.8,3.108,3.102
3251120,A3,3.160,-80.2,3.108,3.092
3251140,A1,4.390,-81.1,3.060,3.048
3251150,A2,4.420,-86.1,1.342,3.048
3251270,A3,3.150,-80.3,1.342,3.058
3251290,A1,4.380,-80.9,1.327,3.044
3251300,A2,4.720,-85.5,0.834,3.044
3251420,A3,3.170,-80.3,0.834,3.023
3251440,A1,4.370,-81.2,0.818,3.008
3251450,A2,3.660,-85.7,2.415,3.008
3251570,A3,3.140,-80.2,2.415,3.040
3251590,A1,4.390,-80.9,2.447,3.069
3251600,A2,5.040,-85.8,0.288,3.069
3251720,A3,3.200,-80.3,0.288,3.005
3251740,A1,4.400,-81.2,0.303,3.020
3251750,A2,3.120,-85.4,3.121,3.020
3251870,A3,3.170,-80.5,3.121,3.052
3251890,A1,4.410,-81.4,3.137,3.067
3251900,A2,4.420,-85.6,1.374,3.067
3252020,A3,3.140,-80.2,1.374,3.098
3252040,A1,4.410,-81.0,1.374,3.098
3252050,A2,4.110,-85.4,1.850,3.098
3252170,A3,3.210,-79.9,1.850,3.024
3252190,A1,4.360,-80.9,1.771,2.951
3252200,A2,5.070,-85.6,0.186,2.951
3252320,A3,3.200,-80.4,0.186,2.962
3252340,A1,4.410,-81.2,0.265,3.035
3252350,A2,4.110,-85.0,1.850,3.035
3252470,A3,3.130,-80.2,1.850,3.109
3252490,A1,4.410,-81.3,1.850,3.109
3252620,A3,3.170,-80.2,1.850,3.067
3252640,A1,4.390,-81.4,1.818,3.037
3252650,A2,3.160,-86.2,3.060,3.037
3252770,A3,3.290,-80.6,3.060,2.908
3252790,A1,4.390,-81.5,3.060,2.908
3252800,A2,4.770,-86.2,0.764,2.908
3252920,A3,3.130,-80.1,0.764,3.079
3252940,A1,4.400,-81.4,0.780,3.094
3252950,A2,4.100,-86.4,1.849,3.094
3253070,A3,3.100,-80.2,1.849,3.125
3253090,A1,4.410,-81.3,1.864,3.140
3253100,A2,4.100,-85.8,1.864,3.140
3253370,A3,3.140,-80.7,1.864,3.098
3253390,A1,5.180,-81.3,3.193,4.329
3253400,A2,4.720,-84.7,2.209,4.329
3253520,A3,3.120,-80.6,2.209,4.350
3253540,A1,4.370,-81.5,0.818,3.060
3253550,A2,3.170,-86.0,3.017,3.060
3253670,A3,3.150,-80.3,3.017,3.029
3253690,A1,4.410,-81.1,3.081,3.088
3253700,A2,4.080,-85.9,1.894,3.088
3253820,A3,3.180,-80.4,1.894,3.056
3253840,A1,4.400,-81.2,1.878,3.041
3253850,A2,4.100,-85.6,1.849,3.041
3253970,A3,3.140,-80.5,1.849,3.083
3253990,A1,4.390,-81.6,1.833,3.069
3254000,A2,5.060,-85.4,0.251,3.069
3254120,A3,3.160,-80.2,0.251,3.048
3254140,A1,4.410,-81.6,0.283,3.077
3254150,A2,3.120,-85.2,3.137,3.077
3254270,A3,3.150,-80.2,3.137,3.088
3254290,A1,4.380,-81.1,3.090,3.044
3254300,A2,4.920,-85.3,0.487,3.044
3254420,A3,3.130,-80.1,0.487,3.065
3254440,A1,4.390,-80.9,0.503,3.079
3254450,A2,3.470,-85.1,2.691,3.079
3254570,A3,3.160,-80.3,2.691,3.048
3254590,A1,4.390,-81.2,2.691,3.048
3254600,A2,3.790,-85.3,2.273,3.048
3254720,A3,3.140,-80.2,2.273,3.069
3254740,A1,4.380,-80.8,2.257,3.054
3254750,A2,4.450,-85.1,1.279,3.054
3254870,A3,3.140,-81.4,1.279,3.054
3254890,A1,4.400,-81.8,1.310,3.083
3254900,A2,3.150,-85.4,3.087,3.083
3255020,A3,3.110,-80.1,3.087,3.115
3255040,A1,4.410,-81.2,3.103,3.129
3255050,A2,4.780,-85.3,0.778,3.129
3255170,A3,3.130,-80.3,0.778,3.109
3255190,A1,4.370,-81.0,0.715,3.050
3255200,A2,4.110,-85.2,1.787,3.050
3255340,A1,4.410,-81.4,1.850,3.109
3255350,A2,3.120,-85.3,3.137,3.109
3255490,A1,4.400,-81.2,3.121,3.094
3255500,A2,5.080,-85.2,0.231,3.094
3255620,A3,3.120,-80.2,0.231,3.104
3255640,A1,4.410,-81.0,0.246,3.119
3255650,A2,4.110,-85.5,1.850,3.119
3255770,A3,3.130,-80.1,1.850,3.109
3255790,A1,4.410,-81.0,1.850,3.109
3255800,A2,4.100,-85.3,1.864,3.109
3255920,A3,3.120,-79.8,1.864,3.119
3255940,A1,4.380,-81.3,1.817,3.075
3255950,A2,4.100,-85.3,1.817,3.075
3256070,A3,3.120,-80.2,1.817,3.075
3256090,A1,4.420,-81.0,1.880,3.134
3256100,A2,5.080,-85.5,0.262,3.134
3256220,A3,3.150,-80.3,0.262,3.102
3256240,A1,4.400,-81.1,0.231,3.073
3256250,A2,3.820,-85.2,2.247,3.073
3256520,A3,3.180,-80.3,2.247,3.041
3256540,A1,4.410,-81.2,2.263,3.056
3256550,A2,5.080,-85.3,0.246,3.056
3256670,A3,3.170,-80.2,0.246,3.067
3256690,A1,4.400,-81.1,0.231,3.052
3256820,A3,3.150,-81.0,0.231,3.073
3256840,A1,4.390,-81.2,0.215,3.058
3257120,A3,3.120,-81.7,0.215,3.090
3257140,A1,4.360,-81.5,0.168,3.046
3257150,A2,4.290,-86.5,1.499,3.046
3257420,A3,3.100,-81.1,1.499,3.067
3257440,A1,4.410,-81.8,1.578,3.140
3257450,A2,3.080,-87.0,3.182,3.140
3257570,A3,3.120,-81.5,3.182,3.119
3257590,A1,4.330,-81.5,3.056,3.002
3257600,A2,4.060,-87.3,1.797,3.002
3257720,A3,3.130,-81.8,1.797,2.992
3257740,A1,4.360,-81.4,1.844,3.035
3257750,A2,3.100,-87.3,3.081,3.035
3257870,A3,3.160,-81.5,3.081,3.004
3257890,A1,4.340,-81.9,3.049,2.975
3257900,A2,4.060,-88.0,1.813,2.975
3258020,A3,3.120,-82.3,1.813,3.017
3258040,A1,4.430,-81.5,1.955,3.148
3258050,A2,3.500,-87.8,2.716,3.148
3258170,A3,3.100,-80.6,2.716,3.169
3258190,A1,4.400,-81.2,2.669,3.125
3258200,A2,4.700,-86.8,0.899,3.125
3258320,A3,3.160,-80.2,0.899,3.062
3258340,A1,4.380,-81.1,0.867,3.033
3258350,A2,4.260,-85.8,1.576,3.033
3258470,A3,3.140,-80.3,1.576,3.054
3258490,A1,4.400,-80.9,1.608,3.083
3258500,A2,3.140,-85.4,3.099,3.083
3258620,A3,3.150,-80.3,3.099,3.073
3258640,A1,4.400,-81.0,3.099,3.073
3258650,A2,5.040,-85.3,0.303,3.073
3258770,A3,3.140,-80.2,0.303,3.083
3258790,A1,4.390,-81.1,0.288,3.069
3258800,A2,4.080,-85.6,1.862,3.069
3258920,A3,3.160,-80.5,1.862,3.048
3258940,A1,4.390,-81.2,1.862,3.048
3258950,A2,4.110,-85.5,1.818,3.048
3259070,A3,3.170,-80.4,1.818,3.037
3259090,A1,4.400,-81.4,1.834,3.052
3259100,A2,4.750,-85.6,0.814,3.052
3259220,A3,3.170,-80.3,0.814,3.052
3259240,A1,4.400,-81.2,0.814,3.052
3259250,A2,5.060,-85.4,0.267,3.052
3259370,A3,3.150,-80.1,0.267,3.073
3259400,A2,4.130,-85.1,1.804,3.073
3259670,A3,3.140,-80.0,1.804,3.083
3259690,A1,4.410,-81.2,1.820,3.098
3259700,A2,4.050,-85.2,1.938,3.098
3259820,A3,3.150,-80.2,1.938,3.088
3259840,A1,4.430,-81.0,1.970,3.117
3259850,A2,4.390,-85.0,1.453,3.117
3259970,A3,3.150,-80.6,1.453,3.117
3259990,A1,4.410,-81.0,1.422,3.088
3260000,A2,4.120,-85.3,1.835,3.088
3260120,A3,3.150,-80.4,1.835,3.088
3260140,A1,4.390,-81.0,1.803,3.058
3260150,A2,4.070,-85.6,1.877,3.058
3260270,A3,3.150,-80.1,1.877,3.058
3260290,A1,4.400,-81.1,1.893,3.073
3260300,A2,5.060,-85.2,0.267,3.073
3260570,A3,3.140,-80.1,0.267,3.083
3260590,A1,4.420,-81.0,0.299,3.113
3260600,A2,3.110,-85.3,3.164,3.113
3260720,A3,3.150,-80.2,3.164,3.102
3260740,A1,4.420,-81.0,3.164,3.102
3260750,A2,5.070,-85.5,0.281,3.102
3260870,A3,3.120,-80.6,0.281,3.134
3260890,A1,4.400,-81.3,0.249,3.104
3260900,A2,4.430,-85.5,1.342,3.104
3261020,A3,3.170,-80.3,1.342,3.052
3261040,A1,4.410,-81.1,1.358,3.067
3261050,A2,4.120,-86.2,1.835,3.067
3261170,A3,3.160,-80.4,1.835,3.077
3261190,A1,4.410,-81.2,1.835,3.077
3261200,A2,4.620,-85.9,1.049,3.077
3261320,A3,3.150,-80.1,1.049,3.088
3261340,A1,4.420,-81.4,1.065,3.102
3261350,A2,4.510,-86.0,1.245,3.102
3261470,A3,3.150,-80.2,1.245,3.102
3261490,A1,4.420,-81.4,1.245,3.102
3261500,A2,4.090,-85.6,1.895,3.102
3261620,A3,3.130,-80.4,1.895,3.123
3261640,A1,4.380,-81.0,1.832,3.065
3261650,A2,3.150,-85.0,3.056,3.065
3261770,A3,3.160,-80.0,3.056,3.033
3261790,A1,4.380,-81.2,3.056,3.033
3261800,A2,3.130,-84.9,3.078,3.033
3261920,A3,3.160,-80.2,3.078,3.033
3261940,A1,4.400,-81.5,3.110,3.062
3261950,A2,3.670,-85.1,2.450,3.062
3262070,A3,3.160,-80.2,2.450,3.062
3262090,A1,4.380,-81.3,2.418,3.033
3262100,A2,5.050,-85.2,0.254,3.033
3262220,A3,3.130,-80.1,0.254,3.065
3262240,A1,4.410,-81.2,0.301,3.109
3262250,A2,5.050,-85.1,0.301,3.109
3262370,A3,3.160,-80.1,0.301,3.077
3262390,A1,4.420,-81.4,0.317,3.092
3262400,A2,4.860,-85.1,0.656,3.092
3262520,A3,3.120,-79.9,0.656,3.134
3262540,A1,4.360,-81.2,0.561,3.046
3262550,A2,4.410,-85.4,1.311,3.046
3262820,A3,3.160,-80.2,1.311,3.004
3262840,A1,4.410,-81.3,1.390,3.077
3262850,A2,3.150,-85.1,3.103,3.077
3262970,A3,3.210,-80.3,3.103,3.024
3262990,A1,4.380,-81.2,3.056,2.980
3263000,A2,3.150,-85.7,3.056,2.980
3263120,A3,3.140,-80.2,3.056,3.054
3263140,A1,4.390,-81.2,3.072,3.069
3263150,A2,5.060,-85.1,0.251,3.069
3263270,A3,3.140,-80.3,0.251,3.069
3263290,A1,4.390,-81.4,0.251,3.069
3263300,A2,5.070,-85.6,0.233,3.069
3263420,A3,3.230,-80.2,0.233,2.973
3263440,A1,4.410,-81.4,0.265,3.003
3263450,A2,4.810,-85.2,0.727,3.003
3263570,A3,3.140,-80.1,0.727,3.098
3263590,A1,4.400,-81.3,0.711,3.083
3263600,A2,4.090,-85.8,1.863,3.083
3263720,A3,3.120,-80.3,1.863,3.104
3263740,A1,4.390,-81.1,1.848,3.090
3263750,A2,3.140,-85.4,3.083,3.090
3263870,A3,3.130,-80.1,3.083,3.079
3263890,A1,4.410,-81.5,3.115,3.109
3263900,A2,3.500,-85.7,2.685,3.109
3264020,A3,3.140,-80.1,2.685,3.098
3264040,A1,5.180,-81.5,4.013,4.329
3264050,A2,3.170,-85.3,4.409,4.329
3264170,A3,3.150,-80.1,4.409,4.318
3264190,A1,4.400,-81.2,3.065,3.073
3264200,A2,3.460,-85.2,2.719,3.073
3264320,A3,3.110,-80.0,2.719,3.115
3264340,A1,4.400,-81.4,2.719,3.115
3264350,A2,4.430,-85.5,1.342,3.115
3264470,A3,3.130,-80.3,1.342,3.094
3264490,A1,4.410,-81.4,1.358,3.109
3264500,A2,4.430,-85.1,1.358,3.109
3264620,A3,3.130,-80.1,1.358,3.109
3264640,A1,4.390,-81.1,1.327,3.079
3264650,A2,5.020,-86.3,0.324,3.079
3264770,A3,3.140,-80.6,0.324,3.069
3264790,A1,5.150,-81.0,1.628,4.277
3264800,A2,4.070,-86.2,3.181,4.277
3264920,A3,3.190,-80.3,3.181,4.224
3264940,A1,4.400,-81.0,1.893,3.031
3264950,A2,5.080,-85.8,0.231,3.031
3265070,A3,3.130,-80.4,0.231,3.094
3265090,A1,4.380,-81.1,0.199,3.065
3265100,A2,4.410,-85.4,1.343,3.065
3265220,A3,3.190,-80.6,1.343,3.001
3265250,A2,4.430,-85.3,1.311,3.001
3265400,A2,4.400,-85.1,1.358,3.001
3265520,A3,3.180,-80.6,1.358,3.012
3265540,A1,4.400,-81.2,1.390,3.041
3265550,A2,4.110,-85.3,1.834,3.041
3265670,A3,3.110,-80.4,1.834,3.115
3265690,A1,4.410,-81.0,1.850,3.129
3265700,A2,4.090,-85.1,1.879,3.129
3265970,A3,3.120,-80.5,1.879,3.119
3265990,A1,4.380,-81.4,1.832,3.075
3266000,A2,4.090,-85.6,1.832,3.075
3266120,A3,3.120,-80.4,1.832,3.075
3266140,A1,4.380,-81.2,1.832,3.075
3266150,A2,3.750,-85.8,2.311,3.075
3266270,A3,3.120,-80.6,2.311,3.075
3266290,A1,4.400,-81.5,2.343,3.104
3266300,A2,3.200,-85.2,3.030,3.104
3266420,A3,3.130,-80.3,3.030,3.094
3266440,A1,4.430,-81.3,3.078,3.138
3266450,A2,4.720,-85.2,0.913,3.138
3266570,A3,3.200,-80.3,0.913,3.064
3266590,A1,4.370,-81.5,0.818,2.976
3266600,A2,3.690,-85.8,2.376,2.976
3266720,A3,3.130,-80.3,2.376,3.050
3266740,A1,4.420,-81.2,2.455,3.123
3266750,A2,3.440,-85.8,2.775,3.123
3266870,A3,3.150,-80.0,2.775,3.102
3266890,A1,4.420,-81.1,2.775,3.102
3267200,A2,3.480,-86.1,2.726,3.102
3267320,A3,3.160,-80.3,2.726,3.092
3267340,A1,4.410,-81.0,2.710,3.077
3267350,A2,3.180,-85.3,3.069,3.077
3267470,A3,3.140,-80.1,3.069,3.098
3267490,A1,4.400,-81.3,3.053,3.083
3267500,A2,4.060,-85.6,1.907,3.083
3267620,A3,3.250,-80.0,1.907,2.966
3267640,A1,4.400,-81.5,1.907,2.966
3267650,A2,4.440,-85.3,1.326,2.966
3267770,A3,3.170,-80.6,1.326,3.052
3267790,A1,4.400,-81.4,1.326,3.052
3267800,A2,5.020,-85.7,0.340,3.052
3267920,A3,3.190,-80.1,0.340,3.031
3267940,A1,4.380,-81.3,0.308,3.001
3267950,A2,5.040,-85.6,0.272,3.001
3268070,A3,3.180,-80.2,0.272,3.012
3268090,A1,4.410,-81.3,0.319,3.056
3268100,A2,4.620,-85.4,1.049,3.056
3268220,A3,3.160,-80.4,1.049,3.077
3268240,A1,5.130,-81.2,2.284,4.222
3268250,A2,5.030,-85.1,1.573,4.222
3268370,A3,3.130,-80.6,1.573,4.253
3268390,A1,4.390,-81.2,0.306,3.079
3268400,A2,5.020,-85.2,0.324,3.079
3268520,A3,3.140,-79.9,0.324,3.069
3268540,A1,4.380,-81.2,0.308,3.054
3268550,A2,4.440,-85.5,1.295,3.054
3268670,A3,3.120,-80.3,1.295,3.075
3268690,A1,4.380,-81.1,1.295,3.075
3268700,A2,4.390,-85.4,1.374,3.075
3268820,A3,3.180,-80.4,1.374,3.012
3268840,A1,4.400,-81.1,1.406,3.041
3268850,A2,3.110,-85.4,3.132,3.041
3269120,A3,3.150,-80.6,3.132,3.073
3269140,A1,4.400,-81.3,3.132,3.073
3269150,A2,4.110,-85.3,1.834,3.073
3269270,A3,3.150,-80.3,1.834,3.073
3269290,A1,4.410,-81.2,1.850,3.088
3269300,A2,3.150,-85.2,3.103,3.088
3269420,A3,3.120,-80.4,3.103,3.119
3269440,A1,4.420,-81.1,3.119,3.134
3269450,A2,3.110,-85.2,3.164,3.134
3269570,A3,3.140,-80.2,3.164,3.113
3269590,A1,4.420,-81.1,3.164,3.113
3269600,A2,3.160,-85.1,3.108,3.113
3269720,A3,3.150,-80.2,3.108,3.102
3269740,A1,4.400,-81.1,3.076,3.073
3269750,A2,3.120,-85.6,3.121,3.073
3269870,A3,3.150,-80.3,3.121,3.073
3269890,A1,4.410,-81.4,3.137,3.088
3269900,A2,3.790,-85.2,2.304,3.088
3270020,A3,3.140,-80.4,2.304,3.098
3270040,A1,4.420,-81.3,2.320,3.113
3270050,A2,4.890,-85.4,0.603,3.113
3270170,A3,3.120,-80.2,0.603,3.134
3270190,A1,4.380,-81.6,0.540,3.075
3270200,A2,4.740,-85.7,0.799,3.075
3270320,A3,3.160,-80.3,0.799,3.033
3270340,A1,4.390,-81.2,0.815,3.048
3270350,A2,5.030,-85.7,0.306,3.048
3270470,A3,3.120,-80.1,0.306,3.090
3270490,A1,4.390,-81.5,0.306,3.090
3270500,A2,5.040,-85.2,0.288,3.090
3270620,A3,3.140,-80.3,0.288,3.069
3270640,A1,4.400,-81.2,0.303,3.083
3270650,A2,4.410,-85.3,1.374,3.083
3270770,A3,3.150,-80.4,1.374,3.073
3270790,A1,4.390,-81.3,1.358,3.058
3270800,A2,4.440,-85.6,1.311,3.058
3270920,A3,3.150,-80.1,1.311,3.058
3270940,A1,4.410,-80.8,1.342,3.088
3270950,A2,3.470,-86.2,2.722,3.088
3271070,A3,3.110,-80.1,2.722,3.129
3271090,A1,4.410,-81.3,2.722,3.129
3271100,A2,4.320,-85.9,1.531,3.129
3271220,A3,3.150,-80.2,1.531,3.088
3271240,A1,4.390,-81.2,1.500,3.058
3271250,A2,5.080,-85.6,0.215,3.058
3271370,A3,3.180,-80.3,0.215,3.027
3271390,A1,4.390,-81.2,0.215,3.027
3271400,A2,4.410,-85.2,1.358,3.027
3271520,A3,3.120,-79.9,1.358,3.090
3271540,A1,4.400,-81.1,1.374,3.104
3271550,A2,3.130,-85.6,3.110,3.104
3271670,A3,3.130,-80.0,3.110,3.094
3271690,A1,4.400,-81.1,3.110,3.094
3271700,A2,4.080,-85.6,1.878,3.094
3271820,A3,3.150,-80.1,1.878,3.073
3271840,A1,4.380,-81.2,1.846,3.044
3271850,A2,4.720,-85.6,0.834,3.044
3271970,A3,3.180,-80.7,0.834,3.012
3271990,A1,4.380,-81.6,0.834,3.012
3272000,A2,4.410,-86.1,1.343,3.012
3272270,A3,3.150,-80.3,1.343,3.044
3272290,A1,4.400,-81.3,1.374,3.073
3272300,A2,3.500,-85.6,2.669,3.073
3272420,A3,3.140,-80.1,2.669,3.083
3272440,A1,4.390,-81.4,2.653,3.069
3272450,A2,5.040,-85.5,0.288,3.069
3272570,A3,3.190,-80.1,0.288,3.016
3272590,A1,4.400,-81.3,0.303,3.031
3272600,A2,5.070,-85.6,0.249,3.031
3272720,A3,3.180,-80.4,0.249,3.041
3272740,A1,4.400,-81.3,0.249,3.041
3272750,A2,4.410,-85.9,1.374,3.041
3272870,A3,3.150,-80.0,1.374,3.073
3272890,A1,4.400,-81.2,1.374,3.073
3272900,A2,3.180,-85.9,3.053,3.073
3273020,A3,3.180,-80.3,3.053,3.041
3273040,A1,4.400,-81.3,3.053,3.041
3273050,A2,4.690,-85.4,0.916,3.041
3273170,A3,3.170,-80.4,0.916,3.052
3273190,A1,4.410,-81.1,0.932,3.067
3273200,A2,4.910,-85.9,0.552,3.067
3273320,A3,3.150,-80.0,0.552,3.088
3273340,A1,4.390,-80.9,0.520,3.058
3273350,A2,3.340,-85.9,2.850,3.058
3273470,A3,3.160,-80.4,2.850,3.048
3273490,A1,4.370,-81.2,2.818,3.019
3273500,A2,3.160,-85.7,3.029,3.019
3273620,A3,3.140,-80.1,3.029,3.040
3273640,A1,4.390,-81.1,3.060,3.069
3273650,A2,4.740,-85.8,0.815,3.069
3273770,A3,3.120,-80.3,0.815,3.090
3273790,A1,4.410,-81.1,0.847,3.119
3273800,A2,4.070,-85.5,1.909,3.119
3273920,A3,3.140,-80.0,1.909,3.098
3273940,A1,4.370,-81.3,1.845,3.040
3273950,A2,3.110,-85.2,3.085,3.040
3274070,A3,3.230,-79.9,3.085,2.944
3274100,A2,4.740,-85.7,0.784,2.944
3274250,A2,5.030,-85.7,0.274,2.944
3274370,A3,3.200,-80.3,0.274,2.976
3274390,A1,4.420,-81.6,0.353,3.049
3274400,A2,3.140,-85.2,3.130,3.049
3274520,A3,3.160,-80.2,3.130,3.092
3274540,A1,4.390,-81.6,3.083,3.048
3274550,A2,4.940,-85.8,0.467,3.048
3274670,A3,3.130,-80.2,0.467,3.079
3274690,A1,5.150,-81.0,1.771,4.288
3274700,A2,3.830,-85.5,3.522,4.288
3274820,A3,3.150,-80.5,3.522,4.267
3274840,A1,4.410,-81.3,2.250,3.088
3274850,A2,4.770,-85.6,0.796,3.088
3274970,A3,3.120,-80.2,0.796,3.119
3274990,A1,4.400,-81.3,0.780,3.104
3275000,A2,5.050,-85.7,0.285,3.104
3275120,A3,3.120,-80.4,0.285,3.104
3275140,A1,4.380,-81.4,0.254,3.075
3275150,A2,3.510,-85.4,2.625,3.075
3275420,A3,3.180,-80.3,2.625,3.012
3275440,A1,4.380,-81.1,2.625,3.012
3275450,A2,4.450,-85.3,1.279,3.012
3275570,A3,3.150,-79.9,1.279,3.044
3275590,A1,4.410,-81.4,1.326,3.088
3275600,A2,3.130,-85.2,3.126,3.088
3275720,A3,3.180,-80.2,3.126,3.056
3275740,A1,4.390,-81.2,3.094,3.027
3275750,A2,5.050,-85.2,0.269,3.027
3275870,A3,3.170,-80.3,0.269,3.037
3275890,A1,4.370,-80.9,0.238,3.008
3275900,A2,3.460,-85.3,2.672,3.008
3276020,A3,3.130,-80.0,2.672,3.050
3276040,A1,4.400,-81.3,2.719,3.094
3276050,A2,4.720,-85.5,0.865,3.094
3276170,A3,3.120,-80.3,0.865,3.104
3276190,A1,4.410,-81.3,0.881,3.119
3276200,A2,4.440,-85.4,1.342,3.119
3276320,A3,3.130,-80.0,1.342,3.109
3276340,A1,4.380,-81.5,1.295,3.065
3276350,A2,4.120,-85.2,1.787,3.065
3276470,A3,3.140,-80.1,1.787,3.054
3276490,A1,4.380,-81.4,1.787,3.054
3276500,A2,4.740,-85.1,0.799,3.054
3276620,A3,3.120,-80.1,0.799,3.075
3276640,A1,4.380,-81.2,0.799,3.075
3276650,A2,4.420,-85.3,1.327,3.075
3276920,A3,3.170,-80.2,1.327,3.023
3276940,A1,4.410,-81.4,1.374,3.067
3276950,A2,4.090,-85.3,1.879,3.067
3277070,A3,3.170,-80.1,1.879,3.067
3277090,A1,4.400,-81.3,1.863,3.052
3277100,A2,3.480,-85.4,2.694,3.052
3277220,A3,3.140,-80.1,2.694,3.083
3277240,A1,4.380,-81.1,2.662,3.054
3277250,A2,5.090,-85.4,0.181,3.054
3277370,A3,3.150,-80.3,0.181,3.044
3277390,A1,4.390,-81.1,0.196,3.058
3277400,A2,3.810,-85.3,2.245,3.058
3277520,A3,3.160,-79.9,2.245,3.048
3277540,A1,4.420,-81.2,2.293,3.092
3277550,A2,5.070,-85.3,0.281,3.092
3277670,A3,3.160,-80.4,0.281,3.092
3277690,A1,4.390,-81.3,0.233,3.048
3277700,A2,3.810,-85.2,2.245,3.048
3277820,A3,3.180,-80.3,2.245,3.027
3277840,A1,4.380,-81.1,2.230,3.012
3277850,A2,4.430,-85.2,1.311,3.012
3277970,A3,3.160,-80.3,1.311,3.033
3277990,A1,4.390,-81.3,1.327,3.048
3278000,A2,4.480,-84.8,1.246,3.048
3278120,A3,3.130,-80.0,1.246,3.079
3278140,A1,4.360,-81.5,1.199,3.035
3278150,A2,4.440,-85.3,1.263,3.035
3278270,A3,3.230,-79.7,1.263,2.929
3278290,A1,4.390,-81.3,1.311,2.973
3278300,A2,4.710,-85.1,0.866,2.973
3278570,A3,3.150,-80.3,0.866,3.058
3278590,A1,4.380,-81.1,0.850,3.044
3278600,A2,4.730,-85.4,0.817,3.044
3278720,A3,3.190,-80.3,0.817,3.001
3278740,A1,4.410,-81.0,0.864,3.045
3279040,A1,4.400,-81.1,0.848,3.031
3279050,A2,4.750,-85.6,0.814,3.031
3279170,A3,3.150,-79.7,0.814,3.073
3279190,A1,4.410,-81.4,0.830,3.088
3279200,A2,4.430,-85.1,1.358,3.088
3279320,A3,3.150,-80.2,1.358,3.088
3279340,A1,4.410,-81.4,1.358,3.088
3279350,A2,3.120,-85.2,3.137,3.088
3279470,A3,3.170,-80.2,3.137,3.067
3279490,A1,4.380,-81.6,3.090,3.023
3279500,A2,4.870,-85.1,0.575,3.023
3279620,A3,3.160,-80.3,0.575,3.033
3279640,A1,4.400,-81.3,0.606,3.062
3279650,A2,3.430,-84.9,2.756,3.062
3279770,A3,3.170,-80.4,2.756,3.052
3279790,A1,4.410,-81.3,2.772,3.067
3279800,A2,3.130,-85.0,3.126,3.067
3279920,A3,3.130,-80.0,3.126,3.109
3279940,A1,4.400,-81.5,3.110,3.094
3279950,A2,4.790,-85.3,0.745,3.094
3280070,A3,3.170,-80.3,0.745,3.052
3280090,A1,4.390,-81.4,0.730,3.037
3280100,A2,3.510,-85.2,2.640,3.037
3280220,A3,3.190,-80.3,2.640,3.016
3280240,A1,4.400,-81.4,2.656,3.031
3280250,A2,4.740,-85.7,0.831,3.031
3280370,A3,3.170,-79.9,0.831,3.052
3280390,A1,4.390,-81.5,0.815,3.037
3280400,A2,4.450,-84.9,1.295,3.037
3280520,A3,3.220,-80.0,1.295,2.984
3280540,A1,4.410,-81.1,1.326,3.013
3280550,A2,3.930,-85.2,2.110,3.013
3280670,A3,3.180,-80.1,2.110,3.056
3280690,A1,4.400,-81.2,2.094,3.041
3280700,A2,4.410,-85.3,1.374,3.041
3280820,A3,3.180,-80.0,1.374,3.041
3280840,A1,4.400,-81.1,1.374,3.041
3280850,A2,3.820,-85.1,2.247,3.041
3280970,A3,3.170,-80.3,2.247,3.052
3280990,A1,4.370,-81.2,2.200,3.008
3281000,A2,4.440,-85.6,1.279,3.008
3281120,A3,3.160,-80.3,1.279,3.019
3281140,A1,4.410,-81.4,1.342,3.077
3281150,A2,4.920,-85.0,0.534,3.077
3281270,A3,3.160,-80.3,0.534,3.077
3281290,A1,4.360,-81.0,0.455,3.004
3281300,A2,3.500,-85.3,2.606,3.004
3281420,A3,3.140,-80.1,2.606,3.025
3281440,A1,4.410,-81.4,2.685,3.098
3281450,A2,4.740,-85.5,0.847,3.098
3281720,A3,3.150,-80.5,0.847,3.088
3281740,A1,4.420,-81.5,0.863,3.102
3281750,A2,4.730,-85.0,0.880,3.102
3281870,A3,3.150,-80.4,0.880,3.102
3281890,A1,4.400,-81.1,0.848,3.073
3281900,A2,3.800,-84.8,2.275,3.073
3282020,A3,3.180,-80.2,2.275,3.041
3282040,A1,4.370,-81.2,2.228,2.997
3282050,A2,4.750,-85.6,0.767,2.997
3282170,A3,3.140,-80.3,0.767,3.040
3282190,A1,4.380,-81.1,0.782,3.054
3282200,A2,3.460,-85.1,2.687,3.054
3282320,A3,3.160,-80.0,2.687,3.033
3282340,A1,4.400,-81.3,2.719,3.062
3282350,A2,5.090,-85.3,0.212,3.062
3282470,A3,3.160,-80.3,0.212,3.062
3282490,A1,4.390,-81.3,0.196,3.048
3282500,A2,3.480,-85.9,2.678,3.048
3282620,A3,3.160,-81.7,2.678,3.048
3282640,A1,4.400,-81.8,2.694,3.062
3282650,A2,5.030,-85.9,0.321,3.062
3282770,A3,3.140,-80.6,0.321,3.083
3282790,A1,4.400,-81.6,0.321,3.083
3282800,A2,4.110,-85.5,1.834,3.083
3282920,A3,3.170,-80.5,1.834,3.052
3282940,A1,4.360,-81.3,1.771,2.993
3282950,A2,5.030,-85.4,0.258,2.993
3283070,A3,3.140,-80.4,0.258,3.025
3283090,A1,4.370,-80.8,0.274,3.040
3283100,A2,3.790,-85.4,2.241,3.040
3283220,A3,3.120,-80.2,2.241,3.060
3283240,A1,4.420,-81.1,2.320,3.134
3283250,A2,4.430,-85.0,1.374,3.134
3283370,A3,3.150,-80.1,1.374,3.102
3283390,A1,4.390,-81.0,1.327,3.058
3283400,A2,4.930,-85.3,0.485,3.058
3283520,A3,3.150,-80.4,0.485,3.058
3283540,A1,4.390,-81.2,0.485,3.058
3283550,A2,3.800,-84.8,2.259,3.058
3283670,A3,3.110,-80.5,2.259,3.100
3283690,A1,4.410,-81.1,2.291,3.129
3283700,A2,3.500,-84.8,2.685,3.129
3283820,A3,3.110,-80.3,2.685,3.129
3283840,A1,4.410,-81.1,2.685,3.129
3283850,A2,4.710,-85.3,0.898,3.129
3283970,A3,3.140,-80.2,0.898,3.098
3283990,A1,4.370,-81.3,0.835,3.040
3284000,A2,3.480,-85.2,2.647,3.040
3284120,A3,3.140,-80.2,2.647,3.040
3284140,A1,4.390,-81.5,2.678,3.069
3284150,A2,4.750,-84.9,0.798,3.069
3284270,A3,3.160,-80.3,0.798,3.048
3284290,A1,4.410,-81.0,0.830,3.077
3284300,A2,4.270,-85.1,1.609,3.077
3284420,A3,3.190,-80.4,1.609,3.045
3284440,A1,4.390,-81.1,1.577,3.016
3284450,A2,3.510,-85.6,2.640,3.016
3284570,A3,3.150,-80.6,2.640,3.058
3284590,A1,4.400,-81.2,2.656,3.073
3284600,A2,4.420,-85.5,1.358,3.073
3284870,A3,3.160,-80.2,1.358,3.062
3284890,A1,4.380,-80.9,1.327,3.033
3284900,A2,3.790,-86.1,2.257,3.033
3285040,A1,4.390,-81.0,2.273,3.048
3285050,A2,3.430,-85.5,2.740,3.048
3285190,A1,4.410,-81.0,2.772,3.077
3285200,A2,4.770,-86.1,0.796,3.077
3285320,A3,3.120,-80.2,0.796,3.119
3285340,A1,5.170,-80.9,2.105,4.332
3285350,A2,4.730,-86.2,2.173,4.332
3285470,A3,3.120,-80.3,2.173,4.332
3285490,A1,4.380,-80.9,0.817,3.075
3285500,A2,4.430,-85.8,1.311,3.075
3285620,A3,3.150,-80.1,1.311,3.044
3285640,A1,4.380,-80.9,1.311,3.044
3285650,A2,4.740,-86.0,0.799,3.044
3285770,A3,3.120,-80.5,0.799,3.075
3285790,A1,4.380,-80.8,0.799,3.075
3285800,A2,3.790,-85.8,2.257,3.075
3285920,A3,3.170,-80.2,2.257,3.023
3285940,A1,4.400,-80.8,2.289,3.052
3285950,A2,4.410,-86.1,1.374,3.052
3286070,A3,3.140,-80.2,1.374,3.083
3286090,A1,4.390,-80.8,1.358,3.069
3286100,A2,5.050,-85.8,0.269,3.069
3286220,A3,3.120,-80.2,0.269,3.090
3286240,A1,4.390,-80.8,0.269,3.090
3286250,A2,3.790,-85.8,2.273,3.090
3286370,A3,3.150,-80.1,2.273,3.058
3286390,A1,4.350,-81.2,2.210,3.000
3286400,A2,3.980,-85.8,1.944,3.000
3286520,A3,3.160,-80.1,1.944,2.989
3286540,A1,4.390,-81.4,2.007,3.048
3286550,A2,3.130,-86.1,3.094,3.048
3286670,A3,3.160,-80.3,3.094,3.048
3286690,A1,4.380,-80.9,3.078,3.033
3286700,A2,5.070,-85.8,0.217,3.033
3286820,A3,3.150,-80.5,0.217,3.044
3286840,A1,4.380,-80.9,0.217,3.044
3286850,A2,4.440,-85.6,1.295,3.044
3286970,A3,3.160,-80.4,1.295,3.033
3286990,A1,4.390,-81.4,1.311,3.048
3287000,A2,3.470,-86.1,2.691,3.048
3287120,A3,3.170,-80.7,2.691,3.037
3287140,A1,4.380,-81.0,2.675,3.023
3287150,A2,3.460,-86.3,2.687,3.023
3287270,A3,3.130,-80.5,2.687,3.065
3287290,A1,4.390,-81.3,2.703,3.079
3287300,A2,3.990,-86.1,1.993,3.079
3287420,A3,3.140,-80.3,1.993,3.069
3287440,A1,4.410,-81.2,2.025,3.098
3287450,A2,5.040,-86.1,0.319,3.098
3287570,A3,3.200,-80.2,0.319,3.035
3287590,A1,4.360,-81.7,0.240,2.962
3287600,A2,3.790,-84.9,2.226,2.962
3287720,A3,3.150,-80.3,2.226,3.015
3287740,A1,4.390,-81.1,2.273,3.058
3287750,A2,3.120,-85.3,3.105,3.058
3288020,A3,3.180,-80.3,3.105,3.027
3288040,A1,4.380,-81.7,3.090,3.012
3288050,A2,4.070,-85.6,1.861,3.012
3288170,A3,3.150,-80.7,1.861,3.044
3288190,A1,4.400,-81.5,1.893,3.073
3288200,A2,5.040,-85.9,0.303,3.073
3288320,A3,3.110,-80.8,0.303,3.115
3288340,A1,4.380,-81.7,0.272,3.085
3288350,A2,4.080,-85.8,1.846,3.085
3288470,A3,3.110,-81.2,1.846,3.085
3288490,A1,4.390,-81.6,1.862,3.100
3288500,A2,4.110,-86.1,1.818,3.100
3288620,A3,3.120,-80.7,1.818,3.090
3288640,A1,4.380,-81.3,1.802,3.075
3288650,A2,3.980,-86.2,1.991,3.075
3288770,A3,3.130,-81.2,1.991,3.065
3288790,A1,4.360,-81.4,1.960,3.035
3288800,A2,3.150,-86.1,3.024,3.035
3288920,A3,3.150,-80.3,3.024,3.015
3288940,A1,4.390,-81.9,3.072,3.058
3288950,A2,4.720,-85.7,0.849,3.058
3289070,A3,3.130,-81.1,0.849,3.079
3289090,A1,4.370,-81.2,0.818,3.050
3289100,A2,3.170,-85.7,3.017,3.050
3289220,A3,3.130,-80.6,3.017,3.050
3289240,A1,4.360,-81.2,3.002,3.035
3289250,A2,5.050,-85.4,0.222,3.035
3289370,A3,3.140,-80.6,0.222,3.025
3289390,A1,4.370,-81.5,0.238,3.040
3289400,A2,3.440,-85.7,2.696,3.040
3289520,A3,3.110,-80.3,2.696,3.071
3289540,A1,4.350,-81.6,2.665,3.042
3289550,A2,4.070,-85.3,1.814,3.042
3289670,A3,3.120,-80.8,1.814,3.031
3289690,A1,4.400,-81.3,1.893,3.104
3289700,A2,3.070,-85.5,3.177,3.104
3289820,A3,3.130,-80.8,3.177,3.094
3289840,A1,4.390,-81.9,3.161,3.079
3289850,A2,4.400,-86.6,1.374,3.079
3289970,A3,3.230,-81.9,1.374,2.973
3289990,A1,4.370,-81.8,1.343,2.944
3290000,A2,4.730,-86.3,0.801,2.944
3290120,A3,3.120,-80.9,0.801,3.060
3290140,A1,4.400,-81.8,0.848,3.104
3290150,A2,4.650,-87.0,0.983,3.104
3290270,A3,3.120,-80.2,0.983,3.104
3290290,A1,4.390,-81.4,0.967,3.090
3290300,A2,4.720,-85.9,0.849,3.090
3290420,A3,3.150,-80.2,0.849,3.058
3290440,A1,4.410,-81.3,0.881,3.088
3290450,A2,3.140,-85.7,3.115,3.088
3290570,A3,3.140,-80.4,3.115,3.098
3290590,A1,4.420,-81.7,3.130,3.113
3290600,A2,3.150,-86.1,3.119,3.113
3290720,A3,3.120,-82.1,3.119,3.134
3290740,A1,4.400,-82.0,3.087,3.104
3290750,A2,3.130,-87.5,3.110,3.104
3290870,A3,3.130,-82.1,3.110,3.094
3290890,A1,4.370,-81.5,3.063,3.050
3291170,A3,3.180,-82.5,3.063,2.997
3291190,A1,4.380,-82.1,3.078,3.012
3291200,A2,3.460,-88.5,2.687,3.012
3291320,A3,3.140,-82.0,2.687,3.054
3291340,A1,4.380,-81.2,2.687,3.054
3291350,A2,3.440,-87.6,2.712,3.054
3291470,A3,3.120,-80.6,2.712,3.075
3291490,A1,4.410,-81.5,2.760,3.119
3291500,A2,3.290,-87.1,2.941,3.119
3291620,A3,3.130,-80.7,2.941,3.109
3291640,A1,4.380,-81.0,2.894,3.065
3291650,A2,3.300,-86.8,2.882,3.065
3291770,A3,3.140,-80.0,2.882,3.054
3291790,A1,5.200,-81.3,4.295,4.363
3291800,A2,4.430,-85.8,2.724,4.363
3291920,A3,3.150,-80.2,2.724,4.353
3291940,A1,4.410,-81.1,1.358,3.088
3291950,A2,4.250,-85.2,1.639,3.088
3292070,A3,3.140,-80.2,1.639,3.098
3292090,A1,4.360,-81.1,1.560,3.025
3292100,A2,5.070,-85.2,0.186,3.025
3292220,A3,3.170,-80.1,0.186,2.993
3292240,A1,4.360,-81.2,0.186,2.993
3292250,A2,5.060,-85.4,0.204,2.993
3292370,A3,3.150,-79.9,0.204,3.015
3292390,A1,4.390,-81.2,0.251,3.058
3292400,A2,4.110,-85.4,1.818,3.058
3292520,A3,3.130,-79.9,1.818,3.079
3292540,A1,4.360,-81.0,1.771,3.035
3292550,A2,4.740,-85.4,0.768,3.035
3292670,A3,3.180,-80.4,0.768,2.983
3292690,A1,4.410,-81.2,0.847,3.056
3292700,A2,4.720,-85.4,0.881,3.056
3292820,A3,3.160,-80.3,0.881,3.077
3292840,A1,4.410,-81.2,0.881,3.077
3292850,A2,4.090,-85.4,1.879,3.077
3292970,A3,3.130,-80.2,1.879,3.109
3292990,A1,4.400,-80.8,1.863,3.094
3293000,A2,4.740,-85.2,0.831,3.094
3293120,A3,3.160,-80.0,0.831,3.062
3293140,A1,4.410,-81.0,0.847,3.077
3293150,A2,5.060,-85.4,0.283,3.077
3293270,A3,3.190,-81.9,0.283,3.045
3293290,A1,4.400,-81.9,0.267,3.031
3293300,A2,5.090,-85.9,0.212,3.031
3293420,A3,3.170,-80.6,0.212,3.052
3293440,A1,4.410,-81.6,0.228,3.067
3293450,A2,5.040,-85.6,0.319,3.067
3293570,A3,3.140,-80.3,0.319,3.098
3293590,A1,4.370,-81.0,0.256,3.040
3293600,A2,4.440,-85.3,1.279,3.040
3293720,A3,3.140,-80.1,1.279,3.040
3293740,A1,4.370,-81.2,1.279,3.040
3293750,A2,4.800,-85.4,0.681,3.040
3293870,A3,3.150,-80.2,0.681,3.029
3293890,A1,4.390,-81.2,0.712,3.058
3293900,A2,4.280,-85.7,1.562,3.058
3294020,A3,3.130,-80.4,1.562,3.079
3294040,A1,4.400,-81.0,1.577,3.094
3294050,A2,4.430,-85.3,1.342,3.094
3294320,A3,3.130,-79.9,1.342,3.094
3294340,A1,4.370,-80.9,1.295,3.050
3294350,A2,4.440,-85.7,1.279,3.050
3294470,A3,3.150,-80.0,1.279,3.029
3294490,A1,4.370,-81.3,1.279,3.029
3294500,A2,3.460,-85.2,2.672,3.029
3294620,A3,3.150,-80.5,2.672,3.029
3294640,A1,4.400,-80.9,2.719,3.073
3294650,A2,4.460,-85.7,1.294,3.073
3294770,A3,3.160,-80.3,1.294,3.062
3294790,A1,4.420,-81.3,1.326,3.092
3294800,A2,3.810,-85.4,2.293,3.092
3294920,A3,3.180,-80.3,2.293,3.071
3294940,A1,4.370,-81.2,2.214,2.997
3294950,A2,4.110,-85.7,1.787,2.997
3295070,A3,3.150,-79.9,1.787,3.029
3295090,A1,4.390,-81.1,1.818,3.058
3295100,A2,4.400,-85.3,1.374,3.058
3295220,A3,3.150,-80.4,1.374,3.058
3295240,A1,4.380,-81.1,1.358,3.044
3295250,A2,4.100,-85.5,1.817,3.044
3295370,A3,3.270,-80.1,1.817,2.915
3295390,A1,4.390,-80.9,1.833,2.930
3295400,A2,4.430,-85.6,1.327,2.930
3295520,A3,3.160,-80.3,1.327,3.048
3295540,A1,4.400,-81.5,1.342,3.062
3295550,A2,3.770,-85.5,2.316,3.062
3295670,A3,3.150,-80.6,2.316,3.073
3295690,A1,4.390,-81.3,2.300,3.058
3295700,A2,4.730,-85.8,0.832,3.058
3295820,A3,3.160,-80.1,0.832,3.048
3295840,A1,4.410,-81.2,0.864,3.077
3295850,A2,4.760,-85.4,0.813,3.077
3295970,A3,3.150,-80.1,0.813,3.088
3295990,A1,5.180,-81.5,2.141,4.318
3296000,A2,4.740,-85.8,2.175,4.318
3296120,A3,3.160,-80.3,2.175,4.308
3296140,A1,4.420,-81.2,0.863,3.092
3296150,A2,4.110,-85.5,1.866,3.092
3296270,A3,3.150,-80.5,1.866,3.102
3296290,A1,4.390,-81.4,1.818,3.058
3296300,A2,4.280,-85.4,1.562,3.058
3296420,A3,3.140,-80.2,1.562,3.069
3296440,A1,4.360,-80.9,1.514,3.025
3296450,A2,4.120,-85.6,1.756,3.025
3296570,A3,3.110,-80.1,1.756,3.056
3296590,A1,4.380,-81.0,1.787,3.085
3296600,A2,4.040,-85.5,1.905,3.085
3296720,A3,3.190,-79.9,1.905,3.001
3296740,A1,4.400,-81.4,1.936,3.031
3296750,A2,4.740,-85.7,0.831,3.031
3296870,A3,3.140,-80.4,0.831,3.083
3296900,A2,4.740,-85.6,0.831,3.083
3297050,A2,4.280,-85.5,1.577,3.083
3297170,A3,3.150,-79.9,1.577,3.073
3297190,A1,4.410,-80.9,1.593,3.088
3297200,A2,3.480,-85.8,2.710,3.088
3297470,A3,3.130,-80.4,2.710,3.109
3297490,A1,4.400,-81.3,2.694,3.094
3297500,A2,4.100,-85.3,1.849,3.094
3297620,A3,3.170,-80.4,1.849,3.052
3297640,A1,4.360,-80.9,1.786,2.993
3297650,A2,4.740,-85.6,0.768,2.993
3297770,A3,3.160,-80.1,0.768,3.004
3297790,A1,4.410,-81.2,0.847,3.077
3297800,A2,4.770,-85.8,0.796,3.077
3297920,A3,3.140,-80.2,0.796,3.098
3297940,A1,4.410,-81.2,0.796,3.098
3297950,A2,4.740,-85.9,0.847,3.098
3298070,A3,3.170,-80.4,0.847,3.067
3298090,A1,4.370,-81.0,0.784,3.008
3298100,A2,4.470,-85.9,1.231,3.008
3298220,A3,3.120,-80.7,1.231,3.060
3298240,A1,4.400,-81.2,1.278,3.104
3298250,A2,3.490,-85.7,2.681,3.104
3298370,A3,3.160,-80.3,2.681,3.062
3298390,A1,5.170,-80.9,4.007,4.291
3298400,A2,4.100,-85.7,3.174,4.291
3298520,A3,3.160,-80.2,3.174,4.291
3298540,A1,4.410,-81.0,1.864,3.077
3298550,A2,3.440,-85.8,2.760,3.077
3298670,A3,3.150,-80.1,2.760,3.088
3298690,A1,4.370,-81.0,2.696,3.029
3298700,A2,4.720,-85.4,0.818,3.029
3298970,A3,3.130,-80.1,0.818,3.050
3298990,A1,4.380,-81.2,0.834,3.065
3299000,A2,4.420,-85.5,1.327,3.065
3299120,A3,3.160,-80.5,1.327,3.033
3299140,A1,4.380,-81.3,1.327,3.033
3299150,A2,3.750,-85.6,2.311,3.033
3299270,A3,3.140,-80.5,2.311,3.054
3299290,A1,4.410,-80.9,2.359,3.098
3299300,A2,4.100,-85.8,1.864,3.098
3299420,A3,3.140,-80.2,1.864,3.098
3299440,A1,4.390,-81.0,1.833,3.069
3299450,A2,3.760,-85.7,2.313,3.069
3299570,A3,3.150,-80.2,2.313,3.058
3299590,A1,4.390,-81.1,2.313,3.058
3299600,A2,4.760,-85.6,0.781,3.058
3299720,A3,3.130,-80.2,0.781,3.079
3299740,A1,4.390,-81.1,0.781,3.079
3299750,A2,4.110,-86.1,1.818,3.079
3299870,A3,3.160,-80.3,1.818,3.048
3299890,A1,4.400,-81.2,1.834,3.062
3299900,A2,4.410,-85.9,1.374,3.062
3300020,A3,3.170,-80.2,1.374,3.052
3300040,A1,4.410,-80.9,1.390,3.067
3300050,A2,4.090,-85.5,1.879,3.067
3300170,A3,3.140,-80.3,1.879,3.098
3300190,A1,4.380,-81.3,1.832,3.054
3300200,A2,4.730,-85.7,0.817,3.054
3300320,A3,3.170,-80.5,0.817,3.023
3300340,A1,4.350,-81.0,0.769,2.979
3300350,A2,4.270,-85.9,1.514,2.979
3300620,A3,3.160,-80.2,1.514,2.989
3300640,A1,4.410,-81.1,1.609,3.077
3300650,A2,3.480,-86.0,2.710,3.077
3300770,A3,3.170,-80.6,2.710,3.067
3300790,A1,4.410,-81.4,2.710,3.067
3300800,A2,3.440,-85.8,2.760,3.067
3300920,A3,3.220,-80.4,2.760,3.013
3300940,A1,4.370,-81.0,2.696,2.955
3300950,A2,4.750,-85.7,0.767,2.955
3301070,A3,3.140,-80.1,0.767,3.040
3301090,A1,4.410,-81.3,0.830,3.098
3301100,A2,4.750,-85.9,0.830,3.098
3301220,A3,3.130,-80.2,0.830,3.109
3301240,A1,4.410,-81.2,0.830,3.109
3301250,A2,4.270,-85.8,1.609,3.109
3301370,A3,3.120,-80.3,1.609,3.119
3301390,A1,4.400,-81.1,1.593,3.104
3301400,A2,3.460,-85.8,2.719,3.104
3301520,A3,3.130,-79.8,2.719,3.094
3301540,A1,4.410,-81.1,2.735,3.109
3301550,A2,4.090,-85.9,1.879,3.109
3301670,A3,3.180,-80.5,1.879,3.056
3301690,A1,4.380,-81.0,1.832,3.012
3301700,A2,4.740,-85.9,0.799,3.012
3301820,A3,3.200,-80.2,0.799,2.991
3301840,A1,4.370,-81.0,0.784,2.976
3301850,A2,4.110,-85.3,1.787,2.976
3302120,A3,3.120,-80.3,1.787,3.060
3302140,A1,4.410,-81.3,1.850,3.119
3302150,A2,3.440,-85.8,2.760,3.119
3302270,A3,3.160,-80.3,2.760,3.077
3302290,A1,4.360,-81.2,2.681,3.004
3302300,A2,4.720,-85.8,0.802,3.004
3302420,A3,3.140,-80.0,0.802,3.025
3302440,A1,5.160,-81.0,2.172,4.294
3302450,A2,4.460,-85.9,2.601,4.294
3302570,A3,3.150,-79.9,2.601,4.284
3302590,A1,4.400,-81.1,1.294,3.073
3302600,A2,4.080,-85.9,1.878,3.073
3302720,A3,3.150,-80.3,1.878,3.073
3302740,A1,4.430,-81.2,1.926,3.117
3302750,A2,4.740,-85.7,0.879,3.117
3302870,A3,3.170,-80.1,0.879,3.096
3302890,A1,4.400,-81.0,0.831,3.052
3302900,A2,3.440,-85.7,2.744,3.052
3303020,A3,3.150,-80.3,2.744,3.073
3303040,A1,4.370,-81.0,2.696,3.029
3303050,A2,4.460,-85.8,1.247,3.029
3303170,A3,3.160,-80.5,1.247,3.019
3303190,A1,4.400,-81.2,1.294,3.062
3303200,A2,4.720,-85.8,0.865,3.062
3303320,A3,3.130,-80.5,0.865,3.094
3303340,A1,4.420,-81.3,0.897,3.123
3303350,A2,4.410,-85.5,1.406,3.123
3303470,A3,3.160,-80.5,1.406,3.092
3303490,A1,4.390,-80.9,1.358,3.048
3303500,A2,3.460,-85.8,2.703,3.048
3303920,A3,3.160,-81.0,2.703,3.048
3303940,A1,4.400,-81.4,2.719,3.062
3303950,A2,3.460,-86.1,2.719,3.062
3304070,A3,3.200,-80.1,2.719,3.020
3304090,A1,4.410,-81.0,2.735,3.035
3304100,A2,4.740,-86.1,0.847,3.035
3304220,A3,3.230,-80.3,0.847,3.003
3304240,A1,4.420,-81.1,0.863,3.017
3304250,A2,4.410,-85.6,1.406,3.017
3304370,A3,3.130,-80.1,1.406,3.123
3304390,A1,4.420,-80.8,1.406,3.123
3304400,A2,4.470,-85.7,1.310,3.123
3304520,A3,3.140,-80.5,1.310,3.113
3304540,A1,4.390,-80.8,1.263,3.069
3304550,A2,3.470,-85.6,2.691,3.069
3304670,A3,3.160,-80.3,2.691,3.048
3304690,A1,4.370,-80.9,2.659,3.019
3304700,A2,4.740,-86.0,0.784,3.019
3304820,A3,3.120,-79.9,0.784,3.060
3304840,A1,4.370,-80.9,0.784,3.060
3304850,A2,3.130,-85.6,3.063,3.060
3304970,A3,3.120,-80.2,3.063,3.060
3304990,A1,4.410,-81.3,3.126,3.119
3305000,A2,4.110,-85.3,1.850,3.119
3305120,A3,3.140,-80.0,1.850,3.098
3305140,A1,4.380,-80.9,1.802,3.054
3305150,A2,4.430,-85.6,1.311,3.054
3305270,A3,3.140,-80.3,1.311,3.054
3305290,A1,4.390,-81.1,1.327,3.069
3305300,A2,5.070,-85.7,0.233,3.069
3305420,A3,3.130,-80.3,0.233,3.079
3305440,A1,4.410,-81.1,0.265,3.109
3305450,A2,4.730,-85.4,0.864,3.109
3305570,A3,3.170,-80.0,0.864,3.067
3305590,A1,4.380,-81.0,0.817,3.023
3305600,A2,4.440,-85.9,1.295,3.023
3305720,A3,3.150,-80.2,1.295,3.044
3305740,A1,4.380,-81.2,1.295,3.044
3305750,A2,4.090,-85.8,1.832,3.044
3305870,A3,3.180,-80.3,1.832,3.012
3305890,A1,4.380,-81.0,1.832,3.012
3305900,A2,3.640,-85.7,2.457,3.012
3306020,A3,3.210,-80.5,2.457,2.980
3306040,A1,4.390,-80.9,2.473,2.995
3306050,A2,3.790,-85.8,2.273,2.995
3306170,A3,3.150,-80.1,2.273,3.058
3306190,A1,4.410,-80.9,2.304,3.088
3306200,A2,4.720,-85.9,0.881,3.088
3306320,A3,3.120,-80.1,0.881,3.119
3306340,A1,4.370,-81.1,0.818,3.060
3306350,A2,4.130,-85.8,1.757,3.060
3306470,A3,3.160,-80.2,1.757,3.019
3306490,A1,4.390,-80.9,1.788,3.048
3306500,A2,4.780,-85.7,0.747,3.048
3306620,A3,3.110,-80.1,0.747,3.100
3306640,A1,5.180,-81.5,2.107,4.360
3306650,A2,4.110,-85.7,3.178,4.360
3306920,A3,3.160,-80.1,3.178,4.308
3306940,A1,4.380,-80.9,1.802,3.033
3306950,A2,4.110,-85.9,1.802,3.033
3307070,A3,3.180,-80.2,1.802,3.012
3307090,A1,4.390,-80.8,1.818,3.027
3307100,A2,4.100,-85.7,1.833,3.027
3307220,A3,3.120,-80.2,1.833,3.090
3307240,A1,4.390,-81.0,1.833,3.090
3307250,A2,4.100,-85.6,1.833,3.090
3307370,A3,3.130,-80.2,1.833,3.079
3307390,A1,4.380,-81.0,1.817,3.065
3307400,A2,3.120,-85.8,3.090,3.065
3307520,A3,3.140,-80.4,3.090,3.054
3307540,A1,4.400,-80.8,3.121,3.083
3307550,A2,4.750,-85.8,0.814,3.083
3307670,A3,3.150,-80.1,0.814,3.073
3307690,A1,4.420,-81.1,0.846,3.102
3307700,A2,4.090,-85.3,1.895,3.102
3307820,A3,3.140,-80.2,1.895,3.113
3307840,A1,4.400,-80.9,1.863,3.083
3307850,A2,3.430,-85.9,2.756,3.083
3307970,A3,3.160,-80.3,2.756,3.062
3307990,A1,4.360,-81.3,2.693,3.004
3308000,A2,4.080,-85.6,1.815,3.004
3308120,A3,3.180,-80.4,1.815,2.983
3308140,A1,4.400,-80.9,1.878,3.041
3308150,A2,3.790,-85.8,2.289,3.041
3308270,A3,3.190,-80.4,2.289,3.031
3308290,A1,4.400,-81.1,2.289,3.031
3308300,A2,4.720,-85.3,0.865,3.031
3308420,A3,3.160,-80.1,0.865,3.062
3308440,A1,4.390,-81.3,0.849,3.048
3308450,A2,5.070,-85.5,0.233,3.048
3308570,A3,3.120,-80.3,0.233,3.090
3308590,A1,4.420,-80.8,0.281,3.134
3308600,A2,4.110,-85.7,1.866,3.134
3308720,A3,3.180,-80.1,1.866,3.071
3308740,A1,4.370,-81.3,1.787,2.997
3308750,A2,4.110,-85.3,1.787,2.997
3308870,A3,3.120,-79.8,1.787,3.060
3308890,A1,4.420,-81.1,1.866,3.134
3308900,A2,4.750,-85.4,0.846,3.134
3309020,A3,3.140,-79.9,0.846,3.113
3309040,A1,4.390,-81.0,0.798,3.069
3309050,A2,3.460,-85.5,2.703,3.069
3309170,A3,3.180,-80.1,2.703,3.027
3309190,A1,4.410,-80.8,2.735,3.056
3309200,A2,5.070,-85.6,0.265,3.056
3309320,A3,3.140,-80.1,0.265,3.098
3309340,A1,4.390,-80.9,0.233,3.069
3309350,A2,4.110,-85.4,1.818,3.069
3309470,A3,3.160,-80.5,1.818,3.048
3309490,A1,4.360,-80.9,1.771,3.004
3309500,A2,4.140,-85.4,1.726,3.004
3309620,A3,3.160,-79.8,1.726,3.004
3309640,A1,4.390,-80.8,1.774,3.048
3309650,A2,3.810,-85.6,2.245,3.048
3309770,A3,3.160,-80.3,2.245,3.048
3309790,A1,4.400,-80.8,2.261,3.062
3309800,A2,4.410,-85.4,1.374,3.062
3310070,A3,3.160,-80.2,1.374,3.062
3310090,A1,4.380,-81.1,1.343,3.033
3310100,A2,4.100,-85.4,1.817,3.033
3310220,A3,3.160,-80.5,1.817,3.033
3310240,A1,4.410,-81.1,1.864,3.077
3310250,A2,4.070,-85.7,1.909,3.077
3310370,A3,3.130,-80.0,1.909,3.109
3310390,A1,4.420,-81.4,1.924,3.123
3310400,A2,4.280,-85.4,1.609,3.123
3310520,A3,3.170,-80.2,1.609,3.081
3310540,A1,4.420,-81.4,1.609,3.081
3310550,A2,4.080,-85.3,1.910,3.081
3310670,A3,3.170,-80.0,1.910,3.081
3310690,A1,4.390,-80.9,1.862,3.037
3310700,A2,4.130,-85.7,1.788,3.037
3310820,A3,3.140,-80.1,1.788,3.069
3310840,A1,4.390,-81.2,1.788,3.069
3310850,A2,3.820,-85.5,2.232,3.069
3310970,A3,3.160,-80.2,2.232,3.048
3310990,A1,4.410,-81.0,2.263,3.077
3311000,A2,4.120,-85.3,1.835,3.077
3311120,A3,3.140,-80.4,1.835,3.098
3311140,A1,4.410,-81.3,1.835,3.098
3311150,A2,4.100,-85.3,1.864,3.098
3311270,A3,3.130,-80.3,1.864,3.109
3311290,A1,4.400,-80.9,1.849,3.094
3311300,A2,4.440,-85.7,1.326,3.094
3311420,A3,3.110,-80.5,1.326,3.115
3311440,A1,4.400,-80.9,1.326,3.115
3311450,A2,3.740,-85.5,2.356,3.115
3311570,A3,3.140,-80.2,2.356,3.083
3311590,A1,4.370,-81.3,2.309,3.040
3311600,A2,4.090,-85.3,1.816,3.040
3311720,A3,3.160,-80.1,1.816,3.019
3311740,A1,4.410,-81.1,1.879,3.077
3311750,A2,4.760,-85.2,0.813,3.077
3311870,A3,3.160,-80.5,0.813,3.077
3311890,A1,4.370,-81.3,0.750,3.019
3311900,A2,3.820,-85.6,2.200,3.019
3312020,A3,3.120,-80.2,2.200,3.060
3312040,A1,4.360,-80.9,2.184,3.046
3312050,A2,4.100,-85.6,1.786,3.046
3312170,A3,3.230,-80.2,1.786,2.929
3312190,A1,4.400,-81.1,1.849,2.988
3312200,A2,5.090,-85.5,0.212,2.988
3312320,A3,3.120,-80.0,0.212,3.104
3312340,A1,4.370,-81.2,0.165,3.060
3312350,A2,4.110,-85.6,1.787,3.060
3312470,A3,3.200,-80.1,1.787,2.976
3312490,A1,4.410,-80.8,1.850,3.035
3312500,A2,4.090,-85.4,1.879,3.035
3312620,A3,3.170,-80.1,1.879,3.067
3312640,A1,4.380,-80.9,1.832,3.023
3312650,A2,4.110,-85.4,1.802,3.023
3312770,A3,3.160,-80.2,1.802,3.033
3312790,A1,4.380,-81.5,1.802,3.033
3312800,A2,3.470,-85.6,2.675,3.033
3312920,A3,3.150,-80.3,2.675,3.044
3312940,A1,4.390,-81.0,2.691,3.058
3312950,A2,4.100,-85.2,1.833,3.058
3313220,A3,3.130,-80.1,1.833,3.079
3313240,A1,4.410,-81.2,1.864,3.109
3313250,A2,4.270,-85.2,1.609,3.109
3313370,A3,3.190,-80.4,1.609,3.045
3313390,A1,4.370,-81.0,1.545,2.987
3313400,A2,4.760,-85.6,0.750,2.987
3313520,A3,3.170,-80.2,0.750,3.008
3313540,A1,4.400,-80.8,0.797,3.052
3313550,A2,4.950,-85.5,0.465,3.052
3313670,A3,3.170,-80.2,0.465,3.052
3313690,A1,4.390,-81.1,0.449,3.037
3313700,A2,4.710,-85.8,0.866,3.037
3313820,A3,3.140,-80.4,0.866,3.069
3313840,A1,4.420,-81.4,0.914,3.113
3313850,A2,3.470,-85.5,2.738,3.113
3313970,A3,3.120,-80.1,2.738,3.134
3313990,A1,4.380,-81.2,2.675,3.075
3314000,A2,4.110,-85.4,1.802,3.075
3314120,A3,3.160,-80.2,1.802,3.033
3314140,A1,4.390,-81.2,1.818,3.048
3314150,A2,5.080,-85.7,0.215,3.048
3314270,A3,3.170,-80.4,0.215,3.037
3314290,A1,4.400,-80.9,0.231,3.052
3314300,A2,3.460,-85.4,2.719,3.052
3314420,A3,3.150,-80.5,2.719,3.073
3314440,A1,4.400,-81.3,2.719,3.073
3314450,A2,4.100,-85.9,1.849,3.073
3314570,A3,3.160,-80.4,1.849,3.062
3314590,A1,4.410,-80.9,1.864,3.077
3314600,A2,4.100,-85.8,1.864,3.077
3314720,A3,3.160,-80.0,1.864,3.077
3314740,A1,4.390,-81.1,1.833,3.048
3314750,A2,5.040,-85.4,0.288,3.048
3314870,A3,3.150,-80.2,0.288,3.058
3314890,A1,4.400,-81.0,0.303,3.073
3314900,A2,4.090,-85.5,1.863,3.073
3315020,A3,3.170,-80.4,1.863,3.052
3315040,A1,4.410,-81.2,1.879,3.067
3315050,A2,5.060,-85.4,0.283,3.067
3315170,A3,3.150,-80.3,0.283,3.088
3315190,A1,4.400,-81.4,0.267,3.073
3315200,A2,4.090,-85.5,1.863,3.073
3315320,A3,3.140,-80.3,1.863,3.083
3315340,A1,4.400,-81.0,1.863,3.083
3315350,A2,4.120,-85.8,1.819,3.083
3315470,A3,3.160,-80.3,1.819,3.062
3315490,A1,4.390,-81.1,1.803,3.048
3315500,A2,4.740,-85.6,0.815,3.048
3315620,A3,3.130,-80.3,0.815,3.079
3315640,A1,4.390,-81.0,0.815,3.079
3315650,A2,5.060,-85.3,0.251,3.079
3315770,A3,3.130,-80.1,0.251,3.079
3315790,A1,4.400,-80.9,0.267,3.094
3315800,A2,4.740,-85.4,0.831,3.094
3315920,A3,3.130,-80.1,0.831,3.094
3315940,A1,4.420,-80.8,0.863,3.123
3315950,A2,4.130,-85.3,1.836,3.123
3316070,A3,3.180,-80.2,1.836,3.071
3316090,A1,4.400,-80.9,1.804,3.041
3316100,A2,4.760,-85.5,0.797,3.041
3316370,A3,3.130,-80.1,0.797,3.094
3316390,A1,4.410,-81.1,0.813,3.109
3316400,A2,4.420,-85.4,1.374,3.109
3316520,A3,3.110,-80.1,1.374,3.129
3316540,A1,4.390,-81.2,1.342,3.100
3316550,A2,4.100,-85.3,1.833,3.100
3316670,A3,3.240,-80.1,1.833,2.962
3316690,A1,4.410,-81.1,1.864,2.992
3316700,A2,4.110,-85.5,1.850,2.992
3316820,A3,3.160,-80.4,1.850,3.077
3316840,A1,4.390,-81.1,1.818,3.048
3316850,A2,4.110,-85.4,1.818,3.048
3316970,A3,3.130,-80.3,1.818,3.079
3316990,A1,4.380,-81.3,1.802,3.065
3317000,A2,4.110,-85.5,1.802,3.065
3317120,A3,3.120,-80.2,1.802,3.075
3317140,A1,4.400,-80.8,1.834,3.104
3317150,A2,5.050,-85.4,0.285,3.104
3317270,A3,3.160,-80.2,0.285,3.062
3317290,A1,5.170,-81.2,1.611,4.291
3317300,A2,5.070,-85.4,1.574,4.291
3317420,A3,3.170,-80.5,1.574,4.280
3317440,A1,4.400,-81.2,0.249,3.052
3317450,A2,4.310,-85.5,1.531,3.052
3317570,A3,3.160,-80.6,1.531,3.062
3317590,A1,4.370,-81.1,1.484,3.019
3317600,A2,4.090,-85.6,1.816,3.019
3317720,A3,3.120,-80.2,1.816,3.060
3317740,A1,4.400,-81.0,1.863,3.104
3317750,A2,5.090,-85.6,0.212,3.104
3317870,A3,3.140,-80.2,0.212,3.083
3317890,A1,4.410,-81.1,0.228,3.098
3317900,A2,4.070,-85.5,1.909,3.098
3318020,A3,3.150,-80.5,1.909,3.088
3318040,A1,4.390,-81.1,1.877,3.058
3318050,A2,4.450,-85.0,1.295,3.058
3318170,A3,3.160,-80.2,1.295,3.048
3318190,A1,4.400,-81.4,1.310,3.062
3318200,A2,4.120,-85.5,1.819,3.062
3318320,A3,3.160,-80.2,1.819,3.062
3318340,A1,4.420,-81.4,1.851,3.092
3318350,A2,4.720,-85.4,0.897,3.092
3318470,A3,3.200,-80.2,0.897,3.049
3318490,A1,4.370,-81.1,0.818,2.976
3318500,A2,4.090,-85.2,1.816,2.976
3318620,A3,3.120,-80.3,1.816,3.060
3318640,A1,4.390,-80.9,1.848,3.090
3318650,A2,4.100,-85.5,1.833,3.090
3318770,A3,3.130,-80.1,1.833,3.079
3318790,A1,4.410,-81.2,1.864,3.109
3318800,A2,5.060,-85.7,0.283,3.109
3318920,A3,3.210,-80.1,0.283,3.024
3318940,A1,4.400,-81.0,0.267,3.009
3318950,A2,4.120,-85.6,1.819,3.009
3319070,A3,3.150,-80.2,1.819,3.073
3319090,A1,4.400,-80.9,1.819,3.073
3319100,A2,4.120,-85.3,1.819,3.073
3319220,A3,3.160,-80.6,1.819,3.062
3319240,A1,4.400,-81.2,1.819,3.062
3319250,A2,5.070,-85.7,0.249,3.062
3319520,A3,3.120,-80.1,0.249,3.104
3319540,A1,4.420,-81.3,0.281,3.134
3319820,A3,3.160,-79.8,0.281,3.092
3319840,A1,4.400,-81.5,0.249,3.062
3319850,A2,4.100,-85.3,1.849,3.062
3319970,A3,3.180,-80.3,1.849,3.041
3319990,A1,4.410,-81.1,1.864,3.056
3320000,A2,4.450,-85.5,1.326,3.056
3320120,A3,3.160,-80.0,1.326,3.077
3320140,A1,4.410,-81.1,1.326,3.077
3320150,A2,5.100,-85.6,0.210,3.077
3320270,A3,3.150,-80.4,0.210,3.088
3320290,A1,4.370,-81.2,0.147,3.029
3320300,A2,4.640,-85.4,0.952,3.029
3320420,A3,3.180,-80.3,0.952,2.997
3320440,A1,4.410,-81.0,1.016,3.056
3320450,A2,4.730,-85.4,0.864,3.056
3320720,A3,3.160,-80.3,0.864,3.077
3320740,A1,4.360,-81.2,0.785,3.004
3320750,A2,4.420,-85.9,1.295,3.004
3320870,A3,3.150,-80.4,1.295,3.015
3320890,A1,4.380,-80.9,1.327,3.044
3320900,A2,4.780,-85.6,0.731,3.044
3321020,A3,3.150,-80.6,0.731,3.044
3321040,A1,4.390,-81.6,0.747,3.058
3321050,A2,4.100,-85.8,1.833,3.058
3321170,A3,3.120,-80.2,1.833,3.090
3321190,A1,4.410,-80.9,1.864,3.119
3321200,A2,4.410,-85.3,1.390,3.119
3321320,A3,3.170,-80.3,1.390,3.067
3321340,A1,4.380,-81.3,1.343,3.023
3321350,A2,4.730,-85.6,0.817,3.023
3321470,A3,3.150,-80.5,0.817,3.044
3321490,A1,4.410,-81.2,0.864,3.088
3321500,A2,4.090,-85.2,1.879,3.088
3321620,A3,3.150,-79.9,1.879,3.088
3321640,A1,4.400,-81.0,1.863,3.073
3321650,A2,5.060,-85.2,0.267,3.073
3321770,A3,3.150,-80.4,0.267,3.073
3321790,A1,4.410,-81.4,0.283,3.088
3321800,A2,4.110,-85.4,1.850,3.088
3321920,A3,3.170,-80.2,1.850,3.067
3321940,A1,4.400,-81.0,1.834,3.052
3321950,A2,4.730,-86.0,0.848,3.052
3322070,A3,3.140,-80.1,0.848,3.083
3322090,A1,4.420,-81.3,0.880,3.113
3322100,A2,5.060,-85.4,0.299,3.113
3322240,A1,4.400,-81.1,0.267,3.083
3322250,A2,3.480,-85.8,2.694,3.083
3322390,A1,4.380,-81.0,2.662,3.054
3322400,A2,4.420,-85.8,1.327,3.054
3322670,A3,3.160,-80.3,1.327,3.033
3322690,A1,4.400,-81.1,1.358,3.062
3322700,A2,5.060,-85.9,0.267,3.062
3322820,A3,3.140,-80.2,0.267,3.083
3322840,A1,4.380,-81.1,0.235,3.054
3322850,A2,4.140,-86.0,1.758,3.054
3322970,A3,3.160,-80.4,1.758,3.033
3322990,A1,4.370,-81.1,1.742,3.019
3323000,A2,4.130,-86.0,1.757,3.019
3323120,A3,3.250,-80.3,1.757,2.922
3323140,A1,4.400,-81.1,1.804,2.966
3323150,A2,3.660,-86.3,2.463,2.966
3323270,A3,3.140,-80.3,2.463,3.083
3323290,A1,4.400,-81.2,2.463,3.083
3323300,A2,5.080,-85.9,0.231,3.083
3323420,A3,3.140,-80.8,0.231,3.083
3323440,A1,4.380,-81.2,0.199,3.054
3323450,A2,4.080,-85.9,1.846,3.054
3323570,A3,3.170,-80.8,1.846,3.023
3323590,A1,4.400,-81.4,1.878,3.052
3323600,A2,5.020,-87.1,0.340,3.052
3323720,A3,3.190,-80.7,0.340,3.031
3323740,A1,5.170,-81.1,1.665,4.259
3323750,A2,4.090,-86.2,3.189,4.259
3323870,A3,3.130,-79.9,3.189,4.322
3323890,A1,4.350,-81.2,1.785,3.021
3323900,A2,4.120,-85.6,1.740,3.021
3324020,A3,3.140,-80.6,1.740,3.010
3324040,A1,4.390,-81.2,1.803,3.069
3324050,A2,5.030,-85.7,0.306,3.069
3324170,A3,3.120,-80.1,0.306,3.090
3324190,A1,4.380,-81.2,0.290,3.075
3324200,A2,3.840,-85.5,2.188,3.075
3324320,A3,3.120,-80.1,2.188,3.075
3324340,A1,4.370,-81.0,2.173,3.060
3324350,A2,5.020,-85.8,0.292,3.060
3324470,A3,3.100,-80.1,0.292,3.081
3324490,A1,4.390,-81.1,0.324,3.110
3324500,A2,4.470,-86.1,1.263,3.110
3324620,A3,3.130,-80.4,1.263,3.079
3324640,A1,4.400,-81.4,1.278,3.094
3324650,A2,4.110,-86.2,1.834,3.094
3324770,A3,3.170,-80.5,1.834,3.052
3324790,A1,4.360,-81.0,1.771,2.993
3324800,A2,4.090,-85.8,1.800,2.993
3324920,A3,3.140,-80.6,1.800,3.025
3324940,A1,4.410,-81.4,1.879,3.098
3324950,A2,4.100,-86.0,1.864,3.098
3325070,A3,3.110,-80.2,1.864,3.129
3325090,A1,4.390,-81.1,1.833,3.100
3325100,A2,5.070,-86.0,0.233,3.100
3325220,A3,3.150,-80.0,0.233,3.058
3325240,A1,4.370,-81.0,0.202,3.029
3325250,A2,5.090,-86.0,0.165,3.029
3325370,A3,3.160,-80.3,0.165,3.019
3325390,A1,4.380,-81.1,0.181,3.033
3325400,A2,4.090,-86.2,1.832,3.033
3325520,A3,3.140,-80.2,1.832,3.054
3325540,A1,4.410,-81.1,1.879,3.098
3325550,A2,4.040,-85.8,1.952,3.098
3325820,A3,3.170,-80.4,1.952,3.067
3325840,A1,4.380,-81.2,1.905,3.023
3325850,A2,3.460,-85.8,2.687,3.023
3325970,A3,3.140,-80.4,2.687,3.054
3325990,A1,4.410,-81.1,2.735,3.098
3326000,A2,3.680,-85.8,2.452,3.098
3326120,A3,3.130,-80.2,2.452,3.109
3326140,A1,4.390,-81.1,2.421,3.079
3326150,A2,4.080,-86.0,1.862,3.079
3326270,A3,3.150,-80.0,1.862,3.058
3326290,A1,4.370,-81.2,1.831,3.029
3326300,A2,4.720,-85.7,0.818,3.029
3326420,A3,3.140,-80.5,0.818,3.040
3326440,A1,4.380,-81.3,0.834,3.054
3326450,A2,4.080,-85.9,1.846,3.054
3326570,A3,3.180,-80.1,1.846,3.012
3326590,A1,4.380,-81.0,1.846,3.012
3326600,A2,3.810,-86.1,2.230,3.012
3326720,A3,3.170,-80.3,2.230,3.023
3326740,A1,4.400,-81.1,2.261,3.052
3326750,A2,4.090,-86.1,1.863,3.052
3326870,A3,3.150,-80.0,1.863,3.073
3326890,A1,4.380,-80.9,1.832,3.044
3326900,A2,4.390,-85.9,1.374,3.044
3327020,A3,3.180,-80.3,1.374,3.012
3327040,A1,4.410,-81.3,1.422,3.056
3327050,A2,4.080,-86.2,1.894,3.056
3327170,A3,3.160,-80.6,1.894,3.077
3327190,A1,4.380,-81.2,1.846,3.033
3327200,A2,4.070,-86.0,1.861,3.033
3327320,A3,3.200,-80.2,1.861,2.991
3327340,A1,4.370,-81.2,1.845,2.976
3327350,A2,4.100,-85.9,1.801,2.976
3327470,A3,3.150,-80.4,1.801,3.029
3327490,A1,4.410,-81.0,1.864,3.088
3327500,A2,4.730,-86.2,0.864,3.088
3327620,A3,3.150,-80.3,0.864,3.088
3327640,A1,4.370,-81.2,0.801,3.029
3327650,A2,5.070,-86.2,0.202,3.029
3327770,A3,3.120,-80.2,0.202,3.060
3327790,A1,4.390,-81.5,0.233,3.090
3327800,A2,5.050,-86.1,0.269,3.090
3327920,A3,3.130,-80.4,0.269,3.079
3327940,A1,5.160,-81.2,1.592,4.305
3327950,A2,5.060,-86.0,1.574,4.305
3328070,A3,3.130,-80.3,1.574,4.305
3328090,A1,4.370,-80.9,0.220,3.050
3328100,A2,5.060,-86.1,0.220,3.050
3328220,A3,3.150,-80.5,0.220,3.029
3328240,A1,4.400,-81.4,0.267,3.073
3328250,A2,4.130,-86.0,1.804,3.073
3328370,A3,3.150,-80.4,1.804,3.073
3328390,A1,4.370,-81.4,1.757,3.029
3328400,A2,4.110,-85.7,1.787,3.029
3328520,A3,3.120,-80.1,1.787,3.060
3328540,A1,4.390,-80.9,1.818,3.090
3328550,A2,4.040,-86.0,1.921,3.090
3328670,A3,3.180,-80.4,1.921,3.027
3328690,A1,4.380,-81.4,1.905,3.012
3328700,A2,4.090,-86.0,1.832,3.012
3328970,A3,3.190,-80.3,1.832,3.001
3328990,A1,4.360,-80.9,1.800,2.972
3329000,A2,5.060,-85.9,0.204,2.972
3329120,A3,3.140,-80.3,0.204,3.025
3329140,A1,4.410,-81.2,0.283,3.098
3329150,A2,3.770,-86.0,2.332,3.098
3329270,A3,3.150,-80.1,2.332,3.088
3329290,A1,4.390,-81.0,2.300,3.058
3329300,A2,3.520,-85.5,2.628,3.058
3329420,A3,3.140,-80.4,2.628,3.069
3329440,A1,4.370,-81.0,2.596,3.040
3329450,A2,4.410,-86.2,1.327,3.040
3329570,A3,3.220,-80.1,1.327,2.955
3329590,A1,4.400,-81.2,1.374,2.999
3329600,A2,4.080,-86.1,1.878,2.999
3329720,A3,3.150,-80.2,1.878,3.073
3329740,A1,4.410,-81.0,1.894,3.088
3329750,A2,4.080,-86.0,1.894,3.088
3329870,A3,3.110,-80.6,1.894,3.129
3329890,A1,4.370,-81.2,1.831,3.071
3329900,A2,4.090,-85.9,1.816,3.071
3330020,A3,3.150,-80.3,1.816,3.029
3330040,A1,4.400,-81.3,1.863,3.073
3330050,A2,4.110,-85.6,1.834,3.073
3330170,A3,3.190,-80.5,1.834,3.031
3330190,A1,4.400,-80.9,1.834,3.031
3330200,A2,4.730,-86.1,0.848,3.031
3330320,A3,3.150,-80.1,0.848,3.073
3330340,A1,4.360,-81.3,0.785,3.015
3330350,A2,4.110,-86.0,1.771,3.015
3330470,A3,3.140,-80.4,1.771,3.025
3330490,A1,4.370,-81.4,1.787,3.040
3330500,A2,5.050,-86.1,0.238,3.040
3330620,A3,3.150,-80.4,0.238,3.029
3330640,A1,4.360,-81.3,0.222,3.015
3330650,A2,4.920,-86.4,0.455,3.015
3330770,A3,3.180,-80.1,0.455,2.983
3330790,A1,4.370,-81.0,0.471,2.997
3330800,A2,4.920,-86.1,0.471,2.997
3330920,A3,3.120,-80.5,0.471,3.060
3330940,A1,4.370,-81.3,0.471,3.060
3330950,A2,4.420,-86.2,1.311,3.060
3331070,A3,3.140,-80.0,1.311,3.040
3331090,A1,4.360,-80.8,1.295,3.025
3331100,A2,4.110,-86.4,1.771,3.025
3331220,A3,3.120,-80.5,1.771,3.046
3331240,A1,4.410,-81.0,1.850,3.119
3331250,A2,4.090,-86.4,1.879,3.119
3331370,A3,3.160,-80.2,1.879,3.077
3331400,A2,3.140,-86.1,3.115,3.077
3331550,A2,4.120,-86.2,1.835,3.077
3331670,A3,3.160,-81.5,1.835,3.077
3331690,A1,4.370,-81.9,1.772,3.019
3331700,A2,4.700,-86.5,0.852,3.019
3331820,A3,3.130,-80.4,0.852,3.050
3331840,A1,4.380,-81.0,0.867,3.065
3331850,A2,4.100,-86.5,1.817,3.065
3332120,A3,3.140,-80.0,1.817,3.054
3332140,A1,4.400,-81.0,1.849,3.083
3332150,A2,4.090,-86.1,1.863,3.083
3332270,A3,3.180,-80.4,1.863,3.041
3332290,A1,4.360,-81.2,1.800,2.983
3332300,A2,4.080,-86.4,1.815,2.983
3332570,A3,3.160,-80.5,1.815,3.004
3332590,A1,4.370,-81.2,1.831,3.019
3332600,A2,4.090,-86.2,1.816,3.019
3332720,A3,3.160,-80.6,1.816,3.019
3332740,A1,4.360,-81.0,1.800,3.004
3332750,A2,4.110,-86.3,1.771,3.004
3332870,A3,3.160,-80.2,1.771,3.004
3332890,A1,4.370,-81.2,1.787,3.019
3332900,A2,4.380,-86.2,1.374,3.019
3333020,A3,3.150,-80.5,1.374,3.029
3333040,A1,4.390,-81.4,1.406,3.058
3333050,A2,4.110,-86.3,1.818,3.058
3333170,A3,3.140,-80.5,1.818,3.069
3333190,A1,4.390,-81.3,1.818,3.069
3333200,A2,3.610,-86.3,2.512,3.069
3333320,A3,3.160,-80.4,2.512,3.048
3333340,A1,4.380,-81.4,2.497,3.033
3333350,A2,4.110,-86.3,1.802,3.033
3333470,A3,3.120,-80.3,1.802,3.075
3333490,A1,4.410,-81.3,1.850,3.119
3333500,A2,4.100,-86.6,1.864,3.119
3333620,A3,3.150,-80.3,1.864,3.088
3333640,A1,4.380,-81.2,1.817,3.044
3333650,A2,4.110,-86.4,1.802,3.044
3333770,A3,3.230,-80.5,1.802,2.959
3333790,A1,4.380,-81.0,1.802,2.959
3333800,A2,4.420,-86.1,1.327,2.959
3333920,A3,3.120,-80.2,1.327,3.075
3333940,A1,4.380,-81.0,1.327,3.075
3333950,A2,4.040,-86.2,1.905,3.075
3334070,A3,3.170,-80.5,1.905,3.023
3334090,A1,4.380,-81.1,1.905,3.023
3334100,A2,4.060,-85.8,1.876,3.023
3334220,A3,3.150,-80.5,1.876,3.044
3334240,A1,4.420,-81.2,1.939,3.102
3334250,A2,3.760,-86.2,2.361,3.102
3334370,A3,3.140,-80.4,2.361,3.113
3334390,A1,5.190,-81.0,3.692,4.346
3334400,A2,4.120,-86.4,3.182,4.346
3334520,A3,3.150,-80.4,3.182,4.336
3334540,A1,4.420,-81.3,1.851,3.102
3334550,A2,4.270,-86.3,1.624,3.102
3334670,A3,3.140,-80.7,1.624,3.113
3334690,A1,4.420,-81.0,1.624,3.113
3334700,A2,4.400,-86.2,1.422,3.113
3334820,A3,3.130,-80.2,1.422,3.123
3334840,A1,4.390,-81.2,1.374,3.079
3334850,A2,4.100,-86.4,1.833,3.079
3334970,A3,3.130,-80.3,1.833,3.079
3334990,A1,4.360,-81.0,1.786,3.035
3335000,A2,4.090,-86.0,1.800,3.035
3335270,A3,3.190,-80.3,1.800,2.972
3335290,A1,4.380,-80.9,1.832,3.001
3335300,A2,4.440,-86.4,1.295,3.001
3335420,A3,3.160,-80.4,1.295,3.033
3335440,A1,4.380,-81.2,1.295,3.033
3335450,A2,4.640,-86.7,0.968,3.033
3335570,A3,3.140,-80.5,0.968,3.054
3335590,A1,4.370,-80.9,0.952,3.040
3335600,A2,4.110,-86.5,1.787,3.040
3335720,A3,3.130,-80.2,1.787,3.050
3335740,A1,4.380,-81.2,1.802,3.065
3335750,A2,4.090,-86.6,1.832,3.065
3335870,A3,3.160,-80.4,1.832,3.033
3335900,A2,3.460,-86.3,2.687,3.033
3336050,A2,3.820,-86.6,2.216,3.033
3336170,A3,3.150,-80.0,2.216,3.044
3336190,A1,4.410,-80.9,2.263,3.088
3336200,A2,3.810,-86.4,2.277,3.088
3336320,A3,3.150,-80.3,2.277,3.088
3336340,A1,4.340,-81.0,2.167,2.986
3336350,A2,5.020,-86.6,0.245,2.986
3336470,A3,3.160,-80.5,0.245,2.975
3336490,A1,4.390,-80.8,0.324,3.048
3336500,A2,5.060,-86.7,0.251,3.048
3336620,A3,3.120,-80.6,0.251,3.090
3336640,A1,4.400,-80.8,0.267,3.104
3336650,A2,4.090,-86.1,1.863,3.104
3336790,A1,4.380,-81.3,1.832,3.075
3336800,A2,3.130,-86.2,3.078,3.075
3336940,A1,4.400,-81.3,3.110,3.104
3336950,A2,3.290,-86.3,2.925,3.104
3337070,A3,3.110,-80.3,2.925,3.115
3337090,A1,4.410,-81.3,2.941,3.129
3337100,A2,3.440,-86.8,2.760,3.129
3337370,A3,3.140,-80.3,2.760,3.098
3337390,A1,4.370,-80.9,2.696,3.040
3337400,A2,3.760,-86.2,2.282,3.040
3337520,A3,3.120,-80.4,2.282,3.060
3337540,A1,4.390,-81.3,2.313,3.090
3337550,A2,4.070,-86.2,1.877,3.090
3337670,A3,3.160,-80.3,1.877,3.048
3337690,A1,4.370,-81.1,1.845,3.019
3337700,A2,5.030,-86.4,0.274,3.019
3337820,A3,3.120,-80.5,0.274,3.060
3337840,A1,4.370,-81.2,0.274,3.060
3337850,A2,4.110,-86.4,1.787,3.060
3337970,A3,3.160,-80.5,1.787,3.019
3337990,A1,4.380,-81.3,1.802,3.033
3338000,A2,4.110,-86.5,1.802,3.033
3338120,A3,3.160,-80.5,1.802,3.033
3338140,A1,4.400,-81.6,1.834,3.062
3338150,A2,4.130,-86.9,1.804,3.062
3338420,A3,3.150,-80.4,1.804,3.073
3338440,A1,4.410,-81.1,1.820,3.088
3338450,A2,4.070,-86.9,1.909,3.088
3338570,A3,3.160,-80.5,1.909,3.077
3338590,A1,5.160,-81.0,3.199,4.273
3338600,A2,3.650,-86.6,3.783,4.273
3338720,A3,3.100,-80.3,3.783,4.336
3338740,A1,4.370,-81.5,2.429,3.081
3338750,A2,4.280,-86.6,1.530,3.081
3338870,A3,3.190,-80.6,1.530,2.987
3338890,A1,4.360,-80.8,1.514,2.972
3338900,A2,4.080,-86.5,1.815,2.972
3339020,A3,3.130,-80.4,1.815,3.035
3339040,A1,4.370,-81.3,1.831,3.050
3339050,A2,4.110,-86.7,1.787,3.050
3339170,A3,3.190,-80.5,1.787,2.987
3339190,A1,4.380,-81.4,1.802,3.001
3339200,A2,4.710,-86.9,0.850,3.001
3339320,A3,3.120,-80.3,0.850,3.075
3339340,A1,4.410,-81.4,0.898,3.119
3339350,A2,5.070,-86.3,0.265,3.119
3339470,A3,3.160,-80.2,0.265,3.077
3339490,A1,4.390,-81.1,0.233,3.048
3339500,A2,4.080,-86.4,1.862,3.048
3339620,A3,3.130,-80.3,1.862,3.079
3339640,A1,4.360,-81.1,1.815,3.035
3339650,A2,3.120,-86.6,3.058,3.035
3339770,A3,3.150,-80.2,3.058,3.015
3339790,A1,4.360,-80.9,3.058,3.015
3339800,A2,4.440,-86.3,1.263,3.015
3339920,A3,3.150,-80.6,1.263,3.015
3339940,A1,4.390,-81.2,1.311,3.058
3340070,A3,3.130,-80.3,1.311,3.079
3340090,A1,4.400,-81.0,1.326,3.094
3340100,A2,3.130,-86.4,3.110,3.094
3340220,A3,3.250,-80.3,3.110,2.966
3340240,A1,4.380,-81.2,3.078,2.937
3340250,A2,4.090,-86.1,1.832,2.937
3340370,A3,3.150,-80.1,1.832,3.044
3340390,A1,4.390,-80.9,1.848,3.058
3340400,A2,5.020,-86.7,0.324,3.058
3340520,A3,3.130,-80.3,0.324,3.079
3340540,A1,4.380,-81.0,0.308,3.065
3340550,A2,3.120,-86.3,3.090,3.065
3340670,A3,3.140,-79.9,3.090,3.054
3340690,A1,4.400,-81.0,3.121,3.083
3340700,A2,4.110,-86.4,1.834,3.083
3340820,A3,3.150,-80.3,1.834,3.073
3340840,A1,4.380,-81.4,1.802,3.044
3340850,A2,3.410,-86.4,2.749,3.044
3340970,A3,3.130,-80.4,2.749,3.065
3340990,A1,4.360,-81.4,2.718,3.035
3341000,A2,3.930,-86.4,2.031,3.035
3341120,A3,3.130,-80.6,2.031,3.035
3341140,A1,4.380,-81.1,2.063,3.065
3341150,A2,4.380,-86.4,1.390,3.065
3341270,A3,3.190,-80.3,1.390,3.001
3341290,A1,4.390,-80.9,1.406,3.016
3341300,A2,3.100,-86.3,3.128,3.016
3341590,A1,4.360,-80.9,3.081,2.972
3341600,A2,4.060,-86.5,1.844,2.972
3341740,A1,4.400,-81.0,1.907,3.031
3341750,A2,3.940,-86.6,2.080,3.031
3341870,A3,3.120,-80.2,2.080,3.104
3341890,A1,4.400,-81.1,2.080,3.104
3341900,A2,5.040,-86.3,0.303,3.104
3342020,A3,3.130,-80.2,0.303,3.094
3342040,A1,4.360,-81.2,0.240,3.035
3342050,A2,4.070,-86.8,1.830,3.035
3342170,A3,3.150,-80.4,1.830,3.015
3342190,A1,4.410,-81.1,1.909,3.088
3342200,A2,4.110,-86.3,1.850,3.088
3342320,A3,3.150,-81.7,1.850,3.088
3342340,A1,4.400,-82.2,1.834,3.073
3342350,A2,4.720,-87.2,0.865,3.073
3342470,A3,3.200,-80.6,0.865,3.020
3342490,A1,4.380,-81.2,0.834,2.991
3342500,A2,3.120,-86.8,3.090,2.991
3342620,A3,3.110,-80.4,3.090,3.085
3342640,A1,4.430,-81.3,3.169,3.159
3342650,A2,4.150,-86.5,1.822,3.159
3342770,A3,3.120,-80.4,1.822,3.148
3342790,A1,4.420,-81.3,1.806,3.134
3342800,A2,5.050,-86.7,0.317,3.134
3342920,A3,3.140,-80.1,0.317,3.113
3342940,A1,4.400,-81.1,0.285,3.083
3342950,A2,4.060,-86.3,1.907,3.083
3343070,A3,3.120,-80.4,1.907,3.104
3343090,A1,4.390,-81.0,1.892,3.090
3343100,A2,3.780,-86.2,2.286,3.090
3343220,A3,3.120,-80.5,2.286,3.090
3343240,A1,4.400,-80.8,2.302,3.104
3343250,A2,3.940,-86.5,2.080,3.104
3343370,A3,3.140,-80.6,2.080,3.083
3343390,A1,4.370,-80.9,2.033,3.040
3343400,A2,4.410,-86.4,1.327,3.040
3343520,A3,3.130,-80.6,1.327,3.050
3343540,A1,4.360,-80.9,1.311,3.035
3343550,A2,4.080,-86.1,1.815,3.035
3343670,A3,3.120,-80.4,1.815,3.046
3343690,A1,4.370,-81.0,1.831,3.060
3343700,A2,3.120,-86.4,3.074,3.060
3343820,A3,3.120,-80.2,3.074,3.060
3343840,A1,4.420,-81.5,3.153,3.134
3343850,A2,3.790,-86.7,2.320,3.134
3343970,A3,3.160,-80.3,2.320,3.092
3343990,A1,4.410,-81.0,2.304,3.077
3344000,A2,4.460,-86.2,1.310,3.077
3344120,A3,3.140,-80.3,1.310,3.098
3344140,A1,4.390,-80.9,1.279,3.069
3344150,A2,4.090,-86.6,1.848,3.069
3344270,A3,3.140,-80.4,1.848,3.069
3344290,A1,4.360,-81.1,1.800,3.025
3344300,A2,3.100,-86.5,3.081,3.025
3344420,A3,3.240,-80.6,3.081,2.919
3344440,A1,4.390,-81.6,3.128,2.962
3344450,A2,5.020,-86.2,0.324,2.962
3344720,A3,3.140,-80.3,0.324,3.069
3344740,A1,4.370,-81.2,0.292,3.040
3344750,A2,4.740,-86.5,0.784,3.040
3344870,A3,3.140,-80.1,0.784,3.040
3344890,A1,4.380,-81.0,0.799,3.054
3344900,A2,3.110,-86.1,3.101,3.054
3345020,A3,3.170,-80.5,3.101,3.023
3345040,A1,5.180,-81.3,4.476,4.297
3345050,A2,5.080,-86.4,1.575,4.297
3345170,A3,3.140,-80.2,1.575,4.329
3345190,A1,4.400,-81.0,0.231,3.083
3345200,A2,4.410,-86.5,1.374,3.083
3345320,A3,3.160,-80.5,1.374,3.062
3345340,A1,4.400,-81.2,1.374,3.062
3345350,A2,4.730,-86.3,0.848,3.062
3345470,A3,3.180,-80.4,0.848,3.041
3345490,A1,4.410,-80.8,0.864,3.056
3345500,A2,3.470,-86.2,2.722,3.056
3345620,A3,3.180,-80.4,2.722,3.056
3345640,A1,4.380,-80.8,2.675,3.012
3345650,A2,4.030,-86.6,1.919,3.012
3345770,A3,3.160,-80.5,1.919,3.033
3345790,A1,4.380,-81.2,1.919,3.033
3345800,A2,4.460,-86.1,1.263,3.033
3345920,A3,3.140,-80.7,1.263,3.054
3345940,A1,4.390,-81.2,1.279,3.069
3345950,A2,4.120,-86.6,1.803,3.069
3346070,A3,3.120,-80.1,1.803,3.090
3346090,A1,4.380,-80.9,1.787,3.075
3346100,A2,4.720,-86.2,0.834,3.075
3346220,A3,3.130,-80.4,0.834,3.065
3346240,A1,4.390,-80.9,0.849,3.079
3346250,A2,5.060,-86.3,0.251,3.079
3346370,A3,3.130,-80.5,0.251,3.079
3346390,A1,4.410,-81.1,0.283,3.109
3346400,A2,4.090,-86.2,1.879,3.109
3346520,A3,3.150,-80.0,1.879,3.088
3346540,A1,4.380,-81.0,1.832,3.044
3346550,A2,3.960,-86.1,2.020,3.044
3346670,A3,3.160,-80.5,2.020,3.033
3346690,A1,4.380,-81.0,2.020,3.033
3346700,A2,4.390,-86.2,1.374,3.033
3346820,A3,3.150,-80.3,1.374,3.044
3346840,A1,4.400,-81.1,1.406,3.073
3346850,A2,4.070,-86.2,1.893,3.073
3346970,A3,3.130,-80.1,1.893,3.094
3346990,A1,4.410,-81.1,1.909,3.109
3347000,A2,4.680,-86.2,0.949,3.109
3347120,A3,3.130,-80.6,0.949,3.109
3347140,A1,4.380,-81.2,0.901,3.065
3347150,A2,4.400,-86.5,1.358,3.065
3347270,A3,3.130,-80.3,1.358,3.065
3347290,A1,4.370,-81.0,1.343,3.050
3347300,A2,3.130,-86.4,3.063,3.050
3347420,A3,3.130,-80.1,3.063,3.050
3347440,A1,4.360,-81.1,3.047,3.035
3347450,A2,4.080,-86.5,1.815,3.035
3347570,A3,3.150,-80.2,1.815,3.015
3347590,A1,4.350,-81.3,1.799,3.000
3347600,A2,3.630,-86.1,2.423,3.000
3347870,A3,3.140,-80.1,2.423,3.010
3347890,A1,4.370,-81.1,2.455,3.040
3347900,A2,5.120,-86.3,0.110,3.040
3348020,A3,3.170,-80.3,0.110,3.008
3348040,A1,4.380,-81.2,0.126,3.023
3348050,A2,3.440,-86.1,2.712,3.023
3348170,A3,3.130,-80.6,2.712,3.065
3348190,A1,4.390,-81.1,2.728,3.079
3348200,A2,4.470,-86.4,1.263,3.079
3348320,A3,3.140,-80.6,1.263,3.069
3348340,A1,4.370,-81.4,1.231,3.040
3348350,A2,4.090,-86.0,1.816,3.040
3348470,A3,3.130,-80.6,1.816,3.050
3348490,A1,4.380,-81.3,1.832,3.065
3348500,A2,4.410,-86.0,1.343,3.065
3348620,A3,3.150,-80.4,1.343,3.044
3348640,A1,4.400,-81.2,1.374,3.073
3348650,A2,4.120,-86.2,1.819,3.073
3348770,A3,3.150,-80.4,1.819,3.073
3348790,A1,4.370,-81.1,1.772,3.029
3348800,A2,4.090,-86.1,1.816,3.029
3348920,A3,3.130,-80.6,1.816,3.050
3348940,A1,4.400,-81.3,1.863,3.094
3348950,A2,4.380,-85.9,1.422,3.094
3349070,A3,3.160,-80.3,1.422,3.062
3349090,A1,4.380,-81.4,1.390,3.033
3349100,A2,4.740,-86.5,0.799,3.033
3349220,A3,3.290,-80.6,0.799,2.893
3349240,A1,4.350,-81.1,0.752,2.850
3349250,A2,3.810,-86.2,2.183,2.850
3349370,A3,3.160,-80.5,2.183,2.989
3349390,A1,4.400,-81.2,2.261,3.062
3349400,A2,4.410,-86.3,1.374,3.062
3349520,A3,3.140,-80.5,1.374,3.083
3349540,A1,4.390,-80.9,1.358,3.069
3349550,A2,4.090,-86.1,1.848,3.069
3349670,A3,3.170,-80.2,1.848,3.037
3349690,A1,4.410,-81.5,1.879,3.067
3349700,A2,3.790,-86.5,2.304,3.067
3349820,A3,3.130,-80.3,2.304,3.109
3349840,A1,4.360,-80.9,2.226,3.035
3349850,A2,4.410,-86.1,1.311,3.035
3349970,A3,3.150,-80.2,1.311,3.015
3349990,A1,4.410,-81.0,1.390,3.088
3350000,A2,4.110,-86.2,1.850,3.088
3350120,A3,3.120,-80.3,1.850,3.119
3350140,A1,4.400,-81.1,1.834,3.104
3350150,A2,4.090,-86.3,1.863,3.104
3350270,A3,3.180,-79.9,1.863,3.041
3350290,A1,4.430,-81.3,1.911,3.085
3350300,A2,4.080,-86.2,1.926,3.085
3350420,A3,3.160,-80.5,1.926,3.107
3350440,A1,4.360,-81.3,1.815,3.004
3350450,A2,3.760,-86.0,2.266,3.004
3350570,A3,3.160,-80.3,2.266,3.004
3350590,A1,4.400,-81.3,2.329,3.062
3350600,A2,3.120,-86.3,3.121,3.062
3350720,A3,3.160,-80.1,3.121,3.062
3350740,A1,4.370,-80.9,3.074,3.019
3350750,A2,5.090,-86.2,0.165,3.019
3351320,A3,3.120,-80.2,0.165,3.060
3351340,A1,4.380,-81.4,0.181,3.075
3351350,A2,4.110,-86.2,1.802,3.075
3351470,A3,3.140,-80.4,1.802,3.054
3351490,A1,5.170,-81.1,3.159,4.312
3351500,A2,3.940,-85.9,3.405,4.312
3351620,A3,3.130,-80.1,3.405,4.322
3351640,A1,4.390,-81.0,2.064,3.079
3351650,A2,4.120,-85.7,1.803,3.079
3351770,A3,3.170,-80.5,1.803,3.037
3351790,A1,4.410,-81.2,1.835,3.067
3351800,A2,4.060,-85.5,1.923,3.067
3351920,A3,3.110,-80.3,1.923,3.129
3351940,A1,4.400,-81.2,1.907,3.115
3351950,A2,4.450,-85.8,1.310,3.115
3352070,A3,3.100,-80.6,1.310,3.125
3352090,A1,4.380,-81.2,1.279,3.096
3352100,A2,4.100,-85.6,1.817,3.096
3352220,A3,3.120,-79.9,1.817,3.075
3352240,A1,4.390,-81.0,1.833,3.090
3352250,A2,4.710,-85.7,0.866,3.090
3352370,A3,3.180,-80.6,0.866,3.027
3352390,A1,4.380,-81.2,0.850,3.012
3352400,A2,3.480,-85.8,2.662,3.012
3352520,A3,3.120,-80.2,2.662,3.075
3352540,A1,4.400,-81.1,2.694,3.104
3352550,A2,4.640,-85.6,1.000,3.104
3352670,A3,3.170,-80.4,1.000,3.052
3352690,A1,4.370,-81.4,0.952,3.008
3352700,A2,4.060,-85.4,1.860,3.008
3352820,A3,3.150,-80.1,1.860,3.029
3352840,A1,4.380,-81.2,1.876,3.044
3352850,A2,4.420,-85.5,1.327,3.044
3352970,A3,3.180,-80.3,1.327,3.012
3352990,A1,4.390,-81.2,1.342,3.027
3353000,A2,4.120,-85.9,1.803,3.027
3353120,A3,3.140,-80.2,1.803,3.069
3353140,A1,4.390,-81.1,1.803,3.069
3353150,A2,3.810,-85.9,2.245,3.069
3353270,A3,3.150,-80.6,2.245,3.058
3353290,A1,4.410,-81.4,2.277,3.088
3353300,A2,4.110,-85.9,1.850,3.088
3353420,A3,3.150,-80.3,1.850,3.088
3353440,A1,4.410,-81.1,1.850,3.088
3353450,A2,4.400,-85.8,1.406,3.088
3353570,A3,3.140,-80.0,1.406,3.098
3353590,A1,4.390,-81.1,1.374,3.069
3353600,A2,4.130,-85.5,1.788,3.069
3353720,A3,3.120,-80.5,1.788,3.090
3353740,A1,4.380,-81.3,1.773,3.075
3353750,A2,4.070,-86.0,1.861,3.075
3353870,A3,3.150,-80.0,1.861,3.044
3353890,A1,4.400,-81.1,1.893,3.073
3353900,A2,4.440,-85.9,1.326,3.073
3354170,A3,3.120,-80.2,1.326,3.104
3354190,A1,4.390,-81.3,1.311,3.090
3354200,A2,4.090,-85.7,1.848,3.090
3354320,A3,3.130,-80.1,1.848,3.079
3354340,A1,4.410,-80.9,1.879,3.109
3354350,A2,4.100,-85.4,1.864,3.109
3354470,A3,3.140,-80.1,1.864,3.098
3354490,A1,4.370,-80.8,1.801,3.040
3354500,A2,4.410,-85.9,1.327,3.040
3354620,A3,3.150,-79.8,1.327,3.029
3354640,A1,4.410,-80.8,1.390,3.088
3354650,A2,4.120,-85.8,1.835,3.088
3354770,A3,3.150,-80.1,1.835,3.088
3354790,A1,4.410,-81.3,1.835,3.088
3354800,A2,4.110,-86.0,1.850,3.088
3354920,A3,3.120,-80.0,1.850,3.119
3354940,A1,4.380,-81.1,1.802,3.075
3354950,A2,5.070,-85.6,0.217,3.075
3355070,A3,3.240,-80.2,0.217,2.948
3355090,A1,4.410,-81.0,0.265,2.992
3355100,A2,4.110,-86.0,1.850,2.992
3355220,A3,3.160,-80.1,1.850,3.077
3355240,A1,4.410,-81.2,1.850,3.077
3355250,A2,3.170,-85.3,3.081,3.077
3355370,A3,3.150,-80.2,3.081,3.088
3355390,A1,4.410,-81.1,3.081,3.088
3355400,A2,3.490,-84.8,2.697,3.088
3355520,A3,3.140,-80.2,2.697,3.098
3355540,A1,4.380,-81.1,2.650,3.054
3355550,A2,4.160,-84.9,1.728,3.054
3355670,A3,3.140,-80.4,1.728,3.054
3355690,A1,5.170,-80.8,3.085,4.312
3355700,A2,4.750,-84.7,2.139,4.312
3355820,A3,3.160,-80.4,2.139,4.291
3355840,A1,4.400,-81.5,0.814,3.062
3355850,A2,3.470,-84.8,2.706,3.062
3355970,A3,3.160,-80.2,2.706,3.062
3355990,A1,4.400,-81.4,2.706,3.062
3356000,A2,4.110,-84.7,1.834,3.062
3356120,A3,3.160,-80.0,1.834,3.062
3356140,A1,4.380,-81.0,1.802,3.033
3356150,A2,3.440,-84.9,2.712,3.033
3356270,A3,3.130,-80.2,2.712,3.065
3356290,A1,4.380,-81.1,2.712,3.065
3356300,A2,4.860,-84.7,0.592,3.065
3356420,A3,3.150,-80.4,0.592,3.044
3356440,A1,4.410,-81.4,0.640,3.088
3356450,A2,4.120,-84.5,1.835,3.088
3356590,A1,4.370,-81.1,1.772,3.029
3356600,A2,4.110,-84.8,1.787,3.029
3356740,A1,4.400,-81.0,1.834,3.073
3356750,A2,4.820,-85.0,0.694,3.073
3356870,A3,3.180,-80.0,0.694,3.041
3356890,A1,4.410,-81.4,0.709,3.056
3356900,A2,4.120,-84.9,1.835,3.056
3357020,A3,3.150,-80.1,1.835,3.088
3357040,A1,4.400,-81.2,1.819,3.073
3357050,A2,4.460,-85.1,1.294,3.073
3357320,A3,3.230,-80.5,1.294,2.988
3357340,A1,4.390,-81.6,1.279,2.973
3357350,A2,4.100,-85.4,1.833,2.973
3357470,A3,3.130,-80.4,1.833,3.079
3357490,A1,4.400,-81.0,1.849,3.094
3357500,A2,4.120,-84.7,1.819,3.094
3357620,A3,3.150,-80.2,1.819,3.073
3357640,A1,4.370,-81.3,1.772,3.029
3357650,A2,5.080,-84.9,0.183,3.029
3357770,A3,3.180,-80.3,0.183,2.997
3357790,A1,4.410,-81.0,0.246,3.056
3357800,A2,4.420,-85.1,1.374,3.056
3357920,A3,3.140,-80.0,1.374,3.098
3357940,A1,4.410,-81.0,1.374,3.098
3357950,A2,4.120,-85.0,1.835,3.098
3358070,A3,3.140,-80.4,1.835,3.098
3358090,A1,4.410,-81.3,1.835,3.098
3358100,A2,4.090,-84.7,1.879,3.098
3358220,A3,3.160,-80.2,1.879,3.077
3358240,A1,4.410,-81.1,1.879,3.077
3358250,A2,4.430,-84.7,1.358,3.077
3358370,A3,3.180,-80.1,1.358,3.056
3358390,A1,4.420,-81.0,1.374,3.071
3358400,A2,4.160,-84.8,1.791,3.071
3358520,A3,3.140,-80.0,1.791,3.113
3358540,A1,4.390,-81.3,1.744,3.069
3358550,A2,4.490,-84.6,1.230,3.069
3358670,A3,3.150,-80.0,1.230,3.058
3358690,A1,4.360,-80.9,1.183,3.015
3358700,A2,4.120,-85.0,1.756,3.015
3358820,A3,3.190,-80.5,1.756,2.972
3358840,A1,4.420,-81.4,1.851,3.060
3358850,A2,3.480,-85.0,2.726,3.060
3358970,A3,3.140,-80.1,2.726,3.113
3358990,A1,4.400,-81.2,2.694,3.083
3359000,A2,3.100,-84.7,3.144,3.083
3359120,A3,3.170,-80.3,3.144,3.052
3359140,A1,4.400,-81.2,3.144,3.052
3359150,A2,4.100,-84.9,1.849,3.052
3359270,A3,3.150,-80.3,1.849,3.073
3359290,A1,4.380,-81.2,1.817,3.044
3359300,A2,4.110,-84.7,1.802,3.044
3359420,A3,3.170,-80.6,1.802,3.023
3359440,A1,4.390,-81.1,1.818,3.037
3359450,A2,3.490,-84.7,2.666,3.037
3359570,A3,3.180,-80.4,2.666,3.027
3359600,A2,4.120,-85.0,1.803,3.027
3359750,A2,3.470,-85.1,2.691,3.027
3359890,A1,4.360,-81.4,2.643,2.983
3359900,A2,4.290,-85.1,1.499,2.983
3360020,A3,3.150,-80.4,1.499,3.015
3360040,A1,4.420,-81.0,1.594,3.102
3360050,A2,3.100,-85.0,3.175,3.102
3360170,A3,3.140,-80.2,3.175,3.113
3360190,A1,4.400,-81.1,3.144,3.083
3360200,A2,4.130,-84.9,1.804,3.083
3360620,A3,3.120,-80.2,1.804,3.104
3360640,A1,4.400,-81.2,1.804,3.104
3360650,A2,4.960,-84.9,0.447,3.104
3360770,A3,3.160,-80.2,0.447,3.062
3360790,A1,4.410,-80.8,0.463,3.077
3360800,A2,4.460,-85.3,1.310,3.077
3360920,A3,3.160,-80.1,1.310,3.077
3360940,A1,4.400,-81.1,1.294,3.062
3360950,A2,3.810,-85.1,2.261,3.062
3361070,A3,3.160,-80.1,2.261,3.062
3361090,A1,4.410,-80.8,2.277,3.077
3361100,A2,4.440,-85.1,1.342,3.077
3361220,A3,3.180,-80.0,1.342,3.056
3361240,A1,4.420,-81.2,1.358,3.071
3361250,A2,4.120,-85.1,1.851,3.071
3361370,A3,3.150,-80.4,1.851,3.102
3361390,A1,4.390,-81.2,1.803,3.058
3361400,A2,4.120,-84.9,1.803,3.058
3361520,A3,3.260,-80.1,1.803,2.941
3361540,A1,4.380,-81.1,1.787,2.926
3361550,A2,4.780,-85.0,0.731,2.926
3361670,A3,3.170,-80.5,0.731,3.023
3361690,A1,4.410,-81.2,0.778,3.067
3361700,A2,3.470,-85.1,2.722,3.067
3361820,A3,3.170,-80.3,2.722,3.067
3361840,A1,4.390,-81.0,2.691,3.037
3361850,A2,4.110,-84.9,1.818,3.037
3361970,A3,3.140,-80.2,1.818,3.069
3361990,A1,4.360,-81.3,1.771,3.025
3362000,A2,4.110,-84.9,1.771,3.025
3362120,A3,3.140,-80.3,1.771,3.025
3362140,A1,5.180,-81.1,3.178,4.329
3362150,A2,4.450,-84.7,2.654,4.329
3362270,A3,3.150,-80.2,2.654,4.318
3362290,A1,4.390,-81.3,1.295,3.058
3362300,A2,3.480,-84.8,2.678,3.058
3362420,A3,3.150,-80.2,2.678,3.058
3362440,A1,4.390,-80.9,2.678,3.058
3362450,A2,3.130,-84.9,3.094,3.058
3362570,A3,3.130,-80.3,3.094,3.079
3362590,A1,4.380,-81.1,3.078,3.065
3362600,A2,4.450,-85.4,1.279,3.065
3362720,A3,3.140,-80.1,1.279,3.054
3362740,A1,4.410,-81.2,1.326,3.098
3362750,A2,5.480,-85.1,-0.513,3.098
3362870,A3,3.130,-80.2,-0.513,3.109
3362890,A1,4.410,-81.4,-0.513,3.109
3362900,A2,4.090,-85.0,1.879,3.109
3363020,A3,3.140,-80.1,1.879,3.098
3363040,A1,4.370,-81.0,1.816,3.040
3363050,A2,4.100,-85.0,1.801,3.040
3363170,A3,3.160,-80.2,1.801,3.019
3363190,A1,4.370,-80.8,1.801,3.019
3363200,A2,3.810,-85.0,2.214,3.019
3363320,A3,3.190,-80.3,2.214,2.987
3363340,A1,4.380,-81.2,2.230,3.001
3363350,A2,4.430,-84.9,1.311,3.001
3363620,A3,3.150,-80.0,1.311,3.044
3363640,A1,4.390,-81.3,1.327,3.058
3363650,A2,4.450,-84.7,1.295,3.058
3363770,A3,3.180,-80.4,1.295,3.027
3363790,A1,4.400,-81.3,1.310,3.041
3363800,A2,3.150,-84.6,3.087,3.041
3363920,A3,3.150,-80.4,3.087,3.073
3363940,A1,4.410,-81.1,3.103,3.088
3363950,A2,3.450,-85.1,2.747,3.088
3364070,A3,3.140,-80.2,2.747,3.098
3364090,A1,4.400,-81.1,2.731,3.083
3364100,A2,3.450,-85.2,2.731,3.083
3364220,A3,3.160,-80.2,2.731,3.062
3364240,A1,4.410,-81.4,2.747,3.077
3364250,A2,4.460,-85.2,1.310,3.077
3364370,A3,3.120,-80.4,1.310,3.119
3364390,A1,4.380,-81.1,1.263,3.075
3364400,A2,3.430,-85.0,2.724,3.075
3364520,A3,3.170,-80.5,2.724,3.023
3364540,A1,4.380,-81.0,2.724,3.023
3364550,A2,4.470,-85.0,1.247,3.023
3364670,A3,3.160,-80.4,1.247,3.033
3364690,A1,4.400,-81.1,1.278,3.062
3364700,A2,3.490,-84.8,2.681,3.062
3364820,A3,3.190,-80.2,2.681,3.031
3364840,A1,4.370,-81.4,2.634,2.987
3364850,A2,4.120,-85.0,1.772,2.987
3364970,A3,3.110,-80.3,1.772,3.071
3364990,A1,4.410,-81.1,1.835,3.129
3365000,A2,3.460,-85.0,2.735,3.129
3365120,A3,3.170,-80.5,2.735,3.067
3365140,A1,4.360,-81.1,2.656,2.993
3365150,A2,3.170,-84.7,3.002,2.993
3365270,A3,3.150,-80.2,3.002,3.015
3365290,A1,4.410,-81.2,3.081,3.088
3365300,A2,4.410,-85.2,1.390,3.088
3365420,A3,3.160,-80.3,1.390,3.077
3365440,A1,4.370,-81.2,1.327,3.019
3365450,A2,4.460,-85.0,1.247,3.019
3365570,A3,3.160,-80.3,1.247,3.019
3365590,A1,4.410,-81.4,1.310,3.077
3365600,A2,3.170,-85.3,3.081,3.077
3365720,A3,3.220,-80.5,3.081,3.013
3365740,A1,4.410,-81.3,3.081,3.013
3365750,A2,4.120,-85.3,1.835,3.013
3365870,A3,3.130,-80.3,1.835,3.109
3365890,A1,4.400,-81.3,1.819,3.094
3365900,A2,3.130,-85.1,3.110,3.094
3366020,A3,3.140,-80.0,3.110,3.083
3366040,A1,4.410,-81.4,3.126,3.098
3366050,A2,4.460,-85.0,1.310,3.098
3366170,A3,3.170,-80.5,1.310,3.067
3366190,A1,4.400,-81.2,1.294,3.052
3366200,A2,4.130,-85.2,1.804,3.052
3366320,A3,3.120,-80.5,1.804,3.104
3366340,A1,5.180,-81.1,3.148,4.350
3366350,A2,4.110,-84.7,3.178,4.350
3366470,A3,3.200,-80.4,3.178,4.265
3366490,A1,4.410,-81.2,1.850,3.035
3366500,A2,4.460,-85.1,1.310,3.035
3366770,A3,3.160,-80.6,1.310,3.077
3366790,A1,4.400,-80.9,1.294,3.062
3366800,A2,4.450,-85.1,1.310,3.062
3366920,A3,3.140,-80.1,1.310,3.083
3366940,A1,4.420,-81.2,1.342,3.113
3366950,A2,5.060,-85.0,0.299,3.113
3367070,A3,3.160,-80.6,0.299,3.092
3367090,A1,4.410,-81.1,0.283,3.077
3367100,A2,5.060,-84.7,0.283,3.077
3367220,A3,3.170,-80.4,0.283,3.067
3367240,A1,4.410,-81.2,0.283,3.067
3367250,A2,3.460,-85.2,2.735,3.067
3367370,A3,3.170,-80.4,2.735,3.067
3367390,A1,4.390,-81.2,2.703,3.037
3367400,A2,4.740,-85.0,0.815,3.037
3367520,A3,3.130,-80.3,0.815,3.079
3367540,A1,4.360,-81.0,0.768,3.035
3367550,A2,4.450,-85.0,1.247,3.035
3367670,A3,3.140,-80.3,1.247,3.025
3367690,A1,4.400,-81.2,1.310,3.083
3367700,A2,4.090,-84.8,1.863,3.083
3367820,A3,3.130,-80.2,1.863,3.094
3367840,A1,4.430,-81.2,1.911,3.138
3367850,A2,4.070,-84.7,1.940,3.138
3367970,A3,3.310,-80.2,1.940,2.945
3367990,A1,4.420,-81.3,1.924,2.930
3368000,A2,3.480,-85.0,2.726,2.930
3368120,A3,3.160,-80.4,2.726,3.092
3368140,A1,4.390,-81.1,2.678,3.048
3368150,A2,4.110,-84.8,1.818,3.048
3368270,A3,3.130,-80.3,1.818,3.079
3368290,A1,4.380,-81.3,1.802,3.065
3368300,A2,4.130,-85.2,1.773,3.065
3368420,A3,3.160,-80.4,1.773,3.033
3368440,A1,4.380,-81.2,1.773,3.033
3368450,A2,4.460,-85.3,1.263,3.033
3368570,A3,3.150,-80.3,1.263,3.044
3368590,A1,4.370,-81.2,1.247,3.029
3368600,A2,3.790,-85.2,2.241,3.029
3368720,A3,3.140,-79.8,2.241,3.040
3368740,A1,4.390,-81.1,2.273,3.069
3368750,A2,4.140,-85.0,1.774,3.069
3368870,A3,3.190,-80.6,1.774,3.016
3368890,A1,4.410,-81.5,1.805,3.045
3368900,A2,4.420,-84.9,1.374,3.045
3369020,A3,3.140,-80.6,1.374,3.098
3369040,A1,4.410,-81.1,1.374,3.098
3369050,A2,4.110,-85.2,1.850,3.098
3369170,A3,3.170,-80.5,1.850,3.067
3369190,A1,4.370,-81.3,1.787,3.008
3369200,A2,4.150,-84.7,1.727,3.008
3369320,A3,3.160,-80.1,1.727,3.019
3369340,A1,4.400,-81.5,1.774,3.062
3369350,A2,4.420,-85.0,1.358,3.062
3369470,A3,3.140,-80.1,1.358,3.083
3369490,A1,4.410,-81.3,1.374,3.098
3369500,A2,4.090,-85.0,1.879,3.098
3369620,A3,3.190,-80.4,1.879,3.045
3369640,A1,4.360,-81.4,1.800,2.972
3369650,A2,3.490,-85.3,2.618,2.972
3369920,A3,3.110,-80.0,2.618,3.056
3369940,A1,4.380,-81.1,2.650,3.085
3369950,A2,3.780,-85.0,2.271,3.085
3370070,A3,3.140,-81.2,2.271,3.054
3370090,A1,4.390,-81.4,2.286,3.069
3370100,A2,3.160,-85.4,3.060,3.069
3370220,A3,3.100,-80.0,3.060,3.110
3370240,A1,4.380,-81.5,3.044,3.096
3370250,A2,4.430,-84.9,1.311,3.096
3370370,A3,3.170,-80.0,1.311,3.023
3370390,A1,4.410,-81.1,1.358,3.067
3370400,A2,3.120,-84.9,3.137,3.067
3370520,A3,3.140,-80.2,3.137,3.098
3370540,A1,4.400,-80.8,3.121,3.083
3370550,A2,3.310,-85.2,2.901,3.083
3370670,A3,3.110,-80.5,2.901,3.115
3370690,A1,4.420,-81.6,2.933,3.144
3370700,A2,4.440,-85.0,1.358,3.144
3370820,A3,3.140,-80.3,1.358,3.113
3370840,A1,4.390,-81.1,1.311,3.069
3370850,A2,5.080,-85.0,0.215,3.069
3370970,A3,3.130,-79.8,0.215,3.079
3370990,A1,4.410,-81.3,0.246,3.109
3371000,A2,3.800,-85.3,2.291,3.109
3371120,A3,3.180,-80.3,2.291,3.056
3371140,A1,4.390,-81.2,2.259,3.027
3371150,A2,4.420,-84.8,1.342,3.027
3371270,A3,3.150,-80.1,1.342,3.058
3371290,A1,4.360,-81.2,1.295,3.015
3371300,A2,3.270,-84.8,2.886,3.015
3371420,A3,3.160,-80.0,2.886,3.004
3371440,A1,4.420,-81.5,2.981,3.092
3371450,A2,3.150,-85.0,3.119,3.092
3371570,A3,3.150,-80.1,3.119,3.102
3371590,A1,4.410,-81.4,3.103,3.088
3371600,A2,4.110,-84.9,1.850,3.088
3371720,A3,3.160,-80.2,1.850,3.077
3371740,A1,4.360,-81.4,1.771,3.004
3371750,A2,4.440,-85.0,1.263,3.004
3371870,A3,3.170,-80.3,1.263,2.993
3371890,A1,4.410,-81.3,1.342,3.067
3371900,A2,3.450,-84.8,2.747,3.067
3372020,A3,3.180,-80.6,2.747,3.056
3372040,A1,4.390,-81.1,2.715,3.027
3372050,A2,3.780,-84.8,2.286,3.027
3372170,A3,3.230,-79.9,2.286,2.973
3372190,A1,4.350,-81.1,2.223,2.915
3372200,A2,4.130,-85.2,1.726,2.915
3372320,A3,3.170,-80.5,1.726,2.979
3372340,A1,4.420,-80.9,1.836,3.081
3372350,A2,4.460,-85.2,1.326,3.081
3372470,A3,3.180,-80.5,1.326,3.071
3372490,A1,4.390,-81.6,1.279,3.027
3372500,A2,4.110,-85.2,1.818,3.027
3372620,A3,3.150,-80.4,1.818,3.058
3372640,A1,4.410,-81.4,1.850,3.088
3372650,A2,3.770,-85.0,2.332,3.088
3372770,A3,3.190,-80.2,2.332,3.045
3372790,A1,5.180,-81.1,3.660,4.276
3372800,A2,4.110,-85.3,3.178,4.276
3373070,A3,3.120,-80.3,3.178,4.350
3373090,A1,4.410,-81.3,1.850,3.119
3373100,A2,3.780,-85.1,2.318,3.119
3373220,A3,3.200,-80.4,2.318,3.035
3373240,A1,4.390,-81.4,2.286,3.005
3373250,A2,3.660,-85.1,2.447,3.005
3373370,A3,3.170,-80.1,2.447,3.037
3373390,A1,4.400,-80.9,2.463,3.052
3373400,A2,3.120,-84.9,3.121,3.052
3373520,A3,3.150,-80.0,3.121,3.073
3373540,A1,4.390,-81.1,3.105,3.058
3373550,A2,4.450,-85.1,1.295,3.058
3373670,A3,3.150,-80.3,1.295,3.058
3373690,A1,4.400,-81.5,1.310,3.073
3373700,A2,3.950,-85.1,2.066,3.073
3373820,A3,3.130,-80.2,2.066,3.094
3373840,A1,4.410,-81.3,2.082,3.109
3373850,A2,4.770,-85.4,0.796,3.109
3373970,A3,3.140,-80.3,0.796,3.098
3373990,A1,4.400,-81.3,0.780,3.083
3374000,A2,4.790,-85.3,0.745,3.083
3374120,A3,3.160,-80.2,0.745,3.062
3374140,A1,4.410,-81.5,0.761,3.077
3374150,A2,4.430,-85.1,1.358,3.077
3374270,A3,3.140,-80.2,1.358,3.098
3374290,A1,4.410,-81.3,1.358,3.098
3374300,A2,3.780,-85.1,2.318,3.098
3374420,A3,3.110,-80.1,2.318,3.129
3374440,A1,4.400,-81.4,2.302,3.115
3374450,A2,3.800,-85.1,2.275,3.115
3374570,A3,3.200,-80.4,2.275,3.020
3374590,A1,4.400,-81.3,2.275,3.020
3374600,A2,3.420,-84.8,2.768,3.020
3374720,A3,3.150,-80.3,2.768,3.073
3374740,A1,4.360,-81.3,2.705,3.015
3374750,A2,4.460,-85.1,1.231,3.015
3374870,A3,3.130,-80.2,1.231,3.035
3374890,A1,4.370,-81.5,1.247,3.050
3374900,A2,4.110,-85.0,1.787,3.050
3375020,A3,3.160,-80.4,1.787,3.019
3375040,A1,4.450,-81.3,1.913,3.136
3375050,A2,3.120,-84.8,3.201,3.136
3375170,A3,3.150,-80.3,3.201,3.147
3375190,A1,4.420,-81.6,3.153,3.102
3375200,A2,4.760,-85.1,0.829,3.102
3375320,A3,3.180,-80.2,0.829,3.071
3375340,A1,4.400,-81.3,0.797,3.041
3375350,A2,4.110,-84.9,1.834,3.041
3375470,A3,3.110,-80.2,1.834,3.115
3375490,A1,4.370,-81.1,1.787,3.071
3375500,A2,4.470,-85.5,1.231,3.071
3375620,A3,3.180,-80.3,1.231,2.997
3375640,A1,4.390,-80.8,1.263,3.027
3375650,A2,4.430,-85.0,1.327,3.027
3375770,A3,3.130,-80.4,1.327,3.079
3375790,A1,4.400,-81.4,1.342,3.094
3375800,A2,4.410,-84.8,1.374,3.094
3375920,A3,3.130,-80.2,1.374,3.094
3375940,A1,4.390,-81.5,1.358,3.079
3375950,A2,3.430,-85.1,2.740,3.079
3376220,A3,3.140,-80.3,2.740,3.069
3376240,A1,4.410,-81.2,2.772,3.098
3376250,A2,4.440,-85.3,1.342,3.098
3376370,A3,3.230,-80.2,1.342,3.003
3376390,A1,4.350,-81.3,1.248,2.915
3376400,A2,4.470,-85.4,1.200,2.915
3376520,A3,3.200,-80.4,1.200,2.947
3376540,A1,4.430,-81.3,1.326,3.064
3376550,A2,4.110,-85.1,1.882,3.064
3376670,A3,3.160,-80.2,1.882,3.107
3376690,A1,4.350,-81.4,1.755,2.989
3376700,A2,4.110,-84.8,1.755,2.989
3376820,A3,3.160,-80.2,1.755,2.989
3376840,A1,4.370,-81.1,1.787,3.019
3376850,A2,4.770,-85.1,0.732,3.019
3376970,A3,3.170,-80.3,0.732,3.008
3376990,A1,5.160,-81.2,2.087,4.263
3377000,A2,4.440,-85.0,2.633,4.263
3377120,A3,3.120,-80.1,2.633,4.315
3377140,A1,4.380,-81.1,1.295,3.075
3377420,A3,3.160,-80.4,1.295,3.033
3377440,A1,4.360,-81.3,1.263,3.004
3377450,A2,4.410,-85.1,1.311,3.004
3377570,A3,3.130,-80.1,1.311,3.035
3377590,A1,4.400,-81.4,1.374,3.094
3377600,A2,4.810,-85.0,0.711,3.094
3377720,A3,3.180,-80.3,0.711,3.041
3377740,A1,4.430,-81.3,0.758,3.085
3377750,A2,4.730,-85.2,0.896,3.085
3377870,A3,3.160,-80.3,0.896,3.107
3377890,A1,4.370,-81.1,0.801,3.019
3377900,A2,4.460,-84.8,1.247,3.019
3378020,A3,3.140,-80.2,1.247,3.040
3378040,A1,4.370,-81.1,1.247,3.040
3378050,A2,3.770,-85.5,2.268,3.040
3378170,A3,3.190,-79.7,2.268,2.987
3378190,A1,4.390,-81.1,2.300,3.016
3378200,A2,4.120,-84.9,1.803,3.016
3378320,A3,3.140,-80.1,1.803,3.069
3378340,A1,4.400,-81.2,1.819,3.083
3378470,A3,3.160,-80.2,1.819,3.062
3378490,A1,4.390,-80.9,1.803,3.048
3378500,A2,3.150,-84.9,3.072,3.048
3378620,A3,3.230,-80.4,3.072,2.973
3378640,A1,4.380,-81.4,3.056,2.959
3378650,A2,3.780,-85.0,2.271,2.959
3378770,A3,3.180,-80.3,2.271,3.012
3378790,A1,4.380,-81.0,2.271,3.012
3378800,A2,4.460,-85.4,1.263,3.012
3378920,A3,3.140,-80.2,1.263,3.054
3378940,A1,4.400,-81.1,1.294,3.083
3378950,A2,4.440,-85.1,1.326,3.083
3379070,A3,3.160,-80.2,1.326,3.062
3379090,A1,4.380,-81.5,1.295,3.033
3379100,A2,4.100,-85.2,1.817,3.033
3379370,A3,3.180,-80.5,1.817,3.012
3379390,A1,4.420,-81.5,1.880,3.071
3379400,A2,4.450,-85.1,1.342,3.071
3379520,A3,3.130,-80.4,1.342,3.123
3379540,A1,4.390,-81.1,1.295,3.079
3379550,A2,4.450,-85.1,1.295,3.079
3379670,A3,3.160,-80.2,1.295,3.048
3379690,A1,4.380,-81.2,1.279,3.033
3379700,A2,3.140,-85.2,3.067,3.033
3379820,A3,3.150,-80.5,3.067,3.044
3379840,A1,4.400,-81.7,3.099,3.073
3379850,A2,4.150,-85.2,1.774,3.073
3379970,A3,3.150,-80.1,1.774,3.073
3379990,A1,4.390,-81.2,1.759,3.058
3380000,A2,4.430,-85.0,1.327,3.058
3380120,A3,3.150,-80.4,1.327,3.058
3380150,A2,3.440,-85.0,2.728,3.058
3380300,A2,3.660,-85.3,2.447,3.058
3380420,A3,3.130,-80.4,2.447,3.079
3380440,A1,4.390,-81.3,2.447,3.079
3380450,A2,4.450,-85.4,1.295,3.079
3380570,A3,3.160,-80.1,1.295,3.048
3380590,A1,4.380,-81.3,1.279,3.033
3380600,A2,4.440,-84.9,1.295,3.033
3380720,A3,3.160,-82.0,1.295,3.033
3380740,A1,4.390,-82.1,1.311,3.048
3380750,A2,3.760,-85.4,2.313,3.048
3380870,A3,3.150,-80.3,2.313,3.058
3380890,A1,4.360,-81.1,2.266,3.015
3380900,A2,4.760,-84.9,0.734,3.015
3381020,A3,3.140,-80.6,0.734,3.025
3381040,A1,4.380,-81.4,0.765,3.054
3381050,A2,4.110,-85.2,1.802,3.054
3381170,A3,3.170,-80.4,1.802,3.023
3381190,A1,4.400,-81.1,1.834,3.052
3381200,A2,4.460,-85.0,1.294,3.052
3381320,A3,3.150,-80.4,1.294,3.073
3381340,A1,4.380,-81.6,1.263,3.044
3381350,A2,4.440,-84.9,1.295,3.044
3381470,A3,3.130,-80.2,1.295,3.065
3381490,A1,4.410,-81.5,1.342,3.109
3381500,A2,3.480,-84.9,2.710,3.109
3381620,A3,3.170,-80.3,2.710,3.067
3381640,A1,4.390,-81.0,2.678,3.037
3381650,A2,3.130,-85.3,3.094,3.037
3381770,A3,3.150,-80.1,3.094,3.058
3381790,A1,4.390,-80.8,3.094,3.058
3381800,A2,5.090,-85.1,0.196,3.058
3381920,A3,3.140,-80.3,0.196,3.069
3381940,A1,4.400,-80.8,0.212,3.083
3381950,A2,4.100,-85.0,1.849,3.083
3382070,A3,3.160,-80.4,1.849,3.062
3382090,A1,4.380,-81.0,1.817,3.033
3382100,A2,4.460,-84.9,1.263,3.033
3382220,A3,3.140,-80.0,1.263,3.054
3382240,A1,4.390,-81.2,1.279,3.069
3382250,A2,4.460,-85.3,1.279,3.069
3382520,A3,3.150,-80.1,1.279,3.058
3382540,A1,4.370,-81.2,1.247,3.029
3382550,A2,3.790,-85.2,2.241,3.029
3382670,A3,3.160,-80.3,2.241,3.019
3382690,A1,4.390,-81.4,2.273,3.048
3382700,A2,4.120,-85.0,1.803,3.048
3382820,A3,3.280,-80.3,1.803,2.919
3382840,A1,4.410,-81.1,1.835,2.948
3382850,A2,4.740,-85.0,0.847,2.948
3382970,A3,3.140,-80.1,0.847,3.098
3382990,A1,4.390,-81.2,0.815,3.069
3383000,A2,4.470,-85.0,1.263,3.069
3383120,A3,3.150,-80.2,1.263,3.058
3383140,A1,4.380,-81.5,1.247,3.044
3383150,A2,4.450,-85.0,1.279,3.044
3383270,A3,3.160,-80.4,1.279,3.033
3383290,A1,4.410,-81.4,1.326,3.077
3383300,A2,3.780,-85.4,2.318,3.077
3383420,A3,3.180,-80.5,2.318,3.056
3383440,A1,5.180,-81.1,3.646,4.287
3383450,A2,3.500,-85.2,4.013,4.287
3383570,A3,3.120,-79.6,4.013,4.350
3383590,A1,4.380,-81.3,2.637,3.075
3383600,A2,4.470,-85.2,1.247,3.075
3383720,A3,3.200,-80.3,1.247,2.991
3383740,A1,4.380,-81.0,1.247,2.991
3383750,A2,4.430,-85.0,1.311,2.991
3383870,A3,3.130,-80.1,1.311,3.065
3383890,A1,4.390,-81.5,1.327,3.079
3383900,A2,4.450,-85.1,1.295,3.079
3384020,A3,3.140,-80.2,1.295,3.069
3384040,A1,4.370,-81.5,1.263,3.040
3384050,A2,4.450,-85.2,1.263,3.040
3384170,A3,3.150,-80.2,1.263,3.029
3384190,A1,4.380,-81.5,1.279,3.044
3384200,A2,3.440,-84.9,2.712,3.044
3384320,A3,3.140,-80.6,2.712,3.054
3384340,A1,4.370,-81.4,2.696,3.040
3384350,A2,4.110,-85.2,1.787,3.040
3384470,A3,3.120,-80.0,1.787,3.060
3384490,A1,4.380,-81.4,1.802,3.075
3384500,A2,3.190,-85.1,3.010,3.075
3384620,A3,3.170,-80.5,3.010,3.023
3384640,A1,4.370,-81.2,2.994,3.008
3384650,A2,3.770,-85.2,2.268,3.008
3384770,A3,3.190,-80.3,2.268,2.987
3384790,A1,4.410,-81.4,2.332,3.045
3384800,A2,4.100,-85.5,1.864,3.045
3384920,A3,3.130,-80.1,1.864,3.109
3384940,A1,4.380,-81.1,1.817,3.065
3384950,A2,4.770,-85.2,0.748,3.065
3385070,A3,3.130,-80.5,0.748,3.065
3385090,A1,4.380,-81.3,0.748,3.065
3385100,A2,4.130,-85.4,1.773,3.065
3385220,A3,3.180,-80.4,1.773,3.012
3385240,A1,4.390,-81.3,1.788,3.027
3385250,A2,4.770,-85.2,0.764,3.027
3385370,A3,3.130,-80.3,0.764,3.079
3385390,A1,4.390,-81.3,0.764,3.079
3385400,A2,4.740,-85.3,0.815,3.079
3385670,A3,3.120,-80.1,0.815,3.090
3385690,A1,4.430,-81.0,0.879,3.148
3385700,A2,4.430,-85.3,1.390,3.148
3385820,A3,3.160,-80.5,1.390,3.107
3385840,A1,4.440,-81.1,1.406,3.121
3385850,A2,4.430,-85.0,1.406,3.121
3385970,A3,3.140,-80.3,1.406,3.142
3385990,A1,4.380,-81.2,1.311,3.054
3386000,A2,4.110,-85.2,1.802,3.054
3386120,A3,3.120,-80.0,1.802,3.075
3386140,A1,4.410,-81.7,1.850,3.119
3386150,A2,3.430,-85.2,2.772,3.119
3386420,A3,3.150,-80.2,2.772,3.088
3386440,A1,4.400,-81.4,2.756,3.073
3386450,A2,4.760,-85.1,0.797,3.073
3386570,A3,3.140,-80.3,0.797,3.083
3386590,A1,4.410,-81.1,0.813,3.098
3386600,A2,4.440,-85.5,1.342,3.098
3386720,A3,3.160,-80.4,1.342,3.077
3386740,A1,4.410,-81.4,1.342,3.077
3386750,A2,4.410,-84.9,1.390,3.077
3386870,A3,3.180,-80.2,1.390,3.056
3386890,A1,4.390,-81.2,1.358,3.027
3386900,A2,4.460,-85.2,1.279,3.027
3387020,A3,3.170,-79.9,1.279,3.037
3387040,A1,4.410,-81.3,1.310,3.067
3387050,A2,4.450,-85.1,1.326,3.067
3387170,A3,3.150,-80.4,1.326,3.088
3387190,A1,4.410,-81.1,1.326,3.088
3387200,A2,3.490,-85.3,2.697,3.088
3387320,A3,3.150,-80.5,2.697,3.088
3387340,A1,4.400,-81.2,2.681,3.073
3387350,A2,3.150,-85.2,3.087,3.073
3387470,A3,3.130,-80.1,3.087,3.094
3387490,A1,4.410,-81.3,3.103,3.109
3387500,A2,4.100,-85.3,1.864,3.109
3387620,A3,3.170,-80.3,1.864,3.067
3387640,A1,4.390,-81.2,1.833,3.037
3387650,A2,4.160,-85.5,1.744,3.037
3387770,A3,3.150,-80.3,1.744,3.058
3387790,A1,4.410,-81.2,1.775,3.088
3387800,A2,4.450,-85.5,1.326,3.088
3387920,A3,3.130,-80.3,1.326,3.109
3387940,A1,4.390,-81.3,1.295,3.079
3387950,A2,4.410,-85.3,1.358,3.079
3388070,A3,3.180,-80.6,1.358,3.027
3388090,A1,4.390,-81.6,1.358,3.027
3388100,A2,5.100,-85.4,0.178,3.027
3388220,A3,3.170,-80.5,0.178,3.037
3388240,A1,4.380,-81.1,0.162,3.023
3388250,A2,3.430,-85.5,2.724,3.023
3388370,A3,3.130,-80.5,2.724,3.065
3388390,A1,4.410,-81.1,2.772,3.109
3388400,A2,4.450,-85.0,1.326,3.109
3388520,A3,3.150,-80.3,1.326,3.088
3388540,A1,4.380,-81.2,1.279,3.044
3388550,A2,4.450,-85.2,1.279,3.044
3388820,A3,3.150,-80.4,1.279,3.044
3388840,A1,4.390,-81.5,1.295,3.058
3388850,A2,4.730,-85.2,0.832,3.058
3388970,A3,3.140,-80.0,0.832,3.069
3388990,A1,4.400,-81.1,0.848,3.083
3389000,A2,3.460,-85.4,2.719,3.083
3389120,A3,3.170,-80.0,2.719,3.052
3389140,A1,4.390,-81.2,2.703,3.037
3389150,A2,4.110,-85.2,1.818,3.037
3389270,A3,3.200,-80.4,1.818,3.005
3389290,A1,4.400,-81.3,1.834,3.020
3389300,A2,3.770,-85.6,2.316,3.020
3389420,A3,3.150,-80.1,2.316,3.073
3389450,A2,3.750,-85.0,2.343,3.073
3389600,A2,4.760,-85.2,0.797,3.073
3389720,A3,3.140,-80.4,0.797,3.083
3389740,A1,4.420,-81.0,0.829,3.113
3389750,A2,4.110,-85.1,1.866,3.113
3389870,A3,3.130,-80.1,1.866,3.123
3389890,A1,5.170,-81.2,3.159,4.322
3389900,A2,5.090,-85.2,1.538,4.322
3390020,A3,3.140,-80.0,1.538,4.312
3390040,A1,4.410,-81.2,0.228,3.098
3390050,A2,4.410,-85.1,1.390,3.098
3390170,A3,3.130,-80.1,1.390,3.109
3390190,A1,4.410,-81.1,1.390,3.109
3390200,A2,4.470,-85.1,1.294,3.109
3390320,A3,3.170,-80.2,1.294,3.067
3390340,A1,4.410,-81.3,1.294,3.067
3390350,A2,4.420,-85.2,1.374,3.067
3390470,A3,3.160,-80.4,1.374,3.077
3390490,A1,4.400,-81.2,1.358,3.062
3390500,A2,4.460,-85.2,1.294,3.062
3390620,A3,3.160,-80.0,1.294,3.062
3390640,A1,4.390,-81.3,1.279,3.048
3390650,A2,4.440,-85.2,1.311,3.048
3390770,A3,3.170,-80.4,1.311,3.037
3390790,A1,4.350,-81.3,1.248,2.979
3390800,A2,4.440,-85.0,1.248,2.979
3390920,A3,3.140,-80.3,1.248,3.010
3390940,A1,4.350,-81.2,1.248,3.010
3390950,A2,4.420,-85.2,1.280,3.010
3391070,A3,3.160,-79.9,1.280,2.989
3391090,A1,4.430,-81.6,1.406,3.107
3391100,A2,4.440,-85.1,1.374,3.107
3391220,A3,3.170,-80.3,1.374,3.096
3391240,A1,4.380,-81.1,1.295,3.023
3391250,A2,4.470,-85.3,1.247,3.023
3391370,A3,3.140,-81.3,1.247,3.054
3391390,A1,4.370,-81.6,1.231,3.040
3391400,A2,4.450,-85.4,1.263,3.040
3391520,A3,3.130,-80.0,1.263,3.050
3391540,A1,4.410,-81.3,1.326,3.109
3391550,A2,3.450,-85.1,2.747,3.109
3391670,A3,3.150,-80.0,2.747,3.088
3391690,A1,4.380,-81.1,2.700,3.044
3391700,A2,4.430,-85.1,1.311,3.044
3391970,A3,3.150,-80.1,1.311,3.044
3391990,A1,4.420,-81.3,1.374,3.102
3392000,A2,4.470,-85.1,1.310,3.102
3392120,A3,3.140,-80.4,1.310,3.113
3392140,A1,4.420,-81.1,1.310,3.113
3392150,A2,4.460,-85.5,1.326,3.113
3392270,A3,3.110,-80.0,1.326,3.144
3392290,A1,4.410,-81.0,1.310,3.129
3392300,A2,4.440,-84.9,1.342,3.129
3392420,A3,3.140,-80.5,1.342,3.098
3392440,A1,4.400,-80.9,1.326,3.083
3392450,A2,4.430,-84.9,1.342,3.083
3392570,A3,3.160,-80.3,1.342,3.062
3392590,A1,4.410,-81.3,1.358,3.077
3392600,A2,4.440,-85.1,1.342,3.077
3392720,A3,3.150,-80.1,1.342,3.088
3392740,A1,4.390,-81.6,1.311,3.058
3392750,A2,4.480,-85.1,1.246,3.058
3392870,A3,3.140,-80.2,1.246,3.069
3392890,A1,4.380,-81.0,1.231,3.054
3392900,A2,4.460,-85.3,1.263,3.054
3393020,A3,3.150,-80.1,1.263,3.044
3393040,A1,4.380,-81.3,1.263,3.044
3393050,A2,4.110,-85.0,1.802,3.044
3393170,A3,3.120,-79.9,1.802,3.075
3393190,A1,4.420,-81.4,1.866,3.134
3393200,A2,4.270,-85.5,1.624,3.134
3393320,A3,3.130,-80.1,1.624,3.123
3393340,A1,4.360,-81.1,1.530,3.035
3393350,A2,4.080,-85.0,1.815,3.035
3393470,A3,3.240,-80.0,1.815,2.919
3393490,A1,4.400,-81.6,1.878,2.977
3393500,A2,4.440,-85.2,1.326,2.977
3393620,A3,3.120,-80.5,1.326,3.104
3393640,A1,4.400,-81.1,1.326,3.104
3393650,A2,4.420,-85.3,1.358,3.104
3393770,A3,3.150,-80.3,1.358,3.073
3393790,A1,4.370,-81.1,1.311,3.029
3393800,A2,4.450,-85.8,1.263,3.029
3393920,A3,3.160,-80.3,1.263,3.019
3393940,A1,4.400,-81.1,1.310,3.062
3393950,A2,4.490,-84.9,1.246,3.062
3394070,A3,3.120,-80.3,1.246,3.104
3394090,A1,5.180,-81.1,2.590,4.350
3394100,A2,4.440,-84.7,2.670,4.350
3394220,A3,3.140,-80.4,2.670,4.329
3394240,A1,4.380,-81.5,1.295,3.054
3394250,A2,4.490,-85.0,1.215,3.054
3394370,A3,3.140,-80.6,1.215,3.054
3394390,A1,4.410,-81.1,1.262,3.098
3394400,A2,4.090,-84.8,1.879,3.098
3394520,A3,3.150,-80.3,1.879,3.088
3394540,A1,4.400,-80.9,1.863,3.073
3394550,A2,3.130,-85.2,3.110,3.073
3394670,A3,3.180,-80.6,3.110,3.041
3394690,A1,4.380,-81.4,3.078,3.012
3394700,A2,3.740,-85.3,2.325,3.012
3394820,A3,3.140,-80.5,2.325,3.054
3394840,A1,4.370,-81.3,2.309,3.040
3394850,A2,3.820,-85.4,2.200,3.040
3395120,A3,3.180,-80.1,2.200,2.997
3395140,A1,4.380,-81.2,2.216,3.012
3395150,A2,3.790,-85.6,2.257,3.012
3395270,A3,3.140,-80.1,2.257,3.054
3395290,A1,4.380,-81.0,2.257,3.054
3395300,A2,4.110,-85.3,1.802,3.054
3395440,A1,4.360,-81.2,1.771,3.025
3395450,A2,4.110,-85.5,1.771,3.025
3395590,A1,4.390,-81.1,1.818,3.069
3395600,A2,3.480,-85.3,2.678,3.069
3395720,A3,3.140,-80.5,2.678,3.069
3395740,A1,4.400,-81.5,2.694,3.083
3395750,A2,3.750,-85.3,2.343,3.083
3395870,A3,3.130,-80.4,2.343,3.094
3395890,A1,4.400,-81.3,2.343,3.094
3395900,A2,4.130,-85.8,1.804,3.094
3396020,A3,3.150,-80.5,1.804,3.073
3396040,A1,4.400,-81.2,1.804,3.073
3396050,A2,3.140,-85.3,3.099,3.073
3396170,A3,3.120,-80.3,3.099,3.104
3396190,A1,4.410,-81.4,3.115,3.119
3396200,A2,3.980,-85.1,2.039,3.119
3396320,A3,3.120,-80.0,2.039,3.119
3396340,A1,4.400,-81.5,2.023,3.104
3396350,A2,4.460,-85.5,1.294,3.104
3396470,A3,3.170,-80.5,1.294,3.052
3396490,A1,4.370,-81.2,1.247,3.008
3396500,A2,4.460,-85.2,1.247,3.008
3396620,A3,3.160,-80.2,1.247,3.019
3396640,A1,4.380,-81.1,1.263,3.033
3396650,A2,4.430,-85.3,1.311,3.033
3396770,A3,3.200,-80.3,1.311,2.991
3396790,A1,4.420,-81.4,1.374,3.049
3396800,A2,4.450,-85.7,1.342,3.049
3397070,A3,3.150,-80.3,1.342,3.102
3397090,A1,4.360,-81.2,1.247,3.015
3397100,A2,4.460,-85.3,1.231,3.015
3397220,A3,3.110,-80.2,1.231,3.056
3397240,A1,4.440,-81.6,1.358,3.174
3397250,A2,5.090,-85.2,0.276,3.174
3397370,A3,3.140,-80.0,0.276,3.142
3397390,A1,4.380,-81.1,0.181,3.054
3397400,A2,4.160,-85.4,1.728,3.054
3397520,A3,3.160,-80.2,1.728,3.033
3397540,A1,4.410,-81.3,1.775,3.077
3397550,A2,4.730,-85.3,0.864,3.077
3397670,A3,3.170,-80.3,0.864,3.067
3397690,A1,4.370,-81.0,0.801,3.008
3397700,A2,3.140,-85.3,3.051,3.008
3397820,A3,3.140,-80.4,3.051,3.040
3397840,A1,4.360,-81.0,3.036,3.025
3397850,A2,3.140,-85.4,3.036,3.025
3397970,A3,3.150,-80.5,3.036,3.015
3397990,A1,4.390,-81.0,3.083,3.058
3398000,A2,3.110,-85.2,3.117,3.058
3398270,A3,3.110,-80.3,3.117,3.100
3398290,A1,4.410,-80.8,3.148,3.129
3398300,A2,3.140,-85.3,3.115,3.129
3398420,A3,3.150,-80.6,3.115,3.088
3398440,A1,4.380,-81.1,3.067,3.044
3398450,A2,3.280,-85.2,2.905,3.044
3398570,A3,3.150,-80.3,2.905,3.044
3398590,A1,4.360,-81.2,2.874,3.015
3398600,A2,4.090,-85.3,1.800,3.015
3398720,A3,3.150,-80.3,1.800,3.015
3398740,A1,4.380,-81.4,1.832,3.044
3398750,A2,3.440,-85.5,2.712,3.044
3398870,A3,3.150,-80.3,2.712,3.044
3398890,A1,4.370,-81.6,2.696,3.029
3398900,A2,4.080,-85.4,1.831,3.029
3399020,A3,3.180,-80.5,1.831,2.997
3399040,A1,4.350,-81.2,1.799,2.968
3399050,A2,3.480,-85.7,2.615,2.968
3399170,A3,3.120,-80.1,2.615,3.031
3399190,A1,4.390,-81.2,2.678,3.090
3399200,A2,3.960,-85.3,2.036,3.090
3399320,A3,3.180,-80.3,2.036,3.027
3399340,A1,4.400,-81.5,2.052,3.041
3399350,A2,3.470,-85.2,2.706,3.041
3399470,A3,3.160,-80.2,2.706,3.062
3399490,A1,4.400,-81.1,2.706,3.062
3399500,A2,4.110,-85.4,1.834,3.062
3399620,A3,3.150,-80.0,1.834,3.073
3399640,A1,4.390,-81.4,1.818,3.058
3399650,A2,4.440,-85.3,1.311,3.058
3399770,A3,3.160,-80.2,1.311,3.048
3399790,A1,4.360,-81.5,1.263,3.004
3399800,A2,4.430,-85.4,1.279,3.004
3399920,A3,3.270,-80.2,1.279,2.886
3399940,A1,4.430,-81.2,1.390,2.989
3399950,A2,5.100,-85.4,0.242,2.989
3400070,A3,3.270,-80.2,0.242,2.989
3400090,A1,4.390,-81.1,0.178,2.930
3400100,A2,4.470,-85.4,1.263,2.930
3400220,A3,3.170,-80.3,1.263,3.037
3400240,A1,4.370,-81.1,1.231,3.008
3400250,A2,4.120,-85.5,1.772,3.008
3400370,A3,3.160,-80.7,1.772,3.019
3400390,A1,4.370,-81.4,1.772,3.019
3400400,A2,3.490,-85.6,2.634,3.019
3400520,A3,3.160,-80.2,2.634,3.019
3400540,A1,5.180,-81.3,4.025,4.308
3400550,A2,4.120,-85.3,3.163,4.308
3400670,A3,3.150,-80.6,3.163,4.318
3400690,A1,4.400,-81.3,1.819,3.073
3400700,A2,3.480,-85.2,2.694,3.073
3400820,A3,3.130,-80.2,2.694,3.094
3400840,A1,4.420,-81.4,2.726,3.123
3400850,A2,4.090,-85.4,1.895,3.123
3400970,A3,3.180,-80.3,1.895,3.071
3400990,A1,4.410,-81.1,1.879,3.056
3401000,A2,4.440,-85.6,1.342,3.056
3401120,A3,3.140,-80.3,1.342,3.098
3401140,A1,4.410,-81.2,1.342,3.098
3401150,A2,4.410,-85.1,1.390,3.098
3401420,A3,3.110,-80.4,1.390,3.129
3401440,A1,4.410,-81.3,1.390,3.129
3401450,A2,4.110,-85.4,1.850,3.129
3401570,A3,3.160,-80.3,1.850,3.077
3401590,A1,4.390,-81.3,1.818,3.048
3401600,A2,3.790,-85.2,2.273,3.048
3401720,A3,3.140,-80.2,2.273,3.069
3401740,A1,4.410,-81.1,2.304,3.098
3401750,A2,3.450,-85.4,2.747,3.098
3401870,A3,3.150,-80.1,2.747,3.088
3401890,A1,4.380,-81.5,2.700,3.044
3401900,A2,3.160,-85.1,3.044,3.044
3402020,A3,3.140,-80.8,3.044,3.054
3402040,A1,4.400,-81.1,3.076,3.083
3402050,A2,4.100,-85.6,1.849,3.083
3402170,A3,3.170,-80.1,1.849,3.052
3402190,A1,4.400,-81.1,1.849,3.052
3402200,A2,4.090,-85.4,1.863,3.052
3402320,A3,3.190,-80.4,1.863,3.031
3402340,A1,4.370,-81.4,1.816,2.987
3402350,A2,4.470,-85.5,1.231,2.987
3402470,A3,3.150,-80.4,1.231,3.029
3402490,A1,4.400,-81.0,1.278,3.073
3402500,A2,5.110,-85.5,0.176,3.073
3402620,A3,3.160,-80.0,0.176,3.062
3402640,A1,4.430,-81.0,0.223,3.107
3402650,A2,5.110,-85.4,0.223,3.107
3402770,A3,3.170,-80.3,0.223,3.096
3402790,A1,4.360,-81.2,0.113,2.993
3402800,A2,4.410,-85.4,1.311,2.993
3402920,A3,3.130,-80.4,1.311,3.035
3402940,A1,4.380,-81.0,1.343,3.065
3402950,A2,3.130,-85.6,3.078,3.065
3403090,A1,4.410,-81.2,3.126,3.109
3403100,A2,4.110,-85.8,1.850,3.109
3403240,A1,4.390,-81.5,1.818,3.079
3403250,A2,3.290,-85.9,2.909,3.079
3403370,A3,3.150,-80.5,2.909,3.058
3403390,A1,4.380,-81.2,2.894,3.044
3403400,A2,4.110,-85.2,1.802,3.044
3403520,A3,3.190,-80.4,1.802,3.001
3403540,A1,4.370,-81.3,1.787,2.987
3403550,A2,4.440,-85.5,1.279,2.987
3403670,A3,3.160,-80.2,1.279,3.019
3403690,A1,4.380,-81.0,1.295,3.033
3403700,A2,4.420,-85.4,1.327,3.033
3403820,A3,3.100,-80.5,1.327,3.096
3403840,A1,4.370,-81.2,1.311,3.081
3403850,A2,3.150,-85.9,3.040,3.081
3403990,A1,4.370,-81.3,3.040,3.081
3404000,A2,3.470,-85.5,2.659,3.081
3404140,A1,4.400,-81.1,2.706,3.125
3404150,A2,4.460,-85.3,1.294,3.125
3404270,A3,3.150,-80.4,1.294,3.073
3404290,A1,4.410,-81.1,1.310,3.088
3404300,A2,4.480,-85.4,1.278,3.088
3404570,A3,3.150,-80.4,1.278,3.088
3404590,A1,4.360,-81.1,1.199,3.015
3404600,A2,4.480,-85.6,1.199,3.015
3404720,A3,3.140,-80.6,1.199,3.025
3404740,A1,5.180,-81.1,2.606,4.329
3404750,A2,3.480,-85.5,4.038,4.329
3404870,A3,3.140,-80.5,4.038,4.329
3404890,A1,4.420,-81.1,2.726,3.113
3404900,A2,4.740,-85.3,0.863,3.113
3405020,A3,3.140,-80.0,0.863,3.113
3405040,A1,4.430,-81.3,0.879,3.128
3405050,A2,3.480,-85.5,2.742,3.128
3405170,A3,3.170,-80.1,2.742,3.096
3405190,A1,4.400,-81.0,2.694,3.052
3405200,A2,4.110,-85.1,1.834,3.052
3405320,A3,3.130,-80.4,1.834,3.094
3405340,A1,4.370,-81.3,1.787,3.050
3405350,A2,3.420,-85.2,2.721,3.050
3405470,A3,3.130,-80.3,2.721,3.050
3405490,A1,4.410,-81.0,2.784,3.109
3405500,A2,4.460,-85.8,1.310,3.109
3405620,A3,3.140,-80.5,1.310,3.098
3405640,A1,4.400,-81.4,1.294,3.083
3405650,A2,4.130,-85.5,1.804,3.083
3405770,A3,3.170,-79.8,1.804,3.052
3405800,A2,3.150,-85.4,3.087,3.052
3405950,A2,4.120,-85.6,1.819,3.052
3406070,A3,3.140,-80.2,1.819,3.083
3406090,A1,4.370,-81.6,1.772,3.040
3406100,A2,4.430,-85.3,1.295,3.040
3406240,A1,4.400,-81.1,1.342,3.083
3406250,A2,4.440,-85.4,1.326,3.083
3406390,A1,4.360,-81.0,1.263,3.025
3406400,A2,5.070,-85.3,0.186,3.025
3406520,A3,3.120,-80.6,0.186,3.046
3406540,A1,4.420,-81.3,0.281,3.134
3406550,A2,3.770,-85.3,2.347,3.134
3406670,A3,3.120,-80.2,2.347,3.134
3406690,A1,4.410,-81.2,2.332,3.119
3406700,A2,4.120,-85.3,1.835,3.119
3406820,A3,3.140,-80.3,1.835,3.098
3406840,A1,4.400,-81.4,1.819,3.083
3406850,A2,4.440,-85.2,1.326,3.083
3406970,A3,3.180,-80.3,1.326,3.041
3406990,A1,4.410,-81.2,1.342,3.056
3407000,A2,4.430,-85.5,1.358,3.056
3407120,A3,3.130,-80.5,1.358,3.109
3407140,A1,4.400,-81.1,1.342,3.094
3407150,A2,3.750,-85.7,2.343,3.094
3407270,A3,3.140,-80.4,2.343,3.083
3407290,A1,4.380,-81.3,2.311,3.054
3407300,A2,5.080,-85.4,0.199,3.054
3407420,A3,3.150,-80.1,0.199,3.044
3407440,A1,4.380,-81.1,0.199,3.044
3407450,A2,4.430,-85.3,1.311,3.044
3407720,A3,3.170,-80.3,1.311,3.023
3407740,A1,4.390,-81.2,1.327,3.037
3407750,A2,3.110,-85.2,3.117,3.037
3407870,A3,3.110,-80.3,3.117,3.100
3407890,A1,4.410,-81.4,3.148,3.129
3407900,A2,3.810,-85.4,2.277,3.129
3408020,A3,3.130,-80.0,2.277,3.109
3408040,A1,4.390,-81.4,2.245,3.079
3408050,A2,4.470,-85.2,1.263,3.079
3408170,A3,3.160,-80.3,1.263,3.048
3408190,A1,4.380,-81.2,1.247,3.033
3408200,A2,4.430,-85.4,1.311,3.033
3408320,A3,3.130,-80.5,1.311,3.065
3408340,A1,4.390,-81.3,1.327,3.079
3408350,A2,4.440,-85.5,1.311,3.079
3408470,A3,3.130,-80.6,1.311,3.079
3408490,A1,4.390,-81.0,1.311,3.079
3408500,A2,4.110,-85.8,1.818,3.079
3408620,A3,3.140,-80.2,1.818,3.069
3408640,A1,4.410,-81.2,1.850,3.098
3408650,A2,3.780,-85.4,2.318,3.098
3408920,A3,3.110,-80.5,2.318,3.129
3408940,A1,4.380,-81.3,2.271,3.085
3408950,A2,4.110,-85.3,1.802,3.085
3409070,A3,3.150,-80.2,1.802,3.044
3409090,A1,4.400,-81.1,1.834,3.073
3409100,A2,5.100,-85.3,0.194,3.073
3409240,A1,4.420,-81.2,0.226,3.102
3409250,A2,3.130,-85.4,3.142,3.102
3409390,A1,4.410,-81.1,3.126,3.088
3409400,A2,3.740,-85.4,2.372,3.088
3409520,A3,3.150,-79.8,2.372,3.088
3409550,A2,3.120,-85.5,3.137,3.088
3409700,A2,5.100,-85.4,0.210,3.088
3409820,A3,3.170,-80.3,0.210,3.067
3409840,A1,4.390,-81.2,0.178,3.037
3409850,A2,3.780,-85.4,2.286,3.037
3409970,A3,3.130,-80.5,2.286,3.079
3409990,A1,4.380,-81.3,2.271,3.065
3410000,A2,3.320,-85.2,2.858,3.065
3410120,A3,3.130,-80.0,2.858,3.065
3410140,A1,4.400,-81.4,2.890,3.094
3410150,A2,4.440,-85.4,1.326,3.094
3410270,A3,3.160,-80.2,1.326,3.062
3410290,A1,4.390,-81.5,1.311,3.048
3410300,A2,4.480,-85.5,1.246,3.048
3410420,A3,3.200,-80.5,1.246,3.005
3410440,A1,4.400,-81.3,1.262,3.020
3410450,A2,3.140,-85.2,3.099,3.020
3410570,A3,3.210,-80.3,3.099,3.009
3410590,A1,4.360,-81.1,3.036,2.951
3410600,A2,4.440,-85.4,1.263,2.951
3410870,A3,3.170,-80.3,1.263,2.993
3410890,A1,4.390,-81.1,1.311,3.037
3410900,A2,3.790,-85.2,2.273,3.037
3411020,A3,3.160,-80.4,2.273,3.048
3411040,A1,4.400,-81.4,2.289,3.062
3411050,A2,3.650,-85.3,2.476,3.062
3411170,A3,3.130,-80.2,2.476,3.094
3411190,A1,5.180,-81.1,3.820,4.339
3411200,A2,5.070,-85.7,1.593,4.339
3411320,A3,3.130,-80.4,1.593,4.339
3411340,A1,4.400,-81.2,0.249,3.094
3411350,A2,4.450,-85.3,1.310,3.094
3411470,A3,3.130,-80.3,1.310,3.094
3411490,A1,4.380,-81.3,1.279,3.065
3411500,A2,4.430,-85.2,1.311,3.065
3411620,A3,3.120,-80.5,1.311,3.075
3411640,A1,4.390,-81.4,1.327,3.090
3411650,A2,4.140,-84.9,1.774,3.090
3411790,A1,4.410,-81.3,1.805,3.119
3411800,A2,3.080,-84.8,3.182,3.119
3411940,A1,4.410,-81.0,3.182,3.119
3411950,A2,4.450,-84.8,1.326,3.119
3412070,A3,3.150,-80.2,1.326,3.088
3412090,A1,4.400,-81.2,1.310,3.073
3412100,A2,4.450,-85.0,1.310,3.073
3412220,A3,3.170,-80.2,1.310,3.052
3412240,A1,4.390,-81.3,1.295,3.037
3412250,A2,4.120,-85.3,1.803,3.037
3412370,A3,3.170,-80.0,1.803,3.037
3412390,A1,4.370,-80.9,1.772,3.008
3412400,A2,3.770,-85.1,2.268,3.008
3412520,A3,3.150,-80.1,2.268,3.029
3412540,A1,4.400,-81.2,2.316,3.073
3412550,A2,4.310,-84.8,1.531,3.073
3412670,A3,3.180,-80.1,1.531,3.041
3412690,A1,4.390,-81.0,1.515,3.027
3412700,A2,5.120,-84.9,0.141,3.027
3412820,A3,3.120,-80.4,0.141,3.090
3412840,A1,4.380,-81.2,0.126,3.075
3412850,A2,3.750,-85.1,2.311,3.075
3412970,A3,3.180,-80.3,2.311,3.012
3412990,A1,4.390,-81.0,2.327,3.027
3413000,A2,4.310,-85.3,1.515,3.027
3413120,A3,3.130,-80.4,1.515,3.079
3413140,A1,4.400,-81.1,1.531,3.094
3413150,A2,4.780,-85.1,0.763,3.094
3413270,A3,3.110,-80.3,0.763,3.115
3413290,A1,4.410,-81.1,0.778,3.129
3413300,A2,3.810,-85.4,2.277,3.129
3413420,A3,3.150,-80.4,2.277,3.088
3413440,A1,4.400,-80.9,2.261,3.073
3413450,A2,4.470,-85.0,1.278,3.073
3413570,A3,3.180,-80.2,1.278,3.041
3413590,A1,4.390,-81.2,1.263,3.027
3413600,A2,5.080,-85.3,0.215,3.027
3413720,A3,3.150,-80.0,0.215,3.058
3413740,A1,4.400,-81.1,0.231,3.073
3413750,A2,4.100,-85.4,1.849,3.073
3414020,A3,3.170,-80.2,1.849,3.052
3414040,A1,4.430,-81.3,1.896,3.096
3414050,A2,4.450,-85.1,1.358,3.096
3414170,A3,3.170,-80.5,1.358,3.096
3414190,A1,4.400,-81.1,1.310,3.052
3414200,A2,5.110,-85.2,0.176,3.052
3414320,A3,3.160,-80.0,0.176,3.062
3414340,A1,4.400,-81.3,0.176,3.062
3414350,A2,3.780,-85.0,2.302,3.062
3414470,A3,3.140,-80.2,2.302,3.083
3414490,A1,4.400,-81.2,2.302,3.083
3414500,A2,4.300,-84.9,1.546,3.083
3414620,A3,3.180,-80.6,1.546,3.041
3414640,A1,4.400,-81.5,1.546,3.041
3414650,A2,4.460,-85.0,1.294,3.041
3414770,A3,3.220,-80.4,1.294,2.999
3414790,A1,4.390,-80.9,1.279,2.984
3414800,A2,4.110,-85.0,1.818,2.984
3414920,A3,3.170,-80.2,1.818,3.037
3414940,A1,4.390,-81.5,1.818,3.037
3414950,A2,3.330,-84.8,2.862,3.037
3415070,A3,3.170,-80.4,2.862,3.037
3415090,A1,4.410,-81.2,2.893,3.067
3415100,A2,4.420,-85.2,1.374,3.067
3415220,A3,3.160,-80.5,1.374,3.077
3415240,A1,4.400,-81.3,1.358,3.062
3415250,A2,4.790,-85.2,0.745,3.062
3415370,A3,3.140,-80.2,0.745,3.083
3415390,A1,5.160,-81.5,2.052,4.294
3415400,A2,4.780,-85.2,2.069,4.294
3415520,A3,3.170,-80.5,2.069,4.263
3415540,A1,4.400,-81.2,0.763,3.052
3415550,A2,4.440,-85.2,1.326,3.052
3415670,A3,3.170,-80.2,1.326,3.052
3415690,A1,4.380,-81.3,1.295,3.023
3415700,A2,4.460,-85.0,1.263,3.023
3415820,A3,3.160,-80.3,1.263,3.033
3415840,A1,4.390,-81.3,1.279,3.048
3415850,A2,4.790,-85.3,0.730,3.048
3415970,A3,3.190,-80.4,0.730,3.016
3415990,A1,4.380,-81.5,0.714,3.001
3416000,A2,3.430,-85.3,2.724,3.001
3416120,A3,3.170,-80.2,2.724,3.023
3416140,A1,4.400,-81.2,2.756,3.052
3416150,A2,4.770,-85.4,0.780,3.052
3416270,A3,3.150,-80.4,0.780,3.073
3416290,A1,4.390,-81.3,0.764,3.058
3416300,A2,3.770,-85.3,2.300,3.058
3416570,A3,3.160,-80.5,2.300,3.048
3416590,A1,4.390,-81.0,2.300,3.048
3416600,A2,4.790,-85.4,0.730,3.048
3416720,A3,3.170,-80.5,0.730,3.037
3416740,A1,4.400,-81.5,0.745,3.052
3416750,A2,4.100,-85.1,1.849,3.052
3416870,A3,3.150,-80.1,1.849,3.073
3416890,A1,4.390,-81.2,1.833,3.058
3417170,A3,3.140,-80.4,1.833,3.069
3417190,A1,4.400,-81.2,1.849,3.083
3417200,A2,3.800,-85.2,2.275,3.083
3417320,A3,3.130,-79.7,2.275,3.094
3417340,A1,4.380,-81.3,2.243,3.065
3417350,A2,4.430,-85.2,1.311,3.065
3417470,A3,3.180,-80.3,1.311,3.012
3417490,A1,4.400,-81.2,1.342,3.041
3417500,A2,5.110,-85.2,0.176,3.041
3417620,A3,3.160,-80.2,0.176,3.062
3417640,A1,4.400,-80.9,0.176,3.062
3417650,A2,4.450,-85.0,1.310,3.062
3417770,A3,3.160,-80.1,1.310,3.062
3417790,A1,4.410,-81.1,1.326,3.077
3417800,A2,4.430,-85.1,1.358,3.077
3417920,A3,3.140,-80.1,1.358,3.098
3417950,A2,3.120,-85.4,3.137,3.098
3418100,A2,5.060,-85.5,0.283,3.098
3418220,A3,3.130,-80.5,0.283,3.109
3418240,A1,4.370,-81.4,0.220,3.050
3418250,A2,4.480,-85.3,1.215,3.050
3418370,A3,3.170,-80.3,1.215,3.008
3418390,A1,4.390,-81.3,1.246,3.037
3418400,A2,4.790,-85.3,0.730,3.037
3418520,A3,3.170,-80.4,0.730,3.037
3418540,A1,4.400,-81.2,0.745,3.052
3418550,A2,4.460,-85.3,1.294,3.052
3418670,A3,3.150,-80.2,1.294,3.073
3418690,A1,4.410,-81.2,1.310,3.088
3418700,A2,5.090,-85.1,0.228,3.088
3418820,A3,3.170,-80.5,0.228,3.067
3418840,A1,4.430,-81.1,0.260,3.096
3418850,A2,3.150,-85.5,3.135,3.096
3418970,A3,3.150,-80.4,3.135,3.117
3418990,A1,4.380,-81.2,3.056,3.044
3419000,A2,4.450,-85.1,1.279,3.044
3419120,A3,3.160,-81.5,1.279,3.033
3419140,A1,4.370,-82.1,1.263,3.019
3419150,A2,5.110,-85.9,0.128,3.019
3419270,A3,3.150,-80.3,0.128,3.029
3419290,A1,4.380,-81.0,0.144,3.044
3419300,A2,3.780,-85.2,2.271,3.044
3419420,A3,3.150,-80.1,2.271,3.044
3419440,A1,4.390,-81.3,2.286,3.058
3419450,A2,4.450,-85.3,1.295,3.058
3419570,A3,3.170,-80.2,1.295,3.037
3419590,A1,4.400,-81.2,1.310,3.052
3419600,A2,4.440,-85.5,1.326,3.052
3419720,A3,3.150,-79.9,1.326,3.073
3419740,A1,4.400,-81.4,1.326,3.073
3419750,A2,3.130,-85.2,3.110,3.073
3419870,A3,3.180,-80.2,3.110,3.041
3419890,A1,4.410,-81.0,3.126,3.056
3419900,A2,4.430,-85.1,1.358,3.056
3420020,A3,3.180,-80.4,1.358,3.056
3420040,A1,4.390,-81.5,1.327,3.027
3420050,A2,4.770,-85.1,0.764,3.027
3420320,A3,3.140,-80.4,0.764,3.069
3420340,A1,4.390,-81.2,0.764,3.069
3420350,A2,4.420,-85.3,1.342,3.069
3420470,A3,3.160,-80.2,1.342,3.048
3420490,A1,4.410,-81.3,1.374,3.077
3420500,A2,3.120,-85.3,3.137,3.077
3420620,A3,3.140,-80.6,3.137,3.098
3420640,A1,4.400,-81.5,3.121,3.083
3420650,A2,3.470,-85.1,2.706,3.083
3420770,A3,3.140,-80.1,2.706,3.083
3420790,A1,4.390,-81.2,2.691,3.069
3420800,A2,4.460,-85.3,1.279,3.069
3420920,A3,3.180,-80.6,1.279,3.027
3420940,A1,4.390,-81.5,1.279,3.027
3420950,A2,4.110,-85.2,1.818,3.027
3421070,A3,3.140,-80.2,1.818,3.069
3421090,A1,4.390,-81.1,1.818,3.069
3421100,A2,4.100,-85.2,1.833,3.069
3421220,A3,3.250,-80.2,1.833,2.952
3421240,A1,4.400,-81.2,1.849,2.966
3421250,A2,4.290,-85.3,1.562,2.966
3421370,A3,3.170,-80.4,1.562,3.052
3421390,A1,4.400,-81.3,1.562,3.052
3421400,A2,5.120,-85.4,0.157,3.052
3421520,A3,3.130,-80.3,0.157,3.094
3421540,A1,4.390,-81.2,0.141,3.079
3421550,A2,3.790,-85.3,2.273,3.079
3421670,A3,3.130,-80.3,2.273,3.079
3421690,A1,4.410,-81.3,2.304,3.109
3421700,A2,4.450,-85.4,1.326,3.109
3421820,A3,3.160,-80.1,1.326,3.077
3421840,A1,5.190,-80.9,2.673,4.325
3421850,A2,4.450,-85.3,2.673,4.325
3422120,A3,3.150,-80.4,2.673,4.336
3422140,A1,4.420,-81.5,1.342,3.102
3422150,A2,5.090,-85.4,0.244,3.102
3422270,A3,3.120,-80.4,0.244,3.134
3422290,A1,4.400,-81.5,0.212,3.104
3422300,A2,4.110,-85.0,1.834,3.104
3422420,A3,3.150,-79.9,1.834,3.073
3422440,A1,4.410,-81.2,1.850,3.088
3422450,A2,3.320,-85.2,2.905,3.088
3422570,A3,3.150,-80.3,2.905,3.088
3422590,A1,4.410,-80.9,2.905,3.088
3422600,A2,4.100,-85.4,1.864,3.088
3422720,A3,3.150,-80.3,1.864,3.088
3422740,A1,4.400,-81.2,1.849,3.073
3422750,A2,4.110,-85.1,1.834,3.073
3422870,A3,3.150,-80.3,1.834,3.073
3422890,A1,4.400,-81.3,1.834,3.073
3422900,A2,4.430,-85.3,1.342,3.073
3423020,A3,3.150,-80.3,1.342,3.073
3423040,A1,4.380,-81.2,1.311,3.044
3423050,A2,3.770,-85.3,2.284,3.044
3423170,A3,3.160,-80.0,2.284,3.033
3423190,A1,4.400,-81.1,2.316,3.062
3423200,A2,4.440,-85.4,1.326,3.062
3423470,A3,3.160,-80.3,1.326,3.062
3423490,A1,4.400,-81.4,1.326,3.062
3423500,A2,4.300,-85.1,1.546,3.062
3423770,A3,3.170,-80.3,1.546,3.052
3423790,A1,4.380,-81.2,1.515,3.023
3423800,A2,3.810,-85.2,2.230,3.023
3423920,A3,3.150,-80.0,2.230,3.044
3423940,A1,4.390,-81.0,2.245,3.058
3423950,A2,4.120,-85.0,1.803,3.058
3424070,A3,3.160,-80.2,1.803,3.048
3424090,A1,4.410,-81.1,1.835,3.077
3424100,A2,4.660,-85.1,0.982,3.077
3424220,A3,3.160,-80.2,0.982,3.077
3424240,A1,4.380,-81.2,0.935,3.033
3424250,A2,3.760,-85.4,2.298,3.033
3424370,A3,3.170,-80.2,2.298,3.023
3424390,A1,4.420,-81.4,2.361,3.081
3424400,A2,5.080,-85.0,0.262,3.081
3424520,A3,3.140,-80.4,0.262,3.113
3424540,A1,4.420,-81.3,0.262,3.113
3424550,A2,4.760,-84.9,0.829,3.113
3424670,A3,3.170,-80.1,0.829,3.081
3424690,A1,4.410,-81.3,0.813,3.067
3424700,A2,4.440,-85.2,1.342,3.067
3424820,A3,3.120,-80.2,1.342,3.119
3424840,A1,4.400,-81.0,1.326,3.104
3424850,A2,4.780,-85.4,0.763,3.104
3424970,A3,3.160,-80.1,0.763,3.062
3424990,A1,4.390,-81.3,0.747,3.048
3425000,A2,3.790,-85.3,2.273,3.048
3425120,A3,3.170,-80.1,2.273,3.037
3425140,A1,4.380,-81.5,2.257,3.023
3425150,A2,4.430,-85.3,1.311,3.023
3425270,A3,3.140,-80.0,1.311,3.054
3425290,A1,4.390,-80.9,1.327,3.069
3425300,A2,3.110,-85.1,3.117,3.069
3425420,A3,3.200,-80.4,3.117,3.005
3425440,A1,4.410,-81.5,3.148,3.035
3425450,A2,4.090,-85.6,1.879,3.035
3425570,A3,3.140,-80.2,1.879,3.098
3425590,A1,4.410,-81.5,1.879,3.098
3425600,A2,3.830,-85.4,2.250,3.098
3425720,A3,3.190,-80.4,2.250,3.045
3425740,A1,4.360,-81.1,2.171,2.972
3425750,A2,4.110,-85.2,1.771,2.972
3425870,A3,3.150,-80.1,1.771,3.015
3425890,A1,4.400,-80.9,1.834,3.073
3425900,A2,3.970,-85.2,2.037,3.073
3426020,A3,3.200,-80.2,2.037,3.020
3426040,A1,4.380,-81.3,2.006,2.991
3426050,A2,4.460,-85.4,1.263,2.991
3426170,A3,3.180,-80.4,1.263,3.012
3426190,A1,4.400,-81.5,1.294,3.041
3426200,A2,3.490,-85.1,2.681,3.041
3426320,A3,3.140,-80.1,2.681,3.083
3426340,A1,4.420,-80.9,2.713,3.113
3426350,A2,4.440,-85.3,1.358,3.113
3426640,A1,4.400,-81.0,1.326,3.083
3426650,A2,4.070,-85.4,1.893,3.083
3426790,A1,4.390,-81.4,1.877,3.069
3426800,A2,4.460,-85.2,1.279,3.069
3426920,A3,3.130,-80.1,1.279,3.079
3426940,A1,4.410,-81.4,1.310,3.109
3426950,A2,4.740,-85.2,0.847,3.109
3427220,A3,3.150,-80.0,0.847,3.088
3427240,A1,4.400,-81.1,0.831,3.073
3427250,A2,4.790,-85.4,0.745,3.073
3427370,A3,3.140,-80.3,0.745,3.083
3427390,A1,4.370,-81.1,0.698,3.040
3427520,A3,3.160,-80.3,0.698,3.019
3427540,A1,4.390,-81.1,0.730,3.048
3427550,A2,4.450,-85.1,1.295,3.048
3427670,A3,3.300,-80.2,1.295,2.897
3427690,A1,4.380,-81.3,1.279,2.882
3427700,A2,4.290,-85.1,1.530,2.882
3427820,A3,3.180,-80.2,1.530,3.012
3427840,A1,4.410,-81.3,1.578,3.056
3427850,A2,4.440,-85.2,1.342,3.056
3427970,A3,3.140,-80.3,1.342,3.098
3427990,A1,4.410,-81.1,1.342,3.098
3428000,A2,3.840,-85.4,2.236,3.098
3428120,A3,3.130,-80.2,2.236,3.109
3428140,A1,4.380,-81.0,2.188,3.065
3428150,A2,4.150,-85.1,1.743,3.065
3428270,A3,3.150,-80.4,1.743,3.044
3428290,A1,4.360,-81.3,1.711,3.015
3428300,A2,5.100,-85.3,0.131,3.015
3428420,A3,3.150,-80.3,0.131,3.015
3428440,A1,4.400,-81.0,0.194,3.073
3428450,A2,4.460,-85.1,1.294,3.073
3428570,A3,3.180,-80.6,1.294,3.041
3428590,A1,4.380,-81.4,1.263,3.012
3428600,A2,3.820,-85.5,2.216,3.012
3428720,A3,3.150,-80.1,2.216,3.044
3428740,A1,4.370,-81.2,2.200,3.029
3428750,A2,3.800,-85.3,2.228,3.029
3428870,A3,3.150,-80.5,2.228,3.029
3428890,A1,4.390,-81.2,2.259,3.058
3428900,A2,4.460,-85.4,1.279,3.058
3429020,A3,3.160,-80.3,1.279,3.048
3429040,A1,4.400,-81.0,1.294,3.062
3429050,A2,3.760,-85.3,2.329,3.062
3429190,A1,4.410,-81.1,2.345,3.077
3429200,A2,3.480,-85.1,2.710,3.077
3429340,A1,4.410,-81.2,2.710,3.077
3429350,A2,3.460,-85.2,2.735,3.077
3429470,A3,3.140,-80.1,2.735,3.098
3429490,A1,4.400,-81.0,2.719,3.083
3429500,A2,4.110,-85.1,1.834,3.083
3429770,A3,3.160,-81.8,1.834,3.062
3429790,A1,4.380,-82.0,1.802,3.033
3429800,A2,5.080,-85.7,0.199,3.033
3429920,A3,3.140,-80.3,0.199,3.054
3429940,A1,4.430,-81.4,0.278,3.128
3429950,A2,4.300,-85.1,1.594,3.128
3430070,A3,3.120,-79.8,1.594,3.148
3430090,A1,4.400,-81.1,1.546,3.104
3430100,A2,4.460,-85.2,1.294,3.104
3430220,A3,3.150,-80.5,1.294,3.073
3430240,A1,4.400,-81.1,1.294,3.073
3430250,A2,3.780,-84.8,2.302,3.073
3430370,A3,3.140,-80.5,2.302,3.083
3430390,A1,4.400,-81.1,2.302,3.083
3430400,A2,4.140,-84.9,1.789,3.083
3430520,A3,3.170,-80.1,1.789,3.052
3430540,A1,4.380,-81.0,1.758,3.023
3430550,A2,5.090,-85.2,0.181,3.023
3430670,A3,3.130,-80.2,0.181,3.065
3430690,A1,4.400,-81.1,0.212,3.094
3430700,A2,3.810,-85.3,2.261,3.094
3430820,A3,3.170,-80.4,2.261,3.052
3430840,A1,4.410,-81.2,2.277,3.067
3430850,A2,4.440,-85.3,1.342,3.067
3430970,A3,3.140,-80.3,1.342,3.098
3430990,A1,4.410,-81.1,1.342,3.098
3431000,A2,3.770,-85.1,2.332,3.098
3431120,A3,3.150,-80.2,2.332,3.088
3431140,A1,4.430,-81.2,2.363,3.117
3431150,A2,4.140,-85.4,1.837,3.117
3431270,A3,3.140,-80.2,1.837,3.128
3431290,A1,4.390,-80.9,1.774,3.069
3431300,A2,3.780,-85.3,2.286,3.069
3431420,A3,3.140,-80.2,2.286,3.069
3431440,A1,4.390,-81.3,2.286,3.069
3431450,A2,4.460,-85.1,1.279,3.069
3431570,A3,3.140,-80.4,1.279,3.069
3431590,A1,4.360,-81.3,1.231,3.025
3431600,A2,3.790,-85.4,2.226,3.025
3431720,A3,3.150,-80.3,2.226,3.015
3431740,A1,4.410,-80.8,2.304,3.088
3431750,A2,4.470,-84.6,1.294,3.088
3431870,A3,3.220,-80.2,1.294,3.013
3431890,A1,4.370,-81.1,1.231,2.955
3431900,A2,3.790,-85.1,2.241,2.955
3432020,A3,3.140,-80.4,2.241,3.040
3432040,A1,4.370,-81.5,2.241,3.040
3432050,A2,4.460,-84.8,1.247,3.040
3432170,A3,3.140,-80.4,1.247,3.040
3432190,A1,4.390,-81.1,1.279,3.069
3432200,A2,3.780,-85.4,2.286,3.069
3432320,A3,3.170,-80.3,2.286,3.037
3432340,A1,4.390,-81.3,2.286,3.037
3432350,A2,5.100,-85.3,0.178,3.037
3432470,A3,3.190,-80.1,0.178,3.016
3432490,A1,5.160,-81.2,1.501,4.242
3432500,A2,3.740,-85.3,3.663,4.242
3432620,A3,3.200,-79.9,3.663,4.231
3432640,A1,4.410,-81.4,2.372,3.035
3432650,A2,5.080,-85.3,0.246,3.035
3432920,A3,3.150,-80.4,0.246,3.088
3432940,A1,4.410,-81.4,0.246,3.088
3432950,A2,3.460,-85.5,2.735,3.088
3433070,A3,3.190,-80.5,2.735,3.045
3433090,A1,4.390,-81.1,2.703,3.016
3433100,A2,3.740,-85.8,2.340,3.016
3433220,A3,3.130,-80.4,2.340,3.079
3433240,A1,4.410,-80.9,2.372,3.109
3433250,A2,5.080,-85.6,0.246,3.109
3433370,A3,3.180,-80.5,0.246,3.056
3433390,A1,4.410,-80.9,0.246,3.056
3433400,A2,3.780,-85.4,2.318,3.056
3433520,A3,3.150,-80.3,2.318,3.088
3433540,A1,4.410,-81.5,2.318,3.088
3433550,A2,4.130,-85.5,1.820,3.088
3433670,A3,3.150,-79.8,1.820,3.088
3433690,A1,4.400,-81.2,1.804,3.073
3433700,A2,3.770,-85.3,2.316,3.073
3433820,A3,3.210,-80.2,2.316,3.009
3433840,A1,4.380,-81.4,2.284,2.980
3433850,A2,4.100,-85.3,1.817,2.980
3433970,A3,3.190,-80.2,1.817,3.001
3433990,A1,4.370,-81.1,1.801,2.987
3434000,A2,4.750,-85.4,0.767,2.987
3434120,A3,3.190,-80.4,0.767,2.987
3434140,A1,4.430,-81.2,0.862,3.075
3434150,A2,4.470,-85.1,1.326,3.075
3434270,A3,3.160,-80.3,1.326,3.107
3434290,A1,4.370,-81.1,1.231,3.019
3434300,A2,3.780,-85.5,2.255,3.019
3434420,A3,3.130,-80.5,2.255,3.050
3434440,A1,4.410,-81.3,2.318,3.109
3434450,A2,4.440,-85.3,1.342,3.109
3434570,A3,3.160,-80.4,1.342,3.077
3434590,A1,4.410,-81.5,1.342,3.077
3434600,A2,4.130,-85.5,1.820,3.077
3434720,A3,3.180,-80.7,1.820,3.056
3434740,A1,4.420,-81.1,1.836,3.071
3434750,A2,4.280,-85.4,1.609,3.071
3434870,A3,3.140,-80.1,1.609,3.113
3434890,A1,4.370,-81.2,1.530,3.040
3434900,A2,4.760,-85.3,0.750,3.040
3435020,A3,3.140,-80.2,0.750,3.040
3435040,A1,4.370,-81.1,0.750,3.040
3435050,A2,4.340,-85.6,1.437,3.040
3435170,A3,3.170,-80.1,1.437,3.008
3435190,A1,4.420,-81.6,1.516,3.081
3435200,A2,3.960,-85.4,2.083,3.081
3435470,A3,3.170,-80.1,2.083,3.081
3435490,A1,4.400,-81.0,2.052,3.052
3435500,A2,3.770,-85.6,2.316,3.052
3435620,A3,3.140,-80.5,2.316,3.083
3435640,A1,4.380,-81.3,2.284,3.054
3435650,A2,5.080,-85.2,0.199,3.054
3435770,A3,3.130,-80.7,0.199,3.065
3435790,A1,4.390,-81.5,0.215,3.079
3435800,A2,4.460,-85.3,1.279,3.079
3436070,A3,3.160,-80.3,1.279,3.048
3436090,A1,4.380,-80.9,1.263,3.033
3436100,A2,3.780,-85.3,2.271,3.033
3436220,A3,3.130,-80.4,2.271,3.065
3436240,A1,4.410,-81.0,2.318,3.109
3436250,A2,4.790,-85.3,0.761,3.109
3436370,A3,3.160,-80.4,0.761,3.077
3436390,A1,4.400,-81.1,0.745,3.062
3436400,A2,3.770,-85.2,2.316,3.062
3436520,A3,3.160,-80.2,2.316,3.062
3436540,A1,4.380,-80.9,2.284,3.033
3436550,A2,4.290,-85.3,1.530,3.033
3436670,A3,3.160,-80.5,1.530,3.033
3436690,A1,4.350,-81.1,1.483,2.989
3436700,A2,3.750,-85.4,2.264,2.989
3436820,A3,3.180,-80.3,2.264,2.968
3436840,A1,4.400,-81.2,2.343,3.041
3436850,A2,4.130,-85.2,1.804,3.041
3436970,A3,3.190,-80.5,1.804,3.031
3436990,A1,4.400,-81.4,1.804,3.031
3437000,A2,4.450,-85.3,1.310,3.031
3437120,A3,3.200,-80.0,1.310,3.020
3437140,A1,4.400,-81.4,1.310,3.020
3437150,A2,4.450,-85.2,1.310,3.020
3437270,A3,3.180,-80.2,1.310,3.041
3437290,A1,4.410,-81.0,1.326,3.056
3437300,A2,4.060,-85.3,1.923,3.056
3437420,A3,3.160,-80.5,1.923,3.077
3437440,A1,4.420,-81.2,1.939,3.092
3437450,A2,4.770,-85.4,0.811,3.092
3437570,A3,3.170,-80.4,0.811,3.081
3437590,A1,4.380,-81.5,0.748,3.023
3437600,A2,5.090,-85.3,0.181,3.023
3437720,A3,3.200,-80.4,0.181,2.991
3437740,A1,4.380,-81.2,0.181,2.991
3437750,A2,4.110,-85.1,1.802,2.991
3437870,A3,3.140,-80.6,1.802,3.054
3437890,A1,4.410,-81.0,1.850,3.098
3437900,A2,5.070,-85.3,0.265,3.098
3438020,A3,3.160,-80.4,0.265,3.077
3438040,A1,4.390,-80.9,0.233,3.048
3438170,A3,3.190,-80.5,0.233,3.016
3438190,A1,4.390,-81.4,0.233,3.016
3438200,A2,3.470,-85.4,2.691,3.016
3438320,A3,3.210,-80.1,2.691,2.995
3438340,A1,4.390,-81.3,2.691,2.995
3438350,A2,4.450,-85.1,1.295,2.995
3438470,A3,3.130,-80.0,1.295,3.079
3438490,A1,4.410,-81.2,1.326,3.109
3438500,A2,3.780,-85.6,2.318,3.109
3438620,A3,3.150,-80.3,2.318,3.088
3438640,A1,4.370,-81.0,2.255,3.029
3438650,A2,4.470,-85.3,1.231,3.029
3438770,A3,3.170,-80.3,1.231,3.008
3438790,A1,4.400,-80.9,1.278,3.052
3438800,A2,3.780,-85.1,2.302,3.052
3438920,A3,3.150,-80.4,2.302,3.073
3438940,A1,5.180,-81.1,3.646,4.318
3438950,A2,4.790,-85.6,2.089,4.318
3439220,A3,3.160,-80.6,2.089,4.308
3439240,A1,4.380,-81.1,0.714,3.033
3439250,A2,4.450,-85.7,1.279,3.033
3439370,A3,3.180,-80.4,1.279,3.012
3439390,A1,4.370,-81.5,1.263,2.997
3439400,A2,3.770,-85.7,2.268,2.997
3439520,A3,3.160,-80.3,2.268,3.019
3439540,A1,4.410,-81.4,2.332,3.077
3439550,A2,4.460,-85.5,1.310,3.077
3439670,A3,3.150,-80.5,1.310,3.088
3439690,A1,4.380,-81.3,1.263,3.044
3439700,A2,3.780,-85.5,2.271,3.044
3439820,A3,3.170,-80.0,2.271,3.023
3439840,A1,4.380,-81.3,2.271,3.023
3439850,A2,5.080,-85.2,0.199,3.023
3439970,A3,3.160,-80.1,0.199,3.033
3439990,A1,4.380,-81.2,0.199,3.033
3440000,A2,3.780,-85.8,2.271,3.033
3440120,A3,3.150,-80.4,2.271,3.044
3440150,A2,4.450,-85.2,1.279,3.044
3440300,A2,3.780,-85.5,2.271,3.044
3440420,A3,3.130,-81.2,2.271,3.065
3440440,A1,4.390,-81.5,2.286,3.079
3440450,A2,4.430,-85.4,1.327,3.079
3440570,A3,3.160,-80.4,1.327,3.048
3440590,A1,4.420,-81.3,1.374,3.092
3440600,A2,4.440,-85.3,1.358,3.092
3440720,A3,3.130,-80.1,1.358,3.123
3440740,A1,4.410,-81.6,1.342,3.109
3440750,A2,4.110,-85.3,1.850,3.109
3440870,A3,3.120,-80.4,1.850,3.119
3440890,A1,4.410,-81.3,1.850,3.119
3440900,A2,4.460,-85.5,1.310,3.119
3441020,A3,3.150,-80.2,1.310,3.088
3441040,A1,4.370,-81.0,1.247,3.029
3441050,A2,3.770,-85.6,2.268,3.029
3441170,A3,3.140,-79.9,2.268,3.040
3441190,A1,4.410,-81.4,2.332,3.098
3441200,A2,4.410,-85.9,1.390,3.098
3441320,A3,3.140,-80.9,1.390,3.098
3441340,A1,4.390,-81.2,1.358,3.069
3441350,A2,4.090,-87.0,1.848,3.069
3441470,A3,3.090,-82.1,1.848,3.121
3441490,A1,4.400,-81.3,1.863,3.135
3441500,A2,3.110,-87.5,3.132,3.135
3441620,A3,3.120,-81.0,3.132,3.104
3441640,A1,4.350,-81.7,3.054,3.031
3441650,A2,4.410,-87.2,1.295,3.031
3441770,A3,3.130,-80.7,1.295,3.021
3441790,A1,4.370,-81.7,1.327,3.050
3441800,A2,4.270,-86.1,1.545,3.050
3441920,A3,3.130,-80.6,1.545,3.050
3441940,A1,4.350,-81.2,1.514,3.021
3441950,A2,4.750,-86.3,0.735,3.021
3442090,A1,4.350,-81.8,0.735,3.021
3442100,A2,4.430,-86.7,1.264,3.021
3442370,A3,3.130,-81.7,1.264,3.021
3442390,A1,4.380,-81.4,1.311,3.065
3442400,A2,4.390,-86.3,1.374,3.065
3442520,A3,3.190,-82.1,1.374,3.001
3442540,A1,4.410,-81.7,1.422,3.045
3442550,A2,3.900,-86.7,2.152,3.045
3442670,A3,3.100,-81.8,2.152,3.140
3442690,A1,4.380,-81.3,2.105,3.096
3442700,A2,3.650,-88.1,2.444,3.096
3442820,A3,3.090,-82.4,2.444,3.106
3442840,A1,4.380,-81.0,2.444,3.106
3442850,A2,3.140,-87.8,3.067,3.106
3442970,A3,3.110,-81.2,3.067,3.085
3442990,A1,4.380,-81.2,3.067,3.085
3443000,A2,3.630,-87.8,2.470,3.085
3443120,A3,3.110,-81.0,2.470,3.085
3443140,A1,4.390,-81.6,2.486,3.100
3443150,A2,3.140,-87.4,3.083,3.100
3443270,A3,3.170,-79.9,3.083,3.037
3443290,A1,4.390,-82.1,3.083,3.037
3443300,A2,5.510,-84.7,-0.604,3.037
3443420,A3,3.160,-80.7,-0.604,3.048
3443440,A1,4.410,-81.4,-0.573,3.077
3443450,A2,3.480,-87.6,2.710,3.077
3443570,A3,3.110,-81.3,2.710,3.129
3443590,A1,4.400,-81.0,2.694,3.115
3443600,A2,4.160,-85.9,1.759,3.115
3443720,A3,3.170,-80.9,1.759,3.052
3443740,A1,4.410,-82.1,1.775,3.067
3443750,A2,3.110,-87.7,3.148,3.067
3443870,A3,3.090,-80.9,3.148,3.150
3443890,A1,4.390,-82.1,3.117,3.121
3443900,A2,3.120,-88.7,3.105,3.121
3444020,A3,3.120,-80.8,3.105,3.090
3444040,A1,4.370,-82.2,3.074,3.060
3444050,A2,3.140,-88.0,3.051,3.060
3444170,A3,3.150,-80.6,3.051,3.029
3444190,A1,4.420,-81.7,3.130,3.102
3444200,A2,3.140,-87.2,3.130,3.102
3444320,A3,3.120,-81.2,3.130,3.134
3444340,A1,4.390,-81.1,3.083,3.090
3444350,A2,4.160,-86.4,1.744,3.090
3444470,A3,3.120,-80.3,1.744,3.090
3444490,A1,4.360,-81.5,1.696,3.046
3444500,A2,3.120,-88.4,3.058,3.046
3444620,A3,3.100,-81.3,3.058,3.067
3444640,A1,4.390,-81.1,3.105,3.110
3444650,A2,5.040,-86.7,0.288,3.110
3444770,A3,3.110,-81.7,0.288,3.100
3444790,A1,4.360,-81.4,0.240,3.056
3444800,A2,4.320,-87.2,1.452,3.056
3444920,A3,3.160,-80.0,1.452,3.004
3444940,A1,4.410,-81.4,1.531,3.077
3444950,A2,5.100,-85.9,0.210,3.077
3445070,A3,3.150,-80.8,0.210,3.088
3445090,A1,4.410,-81.3,0.210,3.088
3445100,A2,4.830,-85.7,0.692,3.088
3445220,A3,3.120,-80.9,0.692,3.119
3445240,A1,4.380,-81.6,0.645,3.075
3445250,A2,3.320,-86.0,2.858,3.075
3445520,A3,3.130,-80.7,2.858,3.065
3445540,A1,4.410,-81.3,2.905,3.109
3445550,A2,3.860,-85.3,2.208,3.109
3445670,A3,3.180,-80.0,2.208,3.056
3445690,A1,4.410,-80.9,2.208,3.056
3445700,A2,4.820,-86.0,0.709,3.056
3445820,A3,3.170,-82.4,0.709,3.067
3445840,A1,4.410,-81.0,0.709,3.067
3445850,A2,4.110,-85.9,1.850,3.067
3446120,A3,3.150,-80.4,1.850,3.088
3446140,A1,4.410,-81.5,1.850,3.088
3446150,A2,4.260,-86.6,1.624,3.088
3446270,A3,3.100,-81.0,1.624,3.140
3446290,A1,4.380,-81.5,1.576,3.096
3446300,A2,3.790,-87.3,2.257,3.096
3446420,A3,3.110,-80.9,2.257,3.085
3446440,A1,4.410,-81.5,2.304,3.129
3446450,A2,3.500,-87.2,2.685,3.129
3446570,A3,3.130,-81.4,2.685,3.109
3446590,A1,4.400,-81.3,2.669,3.094
3446600,A2,3.140,-86.9,3.099,3.094
3446720,A3,3.120,-80.7,3.099,3.104
3446740,A1,4.340,-81.8,3.004,3.017
3446750,A2,4.300,-86.9,1.452,3.017
3446870,A3,3.140,-80.7,1.452,2.996
3446890,A1,4.410,-81.8,1.562,3.098
3446900,A2,4.280,-86.2,1.593,3.098
3447020,A3,3.130,-82.3,1.593,3.109
3447040,A1,4.400,-81.3,1.577,3.094
3447050,A2,4.750,-86.4,0.814,3.094
3447170,A3,3.120,-80.3,0.814,3.104
3447190,A1,4.410,-80.8,0.830,3.119
3447200,A2,4.420,-85.9,1.374,3.119
3447320,A3,3.190,-80.4,1.374,3.045
3447340,A1,4.380,-81.1,1.327,3.001
3447350,A2,4.130,-85.5,1.773,3.001
3447470,A3,3.150,-80.7,1.773,3.044
3447490,A1,4.430,-81.3,1.852,3.117
3447500,A2,4.160,-85.2,1.807,3.117
3447620,A3,3.150,-80.5,1.807,3.117
3447640,A1,4.410,-81.0,1.775,3.088
3447650,A2,3.800,-85.6,2.291,3.088
3447770,A3,3.150,-80.2,2.291,3.088
3447790,A1,4.420,-81.0,2.307,3.102
3447800,A2,5.120,-85.1,0.189,3.102
3447920,A3,3.190,-80.4,0.189,3.060
3447940,A1,4.410,-80.8,0.173,3.045
3447950,A2,4.440,-85.7,1.342,3.045
3448070,A3,3.130,-80.8,1.342,3.109
3448090,A1,4.380,-81.0,1.295,3.065
3448100,A2,3.810,-86.0,2.230,3.065
3448220,A3,3.120,-81.4,2.230,3.075
3448240,A1,4.410,-81.2,2.277,3.119
3448250,A2,5.000,-86.2,0.391,3.119
3448370,A3,3.140,-80.2,0.391,3.098
3448390,A1,4.390,-81.4,0.360,3.069
3448400,A2,4.410,-86.1,1.358,3.069
3448670,A3,3.130,-80.7,1.358,3.079
3448690,A1,4.370,-81.3,1.327,3.050
3448700,A2,4.320,-86.2,1.468,3.050
3448820,A3,3.100,-80.4,1.468,3.081
3448840,A1,4.380,-81.1,1.484,3.096
3448850,A2,4.330,-85.8,1.468,3.096
3448970,A3,3.240,-81.2,1.468,2.948
3448990,A1,4.410,-81.3,1.516,2.992
3449000,A2,5.100,-86.4,0.210,2.992
3449120,A3,3.150,-81.1,0.210,3.088
3449140,A1,4.380,-81.1,0.162,3.044
3449150,A2,4.110,-86.7,1.802,3.044
3449270,A3,3.120,-80.6,1.802,3.075
3449290,A1,4.410,-81.5,1.850,3.119
3449300,A2,4.070,-86.4,1.909,3.119
3449420,A3,3.120,-81.5,1.909,3.119
3449440,A1,4.400,-81.8,1.893,3.104
3449450,A2,4.390,-87.7,1.406,3.104
3449570,A3,3.130,-80.4,1.406,3.094
3449590,A1,5.190,-80.9,2.768,4.357
3449600,A2,3.790,-86.5,3.651,4.357
3449720,A3,3.130,-80.6,3.651,4.357
3449740,A1,4.380,-81.0,2.257,3.065
3449750,A2,4.650,-86.0,0.951,3.065
3449870,A3,3.140,-80.7,0.951,3.054
3449890,A1,4.410,-81.2,0.999,3.098
3449900,A2,4.820,-85.9,0.709,3.098
3450020,A3,3.130,-81.0,0.709,3.109
3450040,A1,4.400,-81.3,0.694,3.094
3450050,A2,3.110,-85.6,3.132,3.094
3450170,A3,3.120,-80.9,3.132,3.104
3450190,A1,4.380,-81.1,3.101,3.075
3450200,A2,3.100,-85.8,3.112,3.075
3450320,A3,3.140,-80.8,3.112,3.054
3450340,A1,4.420,-81.0,3.175,3.113
3450350,A2,3.860,-85.6,2.224,3.113
3450470,A3,3.130,-80.2,2.224,3.123
3450490,A1,4.420,-81.1,2.224,3.123
3450500,A2,4.570,-85.7,1.147,3.123
3450620,A3,3.170,-80.2,1.147,3.081
3450640,A1,4.400,-80.9,1.116,3.052
3450650,A2,4.160,-86.1,1.759,3.052
3450770,A3,3.170,-80.1,1.759,3.052
3450790,A1,4.390,-81.0,1.744,3.037
3450800,A2,3.470,-86.3,2.691,3.037
3450920,A3,3.160,-80.3,2.691,3.048
3450940,A1,4.410,-80.5,2.722,3.077
3450950,A2,4.450,-86.1,1.326,3.077
3451070,A3,3.160,-79.8,1.326,3.077
3451090,A1,4.370,-81.0,1.263,3.019
3451100,A2,4.140,-86.2,1.742,3.019
3451220,A3,3.120,-80.1,1.742,3.060
3451240,A1,4.410,-80.8,1.805,3.119
3451250,A2,3.480,-86.0,2.710,3.119
3451370,A3,3.140,-80.6,2.710,3.098
3451390,A1,4.410,-81.1,2.710,3.098
3451400,A2,4.660,-86.2,0.982,3.098
3451520,A3,3.140,-80.1,0.982,3.098
3451540,A1,4.370,-80.7,0.919,3.040
3451820,A3,3.160,-80.1,0.919,3.019
3451840,A1,4.410,-80.9,0.982,3.077
3451850,A2,4.630,-86.0,1.032,3.077
3451970,A3,3.120,-80.3,1.032,3.119
3452000,A2,4.140,-85.6,1.805,3.119
3452150,A2,3.810,-85.8,2.277,3.119
3452270,A3,3.150,-80.2,2.277,3.088
3452290,A1,4.380,-80.8,2.230,3.044
3452300,A2,4.110,-85.7,1.802,3.044
3452420,A3,3.160,-80.3,1.802,3.033
3452440,A1,4.390,-81.1,1.818,3.048
3452450,A2,4.750,-86.3,0.798,3.048
3452570,A3,3.180,-80.2,0.798,3.027
3452590,A1,4.390,-81.1,0.798,3.027
3452600,A2,4.450,-85.9,1.295,3.027
3452720,A3,3.160,-80.2,1.295,3.048
3452740,A1,4.410,-80.9,1.326,3.077
3452750,A2,3.770,-86.0,2.332,3.077
3452870,A3,3.140,-80.2,2.332,3.098
3452890,A1,4.410,-80.7,2.332,3.098
3452900,A2,4.950,-85.8,0.481,3.098
3453020,A3,3.190,-80.3,0.481,3.045
3453040,A1,4.410,-80.8,0.481,3.045
3453050,A2,3.160,-85.7,3.092,3.045
3453170,A3,3.240,-80.2,3.092,2.992
3453190,A1,4.420,-80.9,3.108,3.006
3453200,A2,4.490,-85.8,1.278,3.006
3453320,A3,3.160,-80.2,1.278,3.092
3453340,A1,4.400,-80.8,1.246,3.062
3453350,A2,4.140,-85.7,1.789,3.062
3453470,A3,3.130,-80.0,1.789,3.094
3453490,A1,4.430,-80.9,1.837,3.138
3453500,A2,4.750,-85.8,0.862,3.138
3453620,A3,3.150,-80.1,0.862,3.117
3453640,A1,4.400,-80.9,0.814,3.073
3453650,A2,3.480,-86.2,2.694,3.073
3453770,A3,3.130,-80.1,2.694,3.094
3453790,A1,5.190,-80.7,4.056,4.357
3453800,A2,4.480,-85.7,2.625,4.357
3453920,A3,3.120,-80.3,2.625,4.367
3453940,A1,4.430,-80.9,1.310,3.148
3453950,A2,3.500,-86.7,2.716,3.148
3454070,A3,3.140,-80.2,2.716,3.128
3454090,A1,4.370,-80.8,2.621,3.040
3454100,A2,4.480,-86.2,1.215,3.040
3454220,A3,3.190,-80.0,1.215,2.987
3454240,A1,4.410,-81.0,1.278,3.045
3454250,A2,4.120,-85.8,1.835,3.045
3454370,A3,3.150,-79.8,1.835,3.088
3454390,A1,4.380,-81.2,1.787,3.044
3454400,A2,4.050,-85.7,1.890,3.044
3454520,A3,3.140,-80.2,1.890,3.054
3454540,A1,4.410,-80.7,1.938,3.098
3454550,A2,4.020,-85.9,1.981,3.098
3454670,A3,3.160,-80.3,1.981,3.077
3454690,A1,4.390,-81.1,1.950,3.048
3454700,A2,4.930,-85.3,0.485,3.048
3454970,A3,3.150,-80.3,0.485,3.058
3454990,A1,4.410,-81.0,0.516,3.088
3455000,A2,4.610,-85.8,1.066,3.088
3455120,A3,3.150,-80.3,1.066,3.088
3455140,A1,4.400,-80.9,1.050,3.073
3455150,A2,4.140,-85.9,1.789,3.073
3455270,A3,3.150,-81.2,1.789,3.073
3455290,A1,4.400,-81.2,1.789,3.073
3455300,A2,3.480,-85.6,2.694,3.073
3455420,A3,3.150,-81.1,2.694,3.073
3455440,A1,4.400,-81.2,2.694,3.073
3455450,A2,3.500,-85.9,2.669,3.073
3455570,A3,3.140,-80.9,2.669,3.083
3455590,A1,4.380,-81.4,2.637,3.054
3455600,A2,3.480,-86.4,2.662,3.054
3455720,A3,3.110,-81.0,2.662,3.085
3455740,A1,4.390,-81.5,2.678,3.100
3455750,A2,3.120,-87.1,3.105,3.100
3455870,A3,3.130,-80.8,3.105,3.079
3455890,A1,4.360,-81.2,3.058,3.035
3455900,A2,3.680,-85.9,2.373,3.035
3456020,A3,3.120,-80.7,2.373,3.046
3456040,A1,4.400,-81.2,2.436,3.104
3456050,A2,3.840,-86.1,2.220,3.104
3456170,A3,3.160,-80.3,2.220,3.062
3456190,A1,4.390,-81.2,2.204,3.048
3456200,A2,3.130,-86.4,3.094,3.048
3456320,A3,3.130,-81.6,3.094,3.079
3456340,A1,4.410,-80.9,3.126,3.109
3456350,A2,3.100,-87.1,3.159,3.109
3456470,A3,3.110,-81.2,3.159,3.129
3456490,A1,4.390,-81.8,3.128,3.100
3456500,A2,4.850,-87.0,0.626,3.100
3456620,A3,3.140,-80.5,0.626,3.069
3456640,A1,4.390,-81.6,0.626,3.069
3456650,A2,4.110,-87.9,1.818,3.069
3456770,A3,3.130,-81.2,1.818,3.079
3456790,A1,4.380,-81.8,1.802,3.065
3456800,A2,3.120,-88.2,3.090,3.065
3456920,A3,3.130,-80.6,3.090,3.065
3456940,A1,4.370,-81.4,3.074,3.050
3456950,A2,3.750,-86.7,2.295,3.050
3457070,A3,3.160,-80.3,2.295,3.019
3457090,A1,4.400,-81.8,2.343,3.062
3457100,A2,4.740,-85.3,0.831,3.062
3457220,A3,3.120,-80.7,0.831,3.104
3457240,A1,4.390,-81.9,0.815,3.090
3457250,A2,4.270,-86.5,1.577,3.090
3457370,A3,3.170,-80.9,1.577,3.037
3457390,A1,4.380,-81.7,1.561,3.023
3457400,A2,3.810,-86.0,2.230,3.023
3457520,A3,3.130,-81.9,2.230,3.065
3457540,A1,4.420,-81.8,2.293,3.123
3457550,A2,3.090,-87.2,3.186,3.123
3457670,A3,3.140,-80.5,3.186,3.113
3457690,A1,4.380,-82.1,3.123,3.054
3457700,A2,3.120,-88.4,3.090,3.054
3457820,A3,3.130,-80.3,3.090,3.065
3457840,A1,4.360,-82.0,3.058,3.035
3457850,A2,3.790,-87.9,2.226,3.035
3458120,A3,3.150,-81.0,2.226,3.015
3458140,A1,4.360,-82.1,2.226,3.015
3458150,A2,3.080,-88.2,3.103,3.015
3458270,A3,3.130,-80.9,3.103,3.035
3458290,A1,4.390,-81.8,3.150,3.079
3458300,A2,3.130,-86.4,3.094,3.079
3458420,A3,3.110,-80.7,3.094,3.100
3458440,A1,4.370,-81.4,3.063,3.071
3458450,A2,4.370,-85.7,1.390,3.071
3458570,A3,3.110,-80.5,1.390,3.071
3458590,A1,4.390,-81.6,1.422,3.100
3458600,A2,3.100,-87.4,3.128,3.100
3458720,A3,3.100,-80.0,3.128,3.110
3458740,A1,4.420,-80.9,3.175,3.154
3458750,A2,3.120,-86.9,3.153,3.154
3458870,A3,3.150,-81.2,3.153,3.102
3458890,A1,4.410,-81.0,3.137,3.088
3458900,A2,4.520,-85.9,1.213,3.088
3459020,A3,3.110,-80.9,1.213,3.129
3459040,A1,4.410,-81.5,1.213,3.129
3459050,A2,3.160,-86.6,3.092,3.129
3459170,A3,3.200,-80.6,3.092,3.035
3459190,A1,4.380,-81.6,3.044,2.991
3459200,A2,4.960,-86.2,0.416,2.991
3459320,A3,3.130,-80.2,0.416,3.065
3459340,A1,4.410,-81.2,0.463,3.109
3459350,A2,3.370,-85.4,2.845,3.109
3459470,A3,3.170,-80.4,2.845,3.067
3459490,A1,4.400,-81.2,2.829,3.052
3459500,A2,4.560,-86.2,1.132,3.052
3459620,A3,3.200,-80.7,1.132,3.020
3459640,A1,4.400,-81.6,1.132,3.020
3459650,A2,3.140,-86.6,3.099,3.020
3459770,A3,3.100,-80.4,3.099,3.125
3459790,A1,4.350,-81.3,3.020,3.052
3459800,A2,3.480,-86.9,2.615,3.052
3459920,A3,3.120,-81.1,2.615,3.031
3459940,A1,4.380,-81.1,2.662,3.075
3459950,A2,5.020,-86.6,0.308,3.075
3460070,A3,3.140,-80.0,0.308,3.054
3460090,A1,4.400,-81.2,0.340,3.083
3460100,A2,4.110,-86.3,1.834,3.083
3460220,A3,3.150,-80.3,1.834,3.073
3460240,A1,5.190,-80.7,3.196,4.336
3460250,A2,4.130,-86.1,3.167,4.336
3460370,A3,3.120,-81.1,3.167,4.367
3460390,A1,4.380,-80.9,1.773,3.075
3460400,A2,3.760,-86.2,2.298,3.075
3460520,A3,3.110,-82.4,2.298,3.085
3460540,A1,4.370,-81.2,2.282,3.071
3460550,A2,3.980,-86.2,1.976,3.071
3460670,A3,3.120,-82.2,1.976,3.060
3460690,A1,4.420,-81.2,2.055,3.134
3460700,A2,4.060,-86.4,1.939,3.134
3460820,A3,3.140,-81.3,1.939,3.113
3460840,A1,4.380,-80.8,1.876,3.054
3460850,A2,3.090,-86.3,3.123,3.054
3460970,A3,3.150,-80.5,3.123,3.044
3460990,A1,4.370,-80.8,3.107,3.029
3461000,A2,3.110,-86.6,3.085,3.029
3461270,A3,3.180,-80.2,3.085,2.997
3461290,A1,4.410,-80.8,3.148,3.056
3461300,A2,4.100,-86.4,1.864,3.056
3461420,A3,3.160,-80.1,1.864,3.077
3461440,A1,4.370,-81.0,1.801,3.019
3461450,A2,3.790,-86.4,2.241,3.019
3461570,A3,3.150,-80.3,2.241,3.029
3461590,A1,4.400,-80.7,2.289,3.073
3461600,A2,4.650,-85.8,0.983,3.073
3461720,A3,3.140,-79.9,0.983,3.083
3461740,A1,4.410,-81.1,0.999,3.098
3461750,A2,4.440,-85.9,1.342,3.098
3461870,A3,3.130,-80.2,1.342,3.109
3461890,A1,4.400,-81.1,1.326,3.094
3461900,A2,3.770,-86.0,2.316,3.094
3462020,A3,3.140,-80.0,2.316,3.083
3462040,A1,4.400,-80.8,2.316,3.083
3462050,A2,4.150,-86.1,1.774,3.083
3462170,A3,3.160,-80.6,1.774,3.062
3462190,A1,4.410,-80.9,1.790,3.077
3462200,A2,4.310,-86.1,1.547,3.077
3462320,A3,3.170,-80.5,1.547,3.067
3462340,A1,4.420,-81.1,1.563,3.081
3462350,A2,3.830,-85.8,2.265,3.081
3462470,A3,3.170,-80.5,2.265,3.081
3462490,A1,4.410,-80.7,2.250,3.067
3462500,A2,4.480,-86.0,1.278,3.067
3462620,A3,3.150,-80.3,1.278,3.088
3462640,A1,4.410,-81.2,1.278,3.088
3462650,A2,4.120,-86.1,1.835,3.088
3462770,A3,3.130,-80.6,1.835,3.109
3462790,A1,4.420,-81.2,1.851,3.123
3462800,A2,4.420,-85.8,1.390,3.123
3462920,A3,3.130,-80.3,1.390,3.123
3462940,A1,4.400,-80.8,1.358,3.094
3462950,A2,4.740,-85.9,0.831,3.094
3463070,A3,3.170,-80.2,0.831,3.052
3463090,A1,4.430,-80.6,0.879,3.096
3463100,A2,5.170,-85.9,0.112,3.096
3463220,A3,3.130,-80.0,0.112,3.138
3463240,A1,4.390,-81.0,0.049,3.079
3463250,A2,3.160,-85.9,3.060,3.079
3463370,A3,3.160,-80.2,3.060,3.048
3463390,A1,4.410,-81.1,3.092,3.077
3463400,A2,4.790,-86.2,0.761,3.077
3463520,A3,3.140,-80.4,0.761,3.098
3463540,A1,4.380,-81.2,0.714,3.054
3463550,A2,3.790,-85.5,2.257,3.054
3463670,A3,3.140,-80.3,2.257,3.054
3463690,A1,4.390,-81.2,2.273,3.069
3463700,A2,4.450,-85.3,1.295,3.069
3463820,A3,3.220,-80.0,1.295,2.984
3463840,A1,4.390,-81.2,1.295,2.984
3463850,A2,4.450,-85.5,1.295,2.984
3463970,A3,3.160,-80.2,1.295,3.048
3463990,A1,4.390,-81.1,1.295,3.048
3464000,A2,4.450,-85.5,1.295,3.048
3464120,A3,3.150,-80.3,1.295,3.058
3464140,A1,4.370,-80.7,1.263,3.029
3464150,A2,4.110,-86.3,1.787,3.029
3464420,A3,3.150,-80.2,1.787,3.029
3464440,A1,5.180,-81.2,3.178,4.318
3464450,A2,4.460,-86.3,2.638,4.318
3464570,A3,3.190,-80.2,2.638,4.276
3464590,A1,4.400,-80.8,1.294,3.031
3464600,A2,4.120,-86.3,1.819,3.031
3464720,A3,3.160,-80.4,1.819,3.062
3464740,A1,4.410,-81.2,1.835,3.077
3464750,A2,3.790,-86.6,2.304,3.077
3464870,A3,3.120,-80.0,2.304,3.119
3464890,A1,4.390,-81.1,2.273,3.090
3465170,A3,3.170,-80.2,2.273,3.037
3465190,A1,4.380,-80.8,2.257,3.023
3465200,A2,3.470,-86.3,2.675,3.023
3465320,A3,3.140,-79.8,2.675,3.054
3465340,A1,4.430,-81.1,2.754,3.128
3465350,A2,4.140,-85.9,1.837,3.128
3465470,A3,3.150,-80.1,1.837,3.117
3465490,A1,4.400,-80.8,1.789,3.073
3465500,A2,4.140,-85.8,1.789,3.073
3465620,A3,3.150,-80.1,1.789,3.073
3465640,A1,4.380,-81.0,1.758,3.044
3465650,A2,5.090,-85.7,0.181,3.044
3465770,A3,3.130,-80.2,0.181,3.065
3465790,A1,4.400,-80.8,0.212,3.094
3465800,A2,4.340,-85.9,1.484,3.094
3465920,A3,3.150,-80.2,1.484,3.073
3465940,A1,4.380,-81.2,1.453,3.044
3465950,A2,4.290,-85.8,1.530,3.044
3466070,A3,3.300,-80.2,1.530,2.882
3466090,A1,4.390,-80.7,1.546,2.897
3466100,A2,4.790,-85.6,0.730,2.897
3466220,A3,3.150,-79.9,0.730,3.058
3466240,A1,4.390,-80.9,0.730,3.058
3466250,A2,4.470,-85.6,1.263,3.058
3466370,A3,3.160,-80.4,1.263,3.048
3466390,A1,4.390,-80.9,1.263,3.048
3466400,A2,3.130,-85.9,3.094,3.048
3466520,A3,3.150,-79.9,3.094,3.058
3466540,A1,4.390,-81.1,3.094,3.058
3466550,A2,3.120,-85.7,3.105,3.058
3466670,A3,3.130,-80.1,3.105,3.079
3466690,A1,4.350,-81.0,3.043,3.021
3466700,A2,4.480,-85.5,1.184,3.021
3466820,A3,3.180,-80.0,1.184,2.968
3466840,A1,4.390,-80.9,1.246,3.027
3466850,A2,3.830,-85.6,2.218,3.027
3466970,A3,3.170,-79.9,2.218,3.037
3466990,A1,4.410,-80.9,2.250,3.067
3467000,A2,4.080,-85.8,1.894,3.067
3467120,A3,3.130,-80.1,1.894,3.109
3467140,A1,4.400,-80.7,1.878,3.094
3467150,A2,4.310,-85.5,1.531,3.094
3467270,A3,3.180,-80.2,1.531,3.041
3467290,A1,4.390,-80.7,1.515,3.027
3467300,A2,4.490,-85.9,1.230,3.027
3467570,A3,3.150,-80.2,1.230,3.058
3467590,A1,4.390,-80.7,1.230,3.058
3467600,A2,4.460,-86.1,1.279,3.058
3467720,A3,3.130,-80.1,1.279,3.079
3467740,A1,4.410,-80.9,1.310,3.109
3467750,A2,4.160,-86.1,1.775,3.109
3467870,A3,3.130,-80.1,1.775,3.109
3467890,A1,4.410,-80.7,1.775,3.109
3467900,A2,3.470,-86.2,2.722,3.109
3468020,A3,3.140,-80.3,2.722,3.098
3468040,A1,4.410,-80.9,2.722,3.098
3468050,A2,4.160,-86.0,1.775,3.098
3468170,A3,3.190,-81.7,1.775,3.045
3468190,A1,4.410,-81.9,1.775,3.045
3468200,A2,3.120,-87.0,3.137,3.045
3468320,A3,3.160,-80.1,3.137,3.077
3468340,A1,4.420,-80.9,3.153,3.092
3468350,A2,4.300,-86.7,1.578,3.092
3468470,A3,3.150,-80.1,1.578,3.102
3468490,A1,4.380,-81.2,1.515,3.044
3468500,A2,3.760,-86.5,2.298,3.044
3468620,A3,3.130,-80.2,2.298,3.065
3468640,A1,4.410,-81.1,2.345,3.109
3468650,A2,4.120,-86.0,1.835,3.109
3468770,A3,3.150,-80.3,1.835,3.088
3468790,A1,4.420,-81.1,1.851,3.102
3468800,A2,4.440,-86.1,1.358,3.102
3468920,A3,3.170,-80.2,1.358,3.081
3468940,A1,4.410,-80.8,1.342,3.067
3468950,A2,3.440,-86.0,2.760,3.067
3469070,A3,3.150,-80.4,2.760,3.088
3469090,A1,4.390,-81.0,2.728,3.058
3469100,A2,4.480,-85.9,1.246,3.058
3469220,A3,3.150,-80.5,1.246,3.058
3469240,A1,4.400,-80.8,1.262,3.073
3469250,A2,4.130,-85.6,1.804,3.073
3469370,A3,3.160,-80.0,1.804,3.062
3469390,A1,4.390,-80.7,1.788,3.048
3469400,A2,4.080,-85.6,1.862,3.048
3469520,A3,3.160,-79.9,1.862,3.048
3469540,A1,4.410,-80.8,1.894,3.077
3469550,A2,3.820,-85.3,2.263,3.077
3469670,A3,3.140,-80.0,2.263,3.098
3469690,A1,4.410,-81.1,2.263,3.098
3469700,A2,5.100,-85.5,0.210,3.098
3469820,A3,3.130,-80.2,0.210,3.109
3469840,A1,4.400,-81.2,0.194,3.094
3469850,A2,4.130,-84.9,1.804,3.094
3469970,A3,3.160,-80.3,1.804,3.062
3469990,A1,4.380,-80.8,1.773,3.033
3470000,A2,3.760,-85.4,2.298,3.033
3470120,A3,3.130,-79.8,2.298,3.065
3470140,A1,4.400,-81.1,2.329,3.094
3470150,A2,4.640,-85.6,1.000,3.094
3470270,A3,3.260,-80.3,1.000,2.955
3470290,A1,4.410,-81.0,1.016,2.970
3470300,A2,4.470,-85.2,1.294,2.970
3470420,A3,3.180,-80.3,1.294,3.056
3470440,A1,4.400,-80.8,1.278,3.041
3470450,A2,4.330,-85.2,1.500,3.041
3470720,A3,3.160,-80.2,1.500,3.062
3470740,A1,4.410,-81.0,1.516,3.077
3470750,A2,4.770,-85.4,0.796,3.077
3470870,A3,3.150,-80.1,0.796,3.088
3470890,A1,5.190,-81.0,2.142,4.336
3470900,A2,4.440,-85.6,2.689,4.336
3471020,A3,3.160,-80.1,2.689,4.325
3471040,A1,4.410,-81.1,1.342,3.077
3471050,A2,3.800,-85.3,2.291,3.077
3471170,A3,3.130,-80.2,2.291,3.109
3471190,A1,4.420,-81.1,2.307,3.123
3471200,A2,5.140,-85.2,0.152,3.123
3471320,A3,3.190,-80.3,0.152,3.060
3471340,A1,4.390,-80.7,0.104,3.016
3471350,A2,4.420,-85.5,1.342,3.016
3471470,A3,3.130,-80.1,1.342,3.079
3471490,A1,4.380,-81.1,1.327,3.065
3471500,A2,3.120,-85.8,3.090,3.065
3471620,A3,3.160,-79.9,3.090,3.033
3471640,A1,4.410,-80.8,3.137,3.077
3471650,A2,4.110,-85.5,1.850,3.077
3471770,A3,3.190,-80.4,1.850,3.045
3471790,A1,4.390,-81.0,1.818,3.016
3471800,A2,4.500,-85.4,1.214,3.016
3471920,A3,3.210,-80.2,1.214,2.995
3471940,A1,4.390,-80.9,1.214,2.995
3471950,A2,4.140,-85.7,1.774,2.995
3472070,A3,3.170,-80.0,1.774,3.037
3472090,A1,4.390,-80.8,1.774,3.037
3472100,A2,3.800,-85.8,2.259,3.037
3472220,A3,3.140,-80.1,2.259,3.069
3472240,A1,4.380,-81.0,2.243,3.054
3472250,A2,5.130,-85.2,0.107,3.054
3472370,A3,3.170,-80.2,0.107,3.023
3472390,A1,4.390,-81.0,0.123,3.037
3472400,A2,4.110,-85.4,1.818,3.037
3472520,A3,3.180,-80.4,1.818,3.027
3472540,A1,4.400,-81.1,1.834,3.041
3472550,A2,3.750,-85.6,2.343,3.041
3472670,A3,3.140,-80.2,2.343,3.083
3472690,A1,4.400,-80.8,2.343,3.083
3472700,A2,4.780,-85.7,0.763,3.083
3472820,A3,3.140,-80.0,0.763,3.083
3472840,A1,4.380,-80.9,0.731,3.054
3472850,A2,4.820,-85.4,0.662,3.054
3472970,A3,3.140,-80.3,0.662,3.054
3472990,A1,4.420,-80.9,0.725,3.113
3473000,A2,4.320,-85.4,1.547,3.113
3473120,A3,3.160,-80.2,1.547,3.092
3473140,A1,4.450,-81.0,1.595,3.136
3473150,A2,3.480,-85.6,2.773,3.136
3473270,A3,3.190,-80.1,2.773,3.104
3473290,A1,4.370,-80.7,2.647,2.987
3473300,A2,3.750,-85.3,2.295,2.987
3473420,A3,3.190,-79.9,2.295,2.987
3473440,A1,4.410,-80.8,2.359,3.045
3473450,A2,5.120,-85.5,0.173,3.045
3473570,A3,3.130,-79.9,0.173,3.109
3473590,A1,4.430,-80.9,0.205,3.138
3473600,A2,4.930,-85.6,0.548,3.138
3473870,A3,3.150,-80.1,0.548,3.117
3473890,A1,4.390,-80.8,0.485,3.058
3473900,A2,3.800,-85.8,2.259,3.058
3474020,A3,3.150,-80.4,2.259,3.058
3474040,A1,4.380,-81.0,2.243,3.044
3474050,A2,5.110,-85.8,0.144,3.044
3474170,A3,3.180,-80.2,0.144,3.012
3474190,A1,4.410,-80.7,0.191,3.056
3474200,A2,4.130,-85.3,1.820,3.056
3474320,A3,3.150,-80.3,1.820,3.088
3474340,A1,4.390,-80.7,1.788,3.058
3474350,A2,3.800,-85.5,2.259,3.058
3474470,A3,3.220,-80.0,2.259,2.984
3474490,A1,4.400,-80.9,2.275,2.999
3474500,A2,5.100,-85.8,0.194,2.999
3474620,A3,3.150,-79.9,0.194,3.073
3474640,A1,4.420,-81.0,0.226,3.102
3474650,A2,4.130,-85.2,1.836,3.102
3474770,A3,3.150,-80.2,1.836,3.102
3474790,A1,4.410,-80.9,1.820,3.088
3474800,A2,3.820,-85.7,2.263,3.088
3474920,A3,3.150,-80.0,2.263,3.088
3474940,A1,4.400,-80.9,2.247,3.073
3474950,A2,4.790,-85.6,0.745,3.073
3475070,A3,3.160,-79.9,0.745,3.062
3475090,A1,5.180,-81.1,2.089,4.308
3475100,A2,5.060,-85.9,1.611,4.308
3475220,A3,3.180,-80.2,1.611,4.287
3475240,A1,4.400,-80.9,0.267,3.041
3475250,A2,4.460,-85.6,1.294,3.041
3475370,A3,3.160,-80.3,1.294,3.062
3475390,A1,4.400,-80.9,1.294,3.062
3475400,A2,5.060,-85.3,0.267,3.062
3475520,A3,3.120,-80.0,0.267,3.104
3475540,A1,4.400,-81.0,0.267,3.104
3475550,A2,4.110,-85.5,1.834,3.104
3475670,A3,3.150,-80.1,1.834,3.073
3475690,A1,4.400,-80.9,1.834,3.073
3475700,A2,4.100,-85.7,1.849,3.073
3475820,A3,3.140,-80.1,1.849,3.083
3475840,A1,4.400,-81.0,1.849,3.083
3475850,A2,4.460,-85.7,1.294,3.083
3475970,A3,3.170,-80.2,1.294,3.052
3475990,A1,4.410,-81.0,1.310,3.067
3476000,A2,3.140,-85.6,3.115,3.067
3476120,A3,3.220,-80.0,3.115,3.013
3476140,A1,4.400,-81.2,3.099,2.999
3476150,A2,3.740,-85.7,2.356,2.999
3476270,A3,3.160,-80.3,2.356,3.062
3476290,A1,4.380,-80.6,2.325,3.033
3476300,A2,4.650,-85.6,0.951,3.033
3476420,A3,3.150,-80.0,0.951,3.044
3476440,A1,4.380,-80.9,0.951,3.044
3476450,A2,4.430,-85.9,1.311,3.044
3476570,A3,3.170,-80.4,1.311,3.023
3476590,A1,4.430,-81.0,1.390,3.096
3476600,A2,4.470,-85.5,1.326,3.096
3476720,A3,3.250,-80.0,1.326,3.010
3476740,A1,4.400,-80.9,1.278,2.966
3476750,A2,3.120,-85.8,3.121,2.966
3477020,A3,3.160,-80.4,3.121,3.062
3477040,A1,4.390,-80.9,3.105,3.048
3477050,A2,4.470,-85.9,1.263,3.048
3477170,A3,3.170,-80.1,1.263,3.037
3477190,A1,4.400,-80.7,1.278,3.052
3477200,A2,4.320,-86.0,1.515,3.052
3477320,A3,3.190,-80.1,1.515,3.031
3477340,A1,5.230,-81.2,2.953,4.363
3477350,A2,3.740,-85.4,3.794,4.363
3477470,A3,3.160,-80.4,3.794,4.395
3477490,A1,4.390,-80.8,2.340,3.048
3477500,A2,4.660,-85.4,0.951,3.048
3477620,A3,3.160,-80.3,0.951,3.048
3477640,A1,4.390,-81.1,0.951,3.048
3477650,A2,4.450,-85.7,1.295,3.048
3477770,A3,3.170,-80.0,1.295,3.037
3477790,A1,4.390,-81.2,1.295,3.037
3477800,A2,4.130,-85.3,1.788,3.037
3477920,A3,3.160,-80.1,1.788,3.048
3477940,A1,4.400,-80.7,1.804,3.062
3477950,A2,3.810,-85.7,2.261,3.062
3478070,A3,3.170,-80.0,2.261,3.052
3478090,A1,4.410,-81.1,2.277,3.067
3478100,A2,5.110,-85.5,0.191,3.067
3478220,A3,3.150,-80.4,0.191,3.088
3478240,A1,4.390,-81.2,0.160,3.058
3478250,A2,4.440,-85.8,1.311,3.058
3478370,A3,3.180,-80.1,1.311,3.027
3478390,A1,4.400,-81.0,1.326,3.041
3478400,A2,4.110,-85.5,1.834,3.041
3478520,A3,3.140,-80.2,1.834,3.083
3478540,A1,4.390,-80.9,1.818,3.069
3478550,A2,3.770,-85.6,2.300,3.069
3478670,A3,3.170,-80.3,2.300,3.037
3478690,A1,4.400,-81.0,2.316,3.052
3478700,A2,5.110,-85.9,0.176,3.052
3478820,A3,3.170,-81.8,0.176,3.052
3478840,A1,4.410,-81.8,0.191,3.067
3478850,A2,5.110,-86.0,0.191,3.067
3478970,A3,3.150,-79.9,0.191,3.088
3478990,A1,4.410,-80.9,0.191,3.088
3479000,A2,4.430,-85.7,1.358,3.088
3479120,A3,3.160,-80.5,1.358,3.077
3479140,A1,4.410,-80.8,1.358,3.077
3479150,A2,3.800,-85.7,2.291,3.077
3479270,A3,3.160,-80.3,2.291,3.077
3479290,A1,4.400,-81.1,2.275,3.062
3479300,A2,4.750,-85.3,0.814,3.062
3479420,A3,3.170,-80.2,0.814,3.052
3479440,A1,4.420,-81.1,0.846,3.081
3479450,A2,4.810,-85.9,0.743,3.081
3479570,A3,3.170,-80.3,0.743,3.081
3479590,A1,4.410,-80.9,0.727,3.067
3479600,A2,4.100,-85.8,1.864,3.067
3479720,A3,3.160,-79.9,1.864,3.077
3479740,A1,4.380,-80.7,1.817,3.033
3479750,A2,4.810,-85.6,0.679,3.033
3479870,A3,3.160,-80.1,0.679,3.033
3479890,A1,4.400,-80.8,0.711,3.062
3479900,A2,4.140,-85.6,1.789,3.062
3480170,A3,3.150,-80.1,1.789,3.073
3480190,A1,4.410,-80.9,1.805,3.088
3480200,A2,5.100,-85.6,0.210,3.088
3480320,A3,3.160,-80.5,0.210,3.077
3480340,A1,4.420,-81.0,0.226,3.092
3480350,A2,4.300,-85.8,1.578,3.092
3480470,A3,3.170,-80.3,1.578,3.081
3480490,A1,4.400,-81.0,1.546,3.052
3480500,A2,4.130,-85.5,1.804,3.052
3480620,A3,3.160,-80.3,1.804,3.062
3480640,A1,4.400,-81.2,1.804,3.062
3480650,A2,4.740,-85.8,0.831,3.062
3480770,A3,3.170,-80.3,0.831,3.052
3480790,A1,4.410,-80.9,0.847,3.067
3480800,A2,4.640,-85.6,1.016,3.067
3480920,A3,3.220,-80.3,1.016,3.013
3480940,A1,4.390,-81.0,0.984,2.984
3480950,A2,4.470,-85.5,1.263,2.984
3481070,A3,3.160,-80.3,1.263,3.048
3481090,A1,4.400,-81.2,1.278,3.062
3481100,A2,3.120,-85.6,3.121,3.062
3481220,A3,3.170,-80.1,3.121,3.052
3481240,A1,4.380,-80.9,3.090,3.023
3481250,A2,3.150,-85.7,3.056,3.023
3481370,A3,3.140,-80.1,3.056,3.054
3481390,A1,4.400,-80.8,3.087,3.083
3481400,A2,5.120,-85.5,0.157,3.083
3481520,A3,3.210,-80.3,0.157,3.009
3481540,A1,5.180,-80.8,1.501,4.255
3481550,A2,4.450,-85.9,2.654,4.255
3481670,A3,3.160,-80.2,2.654,4.308
3481690,A1,4.410,-80.9,1.326,3.077
3481700,A2,4.480,-85.4,1.278,3.077
3481820,A3,3.200,-80.3,1.278,3.035
3481840,A1,4.390,-80.8,1.246,3.005
3481850,A2,4.770,-85.7,0.764,3.005
3481970,A3,3.160,-80.2,0.764,3.048
3481990,A1,4.380,-80.9,0.748,3.033
3482000,A2,4.000,-85.3,1.963,3.033
3482120,A3,3.180,-80.1,1.963,3.012
3482140,A1,4.390,-80.9,1.979,3.027
3482150,A2,4.030,-85.7,1.935,3.027
3482270,A3,3.170,-80.1,1.935,3.037
3482290,A1,4.390,-80.8,1.935,3.037
3482300,A2,5.100,-85.8,0.178,3.037
3482420,A3,3.180,-80.3,0.178,3.027
3482440,A1,4.390,-80.7,0.178,3.027
3482450,A2,4.130,-85.3,1.788,3.027
3482570,A3,3.170,-80.3,1.788,3.037
3482590,A1,4.420,-81.0,1.836,3.081
3482600,A2,4.760,-86.2,0.829,3.081
3482720,A3,3.150,-80.3,0.829,3.102
3482740,A1,4.410,-81.0,0.813,3.088
3482750,A2,4.750,-85.3,0.830,3.088
3482870,A3,3.140,-79.8,0.830,3.098
3482890,A1,4.410,-80.9,0.830,3.098
3482900,A2,4.100,-85.8,1.864,3.098
3483020,A3,3.140,-80.1,1.864,3.098
3483040,A1,4.380,-80.7,1.817,3.054
3483050,A2,5.130,-85.9,0.107,3.054
3483320,A3,3.170,-79.9,0.107,3.023
3483340,A1,4.390,-81.1,0.123,3.037
3483350,A2,3.790,-85.6,2.273,3.037
3483470,A3,3.150,-80.3,2.273,3.058
3483490,A1,4.380,-81.1,2.257,3.044
3483500,A2,3.770,-85.9,2.284,3.044
3483620,A3,3.160,-80.3,2.284,3.033
3483640,A1,4.400,-80.9,2.316,3.062
3483650,A2,5.090,-85.8,0.212,3.062
3483770,A3,3.150,-80.0,0.212,3.073
3483790,A1,4.410,-80.9,0.228,3.088
3483800,A2,4.450,-85.8,1.326,3.088
3483920,A3,3.130,-80.1,1.326,3.109
3483940,A1,4.410,-80.8,1.326,3.109
3483950,A2,4.120,-85.7,1.835,3.109
3484070,A3,3.150,-80.2,1.835,3.088
3484090,A1,4.410,-81.1,1.835,3.088
3484100,A2,3.750,-85.3,2.359,3.088
3484220,A3,3.160,-80.2,2.359,3.077
3484240,A1,4.410,-80.8,2.359,3.077
3484250,A2,5.090,-85.9,0.228,3.077
3484520,A3,3.170,-80.2,0.228,3.067
3484540,A1,4.390,-80.9,0.196,3.037
3484550,A2,3.870,-85.8,2.163,3.037
3484670,A3,3.170,-80.1,2.163,3.037
3484690,A1,4.410,-80.8,2.194,3.067
3484700,A2,3.810,-85.7,2.277,3.067
3484820,A3,3.150,-80.2,2.277,3.088
3484840,A1,4.410,-80.8,2.277,3.088
3484850,A2,5.130,-85.3,0.155,3.088
3484970,A3,3.150,-80.1,0.155,3.088
3484990,A1,4.420,-81.1,0.170,3.102
3485000,A2,4.460,-85.7,1.326,3.102
3485120,A3,3.130,-80.2,1.326,3.123
3485140,A1,4.390,-81.2,1.279,3.079
3485150,A2,3.130,-85.5,3.094,3.079
3485270,A3,3.140,-80.0,3.094,3.069
3485290,A1,4.440,-80.8,3.174,3.142
3485300,A2,4.750,-85.6,0.878,3.142
3485420,A3,3.170,-80.2,0.878,3.111
3485440,A1,4.400,-81.1,0.814,3.052
3485450,A2,5.080,-85.4,0.231,3.052
3485570,A3,3.160,-80.4,0.231,3.062
3485590,A1,4.390,-80.8,0.215,3.048
3485600,A2,4.490,-85.5,1.230,3.048
3485720,A3,3.150,-80.0,1.230,3.058
3485740,A1,4.400,-80.9,1.246,3.073
3485750,A2,4.170,-85.4,1.745,3.073
3485870,A3,3.170,-80.5,1.745,3.052
3485890,A1,4.400,-80.9,1.745,3.052
3485900,A2,3.750,-85.8,2.343,3.052
3486020,A3,3.170,-80.2,2.343,3.052
3486040,A1,4.410,-80.8,2.359,3.067
3486050,A2,4.110,-85.4,1.850,3.067
3486170,A3,3.170,-80.4,1.850,3.067
3486190,A1,4.390,-81.2,1.818,3.037
3486200,A2,5.090,-85.7,0.196,3.037
3486470,A3,3.160,-80.3,0.196,3.048
3486500,A2,3.770,-85.6,2.300,3.048
3486650,A2,3.140,-85.4,3.083,3.048
3486770,A3,3.170,-80.2,3.083,3.037
3486790,A1,4.410,-80.9,3.115,3.067
3486800,A2,5.100,-85.6,0.210,3.067
3486920,A3,3.160,-80.3,0.210,3.077
3486940,A1,4.410,-81.2,0.210,3.077
3486950,A2,4.090,-85.6,1.879,3.077
3487070,A3,3.160,-80.1,1.879,3.077
3487090,A1,4.390,-80.8,1.848,3.048
3487100,A2,3.970,-85.9,2.022,3.048
3487220,A3,3.150,-80.1,2.022,3.058
3487240,A1,4.400,-81.1,2.037,3.073
3487250,A2,5.100,-85.6,0.194,3.073
3487370,A3,3.230,-80.2,0.194,2.988
3487390,A1,4.390,-80.8,0.178,2.973
3487400,A2,4.500,-85.4,1.214,2.973
3487520,A3,3.140,-80.2,1.214,3.069
3487540,A1,4.430,-81.2,1.278,3.128
3487550,A2,4.160,-85.5,1.807,3.128
3487670,A3,3.130,-80.2,1.807,3.138
3487690,A1,4.410,-81.0,1.775,3.109
3487700,A2,3.800,-85.6,2.291,3.109
3487820,A3,3.140,-80.5,2.291,3.098
3487840,A1,4.400,-81.0,2.275,3.083
3487850,A2,4.010,-85.8,1.980,3.083
3487970,A3,3.170,-80.0,1.980,3.052
3487990,A1,4.340,-81.1,1.886,2.964
3488000,A2,4.430,-86.0,1.248,2.964
3488120,A3,3.170,-80.4,1.248,2.964
3488140,A1,4.410,-80.8,1.358,3.067
3488150,A2,4.090,-86.2,1.879,3.067
3488270,A3,3.130,-79.9,1.879,3.109
3488290,A1,4.410,-80.9,1.879,3.109
3488300,A2,3.150,-86.5,3.103,3.109
3488420,A3,3.110,-81.3,3.103,3.129
3488440,A1,4.390,-81.4,3.072,3.100
3488450,A2,3.760,-85.9,2.313,3.100
3488570,A3,3.110,-81.3,2.313,3.100
3488590,A1,4.380,-81.7,2.298,3.085
3488600,A2,4.810,-85.1,0.679,3.085
3488720,A3,3.100,-81.3,0.679,3.096
3488740,A1,4.390,-82.1,0.695,3.110
3488750,A2,4.810,-85.8,0.695,3.110
3488870,A3,3.120,-80.9,0.695,3.090
3488890,A1,4.390,-81.8,0.695,3.090
3488900,A2,3.320,-86.3,2.874,3.090
3489020,A3,3.150,-80.6,2.874,3.058
3489040,A1,4.390,-81.3,2.874,3.058
3489050,A2,4.600,-85.5,1.050,3.058
3489170,A3,3.110,-80.7,1.050,3.100
3489190,A1,4.390,-81.7,1.050,3.100
3489200,A2,5.020,-85.0,0.324,3.100
3489320,A3,3.100,-80.6,0.324,3.110
3489340,A1,4.370,-81.4,0.292,3.081
3489350,A2,3.950,-84.2,2.018,3.081
3489620,A3,3.120,-81.2,2.018,3.060
3489640,A1,4.410,-81.1,2.082,3.119
3489650,A2,4.400,-85.9,1.406,3.119
3489770,A3,3.170,-80.9,1.406,3.067
3489790,A1,4.390,-81.1,1.374,3.037
3489800,A2,3.080,-85.7,3.150,3.037
3489920,A3,3.150,-80.4,3.150,3.058
3489940,A1,4.390,-82.0,3.150,3.058
3489950,A2,3.720,-87.7,2.367,3.058
3490070,A3,3.070,-80.7,2.367,3.141
3490090,A1,4.400,-81.2,2.383,3.156
3490100,A2,4.250,-86.0,1.623,3.156
3490220,A3,3.120,-81.0,1.623,3.104
3490240,A1,4.380,-81.5,1.592,3.075
3490250,A2,4.890,-85.0,0.540,3.075
3490370,A3,3.110,-80.6,0.540,3.085
3490390,A1,4.400,-81.3,0.571,3.115
3490400,A2,5.210,-84.8,-0.010,3.115
3490520,A3,3.120,-80.8,-0.010,3.104
3490540,A1,4.360,-81.3,-0.073,3.046
3490550,A2,5.300,-84.6,-0.243,3.046
3490670,A3,3.050,-80.7,-0.243,3.118
3490690,A1,4.390,-81.3,-0.196,3.162
3490700,A2,5.010,-84.7,0.342,3.162
3490820,A3,3.120,-80.5,0.342,3.090
3490840,A1,4.410,-81.2,0.373,3.119
3490850,A2,5.290,-84.7,-0.145,3.119
3490970,A3,3.140,-80.9,-0.145,3.098
3490990,A1,4.400,-81.3,-0.161,3.083
3491000,A2,5.240,-84.9,-0.066,3.083
3491120,A3,3.080,-80.6,-0.066,3.146
3491140,A1,4.400,-81.4,-0.066,3.146
3491150,A2,5.240,-84.6,-0.066,3.146
3491270,A3,3.070,-80.8,-0.066,3.156
3491290,A1,4.400,-81.2,-0.066,3.156
3491300,A2,4.630,-84.2,1.016,3.156
3491420,A3,3.090,-80.6,1.016,3.135
3491440,A1,4.410,-81.6,1.032,3.150
3491450,A2,4.860,-84.6,0.640,3.150
3491570,A3,3.220,-80.6,0.640,3.013
3491590,A1,4.390,-81.6,0.608,2.984
3491600,A2,5.000,-84.6,0.360,2.984
3491720,A3,3.170,-80.7,0.360,3.037
3491740,A1,4.380,-81.4,0.344,3.023
3491750,A2,5.770,-84.6,-1.147,3.023
3491870,A3,3.100,-80.8,-1.147,3.096
3491890,A1,4.380,-81.3,-1.147,3.096
3491900,A2,4.890,-84.5,0.540,3.096
3492020,A3,3.120,-80.5,0.540,3.075
3492040,A1,4.400,-81.4,0.571,3.104
3492050,A2,5.430,-84.9,-0.431,3.104
3492170,A3,3.130,-80.9,-0.431,3.094
3492190,A1,5.160,-81.2,0.876,4.305
3492200,A2,5.630,-84.4,0.478,4.305
3492320,A3,3.110,-80.7,0.478,4.326
3492340,A1,4.390,-81.1,-0.845,3.100
3492350,A2,4.590,-84.3,1.067,3.100
3492470,A3,3.130,-80.8,1.067,3.079
3492490,A1,4.400,-81.4,1.083,3.094
3492500,A2,4.790,-84.3,0.745,3.094
3492770,A3,3.090,-81.0,0.745,3.135
3492790,A1,4.380,-81.0,0.714,3.106
3492800,A2,4.430,-84.1,1.311,3.106
3492920,A3,3.100,-80.7,1.311,3.096
3492940,A1,4.410,-81.4,1.358,3.140
3492950,A2,4.870,-84.7,0.622,3.140
3493070,A3,3.140,-80.9,0.622,3.098
3493090,A1,4.390,-81.2,0.591,3.069
3493100,A2,4.490,-84.4,1.230,3.069
3493220,A3,3.090,-80.8,1.230,3.121
3493240,A1,4.380,-81.1,1.215,3.106
3493250,A2,4.900,-84.5,0.522,3.106
3493370,A3,3.120,-80.7,0.522,3.075
3493390,A1,4.410,-81.3,0.570,3.119
3493400,A2,4.130,-84.8,1.820,3.119
3493520,A3,3.140,-81.0,1.820,3.098
3493540,A1,4.420,-81.5,1.836,3.113
3493550,A2,4.640,-84.6,1.032,3.113
3493670,A3,3.120,-80.8,1.032,3.134
3493690,A1,4.430,-81.3,1.047,3.148
3493700,A2,4.590,-84.8,1.130,3.148
3493820,A3,3.100,-80.8,1.130,3.169
3493840,A1,4.400,-81.1,1.083,3.125
3493850,A2,5.580,-84.7,-0.728,3.125
3493970,A3,3.090,-80.5,-0.728,3.135
3493990,A1,4.390,-81.4,-0.744,3.121
3494000,A2,5.160,-85.0,0.067,3.121
3494120,A3,3.120,-80.8,0.067,3.090
3494140,A1,4.390,-81.5,0.067,3.090
3494150,A2,5.180,-84.5,0.030,3.090
3494270,A3,3.140,-80.6,0.030,3.069
3494290,A1,4.360,-81.3,-0.017,3.025
3494300,A2,4.950,-84.6,0.402,3.025
3494420,A3,3.120,-80.8,0.402,3.046
3494440,A1,4.410,-81.4,0.481,3.119
3494450,A2,4.170,-84.7,1.760,3.119
3494570,A3,3.120,-80.6,1.760,3.119
3494590,A1,4.400,-81.4,1.745,3.104
3494600,A2,4.110,-85.0,1.834,3.104
3494720,A3,3.110,-80.7,1.834,3.115
3494740,A1,4.390,-81.8,1.818,3.100
3494750,A2,4.830,-85.3,0.660,3.100
3494870,A3,3.110,-81.0,0.660,3.100
3494890,A1,4.380,-81.7,0.645,3.085
3494900,A2,5.700,-85.4,-1.003,3.085
3495020,A3,3.180,-81.2,-1.003,3.012
3495040,A1,4.380,-81.5,-1.003,3.012
3495050,A2,5.700,-85.9,-1.003,3.012
3495170,A3,3.090,-80.9,-1.003,3.106
3495190,A1,4.390,-81.6,-0.987,3.121
3495200,A2,5.660,-85.2,-0.906,3.121
3495320,A3,3.110,-81.4,-0.906,3.100
3495340,A1,4.390,-81.7,-0.906,3.100
3495350,A2,4.740,-85.3,0.815,3.100
3495470,A3,3.140,-80.8,0.815,3.069
3495490,A1,4.380,-82.0,0.799,3.054
3495500,A2,4.600,-85.4,1.035,3.054
3495620,A3,3.100,-80.8,1.035,3.096
3495640,A1,4.380,-81.6,1.035,3.096
3495650,A2,4.120,-85.6,1.787,3.096
3495920,A3,3.120,-80.9,1.787,3.075
3495940,A1,4.410,-81.4,1.835,3.119
3495950,A2,3.910,-85.5,2.138,3.119
3496070,A3,3.110,-81.0,2.138,3.129
3496090,A1,4.380,-81.7,2.091,3.085
3496100,A2,3.870,-85.7,2.147,3.085
3496220,A3,3.120,-80.8,2.147,3.075
3496240,A1,4.390,-81.7,2.163,3.090
3496250,A2,4.270,-85.9,1.577,3.090
3496370,A3,3.140,-81.3,1.577,3.069
3496390,A1,4.400,-81.9,1.593,3.083
3496400,A2,5.380,-85.5,-0.334,3.083
3496520,A3,3.100,-80.9,-0.334,3.125
3496540,A1,4.380,-81.4,-0.365,3.096
3496550,A2,4.990,-85.4,0.362,3.096
3496670,A3,3.110,-81.2,0.362,3.085
3496690,A1,4.370,-81.9,0.346,3.071
3496700,A2,4.700,-85.5,0.852,3.071
3496820,A3,3.160,-80.8,0.852,3.019
3496840,A1,4.400,-82.0,0.899,3.062
3496850,A2,4.230,-85.4,1.654,3.062
3496970,A3,3.120,-80.9,1.654,3.104
3496990,A1,4.390,-81.3,1.638,3.090
3497000,A2,3.930,-85.8,2.078,3.090
3497120,A3,3.110,-80.7,2.078,3.100
3497140,A1,4.410,-81.7,2.110,3.129
3497150,A2,5.100,-85.5,0.210,3.129
3497270,A3,3.130,-80.9,0.210,3.109
3497290,A1,4.390,-81.9,0.178,3.079
3497300,A2,3.940,-85.5,2.064,3.079
3497420,A3,3.150,-80.7,2.064,3.058
3497440,A1,4.380,-82.2,2.048,3.044
3497450,A2,3.860,-85.4,2.161,3.044
3497570,A3,3.130,-80.9,2.161,3.065
3497590,A1,4.370,-82.1,2.145,3.050
3497600,A2,5.420,-85.2,-0.459,3.050
3497720,A3,3.120,-81.5,-0.459,3.060
3497740,A1,4.390,-82.1,-0.427,3.090
3497750,A2,5.310,-85.3,-0.215,3.090
3497870,A3,3.110,-81.4,-0.215,3.100
3497890,A1,4.360,-81.7,-0.262,3.056
3497900,A2,5.540,-85.2,-0.711,3.056
3498020,A3,3.220,-81.9,-0.711,2.940
3498040,A1,4.380,-82.0,-0.680,2.969
3498050,A2,5.600,-85.2,-0.800,2.969
3498170,A3,3.090,-81.8,-0.800,3.106
3498190,A1,4.400,-82.0,-0.768,3.135
3498200,A2,3.990,-85.3,2.009,3.135
3498320,A3,3.140,-81.4,2.009,3.083
3498340,A1,4.390,-81.9,1.993,3.069
3498350,A2,4.610,-85.2,1.034,3.069
3498470,A3,3.110,-81.0,1.034,3.100
3498490,A1,4.410,-81.5,1.066,3.129
3498500,A2,5.270,-84.8,-0.107,3.129
3498620,A3,3.090,-81.1,-0.107,3.150
3498640,A1,5.210,-81.6,1.277,4.433
3498650,A2,4.810,-84.7,2.111,4.433
3498770,A3,3.090,-80.7,2.111,4.433
3498790,A1,4.400,-81.7,0.711,3.135
3498800,A2,5.410,-84.2,-0.392,3.135
3499070,A3,3.080,-80.8,-0.392,3.146
3499090,A1,4.390,-81.8,-0.408,3.131
3499100,A2,4.890,-84.6,0.555,3.131
3499220,A3,3.120,-80.8,0.555,3.090
3499240,A1,4.410,-81.5,0.587,3.119
3499250,A2,4.960,-85.2,0.463,3.119
3499370,A3,3.120,-81.0,0.463,3.119
3499390,A1,4.380,-81.3,0.416,3.075
3499400,A2,5.190,-85.1,-0.004,3.075
3499520,A3,3.130,-81.1,-0.004,3.065
3499540,A1,4.380,-81.3,-0.004,3.065
3499550,A2,5.780,-84.7,-1.168,3.065
3499670,A3,3.110,-81.1,-1.168,3.085
3499690,A1,4.410,-81.1,-1.121,3.129
3499700,A2,4.540,-84.8,1.181,3.129
3499820,A3,3.130,-81.2,1.181,3.109
3499840,A1,4.390,-81.4,1.149,3.079
3499850,A2,5.230,-85.2,-0.063,3.079
3499970,A3,3.120,-80.9,-0.063,3.090
3499990,A1,4.380,-81.5,-0.079,3.075
3500000,A2,4.900,-84.7,0.522,3.075
3500120,A3,3.120,-80.8,0.522,3.075
3500140,A1,4.370,-81.0,0.506,3.060
3500150,A2,4.790,-85.0,0.698,3.060
3500270,A3,3.130,-80.7,0.698,3.050
3500290,A1,4.360,-81.2,0.682,3.035
3500300,A2,4.810,-84.9,0.648,3.035
3500420,A3,3.110,-81.1,0.648,3.056
3500440,A1,4.400,-80.9,0.711,3.115
3500450,A2,4.490,-85.0,1.246,3.115
3500570,A3,3.120,-81.1,1.246,3.104
3500590,A1,4.410,-81.4,1.262,3.119
3500600,A2,4.470,-85.0,1.294,3.119
3500720,A3,3.110,-80.9,1.294,3.129
3500740,A1,4.400,-81.4,1.278,3.115
3500750,A2,4.010,-85.3,1.980,3.115
3500870,A3,3.130,-80.5,1.980,3.094
3500890,A1,4.390,-81.5,1.964,3.079
3500900,A2,3.670,-85.2,2.434,3.079
3501020,A3,3.130,-81.1,2.434,3.079
3501040,A1,4.410,-81.5,2.465,3.109
3501050,A2,4.020,-85.1,1.981,3.109
3501170,A3,3.120,-80.9,1.981,3.119
3501190,A1,4.400,-81.4,1.965,3.104
3501200,A2,3.720,-84.8,2.383,3.104
3501320,A3,3.120,-80.9,2.383,3.104
3501340,A1,4.390,-81.1,2.367,3.090
3501350,A2,5.020,-85.0,0.324,3.090
3501470,A3,3.160,-80.9,0.324,3.048
3501490,A1,4.390,-81.4,0.324,3.048
3501500,A2,3.620,-84.4,2.499,3.048
3501620,A3,3.200,-80.8,2.499,3.005
3501640,A1,4.400,-81.4,2.515,3.020
3501650,A2,5.800,-85.1,-1.178,3.020
3501770,A3,3.100,-81.0,-1.178,3.125
3501790,A1,4.400,-81.2,-1.178,3.125
3501800,A2,4.540,-85.1,1.165,3.125
3501920,A3,3.140,-80.9,1.165,3.083
3501940,A1,4.400,-81.2,1.165,3.083
3501950,A2,5.400,-85.0,-0.373,3.083
3502220,A3,3.200,-80.9,-0.373,3.020
3502240,A1,4.410,-81.1,-0.357,3.035
3502250,A2,5.780,-85.0,-1.121,3.035
3502370,A3,3.140,-81.1,-1.121,3.098
3502390,A1,4.390,-81.5,-1.153,3.069
3502400,A2,5.300,-85.4,-0.196,3.069
3502520,A3,3.110,-80.9,-0.196,3.100
3502540,A1,4.420,-81.3,-0.148,3.144
3502550,A2,4.790,-85.5,0.777,3.144
3502670,A3,3.130,-81.0,0.777,3.123
3502690,A1,4.410,-81.2,0.761,3.109
3502700,A2,5.020,-84.9,0.355,3.109
3502820,A3,3.120,-80.7,0.355,3.119
3502840,A1,5.180,-81.4,1.684,4.350
3502850,A2,4.640,-84.8,2.344,4.350
3502970,A3,3.120,-81.1,2.344,4.350
3502990,A1,4.380,-81.3,0.968,3.075
3503000,A2,4.080,-85.2,1.846,3.075
3503120,A3,3.120,-80.9,1.846,3.075
3503140,A1,4.400,-81.4,1.878,3.104
3503150,A2,4.990,-85.5,0.394,3.104
3503270,A3,3.140,-80.9,0.394,3.083
3503290,A1,4.390,-81.4,0.378,3.069
3503300,A2,4.960,-85.6,0.431,3.069
3503420,A3,3.130,-80.9,0.431,3.079
3503440,A1,4.400,-81.1,0.447,3.094
3503450,A2,3.620,-85.3,2.515,3.094
3503570,A3,3.120,-81.0,2.515,3.104
3503590,A1,4.400,-81.3,2.515,3.104
3503600,A2,5.430,-84.8,-0.431,3.104
3503720,A3,3.130,-80.8,-0.431,3.094
3503740,A1,4.410,-81.0,-0.415,3.109
3503750,A2,4.110,-84.9,1.850,3.109
3503870,A3,3.130,-80.7,1.850,3.109
3503890,A1,4.410,-81.4,1.850,3.109
3503900,A2,5.780,-84.8,-1.121,3.109
3504020,A3,3.140,-80.9,-1.121,3.098
3504040,A1,4.410,-81.3,-1.121,3.098
3504050,A2,4.920,-85.1,0.534,3.098
3504170,A3,3.140,-80.6,0.534,3.098
3504190,A1,4.380,-81.0,0.487,3.054
3504200,A2,5.540,-85.0,-0.680,3.054
3504320,A3,3.150,-80.9,-0.680,3.044
3504340,A1,4.390,-81.4,-0.664,3.058
3504350,A2,4.910,-85.2,0.520,3.058
3504490,A1,4.390,-81.2,0.520,3.058
3504500,A2,4.640,-85.3,0.984,3.058
3504640,A1,4.400,-81.3,1.000,3.073
3504650,A2,5.770,-84.9,-1.116,3.073
3504770,A3,3.140,-80.7,-1.116,3.083
3504790,A1,4.410,-81.4,-1.100,3.098
3504800,A2,4.900,-85.0,0.570,3.098
3504920,A3,3.120,-80.8,0.570,3.119
3504940,A1,4.410,-81.1,0.570,3.119
3504950,A2,5.520,-85.3,-0.592,3.119
3505070,A3,3.130,-80.7,-0.592,3.109
3505090,A1,4.410,-81.3,-0.592,3.109
3505100,A2,4.440,-85.5,1.342,3.109
3505370,A3,3.120,-80.7,1.342,3.119
3505390,A1,4.410,-81.7,1.342,3.119
3505400,A2,4.600,-86.9,1.082,3.119
3505520,A3,3.110,-81.3,1.082,3.129
3505540,A1,4.380,-81.7,1.035,3.085
3505550,A2,3.110,-85.6,3.101,3.085
3505670,A3,3.130,-81.1,3.101,3.065
3505690,A1,4.400,-81.3,3.132,3.094
3505700,A2,3.130,-87.2,3.110,3.094
3505820,A3,3.110,-81.0,3.110,3.115
3505840,A1,4.390,-81.9,3.094,3.100
3505850,A2,3.060,-87.1,3.172,3.100
3505970,A3,3.100,-81.1,3.172,3.110
3505990,A1,4.370,-81.4,3.141,3.081
3506000,A2,3.090,-86.9,3.107,3.081
3506120,A3,3.080,-81.4,3.107,3.102
3506140,A1,4.380,-81.1,3.123,3.116
3506150,A2,4.010,-85.8,1.948,3.116
3506270,A3,3.150,-80.4,1.948,3.044
3506290,A1,4.410,-81.0,1.996,3.088
3506300,A2,3.130,-85.4,3.126,3.088
3506420,A3,3.150,-80.9,3.126,3.088
3506440,A1,4.430,-81.5,3.158,3.117
3506450,A2,5.360,-85.8,-0.248,3.117
3506570,A3,3.120,-82.1,-0.248,3.148
3506590,A1,4.420,-81.8,-0.263,3.134
3506600,A2,3.500,-86.6,2.701,3.134
