timestamp_ms,anchor,distance_m,rxPower_dBm,x_calculated_m,y_calculated_m
1589000,A3,2.480,-81.4,1.035,0.806
1589020,A2,1.990,-83.6,1.035,0.806
1589030,A1,1.400,-81.0,1.030,0.802
1589150,A3,2.520,-80.8,1.030,0.768
1589170,A2,1.990,-84.1,1.030,0.768
1589180,A1,1.390,-81.0,1.025,0.764
1589300,A3,2.500,-81.6,1.025,0.780
1589320,A2,2.000,-83.8,1.018,0.780
1589330,A1,1.380,-81.3,1.013,0.776
1589450,A3,2.480,-80.9,1.013,0.792
1589470,A2,1.990,-84.1,1.020,0.792
1589480,A1,1.400,-81.1,1.030,0.802
1589600,A3,2.510,-81.2,1.030,0.777
1589620,A2,2.000,-84.1,1.023,0.777
1589630,A1,1.420,-81.1,1.033,0.786
1589750,A3,2.500,-80.7,1.033,0.794
1589770,A2,2.010,-84.3,1.026,0.794
1589780,A1,1.400,-81.1,1.016,0.785
1589900,A3,2.500,-80.7,1.016,0.785
1589920,A2,1.990,-83.8,1.030,0.785
1589930,A1,1.410,-81.1,1.035,0.790
1590050,A3,2.550,-81.4,1.035,0.748
1590070,A2,1.990,-83.6,1.035,0.748
1590080,A1,1.370,-81.2,1.015,0.729
1590200,A3,2.510,-81.2,1.015,0.763
1590220,A2,2.020,-83.9,0.994,0.763
1590230,A1,1.390,-81.0,1.004,0.772
1590350,A3,2.490,-80.5,1.004,0.789
1590370,A2,2.010,-84.0,1.011,0.789
1590380,A1,1.400,-81.0,1.016,0.793
1590500,A3,2.550,-80.5,1.016,0.743
1590520,A2,1.980,-84.3,1.037,0.743
1590530,A1,1.410,-80.7,1.042,0.748
1590650,A3,2.510,-80.8,1.042,0.781
1590670,A2,2.010,-84.2,1.021,0.781
1590680,A1,1.410,-81.3,1.021,0.781
1590800,A3,2.510,-81.3,1.021,0.781
1590820,A2,1.980,-84.1,1.042,0.781
1590830,A1,1.390,-80.8,1.032,0.772
1590950,A3,2.500,-81.0,1.032,0.780
1590980,A1,1.410,-80.8,1.042,0.790
1591130,A1,1.390,-80.9,1.032,0.780
1591250,A3,2.480,-80.9,1.032,0.797
1591270,A2,2.010,-84.1,1.011,0.797
1591280,A1,1.400,-81.0,1.016,0.802
1591400,A3,2.500,-81.0,1.016,0.785
1591420,A2,2.010,-83.8,1.016,0.785
1591430,A1,1.420,-81.1,1.026,0.794
1591550,A3,2.480,-81.7,1.026,0.811
1591570,A2,1.990,-84.0,1.040,0.811
1591580,A1,1.400,-81.4,1.030,0.802
1591850,A3,2.480,-81.7,1.030,0.802
1591870,A2,2.010,-84.3,1.016,0.802
1592150,A3,2.500,-81.5,1.016,0.785
1592170,A2,2.000,-84.3,1.023,0.785
1592180,A1,1.400,-81.3,1.023,0.785
1592300,A3,2.500,-81.4,1.023,0.785
1592320,A2,1.990,-83.8,1.030,0.785
1592330,A1,1.370,-81.0,1.015,0.771
1592450,A3,2.490,-81.6,1.015,0.779
1592470,A2,1.990,-83.6,1.015,0.779
1592480,A1,1.370,-81.6,1.015,0.779
1592600,A3,2.520,-83.5,1.015,0.754
1592620,A2,2.000,-84.0,1.008,0.754
1592630,A1,1.380,-81.9,1.013,0.759
1592750,A3,2.490,-81.8,1.013,0.784
1592770,A2,2.010,-84.1,1.006,0.784
1592780,A1,1.390,-81.4,1.011,0.789
1592900,A3,2.500,-81.1,1.011,0.780
1592920,A2,2.000,-84.0,1.018,0.780
1592930,A1,1.400,-81.0,1.023,0.785
1593050,A3,2.480,-81.2,1.023,0.802
1593070,A2,1.990,-83.9,1.030,0.802
1593080,A1,1.400,-81.2,1.030,0.802
1593200,A3,2.500,-81.7,1.030,0.785
1593220,A2,2.010,-83.6,1.016,0.785
1593230,A1,1.390,-81.1,1.011,0.780
1593350,A3,2.490,-81.6,1.011,0.789
1593370,A2,2.000,-83.4,1.018,0.789
1593380,A1,1.380,-81.4,1.013,0.784
1593500,A3,2.490,-81.3,1.013,0.784
1593520,A2,1.980,-84.1,1.027,0.784
1593530,A1,1.400,-81.1,1.037,0.793
1593650,A3,2.470,-81.1,1.037,0.810
1593670,A2,2.010,-83.9,1.016,0.810
1593680,A1,1.390,-81.2,1.011,0.805
1593800,A3,2.470,-81.2,1.011,0.805
1593820,A2,1.980,-83.5,1.032,0.805
1593830,A1,1.410,-81.3,1.042,0.815
1593950,A3,2.510,-81.8,1.042,0.781
1593970,A2,2.000,-83.7,1.028,0.781
1593980,A1,1.390,-80.9,1.018,0.772
1594100,A3,2.450,-81.3,1.018,0.822
1594120,A2,1.980,-83.9,1.032,0.822
1594130,A1,1.390,-81.3,1.032,0.822
1594250,A3,2.480,-81.4,1.032,0.797
1594270,A2,2.000,-83.3,1.018,0.797
1594280,A1,1.410,-80.8,1.028,0.806
1594400,A3,2.490,-81.4,1.028,0.798
1594420,A2,2.010,-84.0,1.021,0.798
1594430,A1,1.380,-81.1,1.006,0.784
1594550,A3,2.490,-81.2,1.006,0.784
1594570,A2,1.990,-83.6,1.020,0.784
1594580,A1,1.380,-80.9,1.020,0.784
1594700,A3,2.500,-82.0,1.020,0.776
1594720,A2,2.000,-83.8,1.013,0.776
1594730,A1,1.380,-81.2,1.013,0.776
1595000,A3,2.500,-81.6,1.013,0.776
1595020,A2,2.000,-84.2,1.013,0.776
1595030,A1,1.400,-81.2,1.023,0.785
1595150,A3,2.470,-81.8,1.023,0.810
1595170,A2,1.990,-83.8,1.030,0.810
1595180,A1,1.390,-81.5,1.025,0.805
1595300,A3,2.510,-82.0,1.025,0.772
1595320,A2,2.000,-84.0,1.018,0.772
1595330,A1,1.370,-81.2,1.008,0.763
1595450,A3,2.510,-81.2,1.008,0.763
1595470,A2,1.990,-83.6,1.015,0.763
1595480,A1,1.370,-81.3,1.015,0.763
1595600,A3,2.500,-81.8,1.015,0.771
1595620,A2,1.980,-84.1,1.022,0.771
1595630,A1,1.370,-81.3,1.022,0.771
1595750,A3,2.480,-81.7,1.022,0.788
1595770,A2,2.030,-83.9,0.986,0.788
1595780,A1,1.400,-81.3,1.001,0.802
1595900,A3,2.490,-81.1,1.001,0.793
1595920,A2,2.000,-83.4,1.023,0.793
1595930,A1,1.390,-80.9,1.018,0.789
1596050,A3,2.510,-81.8,1.018,0.772
1596070,A2,1.980,-83.9,1.032,0.772
1596080,A1,1.400,-81.3,1.037,0.777
1596200,A3,2.490,-81.8,1.037,0.793
1596220,A2,1.990,-83.8,1.030,0.793
1596230,A1,1.390,-80.9,1.025,0.789
1596350,A3,2.500,-81.9,1.025,0.780
1596370,A2,1.990,-83.5,1.025,0.780
1596380,A1,1.430,-81.2,1.046,0.799
1596500,A3,2.500,-81.0,1.046,0.799
1596520,A2,1.980,-83.6,1.053,0.799
1596530,A1,1.410,-81.5,1.042,0.790
1596650,A3,2.500,-81.6,1.042,0.790
1596670,A2,2.010,-83.6,1.021,0.790
1596680,A1,1.390,-81.3,1.011,0.780
1596800,A3,2.490,-80.9,1.011,0.789
1596820,A2,2.000,-83.5,1.018,0.789
1596830,A1,1.410,-80.6,1.028,0.798
1596950,A3,2.490,-81.4,1.028,0.798
1596970,A2,2.000,-83.8,1.028,0.798
1596980,A1,1.390,-81.1,1.018,0.789
1597100,A3,2.510,-81.6,1.018,0.772
1597120,A2,1.990,-83.4,1.025,0.772
1597130,A1,1.390,-81.2,1.025,0.772
1597250,A3,2.490,-81.4,1.025,0.789
1597270,A2,2.000,-83.9,1.018,0.789
1597280,A1,1.370,-81.1,1.008,0.779
1597400,A3,2.520,-81.4,1.008,0.754
1597420,A2,1.990,-84.1,1.015,0.754
1597430,A1,1.400,-81.2,1.030,0.768
1597550,A3,2.510,-81.8,1.030,0.777
1597570,A2,2.000,-84.1,1.023,0.777
1597580,A1,1.390,-81.1,1.018,0.772
1597700,A3,2.490,-81.8,1.018,0.789
1597720,A2,1.990,-83.4,1.025,0.789
1597730,A1,1.370,-81.2,1.015,0.779
1597850,A3,2.490,-81.6,1.015,0.779
1597870,A2,2.000,-83.4,1.008,0.779
1597880,A1,1.400,-81.2,1.023,0.793
1598150,A3,2.510,-81.2,1.023,0.777
1598170,A2,2.010,-83.6,1.016,0.777
1598180,A1,1.390,-81.1,1.011,0.772
1598300,A3,2.500,-81.7,1.011,0.780
1598320,A2,2.000,-83.5,1.018,0.780
1598330,A1,1.380,-81.2,1.013,0.776
1598450,A3,2.500,-81.1,1.013,0.776
1598470,A2,1.990,-83.4,1.020,0.776
1598480,A1,1.390,-81.2,1.025,0.780
1598600,A3,2.490,-81.7,1.025,0.789
1598620,A2,1.990,-84.0,1.025,0.789
1598630,A1,1.370,-81.1,1.015,0.779
1598770,A2,1.990,-84.1,1.015,0.779
1598780,A1,1.410,-80.9,1.035,0.798
1598920,A2,2.000,-83.7,1.028,0.798
1598930,A1,1.380,-81.0,1.013,0.784
1599050,A3,2.500,-81.5,1.013,0.776
1599070,A2,2.000,-83.7,1.013,0.776
1599080,A1,1.390,-81.2,1.018,0.780
1599200,A3,2.500,-81.4,1.018,0.780
1599220,A2,2.020,-84.1,1.004,0.780
1599230,A1,1.380,-81.4,0.999,0.776
1599350,A3,2.480,-81.7,0.999,0.792
1599370,A2,1.990,-83.7,1.020,0.792
1599380,A1,1.400,-80.9,1.030,0.802
1599500,A3,2.480,-81.3,1.030,0.802
1599520,A2,1.990,-83.6,1.030,0.802
1599530,A1,1.400,-81.1,1.030,0.802
1599650,A3,2.510,-81.2,1.030,0.777
1599670,A2,2.000,-83.6,1.023,0.777
1599680,A1,1.380,-80.8,1.013,0.767
1599800,A3,2.490,-81.1,1.013,0.784
1599820,A2,2.000,-84.1,1.013,0.784
1599830,A1,1.370,-81.3,1.008,0.779
1599950,A3,2.500,-81.5,1.008,0.771
1599970,A2,2.010,-83.6,1.001,0.771
1599980,A1,1.410,-81.3,1.021,0.790
1600100,A3,2.490,-81.6,1.021,0.798
1600120,A2,2.000,-84.0,1.028,0.798
1600130,A1,1.400,-80.8,1.023,0.793
1600250,A3,2.510,-81.3,1.023,0.777
1600270,A2,2.030,-83.6,1.001,0.777
1600280,A1,1.380,-81.2,0.991,0.767
1600400,A3,2.520,-81.4,0.991,0.759
1600420,A2,1.990,-83.8,1.020,0.759
1600430,A1,1.420,-80.7,1.040,0.778
1600550,A3,2.510,-81.4,1.040,0.786
1600570,A2,2.010,-84.2,1.026,0.786
1600580,A1,1.400,-81.2,1.016,0.777
1600700,A3,2.510,-81.8,1.016,0.777
1600720,A2,2.020,-83.4,1.009,0.777
1600730,A1,1.410,-81.2,1.014,0.781
1600850,A3,2.500,-81.4,1.014,0.790
1600870,A2,2.010,-84.1,1.021,0.790
1600880,A1,1.380,-81.3,1.006,0.776
1601000,A3,2.480,-81.4,1.006,0.792
1601020,A2,2.010,-84.0,1.006,0.792
1601030,A1,1.380,-80.6,1.006,0.792
1601300,A3,2.500,-81.4,1.006,0.776
1601320,A2,2.020,-83.7,0.999,0.776
1601330,A1,1.410,-81.2,1.014,0.790
1601450,A3,2.510,-81.5,1.014,0.781
1601470,A2,1.990,-83.7,1.035,0.781
1601480,A1,1.390,-81.0,1.025,0.772
1601600,A3,2.510,-82.0,1.025,0.772
1601620,A2,1.990,-83.6,1.025,0.772
1601630,A1,1.380,-81.0,1.020,0.767
1601750,A3,2.490,-81.5,1.020,0.784
1601770,A2,1.990,-83.9,1.020,0.784
1601780,A1,1.380,-81.3,1.020,0.784
1601900,A3,2.480,-81.6,1.020,0.792
1601920,A2,1.990,-83.5,1.020,0.792
1601930,A1,1.390,-81.3,1.025,0.797
1602050,A3,2.480,-81.7,1.025,0.797
1602070,A2,2.000,-83.8,1.018,0.797
1602080,A1,1.380,-81.2,1.013,0.792
1602200,A3,2.500,-81.4,1.013,0.776
1602220,A2,2.000,-83.3,1.013,0.776
1602230,A1,1.410,-81.3,1.028,0.790
1602350,A3,2.500,-81.9,1.028,0.790
1602370,A2,2.000,-83.5,1.028,0.790
1602380,A1,1.400,-81.4,1.023,0.785
1602500,A3,2.490,-81.3,1.023,0.793
1602520,A2,2.000,-83.6,1.023,0.793
1602530,A1,1.390,-80.9,1.018,0.789
1602650,A3,2.490,-81.2,1.018,0.789
1602670,A2,1.990,-83.8,1.025,0.789
1602950,A3,2.500,-81.6,1.025,0.780
1602970,A2,1.990,-83.4,1.025,0.780
1602980,A1,1.400,-81.1,1.030,0.785
1603100,A3,2.480,-81.4,1.030,0.802
1603120,A2,1.990,-84.0,1.030,0.802
1603130,A1,1.390,-81.3,1.025,0.797
1603250,A3,2.500,-83.2,1.025,0.780
1603270,A2,1.980,-84.0,1.032,0.780
1603280,A1,1.400,-81.8,1.037,0.785
1603400,A3,2.470,-81.2,1.037,0.810
1603420,A2,2.000,-83.8,1.023,0.810
1603430,A1,1.390,-81.1,1.018,0.805
1603550,A3,2.450,-81.2,1.018,0.822
1603570,A2,1.980,-84.0,1.032,0.822
1603580,A1,1.390,-81.2,1.032,0.822
1603700,A3,2.490,-81.6,1.032,0.789
1603720,A2,2.000,-83.8,1.018,0.789
1603730,A1,1.410,-81.2,1.028,0.798
1603850,A3,2.480,-81.3,1.028,0.806
1603870,A2,2.000,-83.6,1.028,0.806
1603880,A1,1.410,-81.3,1.028,0.806
1604000,A3,2.500,-81.4,1.028,0.790
1604020,A2,1.990,-83.6,1.035,0.790
1604030,A1,1.380,-81.0,1.020,0.776
1604150,A3,2.490,-81.2,1.020,0.784
1604170,A2,1.970,-83.6,1.035,0.784
1604180,A1,1.390,-80.9,1.039,0.789
1604450,A3,2.470,-81.3,1.039,0.805
1604470,A2,1.980,-83.7,1.032,0.805
1604480,A1,1.410,-81.3,1.042,0.815
1604600,A3,2.460,-81.2,1.042,0.823
1604620,A2,1.970,-84.0,1.050,0.823
1604630,A1,1.380,-81.4,1.035,0.809
1604750,A3,2.490,-81.2,1.035,0.784
1604770,A2,1.980,-83.9,1.027,0.784
1604780,A1,1.380,-80.8,1.027,0.784
1604900,A3,2.500,-81.5,1.027,0.776
1604920,A2,2.010,-83.6,1.006,0.776
1604930,A1,1.380,-81.1,1.006,0.776
1605050,A3,2.490,-81.3,1.006,0.784
1605070,A2,1.980,-83.5,1.027,0.784
1605080,A1,1.370,-81.3,1.022,0.779
1605200,A3,2.500,-81.2,1.022,0.771
1605220,A2,1.990,-83.5,1.015,0.771
1605230,A1,1.410,-81.1,1.035,0.790
1605350,A3,2.500,-81.4,1.035,0.790
1605370,A2,2.000,-84.1,1.028,0.790
1605380,A1,1.380,-81.2,1.013,0.776
1605500,A3,2.500,-81.6,1.013,0.776
1605520,A2,1.980,-83.5,1.027,0.776
1605530,A1,1.390,-81.1,1.032,0.780
1605650,A3,2.490,-81.8,1.032,0.789
1605670,A2,1.990,-83.7,1.025,0.789
1605680,A1,1.400,-81.2,1.030,0.793
1605800,A3,2.500,-81.7,1.030,0.785
1605820,A2,1.990,-84.1,1.030,0.785
1605830,A1,1.400,-81.3,1.030,0.785
1605950,A3,2.500,-80.9,1.030,0.785
1605970,A2,2.010,-84.0,1.016,0.785
1605980,A1,1.400,-81.1,1.016,0.785
1606100,A3,2.510,-81.2,1.016,0.777
1606120,A2,1.990,-84.5,1.030,0.777
1606130,A1,1.390,-80.3,1.025,0.772
1606250,A3,2.530,-80.7,1.025,0.755
1606270,A2,2.010,-84.4,1.011,0.755
1606280,A1,1.390,-81.0,1.011,0.755
1606400,A3,2.490,-81.8,1.011,0.789
1606420,A2,2.000,-83.8,1.018,0.789
1606430,A1,1.380,-81.3,1.013,0.784
1606550,A3,2.500,-81.1,1.013,0.776
1606570,A2,2.000,-84.2,1.013,0.776
1606580,A1,1.410,-81.2,1.028,0.790
1606700,A3,2.510,-81.4,1.028,0.781
1606720,A2,1.990,-83.9,1.035,0.781
1606730,A1,1.400,-80.6,1.030,0.777
1606850,A3,2.470,-81.8,1.030,0.810
1606870,A2,1.990,-83.9,1.030,0.810
1606880,A1,1.390,-81.5,1.025,0.805
1607000,A3,2.480,-81.3,1.025,0.797
1607020,A2,2.010,-84.5,1.011,0.797
1607030,A1,1.400,-80.9,1.016,0.802
1607150,A3,2.530,-80.4,1.016,0.760
1607170,A2,2.010,-83.3,1.016,0.760
1607180,A1,1.390,-80.7,1.011,0.755
1607300,A3,2.500,-80.3,1.011,0.780
1607320,A2,1.990,-83.7,1.025,0.780
1607330,A1,1.410,-81.0,1.035,0.790
1607600,A3,2.480,-82.1,1.035,0.806
1607620,A2,2.010,-83.0,1.021,0.806
1607630,A1,1.420,-81.0,1.026,0.811
1607750,A3,2.510,-82.1,1.026,0.786
1607770,A2,1.980,-83.9,1.048,0.786
1607780,A1,1.420,-80.8,1.048,0.786
1607900,A3,2.490,-82.7,1.048,0.803
1607920,A2,2.010,-83.7,1.026,0.803
1607930,A1,1.400,-81.1,1.016,0.793
1608050,A3,2.520,-82.0,1.016,0.768
1608070,A2,1.980,-83.7,1.037,0.768
1608080,A1,1.370,-80.9,1.022,0.754
1608200,A3,2.470,-81.7,1.022,0.796
1608220,A2,2.000,-84.0,1.008,0.796
1608230,A1,1.390,-81.2,1.018,0.805
1608350,A3,2.510,-81.6,1.018,0.772
1608370,A2,2.020,-83.0,1.004,0.772
1608380,A1,1.410,-80.5,1.014,0.781
1608500,A3,2.480,-81.7,1.014,0.806
1608520,A2,2.000,-82.8,1.028,0.806
1608530,A1,1.380,-80.5,1.013,0.792
1608650,A3,2.490,-81.3,1.013,0.784
1608670,A2,2.000,-84.1,1.013,0.784
1608680,A1,1.390,-80.7,1.018,0.789
1608800,A3,2.490,-81.1,1.018,0.789
1608820,A2,1.990,-83.7,1.025,0.789
1608830,A1,1.390,-81.0,1.025,0.789
1608950,A3,2.520,-82.1,1.025,0.764
1608970,A2,2.000,-82.6,1.018,0.764
1608980,A1,1.390,-81.4,1.018,0.764
1609100,A3,2.500,-81.7,1.018,0.780
1609120,A2,2.020,-83.2,1.004,0.780
1609130,A1,1.390,-81.4,1.004,0.780
1609250,A3,2.490,-81.2,1.004,0.789
1609270,A2,2.020,-83.2,1.004,0.789
1609280,A1,1.380,-81.1,0.999,0.784
1609400,A3,2.490,-81.8,0.999,0.784
1609420,A2,2.000,-82.6,1.013,0.784
1609430,A1,1.400,-80.7,1.023,0.793
1609550,A3,2.500,-81.6,1.023,0.785
1609570,A2,1.980,-83.8,1.037,0.785
1609580,A1,1.400,-80.8,1.037,0.785
1609700,A3,2.520,-81.5,1.037,0.768
1609720,A2,2.000,-83.6,1.023,0.768
1609730,A1,1.410,-80.9,1.028,0.773
1609850,A3,2.500,-81.4,1.028,0.790
1609870,A2,2.010,-83.5,1.021,0.790
1609880,A1,1.360,-81.2,0.996,0.767
1610000,A3,2.490,-82.6,0.996,0.775
1610020,A2,2.020,-82.4,0.989,0.775
1610030,A1,1.410,-80.5,1.014,0.798
1610150,A3,2.490,-81.5,1.014,0.798
1610170,A2,2.010,-84.6,1.021,0.798
1610180,A1,1.390,-80.4,1.011,0.789
1610300,A3,2.450,-82.6,1.011,0.822
1610320,A2,1.990,-84.0,1.025,0.822
1610330,A1,1.400,-81.0,1.030,0.826
1610450,A3,2.470,-81.9,1.030,0.810
1610470,A2,2.020,-83.6,1.009,0.810
1610480,A1,1.370,-81.1,0.994,0.796
1610750,A3,2.490,-82.0,0.994,0.779
1610770,A2,1.990,-83.3,1.015,0.779
1610780,A1,1.370,-81.4,1.015,0.779
1610900,A3,2.490,-82.9,1.015,0.779
1610920,A2,1.970,-83.0,1.030,0.779
1610930,A1,1.370,-81.1,1.030,0.779
1611050,A3,2.490,-81.2,1.030,0.779
1611070,A2,1.990,-83.7,1.015,0.779
1611080,A1,1.370,-81.0,1.015,0.779
1611200,A3,2.490,-81.8,1.015,0.779
1611220,A2,2.000,-83.8,1.008,0.779
1611230,A1,1.390,-81.0,1.018,0.789
1611350,A3,2.490,-81.2,1.018,0.789
1611370,A2,2.010,-83.8,1.011,0.789
1611380,A1,1.380,-81.3,1.006,0.784
1611500,A3,2.490,-81.6,1.006,0.784
1611520,A2,1.980,-83.8,1.027,0.784
1611530,A1,1.400,-80.7,1.037,0.793
1611650,A3,2.480,-81.8,1.037,0.802
1611670,A2,2.000,-83.4,1.023,0.802
1611680,A1,1.390,-80.8,1.018,0.797
1611800,A3,2.500,-82.4,1.018,0.780
1611820,A2,1.970,-84.2,1.039,0.780
1611830,A1,1.390,-80.8,1.039,0.780
1611950,A3,2.480,-82.2,1.039,0.797
1611970,A2,2.000,-82.3,1.018,0.797
1611980,A1,1.410,-80.6,1.028,0.806
1612100,A3,2.490,-82.1,1.028,0.798
1612120,A2,2.000,-83.0,1.028,0.798
1612130,A1,1.390,-81.0,1.018,0.789
1612250,A3,2.470,-81.4,1.018,0.805
1612270,A2,1.990,-83.4,1.025,0.805
1612280,A1,1.410,-80.8,1.035,0.815
1612400,A3,2.470,-82.6,1.035,0.815
1612420,A2,2.010,-82.9,1.021,0.815
1612430,A1,1.390,-80.9,1.011,0.805
1612550,A3,2.470,-82.2,1.011,0.805
1612570,A2,2.020,-83.2,1.004,0.805
1612580,A1,1.370,-81.5,0.994,0.796
1612700,A3,2.460,-82.5,0.994,0.804
1612720,A2,2.000,-83.0,1.008,0.804
1612730,A1,1.400,-80.9,1.023,0.818
1612850,A3,2.460,-82.6,1.023,0.818
1612870,A2,2.030,-81.8,1.001,0.818
1612880,A1,1.390,-80.4,0.996,0.813
1613000,A3,2.450,-82.5,0.996,0.822
1613020,A2,2.000,-82.6,1.018,0.822
1613030,A1,1.450,-80.6,1.049,0.850
1613150,A3,2.510,-82.5,1.049,0.800
1613170,A2,1.970,-82.8,1.070,0.800
1613180,A1,1.400,-80.2,1.045,0.777
1613300,A3,2.450,-83.4,1.045,0.826
1613320,A2,2.020,-82.5,1.009,0.826
1613330,A1,1.400,-80.7,1.009,0.826
1613450,A3,2.470,-82.1,1.009,0.810
1613470,A2,1.990,-83.8,1.030,0.810
1613480,A1,1.370,-80.3,1.015,0.796
1613600,A3,2.480,-82.6,1.015,0.788
1613620,A2,2.020,-83.3,0.994,0.788
1613630,A1,1.370,-80.5,0.994,0.788
1613900,A3,2.470,-84.5,0.994,0.796
1613920,A2,2.000,-82.3,1.008,0.796
1613930,A1,1.440,-80.9,1.044,0.829
1614050,A3,2.470,-83.1,1.044,0.829
1614070,A2,2.020,-82.3,1.029,0.829
1614080,A1,1.410,-80.8,1.014,0.815
1614200,A3,2.470,-83.3,1.014,0.815
1614220,A2,2.020,-81.9,1.014,0.815
1614230,A1,1.390,-80.6,1.004,0.805
1614350,A3,2.440,-82.4,1.004,0.830
1614370,A2,2.000,-82.5,1.018,0.830
1614380,A1,1.400,-80.5,1.023,0.834
1614500,A3,2.460,-82.0,1.023,0.818
1614520,A2,2.030,-82.6,1.001,0.818
1614530,A1,1.360,-81.0,0.981,0.800
1614650,A3,2.460,-81.8,0.981,0.800
1614670,A2,2.020,-82.6,0.989,0.800
1614680,A1,1.400,-81.0,1.009,0.818
1614800,A3,2.460,-82.3,1.009,0.818
1614820,A2,2.020,-82.3,1.009,0.818
1614830,A1,1.440,-80.2,1.029,0.837
1614950,A3,2.470,-81.8,1.029,0.829
1614970,A2,2.000,-82.1,1.044,0.829
1614980,A1,1.390,-80.4,1.018,0.805
1615100,A3,2.480,-82.0,1.018,0.797
1615120,A2,2.030,-83.0,0.996,0.797
1615130,A1,1.400,-80.3,1.001,0.802
1615250,A3,2.470,-81.9,1.001,0.810
1615270,A2,2.010,-82.6,1.016,0.810
1615280,A1,1.400,-80.5,1.016,0.810
1615400,A3,2.460,-82.3,1.016,0.818
1615420,A2,2.030,-83.3,1.001,0.818
1615430,A1,1.400,-80.3,1.001,0.818
1615550,A3,2.470,-82.6,1.001,0.810
1615570,A2,1.990,-83.2,1.030,0.810
1615580,A1,1.400,-80.8,1.030,0.810
1615700,A3,2.500,-82.0,1.030,0.785
1615720,A2,2.030,-81.9,1.001,0.785
1615730,A1,1.370,-80.6,0.986,0.771
1615850,A3,2.510,-82.2,0.986,0.763
1615870,A2,2.020,-82.4,0.994,0.763
1615880,A1,1.390,-80.9,1.004,0.772
1616000,A3,2.510,-81.9,1.004,0.772
1616020,A2,2.000,-83.2,1.018,0.772
1616030,A1,1.380,-81.2,1.013,0.767
1616150,A3,2.480,-82.0,1.013,0.792
1616170,A2,2.020,-83.4,0.999,0.792
1616180,A1,1.380,-81.1,0.999,0.792
1616300,A3,2.490,-81.5,0.999,0.784
1616320,A2,2.010,-83.4,1.006,0.784
1616600,A3,2.500,-81.7,1.006,0.776
1616620,A2,2.010,-83.4,1.006,0.776
1616630,A1,1.370,-80.9,1.001,0.771
1616770,A2,2.030,-82.6,0.986,0.771
1616780,A1,1.430,-80.9,1.017,0.799
1617050,A3,2.480,-81.4,1.017,0.816
1617070,A2,2.020,-83.7,1.024,0.816
1617080,A1,1.370,-81.3,0.994,0.788
1617200,A3,2.480,-82.1,0.994,0.788
1617220,A2,1.990,-82.2,1.015,0.788
1617230,A1,1.410,-80.7,1.035,0.806
1617350,A3,2.490,-81.4,1.035,0.798
1617370,A2,1.980,-82.9,1.042,0.798
1617380,A1,1.400,-81.1,1.037,0.793
1617500,A3,2.480,-81.3,1.037,0.802
1617520,A2,2.000,-83.6,1.023,0.802
1617530,A1,1.380,-80.8,1.013,0.792
1617650,A3,2.480,-81.8,1.013,0.792
1617670,A2,2.010,-84.3,1.006,0.792
1617680,A1,1.400,-80.8,1.016,0.802
1617800,A3,2.510,-82.1,1.016,0.777
1617820,A2,2.010,-84.1,1.016,0.777
1617830,A1,1.380,-80.9,1.006,0.767
1617950,A3,2.470,-82.2,1.006,0.801
1617970,A2,2.020,-83.6,0.999,0.801
1617980,A1,1.400,-81.1,1.009,0.810
1618100,A3,2.480,-81.6,1.009,0.802
1618120,A2,2.010,-83.6,1.016,0.802
1618130,A1,1.370,-81.4,1.001,0.788
1618250,A3,2.500,-82.7,1.001,0.771
1618270,A2,2.000,-83.1,1.008,0.771
1618280,A1,1.410,-81.4,1.028,0.790
1618400,A3,2.470,-82.5,1.028,0.815
1618420,A2,2.000,-83.4,1.028,0.815
1618430,A1,1.390,-81.2,1.018,0.805
1618550,A3,2.500,-81.8,1.018,0.780
1618570,A2,1.990,-84.3,1.025,0.780
1618580,A1,1.370,-81.2,1.015,0.771
1618700,A3,2.470,-82.7,1.015,0.796
1618720,A2,1.990,-83.1,1.015,0.796
1618730,A1,1.390,-81.2,1.025,0.805
1618850,A3,2.470,-81.4,1.025,0.805
1618870,A2,1.990,-83.2,1.025,0.805
1618880,A1,1.370,-81.0,1.015,0.796
1619000,A3,2.480,-82.6,1.015,0.788
1619020,A2,2.010,-84.6,1.001,0.788
1619030,A1,1.390,-80.8,1.011,0.797
1619150,A3,2.500,-81.2,1.011,0.780
1619170,A2,1.980,-84.1,1.032,0.780
1619180,A1,1.390,-81.2,1.032,0.780
1619300,A3,2.480,-81.3,1.032,0.797
1619320,A2,2.000,-84.6,1.018,0.797
1619330,A1,1.400,-81.1,1.023,0.802
1619450,A3,2.480,-82.2,1.023,0.802
1619470,A2,2.010,-83.4,1.016,0.802
1619480,A1,1.370,-81.1,1.001,0.788
1619600,A3,2.490,-82.5,1.001,0.779
1619620,A2,2.000,-84.2,1.008,0.779
1619630,A1,1.390,-81.3,1.018,0.789
1619750,A3,2.480,-81.3,1.018,0.797
1619770,A2,2.000,-84.4,1.018,0.797
1619780,A1,1.380,-80.8,1.013,0.792
1619900,A3,2.490,-81.3,1.013,0.784
1619920,A2,1.990,-83.4,1.020,0.784
1619930,A1,1.370,-81.1,1.015,0.779
1620200,A3,2.510,-82.5,1.015,0.763
1620220,A2,1.990,-83.4,1.015,0.763
1620230,A1,1.400,-80.7,1.030,0.777
1620350,A3,2.470,-83.2,1.030,0.810
1620370,A2,2.000,-83.2,1.023,0.810
1620380,A1,1.400,-81.1,1.023,0.810
1620500,A3,2.450,-81.7,1.023,0.826
1620520,A2,1.980,-84.3,1.037,0.826
1620530,A1,1.380,-81.2,1.027,0.817
1620650,A3,2.470,-81.9,1.027,0.801
1620670,A2,2.000,-84.1,1.013,0.801
1620680,A1,1.390,-81.2,1.018,0.805
1620800,A3,2.490,-81.8,1.018,0.789
1620820,A2,2.010,-84.1,1.011,0.789
1620830,A1,1.440,-80.8,1.036,0.812
1620950,A3,2.460,-81.9,1.036,0.837
1620970,A2,1.990,-83.6,1.051,0.837
1620980,A1,1.390,-81.0,1.025,0.813
1621100,A3,2.470,-81.5,1.025,0.805
1621120,A2,1.990,-84.1,1.025,0.805
1621130,A1,1.350,-81.3,1.006,0.787
1621250,A3,2.510,-81.4,1.006,0.754
1621270,A2,2.010,-83.4,0.991,0.754
1621280,A1,1.370,-81.2,1.001,0.763
1621400,A3,2.480,-81.8,1.001,0.788
1621420,A2,1.970,-83.8,1.030,0.788
1621430,A1,1.410,-81.5,1.050,0.806
1621550,A3,2.470,-82.4,1.050,0.815
1621570,A2,1.980,-84.5,1.042,0.815
1621580,A1,1.380,-80.6,1.027,0.801
1621700,A3,2.480,-81.5,1.027,0.792
1621720,A2,2.020,-83.9,0.999,0.792
1621730,A1,1.390,-80.8,1.004,0.797
1621850,A3,2.480,-81.7,1.004,0.797
1621870,A2,1.990,-84.1,1.025,0.797
1621880,A1,1.400,-80.8,1.030,0.802
1622000,A3,2.470,-81.9,1.030,0.810
1622020,A2,1.990,-83.9,1.030,0.810
1622030,A1,1.400,-80.7,1.030,0.810
1622150,A3,2.500,-81.2,1.030,0.785
1622170,A2,2.010,-84.0,1.016,0.785
1622180,A1,1.370,-81.2,1.001,0.771
1622300,A3,2.480,-82.0,1.001,0.788
1622320,A2,1.990,-83.6,1.015,0.788
1622330,A1,1.370,-80.9,1.015,0.788
1622450,A3,2.500,-81.8,1.015,0.771
1622470,A2,2.010,-83.8,1.001,0.771
1622480,A1,1.380,-81.3,1.006,0.776
1622600,A3,2.510,-81.8,1.006,0.767
1622620,A2,1.980,-84.1,1.027,0.767
1622900,A3,2.480,-81.8,1.027,0.792
1622920,A2,1.980,-84.1,1.027,0.792
1622930,A1,1.360,-81.3,1.018,0.783
1623050,A3,2.500,-81.9,1.018,0.767
1623070,A2,2.000,-83.7,1.003,0.767
1623080,A1,1.390,-81.2,1.018,0.780
1623350,A3,2.470,-82.1,1.018,0.805
1623370,A2,2.000,-84.8,1.018,0.805
1623380,A1,1.370,-81.6,1.008,0.796
1623500,A3,2.480,-81.3,1.008,0.788
1623520,A2,1.980,-84.0,1.022,0.788
1623530,A1,1.400,-81.0,1.037,0.802
1623650,A3,2.480,-81.5,1.037,0.802
1623670,A2,2.000,-83.9,1.023,0.802
1623680,A1,1.400,-81.0,1.023,0.802
1623800,A3,2.470,-81.6,1.023,0.810
1623820,A2,1.980,-84.3,1.037,0.810
1623830,A1,1.380,-81.2,1.027,0.801
1623950,A3,2.480,-82.4,1.027,0.792
1623970,A2,2.010,-84.4,1.006,0.792
1623980,A1,1.370,-81.2,1.001,0.788
1624100,A3,2.450,-82.8,1.001,0.812
1624120,A2,1.970,-84.1,1.030,0.812
1624130,A1,1.390,-81.0,1.039,0.822
1624250,A3,2.480,-82.5,1.039,0.797
1624270,A2,1.990,-84.1,1.025,0.797
1624280,A1,1.410,-81.0,1.035,0.806
1624400,A3,2.480,-82.4,1.035,0.806
1624420,A2,1.980,-83.9,1.042,0.806
1624430,A1,1.400,-80.5,1.037,0.802
1624570,A2,1.980,-83.9,1.037,0.802
1624580,A1,1.380,-81.0,1.027,0.792
1624720,A2,2.010,-83.7,1.006,0.792
1624730,A1,1.370,-81.0,1.001,0.788
1624850,A3,2.470,-82.4,1.001,0.796
1624870,A2,2.010,-83.4,1.001,0.796
1624880,A1,1.380,-81.0,1.006,0.801
1625000,A3,2.450,-82.6,1.006,0.817
1625020,A2,2.010,-83.6,1.006,0.817
1625030,A1,1.370,-80.8,1.001,0.812
1625150,A3,2.450,-82.7,1.001,0.812
1625170,A2,2.000,-84.1,1.008,0.812
1625180,A1,1.380,-81.1,1.013,0.817
1625300,A3,2.450,-81.5,1.013,0.817
1625320,A2,1.980,-83.5,1.027,0.817
1625600,A3,2.480,-82.3,1.027,0.792
1625620,A2,2.000,-84.1,1.013,0.792
1625630,A1,1.390,-80.7,1.018,0.797
1625750,A3,2.460,-82.0,1.018,0.813
1625770,A2,2.000,-83.8,1.018,0.813
1625780,A1,1.380,-81.4,1.013,0.809
1625900,A3,2.490,-82.3,1.013,0.784
1625920,A2,1.990,-83.9,1.020,0.784
1625930,A1,1.370,-81.3,1.015,0.779
1626070,A2,2.000,-84.1,1.008,0.779
1626080,A1,1.380,-81.1,1.013,0.784
1626220,A2,2.000,-84.0,1.013,0.784
1626230,A1,1.360,-81.4,1.003,0.775
1626500,A3,2.510,-82.3,1.003,0.758
1626520,A2,2.000,-83.4,1.003,0.758
1626530,A1,1.370,-81.2,1.008,0.763
1626650,A3,2.480,-82.3,1.008,0.788
1626670,A2,2.010,-83.6,1.001,0.788
1626680,A1,1.410,-80.9,1.021,0.806
1626800,A3,2.450,-82.5,1.021,0.831
1626820,A2,2.000,-83.9,1.028,0.831
1626830,A1,1.400,-81.2,1.023,0.826
1626950,A3,2.450,-82.6,1.023,0.826
1626970,A2,2.000,-83.8,1.023,0.826
1626980,A1,1.380,-80.9,1.013,0.817
1627100,A3,2.470,-82.4,1.013,0.801
1627130,A1,1.410,-81.0,1.028,0.815
1627280,A1,1.410,-80.8,1.028,0.815
1627400,A3,2.460,-82.3,1.028,0.823
1627420,A2,2.010,-83.3,1.021,0.823
1627430,A1,1.430,-80.8,1.031,0.832
1627550,A3,2.470,-82.4,1.031,0.824
1627570,A2,2.000,-83.5,1.038,0.824
1627580,A1,1.410,-80.9,1.028,0.815
1627700,A3,2.480,-82.9,1.028,0.806
1627720,A2,2.010,-83.5,1.021,0.806
1627730,A1,1.390,-81.5,1.011,0.797
1627850,A3,2.460,-82.1,1.011,0.813
1627870,A2,2.010,-83.7,1.011,0.813
1627880,A1,1.380,-81.1,1.006,0.809
1628000,A3,2.460,-81.7,1.006,0.809
1628020,A2,2.020,-83.8,0.999,0.809
1628030,A1,1.380,-81.2,0.999,0.809
1628150,A3,2.470,-82.2,0.999,0.801
1628170,A2,1.980,-84.0,1.027,0.801
1628180,A1,1.390,-81.3,1.032,0.805
1628300,A3,2.450,-82.4,1.032,0.822
1628320,A2,1.990,-84.2,1.025,0.822
1628330,A1,1.380,-81.5,1.020,0.817
1628450,A3,2.460,-82.6,1.020,0.809
1628470,A2,2.000,-83.6,1.013,0.809
1628480,A1,1.410,-81.3,1.028,0.823
1628600,A3,2.480,-82.6,1.028,0.806
1628620,A2,2.020,-83.3,1.014,0.806
1628630,A1,1.410,-80.9,1.014,0.806
1628750,A3,2.450,-82.6,1.014,0.831
1628770,A2,2.000,-83.9,1.028,0.831
1628780,A1,1.400,-80.6,1.023,0.826
1628900,A3,2.510,-82.6,1.023,0.777
1628920,A2,1.990,-83.5,1.030,0.777
1628930,A1,1.370,-81.0,1.015,0.763
1629050,A3,2.470,-83.2,1.015,0.796
1629070,A2,2.000,-83.4,1.008,0.796
1629080,A1,1.390,-81.3,1.018,0.805
1629200,A3,2.480,-82.3,1.018,0.797
1629220,A2,1.990,-83.3,1.025,0.797
1629230,A1,1.380,-80.7,1.020,0.792
1629350,A3,2.460,-82.4,1.020,0.809
1629370,A2,2.000,-83.3,1.013,0.809
1629380,A1,1.400,-80.8,1.023,0.818
1629650,A3,2.450,-82.6,1.023,0.826
1629670,A2,1.980,-83.9,1.037,0.826
1629680,A1,1.400,-80.9,1.037,0.826
1629800,A3,2.460,-82.2,1.037,0.818
1629820,A2,1.990,-83.4,1.030,0.818
1629830,A1,1.400,-81.2,1.030,0.818
1629950,A3,2.460,-81.9,1.030,0.818
1629970,A2,1.980,-84.0,1.037,0.818
1629980,A1,1.400,-80.8,1.037,0.818
1630100,A3,2.500,-81.6,1.037,0.785
1630120,A2,1.990,-84.1,1.030,0.785
1630130,A1,1.370,-81.5,1.015,0.771
1630250,A3,2.500,-81.7,1.015,0.771
1630270,A2,2.010,-83.6,1.001,0.771
1630280,A1,1.400,-81.3,1.016,0.785
1630400,A3,2.490,-81.2,1.016,0.793
1630420,A2,1.990,-83.6,1.030,0.793
1630430,A1,1.380,-81.0,1.020,0.784
1630550,A3,2.500,-81.3,1.020,0.776
1630570,A2,2.020,-83.4,0.999,0.776
1630850,A3,2.510,-81.5,0.999,0.767
1630870,A2,2.020,-83.9,0.999,0.767
1630880,A1,1.410,-81.2,1.014,0.781
1631000,A3,2.470,-82.3,1.014,0.815
1631020,A2,1.980,-83.6,1.042,0.815
1631030,A1,1.400,-81.7,1.037,0.810
1631150,A3,2.480,-81.2,1.037,0.802
1631170,A2,1.990,-84.1,1.030,0.802
1631180,A1,1.390,-81.3,1.025,0.797
1631300,A3,2.470,-81.7,1.025,0.805
1631320,A2,1.980,-84.1,1.032,0.805
1631330,A1,1.390,-80.8,1.032,0.805
1631450,A3,2.480,-81.2,1.032,0.797
1631470,A2,1.970,-83.4,1.039,0.797
1631480,A1,1.410,-81.2,1.050,0.806
1631600,A3,2.470,-81.4,1.050,0.815
1631620,A2,2.010,-83.5,1.021,0.815
1631630,A1,1.390,-81.3,1.011,0.805
1631750,A3,2.480,-81.5,1.011,0.797
1631770,A2,2.000,-84.1,1.018,0.797
1631780,A1,1.390,-81.1,1.018,0.797
1631900,A3,2.490,-81.3,1.018,0.789
1631920,A2,2.010,-84.2,1.011,0.789
1631930,A1,1.400,-81.3,1.016,0.793
1632050,A3,2.510,-81.1,1.016,0.777
1632070,A2,2.000,-83.4,1.023,0.777
1632080,A1,1.400,-81.3,1.023,0.777
1632200,A3,2.500,-81.3,1.023,0.785
1632220,A2,2.010,-84.0,1.016,0.785
1632230,A1,1.410,-80.7,1.021,0.790
1632350,A3,2.500,-81.6,1.021,0.790
1632370,A2,1.980,-84.1,1.042,0.790
1632380,A1,1.410,-81.3,1.042,0.790
1632500,A3,2.490,-81.4,1.042,0.798
1632520,A2,2.010,-84.2,1.021,0.798
1632530,A1,1.380,-81.3,1.006,0.784
1632800,A3,2.500,-80.9,1.006,0.776
1632820,A2,1.980,-83.5,1.027,0.776
1632830,A1,1.390,-81.4,1.032,0.780
1632950,A3,2.490,-81.0,1.032,0.789
1632970,A2,2.000,-83.5,1.018,0.789
1632980,A1,1.370,-81.2,1.008,0.779
1633100,A3,2.490,-81.5,1.008,0.779
1633120,A2,2.010,-83.7,1.001,0.779
1633130,A1,1.400,-81.3,1.016,0.793
1633250,A3,2.490,-80.8,1.016,0.793
1633270,A2,2.000,-83.9,1.023,0.793
1633280,A1,1.390,-81.4,1.018,0.789
1633400,A3,2.490,-81.0,1.018,0.789
1633420,A2,2.000,-83.4,1.018,0.789
1633430,A1,1.400,-81.3,1.023,0.793
1633550,A3,2.480,-81.1,1.023,0.802
1633570,A2,2.000,-83.6,1.023,0.802
1633580,A1,1.380,-81.4,1.013,0.792
1633700,A3,2.510,-81.4,1.013,0.767
1633720,A2,2.020,-83.8,0.999,0.767
1633730,A1,1.400,-81.1,1.009,0.777
1633850,A3,2.480,-81.4,1.009,0.802
1633870,A2,2.010,-84.1,1.016,0.802
1633880,A1,1.370,-81.0,1.001,0.788
1634000,A3,2.500,-81.2,1.001,0.771
1634020,A2,2.030,-83.3,0.986,0.771
1634030,A1,1.390,-81.1,0.996,0.780
1634150,A3,2.480,-80.9,0.996,0.797
1634170,A2,2.000,-83.9,1.018,0.797
1634180,A1,1.380,-81.2,1.013,0.792
1634300,A3,2.500,-80.7,1.013,0.776
1634320,A2,2.000,-83.4,1.013,0.776
1634330,A1,1.380,-81.3,1.013,0.776
1634450,A3,2.500,-81.2,1.013,0.776
1634470,A2,2.020,-83.9,0.999,0.776
1634480,A1,1.390,-81.2,1.004,0.780
1634600,A3,2.500,-81.4,1.004,0.780
1634620,A2,1.980,-84.0,1.032,0.780
1634630,A1,1.380,-81.2,1.027,0.776
1634750,A3,2.500,-80.9,1.027,0.776
1634770,A2,2.010,-83.5,1.006,0.776
1635050,A3,2.510,-81.3,1.006,0.767
1635070,A2,2.000,-83.4,1.013,0.767
1635080,A1,1.370,-81.5,1.008,0.763
1635200,A3,2.480,-80.8,1.008,0.788
1635220,A2,1.980,-83.8,1.022,0.788
1635230,A1,1.420,-80.8,1.048,0.811
1635350,A3,2.510,-80.9,1.048,0.786
1635370,A2,2.000,-84.4,1.033,0.786
1635380,A1,1.390,-81.2,1.018,0.772
1635500,A3,2.490,-80.9,1.018,0.789
1635520,A2,1.990,-84.2,1.025,0.789
1635530,A1,1.380,-81.1,1.020,0.784
1635650,A3,2.490,-81.2,1.020,0.784
1635670,A2,2.000,-83.6,1.013,0.784
1635680,A1,1.390,-81.1,1.018,0.789
1635950,A3,2.460,-81.1,1.018,0.813
1635970,A2,1.990,-84.1,1.025,0.813
1635980,A1,1.370,-81.1,1.015,0.804
1636100,A3,2.490,-81.2,1.015,0.779
1636120,A2,2.010,-83.6,1.001,0.779
1636130,A1,1.410,-80.8,1.021,0.798
1636250,A3,2.490,-81.2,1.021,0.798
1636270,A2,2.030,-84.4,1.006,0.798
1636280,A1,1.410,-81.1,1.006,0.798
1636400,A3,2.480,-81.1,1.006,0.806
1636420,A2,2.000,-84.3,1.028,0.806
1636430,A1,1.400,-81.3,1.023,0.802
1636550,A3,2.490,-81.0,1.023,0.793
1636570,A2,2.000,-83.9,1.023,0.793
1636580,A1,1.400,-80.9,1.023,0.793
1636700,A3,2.490,-81.2,1.023,0.793
1636720,A2,2.010,-84.4,1.016,0.793
1636730,A1,1.370,-81.3,1.001,0.779
1636850,A3,2.490,-80.9,1.001,0.779
1636870,A2,1.980,-84.2,1.022,0.779
1636880,A1,1.370,-81.1,1.022,0.779
1637000,A3,2.500,-81.3,1.022,0.771
1637020,A2,2.000,-84.4,1.008,0.771
1637030,A1,1.390,-80.9,1.018,0.780
1637150,A3,2.500,-81.0,1.018,0.780
1637170,A2,2.010,-84.1,1.011,0.780
1637180,A1,1.390,-81.1,1.011,0.780
1637300,A3,2.500,-81.3,1.011,0.780
1637320,A2,1.990,-83.9,1.025,0.780
1637330,A1,1.390,-81.4,1.025,0.780
1637450,A3,2.480,-81.0,1.025,0.797
1637470,A2,2.010,-84.2,1.011,0.797
1637480,A1,1.400,-81.2,1.016,0.802
1637600,A3,2.500,-80.9,1.016,0.785
1637620,A2,1.990,-83.9,1.030,0.785
1637630,A1,1.390,-81.2,1.025,0.780
1637750,A3,2.510,-81.5,1.025,0.772
1637770,A2,1.980,-83.4,1.032,0.772
1637780,A1,1.420,-81.3,1.048,0.786
1637900,A3,2.490,-81.2,1.048,0.803
1637920,A2,1.990,-84.2,1.040,0.803
1637930,A1,1.380,-81.2,1.020,0.784
1638050,A3,2.480,-81.0,1.020,0.792
1638070,A2,2.010,-83.8,1.006,0.792
1638080,A1,1.370,-81.3,1.001,0.788
1638200,A3,2.480,-81.3,1.001,0.788
1638220,A2,2.000,-84.0,1.008,0.788
1638230,A1,1.380,-81.5,1.013,0.792
1638350,A3,2.470,-81.2,1.013,0.801
1638370,A2,1.990,-83.6,1.020,0.801
1638380,A1,1.380,-81.1,1.020,0.801
1638500,A3,2.480,-81.1,1.020,0.792
1638520,A2,2.010,-84.0,1.006,0.792
1638530,A1,1.420,-81.2,1.026,0.811
1638650,A3,2.510,-80.6,1.026,0.786
1638670,A2,2.000,-84.2,1.033,0.786
1638680,A1,1.390,-81.6,1.018,0.772
1638800,A3,2.510,-80.9,1.018,0.772
1638820,A2,2.000,-84.1,1.018,0.772
1638830,A1,1.380,-81.3,1.013,0.767
1639100,A3,2.480,-81.0,1.013,0.792
1639120,A2,1.990,-83.6,1.020,0.792
1639130,A1,1.370,-81.4,1.015,0.788
1639250,A3,2.480,-81.3,1.015,0.788
1639270,A2,2.010,-83.5,1.001,0.788
1639280,A1,1.380,-81.2,1.006,0.792
1639400,A3,2.500,-81.4,1.006,0.776
1639420,A2,1.990,-84.1,1.020,0.776
1639430,A1,1.390,-81.2,1.025,0.780
1639550,A3,2.480,-80.8,1.025,0.797
1639570,A2,1.970,-83.5,1.039,0.797
1639580,A1,1.380,-81.4,1.035,0.792
1639700,A3,2.490,-81.2,1.035,0.784
1639720,A2,2.040,-84.2,0.984,0.784
1639730,A1,1.370,-80.8,0.979,0.779
1639850,A3,2.510,-81.3,0.979,0.763
1639870,A2,2.010,-84.6,1.001,0.763
1639880,A1,1.370,-80.9,1.001,0.763
1640000,A3,2.510,-81.0,1.001,0.763
1640030,A1,1.390,-81.0,1.011,0.772
1640180,A1,1.390,-81.1,1.011,0.772
1640300,A3,2.510,-81.0,1.011,0.772
1640320,A2,2.000,-84.3,1.018,0.772
1640330,A1,1.390,-81.3,1.018,0.772
1640450,A3,2.490,-80.9,1.018,0.789
1640470,A2,2.020,-83.5,1.004,0.789
1640480,A1,1.370,-81.4,0.994,0.779
1640600,A3,2.480,-81.8,0.994,0.788
1640620,A2,2.010,-83.8,1.001,0.788
1640630,A1,1.380,-80.9,1.006,0.792
1640750,A3,2.510,-81.0,1.006,0.767
1640770,A2,1.980,-84.0,1.027,0.767
1640780,A1,1.390,-81.1,1.032,0.772
1640900,A3,2.500,-81.5,1.032,0.780
1640920,A2,1.990,-84.0,1.025,0.780
1640930,A1,1.380,-81.2,1.020,0.776
1641050,A3,2.500,-81.4,1.020,0.776
1641070,A2,2.000,-84.3,1.013,0.776
1641080,A1,1.390,-81.4,1.018,0.780
1641200,A3,2.500,-81.8,1.018,0.780
1641220,A2,2.010,-84.2,1.011,0.780
1641230,A1,1.400,-81.2,1.016,0.785
1641350,A3,2.490,-81.6,1.016,0.793
1641370,A2,1.980,-84.1,1.037,0.793
1641380,A1,1.390,-81.3,1.032,0.789
1641500,A3,2.490,-81.1,1.032,0.789
1641520,A2,2.010,-83.6,1.011,0.789
1641530,A1,1.390,-81.3,1.011,0.789
1641650,A3,2.510,-83.3,1.011,0.772
1641670,A2,2.000,-83.8,1.018,0.772
1641680,A1,1.400,-81.9,1.023,0.777
1641800,A3,2.520,-81.9,1.023,0.768
1641820,A2,1.990,-84.0,1.030,0.768
1641830,A1,1.390,-81.2,1.025,0.764
1641950,A3,2.490,-81.2,1.025,0.789
1641970,A2,2.010,-84.4,1.011,0.789
1641980,A1,1.380,-81.3,1.006,0.784
1642250,A3,2.500,-81.2,1.006,0.776
1642270,A2,1.980,-83.9,1.027,0.776
1642280,A1,1.420,-81.1,1.048,0.794
1642400,A3,2.490,-80.9,1.048,0.803
1642420,A2,1.980,-84.3,1.048,0.803
1642430,A1,1.370,-81.4,1.022,0.779
1642550,A3,2.480,-81.2,1.022,0.788
1642570,A2,1.990,-84.0,1.015,0.788
1642580,A1,1.400,-81.2,1.030,0.802
1642700,A3,2.490,-81.8,1.030,0.793
1642720,A2,2.000,-84.1,1.023,0.793
1642730,A1,1.390,-81.7,1.018,0.789
1642850,A3,2.490,-81.2,1.018,0.789
1642870,A2,1.980,-84.7,1.032,0.789
1642880,A1,1.380,-81.1,1.027,0.784
1643000,A3,2.470,-81.2,1.027,0.801
1643020,A2,2.010,-83.9,1.006,0.801
1643030,A1,1.380,-80.9,1.006,0.801
1643150,A3,2.510,-81.4,1.006,0.767
1643170,A2,2.010,-84.3,1.006,0.767
1643180,A1,1.370,-81.2,1.001,0.763
1643300,A3,2.490,-81.3,1.001,0.779
1643320,A2,2.020,-83.8,0.994,0.779
1643330,A1,1.370,-81.4,0.994,0.779
1643450,A3,2.490,-81.0,0.994,0.779
1643470,A2,1.990,-84.4,1.015,0.779
1643480,A1,1.390,-81.0,1.025,0.789
1643600,A3,2.470,-81.9,1.025,0.805
1643620,A2,2.000,-83.8,1.018,0.805
1643630,A1,1.370,-81.0,1.008,0.796
1643750,A3,2.460,-81.3,1.008,0.804
1643770,A2,1.980,-83.6,1.022,0.804
1643780,A1,1.390,-81.2,1.032,0.813
1643900,A3,2.480,-81.1,1.032,0.797
1643920,A2,2.010,-83.7,1.011,0.797
1643930,A1,1.370,-81.2,1.001,0.788
1644050,A3,2.490,-81.4,1.001,0.779
1644070,A2,2.010,-83.7,1.001,0.779
1644080,A1,1.360,-81.3,0.996,0.775
1644200,A3,2.470,-81.3,0.996,0.791
1644220,A2,2.000,-83.6,1.003,0.791
1644230,A1,1.380,-81.3,1.013,0.801
1644350,A3,2.500,-81.6,1.013,0.776
1644370,A2,2.010,-84.0,1.006,0.776
1644380,A1,1.390,-81.5,1.011,0.780
1644500,A3,2.490,-81.3,1.011,0.789
1644520,A2,1.990,-83.7,1.025,0.789
1644530,A1,1.360,-81.3,1.010,0.775
1644650,A3,2.530,-81.3,1.010,0.741
1644670,A2,1.980,-84.2,1.018,0.741
1644680,A1,1.370,-81.6,1.022,0.746
1644800,A3,2.500,-81.4,1.022,0.771
1644820,A2,2.020,-84.2,0.994,0.771
1644830,A1,1.380,-81.3,0.999,0.776
1644950,A3,2.500,-81.1,0.999,0.776
1644970,A2,1.980,-84.2,1.027,0.776
1644980,A1,1.370,-81.4,1.022,0.771
1645100,A3,2.480,-81.4,1.022,0.788
1645120,A2,2.020,-84.5,0.994,0.788
1645130,A1,1.380,-81.2,0.999,0.792
1645400,A3,2.480,-81.9,0.999,0.792
1645420,A2,2.000,-84.4,1.013,0.792
1645430,A1,1.410,-81.3,1.028,0.806
1645550,A3,2.500,-81.3,1.028,0.790
1645570,A2,1.990,-83.8,1.035,0.790
1645580,A1,1.380,-81.2,1.020,0.776
1645700,A3,2.510,-81.3,1.020,0.767
1645720,A2,1.990,-83.8,1.020,0.767
1645730,A1,1.360,-81.1,1.010,0.758
1645850,A3,2.500,-81.8,1.010,0.767
1645880,A1,1.390,-81.1,1.025,0.780
1646030,A1,1.410,-80.7,1.035,0.790
1646150,A3,2.490,-81.7,1.035,0.798
1646170,A2,2.000,-84.2,1.028,0.798
1646180,A1,1.380,-81.3,1.013,0.784
1646300,A3,2.490,-81.5,1.013,0.784
1646320,A2,2.000,-84.5,1.013,0.784
1646330,A1,1.390,-81.4,1.018,0.789
1646450,A3,2.500,-81.5,1.018,0.780
1646470,A2,1.980,-84.2,1.032,0.780
1646480,A1,1.370,-81.4,1.022,0.771
1646600,A3,2.480,-81.2,1.022,0.788
1646620,A2,2.000,-83.9,1.008,0.788
1646630,A1,1.370,-81.4,1.008,0.788
1646750,A3,2.490,-81.5,1.008,0.779
1646770,A2,2.000,-84.1,1.008,0.779
1646780,A1,1.340,-81.2,0.994,0.766
1646900,A3,2.480,-81.9,0.994,0.774
1646920,A2,2.000,-83.9,0.994,0.774
1646930,A1,1.370,-81.0,1.008,0.788
1647050,A3,2.490,-81.8,1.008,0.779
1647070,A2,2.000,-84.1,1.008,0.779
1647080,A1,1.370,-81.2,1.008,0.779
1647200,A3,2.470,-81.5,1.008,0.796
1647220,A2,2.020,-84.0,0.994,0.796
1647230,A1,1.390,-81.2,1.004,0.805
1647350,A3,2.500,-81.6,1.004,0.780
1647370,A2,2.000,-83.9,1.018,0.780
1647380,A1,1.390,-81.1,1.018,0.780
1647500,A3,2.490,-81.7,1.018,0.789
1647520,A2,1.980,-84.2,1.032,0.789
1647530,A1,1.370,-81.4,1.022,0.779
1647650,A3,2.490,-81.8,1.022,0.779
1647670,A2,2.000,-83.8,1.008,0.779
1647680,A1,1.390,-80.9,1.018,0.789
1647800,A3,2.490,-81.7,1.018,0.789
1647820,A2,1.990,-84.2,1.025,0.789
1647830,A1,1.370,-81.7,1.015,0.779
1647950,A3,2.480,-81.8,1.015,0.788
1647970,A2,2.000,-83.6,1.008,0.788
1647980,A1,1.370,-81.5,1.008,0.788
1648100,A3,2.480,-81.2,1.008,0.788
1648120,A2,1.980,-83.9,1.022,0.788
1648130,A1,1.390,-81.5,1.032,0.797
1648250,A3,2.460,-81.7,1.032,0.813
1648270,A2,2.020,-83.6,1.004,0.813
1648280,A1,1.370,-81.3,0.994,0.804
1648550,A3,2.470,-81.5,0.994,0.796
1648570,A2,2.000,-84.4,1.008,0.796
1648580,A1,1.400,-81.1,1.023,0.810
1648700,A3,2.480,-81.1,1.023,0.802
1648720,A2,1.990,-83.9,1.030,0.802
1648730,A1,1.380,-81.2,1.020,0.792
1648850,A3,2.460,-81.6,1.020,0.809
1648870,A2,1.990,-84.3,1.020,0.809
1648880,A1,1.380,-81.3,1.020,0.809
1649000,A3,2.490,-81.6,1.020,0.784
1649020,A2,2.010,-84.3,1.006,0.784
1649030,A1,1.370,-81.3,1.001,0.779
1649150,A3,2.490,-81.4,1.001,0.779
1649170,A2,1.980,-84.1,1.022,0.779
1649180,A1,1.380,-81.4,1.027,0.784
1649300,A3,2.480,-81.5,1.027,0.792
1649320,A2,2.000,-84.5,1.013,0.792
1649330,A1,1.390,-81.3,1.018,0.797
1649450,A3,2.490,-82.0,1.018,0.789
1649470,A2,2.020,-83.6,1.004,0.789
1649480,A1,1.380,-81.0,0.999,0.784
1649600,A3,2.480,-81.7,0.999,0.792
1649620,A2,2.010,-83.5,1.006,0.792
1649630,A1,1.370,-81.5,1.001,0.788
1649750,A3,2.480,-81.4,1.001,0.788
1649770,A2,2.000,-84.0,1.008,0.788
1649780,A1,1.380,-81.3,1.013,0.792
1649900,A3,2.490,-81.3,1.013,0.784
1649920,A2,2.000,-84.2,1.013,0.784
1649930,A1,1.350,-81.1,0.998,0.770
1650050,A3,2.470,-81.5,0.998,0.787
1650070,A2,1.990,-83.8,1.006,0.787
1650080,A1,1.380,-81.3,1.020,0.801
1650200,A3,2.500,-81.7,1.020,0.776
1650220,A2,2.010,-84.2,1.006,0.776
1650230,A1,1.390,-81.4,1.011,0.780
1650350,A3,2.490,-81.4,1.011,0.789
1650370,A2,1.980,-84.4,1.032,0.789
1650380,A1,1.410,-81.3,1.042,0.798
1650500,A3,2.480,-81.4,1.042,0.806
1650520,A2,1.990,-83.6,1.035,0.806
1650530,A1,1.370,-81.1,1.015,0.788
1650650,A3,2.490,-81.6,1.015,0.779
1650670,A2,1.960,-83.6,1.037,0.779
1650680,A1,1.380,-81.0,1.042,0.784
1650800,A3,2.500,-81.5,1.042,0.776
1650820,A2,2.000,-84.5,1.013,0.776
1650830,A1,1.390,-81.1,1.018,0.780
1650950,A3,2.490,-82.0,1.018,0.789
1650970,A2,2.000,-83.8,1.018,0.789
1650980,A1,1.400,-81.3,1.023,0.793
1651100,A3,2.500,-81.4,1.023,0.785
1651120,A2,2.020,-84.4,1.009,0.785
1651130,A1,1.370,-81.2,0.994,0.771
1651250,A3,2.470,-81.8,0.994,0.796
1651270,A2,2.000,-83.6,1.008,0.796
1651280,A1,1.390,-81.2,1.018,0.805
1651400,A3,2.490,-82.1,1.018,0.789
1651420,A2,2.010,-84.4,1.011,0.789
1651430,A1,1.390,-81.1,1.011,0.789
1651700,A3,2.440,-81.4,1.011,0.830
1651720,A2,1.980,-84.2,1.032,0.830
1651730,A1,1.380,-81.5,1.027,0.825
1651850,A3,2.460,-81.3,1.027,0.809
1651870,A2,2.010,-84.2,1.006,0.809
1651880,A1,1.390,-81.2,1.011,0.813
1652000,A3,2.470,-81.4,1.011,0.805
1652020,A2,2.020,-84.2,1.004,0.805
1652030,A1,1.370,-81.0,0.994,0.796
1652150,A3,2.490,-81.8,0.994,0.779
1652170,A2,1.980,-84.3,1.022,0.779
1652180,A1,1.380,-80.9,1.027,0.784
1652300,A3,2.470,-83.2,1.027,0.801
1652320,A2,2.000,-83.9,1.013,0.801
1652330,A1,1.380,-82.0,1.013,0.801
1652450,A3,2.490,-81.3,1.013,0.784
1652470,A2,2.000,-84.2,1.013,0.784
1652480,A1,1.390,-80.5,1.018,0.789
1652600,A3,2.500,-81.5,1.018,0.780
1652620,A2,2.000,-84.5,1.018,0.780
1652630,A1,1.390,-81.2,1.018,0.780
1652750,A3,2.490,-81.3,1.018,0.789
1652770,A2,2.010,-83.7,1.011,0.789
1652780,A1,1.400,-81.2,1.016,0.793
1652900,A3,2.490,-81.6,1.016,0.793
1652920,A2,2.000,-84.1,1.023,0.793
1652930,A1,1.400,-81.1,1.023,0.793
1653050,A3,2.490,-82.0,1.023,0.793
1653070,A2,2.000,-83.9,1.023,0.793
1653080,A1,1.390,-81.6,1.018,0.789
1653200,A3,2.480,-82.0,1.018,0.797
1653220,A2,2.000,-83.7,1.018,0.797
1653230,A1,1.390,-81.2,1.018,0.797
1653350,A3,2.480,-81.7,1.018,0.797
1653370,A2,2.000,-84.0,1.018,0.797
1653380,A1,1.380,-81.2,1.013,0.792
1653500,A3,2.460,-81.7,1.013,0.809
1653520,A2,1.980,-83.9,1.027,0.809
1653530,A1,1.380,-81.2,1.027,0.809
1653650,A3,2.470,-81.9,1.027,0.801
1653670,A2,2.000,-83.9,1.013,0.801
1653680,A1,1.390,-81.1,1.018,0.805
1653800,A3,2.490,-81.3,1.018,0.789
1653820,A2,2.000,-83.9,1.018,0.789
1653830,A1,1.370,-80.9,1.008,0.779
1653970,A2,2.000,-83.7,1.008,0.779
1653980,A1,1.360,-81.3,1.003,0.775
1654120,A2,2.020,-84.4,0.989,0.775
1654130,A1,1.390,-81.3,1.004,0.789
1654250,A3,2.480,-81.3,1.004,0.797
1654270,A2,1.990,-83.7,1.025,0.797
1654280,A1,1.390,-80.8,1.025,0.797
1654400,A3,2.480,-81.4,1.025,0.797
1654420,A2,1.990,-83.9,1.025,0.797
1654430,A1,1.380,-80.8,1.020,0.792
1654550,A3,2.470,-81.2,1.020,0.801
1654570,A2,1.990,-83.7,1.020,0.801
1654580,A1,1.390,-80.9,1.025,0.805
1654870,A2,1.990,-84.0,1.025,0.805
1654880,A1,1.380,-80.9,1.020,0.801
1655020,A2,1.980,-84.3,1.027,0.801
1655030,A1,1.390,-80.6,1.032,0.805
1655150,A3,2.460,-81.2,1.032,0.813
1655170,A2,1.990,-84.0,1.025,0.813
1655180,A1,1.380,-80.9,1.020,0.809
1655300,A3,2.460,-81.7,1.020,0.809
1655320,A2,1.990,-84.0,1.020,0.809
1655330,A1,1.370,-81.2,1.015,0.804
1655450,A3,2.470,-82.3,1.015,0.796
1655470,A2,2.010,-84.1,1.001,0.796
1655480,A1,1.390,-80.6,1.011,0.805
1655600,A3,2.460,-82.2,1.011,0.813
1655620,A2,2.020,-84.2,1.004,0.813
1655630,A1,1.380,-81.1,0.999,0.809
1655750,A3,2.490,-81.3,0.999,0.784
1655770,A2,2.020,-83.9,0.999,0.784
1655780,A1,1.390,-81.3,1.004,0.789
1655900,A3,2.490,-81.3,1.004,0.789
1655920,A2,2.000,-83.9,1.018,0.789
1655930,A1,1.370,-81.1,1.008,0.779
1656050,A3,2.490,-81.6,1.008,0.779
1656070,A2,1.980,-84.4,1.022,0.779
1656080,A1,1.410,-81.1,1.042,0.798
1656200,A3,2.480,-81.8,1.042,0.806
1656220,A2,2.000,-84.4,1.028,0.806
1656230,A1,1.380,-80.6,1.013,0.792
1656350,A3,2.470,-81.2,1.013,0.801
1656370,A2,2.000,-84.0,1.013,0.801
1656380,A1,1.380,-80.9,1.013,0.801
1656500,A3,2.460,-81.7,1.013,0.809
1656520,A2,2.010,-84.0,1.006,0.809
1656530,A1,1.380,-81.3,1.006,0.809
1656650,A3,2.470,-81.3,1.006,0.801
1656670,A2,1.980,-84.3,1.027,0.801
1656680,A1,1.390,-81.4,1.032,0.805
1656800,A3,2.460,-81.4,1.032,0.813
1656820,A2,1.990,-83.9,1.025,0.813
1656830,A1,1.400,-81.0,1.030,0.818
1656950,A3,2.470,-81.8,1.030,0.810
1656970,A2,2.000,-84.3,1.023,0.810
1656980,A1,1.370,-80.8,1.008,0.796
1657100,A3,2.490,-81.7,1.008,0.779
1657120,A2,2.000,-84.3,1.008,0.779
1657130,A1,1.380,-80.7,1.013,0.784
1657250,A3,2.460,-81.9,1.013,0.809
1657270,A2,1.980,-84.4,1.027,0.809
1657280,A1,1.380,-80.9,1.027,0.809
1657400,A3,2.460,-82.1,1.027,0.809
1657420,A2,2.010,-84.3,1.006,0.809
1657430,A1,1.370,-80.9,1.001,0.804
1657550,A3,2.500,-81.4,1.001,0.771
1657570,A2,2.000,-83.7,1.008,0.771
1657580,A1,1.400,-80.7,1.023,0.785
1657700,A3,2.510,-81.8,1.023,0.777
1657720,A2,2.010,-83.5,1.016,0.777
1657730,A1,1.370,-81.1,1.001,0.763
1658000,A3,2.480,-81.8,1.001,0.788
1658020,A2,2.000,-83.6,1.008,0.788
1658030,A1,1.380,-81.3,1.013,0.792
1658150,A3,2.470,-81.2,1.013,0.801
1658170,A2,2.020,-84.4,0.999,0.801
1658180,A1,1.390,-80.6,1.004,0.805
1658300,A3,2.490,-81.4,1.004,0.789
1658320,A2,1.990,-83.7,1.025,0.789
1658330,A1,1.400,-81.0,1.030,0.793
1658450,A3,2.460,-81.6,1.030,0.818
1658470,A2,2.010,-83.9,1.016,0.818
1658480,A1,1.390,-81.3,1.011,0.813
1658600,A3,2.480,-81.2,1.011,0.797
1658620,A2,1.980,-84.3,1.032,0.797
1658630,A1,1.390,-80.9,1.032,0.797
1658750,A3,2.470,-81.1,1.032,0.805
1658770,A2,1.990,-83.8,1.025,0.805
1658780,A1,1.380,-81.0,1.020,0.801
1658900,A3,2.500,-81.2,1.020,0.776
1658920,A2,2.000,-84.1,1.013,0.776
1658930,A1,1.370,-81.2,1.008,0.771
1659050,A3,2.490,-81.2,1.008,0.779
1659070,A2,2.000,-84.3,1.008,0.779
1659080,A1,1.410,-81.2,1.028,0.798
1659200,A3,2.490,-80.8,1.028,0.798
1659220,A2,2.000,-84.1,1.028,0.798
1659230,A1,1.380,-81.0,1.013,0.784
1659350,A3,2.480,-81.5,1.013,0.792
1659370,A2,2.030,-84.0,0.991,0.792
1659380,A1,1.380,-81.1,0.991,0.792
1659500,A3,2.490,-81.6,0.991,0.784
1659520,A2,2.000,-84.3,1.013,0.784
1659800,A3,2.470,-82.1,1.013,0.801
1659820,A2,2.020,-83.8,0.999,0.801
1659830,A1,1.400,-80.9,1.009,0.810
1659950,A3,2.500,-81.9,1.009,0.785
1659970,A2,2.010,-83.6,1.016,0.785
1659980,A1,1.390,-80.7,1.011,0.780
1660100,A3,2.480,-81.4,1.011,0.797
1660120,A2,2.000,-83.6,1.018,0.797
1660130,A1,1.380,-81.1,1.013,0.792
1660250,A3,2.500,-81.4,1.013,0.776
1660270,A2,2.010,-83.9,1.006,0.776
1660280,A1,1.380,-81.3,1.006,0.776
1660400,A3,2.490,-81.2,1.006,0.784
1660420,A2,1.980,-83.6,1.027,0.784
1660700,A3,2.510,-80.9,1.027,0.767
1660720,A2,2.000,-84.3,1.013,0.767
1660730,A1,1.400,-81.0,1.023,0.777
1660850,A3,2.490,-81.4,1.023,0.793
1660870,A2,2.030,-83.9,1.001,0.793
1660880,A1,1.370,-81.2,0.986,0.779
1661150,A3,2.510,-81.7,0.986,0.763
1661170,A2,2.000,-83.7,1.008,0.763
1661180,A1,1.370,-81.1,1.008,0.763
1661300,A3,2.480,-81.1,1.008,0.788
1661320,A2,1.990,-83.8,1.015,0.788
1661330,A1,1.390,-81.3,1.025,0.797
1661450,A3,2.450,-81.5,1.025,0.822
1661470,A2,2.010,-84.5,1.011,0.822
1661480,A1,1.410,-80.6,1.021,0.831
1661600,A3,2.480,-81.4,1.021,0.806
1661620,A2,2.030,-83.7,1.006,0.806
1661630,A1,1.380,-80.9,0.991,0.792
1661750,A3,2.480,-81.7,0.991,0.792
1661770,A2,2.000,-84.3,1.013,0.792
1661780,A1,1.400,-80.8,1.023,0.802
1661900,A3,2.500,-81.8,1.023,0.785
1661920,A2,2.000,-84.2,1.023,0.785
1661930,A1,1.370,-81.2,1.008,0.771
1662050,A3,2.490,-81.2,1.008,0.779
1662070,A2,2.010,-83.5,1.001,0.779
1662080,A1,1.400,-80.9,1.016,0.793
1662200,A3,2.500,-81.7,1.016,0.785
1662220,A2,2.000,-83.7,1.023,0.785
1662230,A1,1.370,-80.9,1.008,0.771
1662350,A3,2.490,-81.5,1.008,0.779
1662370,A2,2.000,-84.2,1.008,0.779
1662380,A1,1.370,-81.3,1.008,0.779
1662500,A3,2.470,-82.0,1.008,0.796
1662520,A2,2.000,-83.7,1.008,0.796
1662530,A1,1.390,-81.3,1.018,0.805
1662650,A3,2.500,-81.2,1.018,0.780
1662670,A2,2.010,-84.0,1.011,0.780
1662680,A1,1.390,-80.7,1.011,0.780
1662800,A3,2.490,-81.8,1.011,0.789
1662820,A2,2.000,-83.9,1.018,0.789
1662830,A1,1.380,-81.3,1.013,0.784
1662950,A3,2.460,-81.8,1.013,0.809
1662970,A2,1.990,-84.4,1.020,0.809
1662980,A1,1.380,-81.2,1.020,0.809
1663100,A3,2.500,-81.2,1.020,0.776
1663120,A2,2.020,-83.4,0.999,0.776
1663130,A1,1.390,-81.0,1.004,0.780
1663250,A3,2.490,-81.4,1.004,0.789
1663270,A2,1.980,-83.7,1.032,0.789
1663280,A1,1.380,-80.6,1.027,0.784
1663400,A3,2.500,-81.3,1.027,0.776
1663420,A2,2.020,-83.4,0.999,0.776
1663430,A1,1.390,-81.0,1.004,0.780
1663550,A3,2.500,-81.5,1.004,0.780
1663570,A2,2.010,-83.9,1.011,0.780
1663580,A1,1.380,-81.4,1.006,0.776
1663700,A3,2.500,-81.4,1.006,0.776
1663720,A2,2.020,-84.4,0.999,0.776
1663730,A1,1.390,-80.7,1.004,0.780
1663850,A3,2.480,-81.5,1.004,0.797
1663870,A2,2.020,-83.7,1.004,0.797
1663880,A1,1.380,-80.9,0.999,0.792
1664000,A3,2.440,-81.1,0.999,0.825
1664020,A2,2.020,-84.4,0.999,0.825
1664030,A1,1.350,-81.2,0.984,0.811
1664300,A3,2.480,-81.1,0.984,0.779
1664320,A2,2.020,-83.7,0.984,0.779
1664330,A1,1.390,-80.8,1.004,0.797
1664450,A3,2.510,-81.4,1.004,0.772
1664470,A2,1.990,-83.5,1.025,0.772
1664480,A1,1.380,-81.3,1.020,0.767
1664600,A3,2.510,-80.8,1.020,0.767
1664620,A2,2.020,-84.0,0.999,0.767
1664630,A1,1.370,-80.5,0.994,0.763
1664750,A3,2.510,-81.0,0.994,0.763
1664770,A2,2.000,-84.3,1.008,0.763
1664780,A1,1.390,-80.9,1.018,0.772
1664900,A3,2.510,-81.2,1.018,0.772
1664920,A2,2.000,-83.8,1.018,0.772
1664930,A1,1.380,-80.9,1.013,0.767
1665050,A3,2.510,-81.1,1.013,0.767
1665070,A2,1.990,-83.4,1.020,0.767
1665080,A1,1.390,-80.8,1.025,0.772
1665200,A3,2.450,-81.0,1.025,0.822
1665220,A2,1.990,-83.8,1.025,0.822
1665230,A1,1.380,-80.9,1.020,0.817
1665350,A3,2.450,-81.5,1.020,0.817
1665370,A2,2.000,-83.3,1.013,0.817
1665380,A1,1.370,-81.4,1.008,0.812
1665500,A3,2.490,-81.6,1.008,0.779
1665520,A2,2.020,-84.2,0.994,0.779
1665530,A1,1.400,-80.8,1.009,0.793
1665650,A3,2.470,-81.3,1.009,0.810
1665670,A2,1.980,-83.5,1.037,0.810
1665680,A1,1.390,-80.9,1.032,0.805
1665800,A3,2.460,-81.3,1.032,0.813
1665820,A2,1.980,-84.1,1.032,0.813
1665830,A1,1.370,-80.7,1.022,0.804
1665950,A3,2.480,-81.5,1.022,0.788
1665970,A2,1.990,-84.1,1.015,0.788
1665980,A1,1.380,-81.3,1.020,0.792
1666100,A3,2.490,-81.1,1.020,0.784
1666120,A2,1.980,-84.2,1.027,0.784
1666130,A1,1.400,-80.9,1.037,0.793
1666250,A3,2.510,-81.2,1.037,0.777
1666270,A2,2.010,-83.7,1.016,0.777
1666280,A1,1.390,-81.1,1.011,0.772
1666400,A3,2.500,-81.0,1.011,0.780
1666420,A2,1.970,-83.4,1.039,0.780
1666430,A1,1.370,-80.8,1.030,0.771
1666550,A3,2.480,-81.3,1.030,0.788
1666570,A2,1.990,-83.9,1.015,0.788
1666580,A1,1.380,-80.8,1.020,0.792
1666700,A3,2.490,-81.0,1.020,0.784
1666720,A2,2.000,-84.2,1.013,0.784
1666730,A1,1.400,-81.1,1.023,0.793
1666850,A3,2.500,-81.3,1.023,0.785
1666870,A2,2.010,-83.4,1.016,0.785
1666880,A1,1.370,-81.1,1.001,0.771
1667000,A3,2.500,-81.4,1.001,0.771
1667020,A2,2.010,-84.0,1.001,0.771
1667030,A1,1.390,-81.2,1.011,0.780
1667150,A3,2.490,-81.4,1.011,0.789
1667170,A2,1.970,-83.6,1.039,0.789
1667180,A1,1.400,-81.3,1.045,0.793
1667450,A3,2.490,-81.4,1.045,0.793
1667470,A2,2.010,-83.6,1.016,0.793
1667480,A1,1.390,-81.0,1.011,0.789
1667600,A3,2.470,-81.0,1.011,0.805
1667620,A2,2.010,-83.5,1.011,0.805
1667630,A1,1.380,-81.0,1.006,0.801
1667750,A3,2.500,-81.1,1.006,0.776
1667770,A2,2.010,-84.1,1.006,0.776
1667780,A1,1.370,-81.3,1.001,0.771
1667900,A3,2.510,-81.3,1.001,0.763
1667920,A2,1.970,-84.1,1.030,0.763
1667930,A1,1.390,-80.7,1.039,0.772
1668050,A3,2.460,-81.7,1.039,0.813
1668070,A2,2.010,-83.3,1.011,0.813
1668080,A1,1.380,-80.8,1.006,0.809
1668200,A3,2.460,-81.7,1.006,0.809
1668220,A2,1.980,-84.1,1.027,0.809
1668230,A1,1.410,-81.1,1.042,0.823
1668350,A3,2.490,-82.1,1.042,0.798
1668370,A2,1.980,-84.0,1.042,0.798
1668380,A1,1.400,-81.1,1.037,0.793
1668500,A3,2.490,-81.7,1.037,0.793
1668520,A2,2.020,-83.9,1.009,0.793
1668530,A1,1.370,-80.5,0.994,0.779
1668650,A3,2.530,-81.1,0.994,0.746
1668670,A2,2.010,-84.1,1.001,0.746
1668680,A1,1.410,-80.9,1.021,0.765
1668800,A3,2.530,-81.4,1.021,0.765
1668820,A2,1.990,-83.9,1.035,0.765
1668830,A1,1.370,-80.8,1.015,0.746
1668950,A3,2.460,-81.2,1.015,0.804
1668970,A2,2.010,-83.6,1.001,0.804
1668980,A1,1.400,-80.9,1.016,0.818
1669100,A3,2.500,-81.1,1.016,0.785
1669120,A2,1.990,-84.2,1.030,0.785
1669130,A1,1.400,-80.9,1.030,0.785
1669250,A3,2.490,-81.2,1.030,0.793
1669270,A2,2.020,-83.8,1.009,0.793
1669280,A1,1.390,-81.3,1.004,0.789
1669400,A3,2.490,-81.7,1.004,0.789
1669420,A2,2.010,-83.5,1.011,0.789
1669700,A3,2.490,-81.9,1.011,0.789
1669720,A2,1.990,-83.9,1.025,0.789
1669730,A1,1.380,-81.2,1.020,0.784
1669850,A3,2.500,-81.2,1.020,0.776
1669870,A2,2.020,-83.8,0.999,0.776
1669880,A1,1.400,-80.8,1.009,0.785
1670000,A3,2.510,-81.3,1.009,0.777
1670020,A2,2.010,-83.9,1.016,0.777
1670030,A1,1.390,-81.3,1.011,0.772
1670150,A3,2.520,-81.4,1.011,0.764
1670170,A2,1.970,-84.0,1.039,0.764
1670180,A1,1.390,-81.1,1.039,0.764
1670300,A3,2.480,-81.5,1.039,0.797
1670320,A2,2.000,-83.5,1.018,0.797
1670330,A1,1.380,-81.0,1.013,0.792
1670600,A3,2.500,-81.4,1.013,0.776
1670620,A2,2.000,-83.4,1.013,0.776
1670630,A1,1.410,-81.0,1.028,0.790
1670750,A3,2.520,-81.1,1.028,0.773
1670770,A2,1.990,-83.4,1.035,0.773
1670780,A1,1.390,-80.7,1.025,0.764
1670900,A3,2.510,-80.8,1.025,0.772
1670920,A2,2.000,-83.8,1.018,0.772
1670930,A1,1.380,-81.3,1.013,0.767
1671050,A3,2.500,-81.0,1.013,0.776
1671070,A2,1.980,-84.1,1.027,0.776
1671080,A1,1.390,-80.9,1.032,0.780
1671200,A3,2.510,-81.0,1.032,0.772
1671220,A2,2.000,-84.3,1.018,0.772
1671230,A1,1.370,-81.1,1.008,0.763
1671350,A3,2.460,-81.5,1.008,0.804
1671370,A2,2.010,-83.5,1.001,0.804
1671380,A1,1.390,-80.7,1.011,0.813
1671500,A3,2.490,-81.1,1.011,0.789
1671520,A2,2.000,-84.2,1.018,0.789
1671530,A1,1.370,-81.0,1.008,0.779
1671650,A3,2.500,-81.8,1.008,0.771
1671670,A2,2.000,-83.8,1.008,0.771
1671680,A1,1.380,-81.0,1.013,0.776
1671800,A3,2.500,-81.9,1.013,0.776
1671820,A2,2.010,-83.8,1.006,0.776
1671830,A1,1.380,-81.2,1.006,0.776
1671950,A3,2.470,-82.0,1.006,0.801
1671970,A2,2.010,-84.1,1.006,0.801
1671980,A1,1.370,-80.9,1.001,0.796
1672100,A3,2.500,-81.8,1.001,0.771
1672120,A2,1.990,-83.7,1.015,0.771
1672130,A1,1.410,-80.9,1.035,0.790
1672250,A3,2.490,-81.9,1.035,0.798
1672270,A2,1.990,-83.4,1.035,0.798
1672280,A1,1.400,-80.9,1.030,0.793
1672400,A3,2.480,-81.2,1.030,0.802
1672420,A2,2.010,-83.8,1.016,0.802
1672430,A1,1.370,-81.3,1.001,0.788
1672550,A3,2.480,-81.1,1.001,0.788
1672570,A2,1.990,-84.2,1.015,0.788
1672580,A1,1.390,-80.9,1.025,0.797
1672700,A3,2.520,-80.9,1.025,0.764
1672720,A2,2.000,-83.5,1.018,0.764
1672730,A1,1.380,-80.8,1.013,0.759
1672850,A3,2.510,-81.1,1.013,0.767
1672870,A2,2.010,-83.4,1.006,0.767
1672880,A1,1.370,-80.9,1.001,0.763
1673000,A3,2.520,-81.0,1.001,0.754
1673020,A2,2.000,-84.1,1.008,0.754
1673030,A1,1.390,-80.6,1.018,0.764
1673150,A3,2.490,-81.4,1.018,0.789
1673170,A2,2.000,-83.8,1.018,0.789
1673180,A1,1.380,-80.5,1.013,0.784
1673300,A3,2.510,-81.4,1.013,0.767
1673320,A2,2.020,-84.0,0.999,0.767
1673330,A1,1.400,-80.9,1.009,0.777
1673450,A3,2.490,-81.3,1.009,0.793
1673470,A2,2.000,-83.4,1.023,0.793
1673480,A1,1.380,-80.8,1.013,0.784
1673750,A3,2.510,-81.2,1.013,0.767
1673770,A2,2.010,-83.7,1.006,0.767
1673780,A1,1.400,-81.0,1.016,0.777
1673900,A3,2.510,-81.6,1.016,0.777
1673930,A1,1.390,-81.0,1.011,0.772
1674080,A1,1.370,-81.0,1.001,0.763
1674200,A3,2.510,-80.8,1.001,0.763
1674220,A2,2.000,-84.2,1.008,0.763
1674230,A1,1.400,-80.9,1.023,0.777
1674350,A3,2.510,-81.1,1.023,0.777
1674370,A2,2.010,-84.2,1.016,0.777
1674380,A1,1.400,-80.8,1.016,0.777
1674500,A3,2.490,-80.9,1.016,0.793
1674520,A2,1.980,-84.0,1.037,0.793
1674530,A1,1.380,-80.9,1.027,0.784
1674650,A3,2.530,-81.2,1.027,0.751
1674670,A2,2.000,-83.5,1.013,0.751
1674680,A1,1.360,-80.9,1.003,0.741
1674800,A3,2.480,-81.6,1.003,0.783
1674820,A2,2.000,-84.5,1.003,0.783
1674830,A1,1.380,-80.5,1.013,0.792
1674950,A3,2.490,-81.6,1.013,0.784
1674970,A2,2.020,-84.4,0.999,0.784
1674980,A1,1.380,-81.1,0.999,0.784
1675100,A3,2.470,-81.5,0.999,0.801
1675120,A2,2.010,-83.8,1.006,0.801
1675130,A1,1.380,-81.0,1.006,0.801
1675250,A3,2.520,-81.3,1.006,0.759
1675270,A2,2.000,-83.8,1.013,0.759
1675280,A1,1.390,-81.1,1.018,0.764
1675400,A3,2.490,-81.6,1.018,0.789
1675420,A2,2.010,-83.7,1.011,0.789
1675430,A1,1.370,-80.9,1.001,0.779
1675550,A3,2.490,-81.2,1.001,0.779
1675570,A2,1.970,-84.5,1.030,0.779
1675850,A3,2.480,-81.1,1.030,0.788
1675870,A2,2.000,-84.2,1.008,0.788
1675880,A1,1.400,-80.8,1.023,0.802
1676000,A3,2.460,-80.9,1.023,0.818
1676020,A2,2.000,-84.2,1.023,0.818
1676030,A1,1.380,-81.0,1.013,0.809
1676150,A3,2.500,-81.3,1.013,0.776
1676170,A2,2.020,-83.5,0.999,0.776
1676180,A1,1.400,-81.1,1.009,0.785
1676300,A3,2.490,-80.6,1.009,0.793
1676320,A2,2.020,-83.4,1.009,0.793
1676330,A1,1.390,-81.0,1.004,0.789
1676450,A3,2.490,-80.7,1.004,0.789
1676470,A2,2.000,-83.7,1.018,0.789
1676480,A1,1.390,-80.8,1.018,0.789
1676600,A3,2.500,-81.5,1.018,0.780
1676620,A2,2.010,-84.4,1.011,0.780
1676630,A1,1.410,-80.8,1.021,0.790
1676900,A3,2.480,-81.5,1.021,0.806
1676920,A2,2.000,-84.5,1.028,0.806
1676930,A1,1.400,-80.9,1.023,0.802
1677050,A3,2.490,-81.9,1.023,0.793
1677070,A2,2.010,-84.6,1.016,0.793
1677080,A1,1.390,-80.9,1.011,0.789
1677200,A3,2.490,-81.8,1.011,0.789
1677220,A2,2.010,-84.3,1.011,0.789
1677230,A1,1.400,-81.3,1.016,0.793
1677350,A3,2.470,-81.9,1.016,0.810
1677370,A2,2.010,-83.6,1.016,0.810
1677380,A1,1.390,-81.2,1.011,0.805
1677500,A3,2.500,-82.4,1.011,0.780
1677520,A2,1.990,-84.5,1.025,0.780
1677530,A1,1.390,-81.2,1.025,0.780
1677650,A3,2.460,-82.5,1.025,0.813
1677670,A2,2.020,-84.1,1.004,0.813
1677680,A1,1.360,-81.0,0.989,0.800
1677800,A3,2.480,-82.3,0.989,0.783
1677820,A2,2.000,-84.2,1.003,0.783
1677830,A1,1.370,-80.6,1.008,0.788
1677950,A3,2.470,-82.0,1.008,0.796
1677970,A2,1.990,-84.3,1.015,0.796
1677980,A1,1.370,-81.3,1.015,0.796
1678100,A3,2.460,-82.8,1.015,0.804
1678120,A2,2.000,-83.8,1.008,0.804
1678130,A1,1.380,-81.3,1.013,0.809
1678250,A3,2.460,-82.4,1.013,0.809
1678270,A2,1.990,-84.4,1.020,0.809
1678280,A1,1.360,-81.3,1.010,0.800
1678400,A3,2.470,-82.2,1.010,0.791
1678420,A2,1.980,-84.1,1.018,0.791
1678430,A1,1.380,-81.5,1.027,0.801
1678550,A3,2.470,-82.0,1.027,0.801
1678570,A2,2.000,-83.7,1.013,0.801
1678580,A1,1.370,-81.4,1.008,0.796
1678700,A3,2.450,-82.2,1.008,0.812
1678720,A2,2.020,-84.1,0.994,0.812
1678730,A1,1.380,-81.6,0.999,0.817
1678850,A3,2.470,-82.4,0.999,0.801
1678870,A2,1.990,-84.0,1.020,0.801
1678880,A1,1.370,-80.9,1.015,0.796
1679020,A2,1.980,-84.2,1.022,0.796
1679030,A1,1.390,-80.7,1.032,0.805
1679170,A2,2.000,-84.2,1.018,0.805
1679180,A1,1.390,-80.7,1.018,0.805
1679300,A3,2.480,-81.6,1.018,0.797
1679320,A2,2.000,-84.3,1.018,0.797
1679330,A1,1.360,-81.0,1.003,0.783
1679450,A3,2.500,-80.7,1.003,0.767
1679470,A2,1.980,-84.2,1.018,0.767
1679480,A1,1.390,-80.8,1.032,0.780
1679600,A3,2.480,-80.8,1.032,0.797
1679630,A1,1.380,-81.0,1.027,0.792
1679780,A1,1.380,-80.9,1.027,0.792
1680050,A3,2.510,-83.2,1.027,0.767
1680070,A2,2.000,-84.0,1.013,0.767
1680080,A1,1.390,-81.2,1.018,0.772
1680200,A3,2.500,-81.3,1.018,0.780
1680220,A2,1.980,-84.3,1.032,0.780
1680230,A1,1.390,-80.8,1.032,0.780
1680350,A3,2.510,-81.6,1.032,0.772
1680370,A2,1.990,-83.6,1.025,0.772
1680380,A1,1.380,-80.7,1.020,0.767
1680500,A3,2.470,-81.2,1.020,0.801
1680520,A2,2.010,-83.6,1.006,0.801
1680530,A1,1.420,-81.0,1.026,0.819
1680650,A3,2.490,-81.4,1.026,0.803
1680670,A2,2.020,-83.9,1.019,0.803
1680680,A1,1.360,-80.8,0.989,0.775
1680800,A3,2.490,-81.6,0.989,0.775
1680820,A2,2.000,-84.2,1.003,0.775
1680830,A1,1.400,-80.7,1.023,0.793
1680950,A3,2.500,-81.3,1.023,0.785
1680970,A2,2.000,-83.7,1.023,0.785
1680980,A1,1.400,-81.2,1.023,0.785
1681100,A3,2.500,-81.4,1.023,0.785
1681120,A2,1.980,-83.9,1.037,0.785
1681130,A1,1.400,-81.2,1.037,0.785
1681250,A3,2.490,-81.4,1.037,0.793
1681270,A2,1.990,-83.8,1.030,0.793
1681280,A1,1.380,-81.0,1.020,0.784
1681400,A3,2.470,-81.5,1.020,0.801
1681420,A2,2.010,-83.6,1.006,0.801
1681430,A1,1.410,-80.9,1.021,0.815
1681550,A3,2.480,-81.7,1.021,0.806
1681570,A2,1.990,-84.7,1.035,0.806
1681580,A1,1.370,-81.4,1.015,0.788
1681700,A3,2.450,-81.8,1.015,0.812
1681720,A2,2.000,-84.4,1.008,0.812
1681730,A1,1.360,-81.0,1.003,0.808
1681850,A3,2.470,-82.1,1.003,0.791
1681870,A2,1.990,-83.6,1.010,0.791
1681880,A1,1.410,-81.3,1.035,0.815
1682000,A3,2.470,-81.8,1.035,0.815
1682020,A2,2.010,-83.8,1.021,0.815
1682030,A1,1.390,-81.1,1.011,0.805
1682150,A3,2.460,-82.2,1.011,0.813
1682170,A2,2.010,-84.2,1.011,0.813
1682180,A1,1.390,-81.2,1.011,0.813
1682300,A3,2.480,-82.0,1.011,0.797
1682320,A2,2.000,-83.6,1.018,0.797
1682330,A1,1.400,-81.3,1.023,0.802
1682450,A3,2.450,-81.8,1.023,0.826
1682470,A2,2.000,-83.7,1.023,0.826
1682480,A1,1.380,-81.2,1.013,0.817
1682600,A3,2.500,-81.8,1.013,0.776
1682620,A2,1.990,-84.4,1.020,0.776
1682630,A1,1.400,-81.4,1.030,0.785
1682750,A3,2.480,-82.4,1.030,0.802
1682770,A2,1.990,-84.5,1.030,0.802
1682780,A1,1.380,-81.2,1.020,0.792
1682900,A3,2.470,-82.6,1.020,0.801
1682920,A2,1.990,-84.1,1.020,0.801
1682930,A1,1.380,-81.5,1.020,0.801
1683200,A3,2.470,-82.4,1.020,0.801
1683220,A2,2.000,-84.7,1.013,0.801
1683230,A1,1.380,-81.3,1.013,0.801
1683500,A3,2.470,-81.8,1.013,0.801
1683520,A2,2.000,-84.2,1.013,0.801
1683530,A1,1.360,-81.1,1.003,0.791
1683650,A3,2.490,-81.8,1.003,0.775
1683670,A2,2.010,-83.8,0.996,0.775
1683680,A1,1.380,-81.1,1.006,0.784
1683800,A3,2.500,-81.9,1.006,0.776
1683820,A2,2.000,-83.9,1.013,0.776
1683830,A1,1.370,-80.8,1.008,0.771
1683950,A3,2.490,-81.7,1.008,0.779
1683970,A2,1.980,-84.1,1.022,0.779
1683980,A1,1.380,-81.3,1.027,0.784
1684100,A3,2.470,-82.3,1.027,0.801
1684120,A2,1.990,-84.0,1.020,0.801
1684130,A1,1.370,-81.0,1.015,0.796
1684250,A3,2.460,-81.9,1.015,0.804
1684270,A2,2.000,-84.4,1.008,0.804
1684280,A1,1.400,-80.9,1.023,0.818
1684420,A2,2.010,-83.8,1.016,0.818
1684430,A1,1.380,-81.4,1.006,0.809
1684570,A2,1.990,-83.8,1.020,0.809
1684580,A1,1.390,-81.1,1.025,0.813
1684700,A3,2.480,-81.9,1.025,0.797
1684720,A2,2.000,-84.4,1.018,0.797
1684730,A1,1.370,-81.1,1.008,0.788
1684850,A3,2.480,-81.9,1.008,0.788
1684870,A2,2.010,-84.0,1.001,0.788
1684880,A1,1.370,-81.1,1.001,0.788
1685000,A3,2.460,-81.8,1.001,0.804
1685020,A2,1.980,-84.5,1.022,0.804
1685030,A1,1.400,-81.3,1.037,0.818
1685150,A3,2.440,-81.8,1.037,0.834
1685170,A2,1.980,-84.6,1.037,0.834
1685180,A1,1.400,-81.4,1.037,0.834
1685300,A3,2.490,-82.0,1.037,0.793
1685320,A2,1.980,-83.9,1.037,0.793
1685330,A1,1.360,-81.4,1.018,0.775
1685450,A3,2.490,-81.9,1.018,0.775
1685470,A2,2.000,-83.7,1.003,0.775
1685480,A1,1.370,-81.2,1.008,0.779
1685600,A3,2.470,-82.1,1.008,0.796
1685620,A2,1.990,-84.3,1.015,0.796
1685630,A1,1.390,-81.3,1.025,0.805
1685750,A3,2.500,-81.9,1.025,0.780
1685770,A2,2.030,-84.3,0.996,0.780
1685780,A1,1.390,-81.4,0.996,0.780
1685900,A3,2.480,-82.1,0.996,0.797
1685920,A2,2.010,-84.1,1.011,0.797
1685930,A1,1.380,-81.2,1.006,0.792
1686050,A3,2.480,-82.0,1.006,0.792
1686070,A2,2.000,-84.4,1.013,0.792
1686080,A1,1.380,-81.4,1.013,0.792
1686350,A3,2.500,-81.5,1.013,0.776
1686370,A2,2.010,-84.2,1.006,0.776
1686380,A1,1.390,-80.9,1.011,0.780
1686500,A3,2.460,-81.6,1.011,0.813
1686520,A2,1.980,-83.7,1.032,0.813
1686530,A1,1.400,-81.3,1.037,0.818
1686650,A3,2.480,-82.5,1.037,0.802
1686670,A2,2.010,-84.0,1.016,0.802
1686680,A1,1.420,-80.9,1.026,0.811
1686800,A3,2.450,-81.8,1.026,0.836
1686820,A2,1.990,-84.4,1.040,0.836
1686830,A1,1.410,-81.2,1.035,0.831
1686950,A3,2.480,-81.8,1.035,0.806
1686970,A2,2.010,-84.3,1.021,0.806
1686980,A1,1.390,-81.1,1.011,0.797
1687100,A3,2.450,-82.3,1.011,0.822
1687120,A2,1.980,-84.4,1.032,0.822
1687130,A1,1.410,-81.0,1.042,0.831
1687250,A3,2.500,-81.7,1.042,0.790
1687270,A2,1.990,-84.3,1.035,0.790
1687280,A1,1.390,-81.2,1.025,0.780
1687400,A3,2.510,-81.7,1.025,0.772
1687420,A2,2.010,-83.8,1.011,0.772
1687430,A1,1.380,-80.8,1.006,0.767
1687550,A3,2.490,-81.9,1.006,0.784
1687570,A2,1.990,-83.8,1.020,0.784
1687580,A1,1.380,-81.0,1.020,0.784
1687700,A3,2.460,-81.8,1.020,0.809
1687720,A2,2.000,-84.2,1.013,0.809
1687730,A1,1.400,-81.2,1.023,0.818
1687850,A3,2.470,-81.9,1.023,0.810
1687870,A2,2.020,-83.8,1.009,0.810
1687880,A1,1.370,-80.7,0.994,0.796
1688000,A3,2.470,-81.9,0.994,0.796
1688020,A2,2.010,-83.9,1.001,0.796
1688030,A1,1.390,-80.8,1.011,0.805
1688150,A3,2.490,-81.7,1.011,0.789
1688170,A2,1.990,-83.7,1.025,0.789
1688180,A1,1.380,-81.0,1.020,0.784
1688300,A3,2.490,-81.7,1.020,0.784
1688320,A2,1.990,-84.4,1.020,0.784
1688330,A1,1.410,-81.0,1.035,0.798
1688450,A3,2.490,-82.4,1.035,0.798
1688470,A2,1.980,-83.7,1.042,0.798
1688480,A1,1.430,-81.0,1.053,0.807
1688600,A3,2.500,-82.4,1.053,0.799
1688620,A2,1.980,-84.1,1.053,0.799
1688630,A1,1.360,-80.9,1.018,0.767
1688750,A3,2.480,-81.8,1.018,0.783
1688770,A2,1.980,-83.8,1.018,0.783
1688780,A1,1.380,-80.6,1.027,0.792
1688900,A3,2.460,-81.6,1.027,0.809
1688920,A2,2.010,-84.2,1.006,0.809
1688930,A1,1.370,-80.8,1.001,0.804
1689050,A3,2.490,-81.9,1.001,0.779
1689070,A2,1.990,-84.0,1.015,0.779
1689080,A1,1.380,-81.1,1.020,0.784
1689200,A3,2.460,-81.7,1.020,0.809
1689220,A2,2.000,-83.8,1.013,0.809
1689230,A1,1.390,-80.6,1.018,0.813
1689500,A3,2.480,-81.9,1.018,0.797
1689520,A2,1.990,-84.2,1.025,0.797
1689530,A1,1.370,-81.2,1.015,0.788
1689650,A3,2.480,-81.7,1.015,0.788
1689670,A2,1.980,-84.1,1.022,0.788
1689680,A1,1.410,-81.0,1.042,0.806
1689800,A3,2.490,-82.3,1.042,0.798
1689820,A2,1.980,-83.7,1.042,0.798
1689830,A1,1.420,-81.2,1.048,0.803
1689950,A3,2.470,-81.7,1.048,0.819
1689970,A2,1.980,-83.7,1.048,0.819
1689980,A1,1.370,-81.1,1.022,0.796
1690100,A3,2.470,-81.5,1.022,0.796
1690120,A2,1.990,-84.3,1.015,0.796
1690130,A1,1.380,-81.0,1.020,0.801
1690250,A3,2.470,-81.6,1.020,0.801
1690270,A2,1.980,-84.1,1.027,0.801
1690280,A1,1.390,-81.0,1.032,0.805
1690400,A3,2.510,-81.3,1.032,0.772
1690420,A2,2.010,-83.5,1.011,0.772
1690430,A1,1.400,-80.4,1.016,0.777
1690550,A3,2.480,-81.5,1.016,0.802
1690570,A2,2.000,-83.9,1.023,0.802
1690580,A1,1.400,-80.8,1.023,0.802
1690700,A3,2.470,-83.3,1.023,0.810
1690720,A2,1.980,-84.5,1.037,0.810
1690730,A1,1.390,-81.1,1.032,0.805
1690850,A3,2.480,-81.7,1.032,0.797
1690870,A2,1.990,-84.3,1.025,0.797
1690880,A1,1.390,-81.0,1.025,0.797
1691000,A3,2.460,-81.3,1.025,0.813
1691020,A2,2.000,-84.0,1.018,0.813
1691030,A1,1.400,-80.8,1.023,0.818
1691150,A3,2.470,-81.7,1.023,0.810
1691170,A2,1.990,-84.3,1.030,0.810
1691180,A1,1.410,-80.7,1.035,0.815
1691300,A3,2.500,-81.6,1.035,0.790
1691320,A2,2.000,-83.7,1.028,0.790
1691330,A1,1.380,-80.8,1.013,0.776
1691450,A3,2.490,-81.4,1.013,0.784
1691470,A2,2.000,-83.8,1.013,0.784
1691480,A1,1.390,-80.7,1.018,0.789
1691600,A3,2.460,-81.5,1.018,0.813
1691620,A2,2.010,-84.3,1.011,0.813
1691630,A1,1.370,-81.1,1.001,0.804
1691750,A3,2.490,-81.7,1.001,0.779
1691770,A2,1.980,-84.1,1.022,0.779
1691780,A1,1.400,-81.6,1.037,0.793
1691900,A3,2.470,-82.0,1.037,0.810
1691920,A2,1.990,-83.5,1.030,0.810
1691930,A1,1.400,-81.2,1.030,0.810
1692200,A3,2.470,-81.9,1.030,0.810
1692220,A2,1.980,-83.9,1.037,0.810
1692230,A1,1.390,-81.1,1.032,0.805
1692350,A3,2.470,-82.0,1.032,0.805
1692370,A2,2.000,-84.4,1.018,0.805
1692380,A1,1.380,-80.8,1.013,0.801
1692650,A3,2.490,-81.8,1.013,0.784
1692670,A2,1.980,-84.1,1.027,0.784
1692680,A1,1.370,-80.9,1.022,0.779
1692800,A3,2.480,-82.1,1.022,0.788
1692820,A2,1.990,-84.4,1.015,0.788
1692830,A1,1.390,-80.5,1.025,0.797
1692950,A3,2.450,-82.2,1.025,0.822
1692970,A2,2.020,-83.8,1.004,0.822
1692980,A1,1.410,-80.6,1.014,0.831
1693100,A3,2.480,-81.8,1.014,0.806
1693120,A2,2.010,-84.2,1.021,0.806
1693130,A1,1.410,-80.8,1.021,0.806
1693250,A3,2.470,-81.6,1.021,0.815
1693270,A2,2.020,-83.8,1.014,0.815
1693280,A1,1.420,-80.7,1.019,0.819
1693400,A3,2.490,-81.9,1.019,0.803
1693420,A2,2.010,-84.2,1.026,0.803
1693430,A1,1.390,-80.8,1.011,0.789
1693550,A3,2.500,-81.1,1.011,0.780
1693570,A2,1.980,-83.9,1.032,0.780
1693580,A1,1.400,-80.9,1.037,0.785
1693700,A3,2.470,-81.5,1.037,0.810
1693720,A2,2.000,-84.3,1.023,0.810
1693730,A1,1.410,-80.5,1.028,0.815
1693850,A3,2.470,-82.0,1.028,0.815
1693870,A2,2.000,-83.7,1.028,0.815
1693880,A1,1.370,-80.8,1.008,0.796
1694000,A3,2.470,-81.7,1.008,0.796
1694020,A2,2.010,-84.0,1.001,0.796
1694030,A1,1.390,-81.1,1.011,0.805
1694150,A3,2.460,-82.5,1.011,0.813
1694170,A2,1.990,-84.0,1.025,0.813
1694180,A1,1.380,-80.7,1.020,0.809
1694300,A3,2.460,-81.7,1.020,0.809
1694320,A2,1.980,-83.6,1.027,0.809
1694330,A1,1.390,-80.5,1.032,0.813
1694450,A3,2.490,-81.8,1.032,0.789
1694470,A2,1.990,-84.3,1.025,0.789
1694480,A1,1.380,-81.2,1.020,0.784
1694600,A3,2.470,-82.2,1.020,0.801
1694620,A2,1.990,-83.8,1.020,0.801
1694630,A1,1.400,-81.0,1.030,0.810
1694750,A3,2.450,-81.6,1.030,0.826
1694770,A2,1.970,-83.8,1.045,0.826
1694780,A1,1.430,-81.0,1.060,0.840
1694900,A3,2.470,-81.7,1.060,0.824
1694920,A2,2.010,-84.1,1.031,0.824
1694930,A1,1.430,-80.8,1.031,0.824
1695050,A3,2.470,-81.5,1.031,0.824
1695070,A2,2.000,-83.8,1.038,0.824
1695080,A1,1.380,-81.1,1.013,0.801
1695200,A3,2.450,-82.4,1.013,0.817
1695220,A2,1.990,-84.3,1.020,0.817
1695230,A1,1.380,-80.9,1.020,0.817
1695350,A3,2.450,-82.3,1.020,0.817
1695370,A2,2.010,-84.1,1.006,0.817
1695380,A1,1.430,-81.1,1.031,0.840
1695500,A3,2.480,-81.9,1.031,0.816
1695520,A2,2.000,-84.3,1.038,0.816
1695530,A1,1.420,-80.8,1.033,0.811
1695800,A3,2.490,-82.2,1.033,0.803
1695820,A2,2.000,-84.1,1.033,0.803
1695830,A1,1.380,-81.2,1.013,0.784
1695950,A3,2.500,-81.5,1.013,0.776
1695970,A2,1.990,-84.4,1.020,0.776
1695980,A1,1.390,-80.8,1.025,0.780
1696100,A3,2.500,-81.6,1.025,0.780
1696120,A2,1.990,-84.4,1.025,0.780
1696130,A1,1.410,-80.9,1.035,0.790
1696250,A3,2.500,-81.4,1.035,0.790
1696270,A2,1.980,-84.5,1.042,0.790
1696280,A1,1.410,-81.0,1.042,0.790
1696400,A3,2.470,-81.9,1.042,0.815
1696420,A2,1.950,-83.7,1.064,0.815
1696430,A1,1.400,-80.8,1.059,0.810
1696550,A3,2.470,-81.2,1.059,0.810
1696570,A2,2.000,-83.8,1.023,0.810
1696580,A1,1.400,-80.7,1.023,0.810
1696700,A3,2.490,-80.8,1.023,0.793
1696720,A2,2.010,-83.9,1.016,0.793
1696730,A1,1.400,-80.9,1.016,0.793
1696850,A3,2.500,-80.8,1.016,0.785
1696870,A2,1.990,-83.9,1.030,0.785
1696880,A1,1.400,-81.0,1.030,0.785
1697000,A3,2.510,-81.4,1.030,0.777
1697020,A2,2.000,-83.4,1.023,0.777
1697030,A1,1.410,-80.8,1.028,0.781
1697150,A3,2.490,-81.4,1.028,0.798
1697170,A2,2.010,-83.8,1.021,0.798
1697180,A1,1.430,-81.2,1.031,0.807
1697300,A3,2.480,-81.1,1.031,0.816
1697320,A2,2.000,-84.2,1.038,0.816
1697330,A1,1.370,-81.1,1.008,0.788
1697450,A3,2.470,-82.0,1.008,0.796
1697470,A2,1.990,-84.1,1.015,0.796
1697480,A1,1.410,-81.0,1.035,0.815
1697600,A3,2.470,-81.7,1.035,0.815
1697620,A2,2.000,-83.4,1.028,0.815
1697630,A1,1.380,-80.7,1.013,0.801
1697750,A3,2.480,-81.2,1.013,0.792
1697770,A2,1.990,-84.4,1.020,0.792
1697780,A1,1.400,-81.0,1.030,0.802
1697900,A3,2.520,-81.9,1.030,0.768
1697920,A2,2.010,-84.2,1.016,0.768
1697930,A1,1.410,-80.8,1.021,0.773
1698050,A3,2.510,-81.7,1.021,0.781
1698070,A2,1.980,-84.3,1.042,0.781
1698080,A1,1.370,-80.7,1.022,0.763
1698200,A3,2.470,-81.2,1.022,0.796
1698220,A2,2.000,-84.1,1.008,0.796
1698230,A1,1.410,-81.2,1.028,0.815
1698350,A3,2.460,-81.6,1.028,0.823
1698370,A2,2.000,-84.2,1.028,0.823
1698380,A1,1.420,-81.2,1.033,0.827
1698500,A3,2.490,-81.3,1.033,0.803
1698520,A2,1.980,-83.8,1.048,0.803
1698530,A1,1.400,-81.0,1.037,0.793
1698650,A3,2.490,-81.2,1.037,0.793
1698670,A2,1.960,-84.3,1.052,0.793
1698680,A1,1.390,-81.0,1.047,0.789
1698950,A3,2.470,-81.8,1.047,0.805
1698970,A2,1.980,-84.6,1.032,0.805
1698980,A1,1.390,-80.9,1.032,0.805
1699100,A3,2.480,-81.7,1.032,0.797
1699120,A2,2.000,-84.3,1.018,0.797
1699130,A1,1.390,-80.8,1.018,0.797
1699250,A3,2.480,-81.8,1.018,0.797
1699270,A2,1.990,-84.0,1.025,0.797
1699280,A1,1.400,-81.2,1.030,0.802
1699400,A3,2.460,-81.4,1.030,0.818
1699420,A2,2.010,-83.7,1.016,0.818
1699430,A1,1.390,-80.9,1.011,0.813
1699550,A3,2.470,-82.3,1.011,0.805
1699570,A2,1.970,-84.1,1.039,0.805
1699580,A1,1.380,-81.1,1.035,0.801
1699700,A3,2.460,-82.0,1.035,0.809
1699720,A2,2.010,-84.3,1.006,0.809
1699730,A1,1.380,-80.7,1.006,0.809
1699850,A3,2.500,-82.0,1.006,0.776
1699870,A2,2.010,-84.5,1.006,0.776
1700150,A3,2.470,-82.1,1.006,0.801
1700180,A1,1.410,-80.6,1.021,0.815
1700330,A1,1.380,-80.3,1.006,0.801
1700450,A3,2.470,-81.8,1.006,0.801
1700470,A2,1.980,-83.8,1.027,0.801
1700480,A1,1.410,-81.1,1.042,0.815
1700600,A3,2.510,-81.5,1.042,0.781
1700620,A2,2.010,-84.5,1.021,0.781
1700630,A1,1.390,-81.0,1.011,0.772
1700750,A3,2.510,-81.6,1.011,0.772
1700770,A2,2.000,-83.8,1.018,0.772
1700780,A1,1.390,-81.0,1.018,0.772
1700900,A3,2.450,-81.7,1.018,0.822
1700920,A2,2.000,-83.8,1.018,0.822
1700930,A1,1.400,-81.0,1.023,0.826
1701050,A3,2.480,-81.7,1.023,0.802
1701070,A2,1.990,-84.2,1.030,0.802
1701080,A1,1.400,-80.5,1.030,0.802
1701200,A3,2.460,-82.1,1.030,0.818
1701220,A2,1.960,-84.3,1.052,0.818
1701230,A1,1.380,-80.8,1.042,0.809
1701350,A3,2.490,-83.0,1.042,0.784
1701370,A2,2.000,-84.2,1.013,0.784
1701380,A1,1.390,-81.3,1.018,0.789
1701500,A3,2.510,-81.5,1.018,0.772
1701520,A2,1.980,-83.7,1.032,0.772
1701530,A1,1.380,-80.7,1.027,0.767
1701650,A3,2.480,-81.7,1.027,0.792
1701670,A2,1.970,-84.5,1.035,0.792
1701680,A1,1.400,-80.8,1.045,0.802
1701800,A3,2.490,-81.8,1.045,0.793
1701820,A2,2.000,-84.1,1.023,0.793
1701830,A1,1.370,-80.8,1.008,0.779
1702100,A3,2.470,-82.0,1.008,0.796
1702120,A2,2.000,-83.8,1.008,0.796
1702130,A1,1.400,-80.9,1.023,0.810
1702250,A3,2.470,-81.4,1.023,0.810
1702270,A2,1.980,-83.9,1.037,0.810
1702280,A1,1.390,-81.4,1.032,0.805
1702400,A3,2.440,-82.3,1.032,0.830
1702420,A2,1.980,-83.8,1.032,0.830
1702430,A1,1.380,-81.2,1.027,0.825
1702550,A3,2.460,-81.7,1.027,0.809
1702570,A2,1.990,-84.1,1.020,0.809
1702580,A1,1.370,-81.0,1.015,0.804
1702700,A3,2.510,-81.5,1.015,0.763
1702720,A2,2.020,-83.8,0.994,0.763
1702730,A1,1.390,-81.2,1.004,0.772
1702850,A3,2.500,-82.2,1.004,0.780
1702870,A2,1.990,-83.7,1.025,0.780
1702880,A1,1.380,-80.8,1.020,0.776
1703000,A3,2.460,-81.5,1.020,0.809
1703020,A2,2.010,-83.7,1.006,0.809
1703030,A1,1.400,-80.9,1.016,0.818
1703150,A3,2.480,-81.9,1.016,0.802
1703170,A2,1.960,-83.6,1.052,0.802
1703180,A1,1.410,-80.6,1.057,0.806
1703300,A3,2.510,-82.1,1.057,0.781
1703320,A2,2.010,-83.9,1.021,0.781
1703330,A1,1.370,-81.1,1.001,0.763
1703450,A3,2.480,-81.6,1.001,0.788
1703470,A2,1.980,-84.2,1.022,0.788
1703480,A1,1.410,-80.9,1.042,0.806
1703600,A3,2.470,-81.5,1.042,0.815
1703620,A2,1.990,-84.2,1.035,0.815
1703630,A1,1.410,-80.6,1.035,0.815
1703750,A3,2.510,-81.5,1.035,0.781
1703770,A2,1.990,-83.8,1.035,0.781
1703780,A1,1.380,-80.7,1.020,0.767
1703900,A3,2.490,-82.2,1.020,0.784
1703920,A2,2.000,-83.7,1.013,0.784
1703930,A1,1.400,-81.0,1.023,0.793
1704050,A3,2.470,-81.6,1.023,0.810
1704070,A2,2.010,-83.6,1.016,0.810
1704080,A1,1.400,-81.0,1.016,0.810
1704200,A3,2.460,-81.5,1.016,0.818
1704220,A2,1.990,-84.1,1.030,0.818
1704230,A1,1.400,-80.8,1.030,0.818
1704350,A3,2.510,-81.5,1.030,0.777
1704370,A2,1.980,-84.1,1.037,0.777
1704380,A1,1.370,-81.1,1.022,0.763
1704500,A3,2.480,-81.3,1.022,0.788
1704520,A2,1.980,-84.1,1.022,0.788
1704530,A1,1.380,-81.0,1.027,0.792
1704650,A3,2.480,-81.5,1.027,0.792
1704670,A2,1.990,-84.3,1.020,0.792
1704680,A1,1.410,-81.0,1.035,0.806
1704800,A3,2.470,-81.6,1.035,0.815
1704820,A2,1.990,-83.8,1.035,0.815
1704830,A1,1.400,-81.0,1.030,0.810
1704950,A3,2.490,-81.7,1.030,0.793
1704970,A2,1.960,-83.9,1.052,0.793
1704980,A1,1.410,-81.3,1.057,0.798
1705270,A2,2.000,-84.3,1.028,0.798
1705280,A1,1.380,-81.1,1.013,0.784
1705420,A2,1.980,-84.2,1.027,0.784
1705430,A1,1.400,-80.7,1.037,0.793
1705700,A3,2.480,-81.8,1.037,0.802
1705720,A2,1.990,-84.2,1.030,0.802
1705730,A1,1.380,-81.2,1.020,0.792
1705850,A3,2.420,-82.0,1.020,0.841
1705870,A2,1.990,-84.3,1.020,0.841
1705880,A1,1.390,-80.7,1.025,0.846
1706000,A3,2.480,-81.4,1.025,0.797
1706020,A2,2.000,-84.2,1.018,0.797
1706030,A1,1.400,-81.0,1.023,0.802
1706150,A3,2.510,-81.5,1.023,0.777
1706170,A2,1.980,-84.4,1.037,0.777
1706180,A1,1.370,-81.0,1.022,0.763
1706300,A3,2.480,-81.8,1.022,0.788
1706320,A2,1.990,-84.4,1.015,0.788
1706330,A1,1.400,-80.8,1.030,0.802
1706450,A3,2.450,-82.1,1.030,0.826
1706470,A2,2.000,-83.9,1.023,0.826
1706480,A1,1.390,-80.7,1.018,0.822
1706600,A3,2.480,-81.2,1.018,0.797
1706620,A2,1.980,-84.1,1.032,0.797
1706630,A1,1.390,-81.3,1.032,0.797
1706750,A3,2.470,-81.5,1.032,0.805
1706770,A2,2.010,-83.8,1.011,0.805
1706780,A1,1.370,-80.9,1.001,0.796
1706900,A3,2.500,-81.5,1.001,0.771
1706920,A2,2.000,-83.8,1.008,0.771
1706930,A1,1.370,-80.8,1.008,0.771
1707050,A3,2.490,-81.7,1.008,0.779
1707070,A2,1.990,-83.6,1.015,0.779
1707080,A1,1.400,-80.9,1.030,0.793
1707200,A3,2.490,-81.9,1.030,0.793
1707220,A2,2.010,-83.9,1.016,0.793
1707230,A1,1.420,-81.1,1.026,0.803
1707350,A3,2.490,-81.6,1.026,0.803
1707370,A2,1.980,-83.7,1.048,0.803
1707380,A1,1.390,-80.7,1.032,0.789
1707500,A3,2.470,-81.4,1.032,0.805
1707520,A2,1.990,-83.4,1.025,0.805
1707530,A1,1.390,-80.8,1.025,0.805
1707650,A3,2.480,-81.6,1.025,0.797
1707670,A2,2.000,-84.0,1.018,0.797
1707680,A1,1.380,-81.0,1.013,0.792
1707950,A3,2.470,-81.5,1.013,0.801
1707970,A2,1.980,-83.8,1.027,0.801
1707980,A1,1.390,-80.4,1.032,0.805
1708100,A3,2.460,-81.3,1.032,0.813
1708120,A2,1.990,-84.1,1.025,0.813
1708130,A1,1.380,-80.6,1.020,0.809
1708400,A3,2.450,-81.7,1.020,0.817
1708420,A2,2.020,-84.2,0.999,0.817
1708430,A1,1.380,-81.2,0.999,0.817
1708550,A3,2.500,-81.4,0.999,0.776
1708570,A2,2.010,-83.7,1.006,0.776
1708580,A1,1.380,-81.0,1.006,0.776
1708700,A3,2.460,-81.8,1.006,0.809
1708720,A2,1.990,-83.5,1.020,0.809
1708730,A1,1.380,-80.6,1.020,0.809
1708850,A3,2.500,-81.7,1.020,0.776
1708870,A2,2.000,-83.8,1.013,0.776
1708880,A1,1.390,-81.0,1.018,0.780
1709000,A3,2.500,-81.8,1.018,0.780
1709020,A2,2.000,-83.9,1.018,0.780
1709030,A1,1.400,-80.8,1.023,0.785
1709150,A3,2.510,-81.8,1.023,0.777
1709170,A2,1.980,-84.0,1.037,0.777
1709180,A1,1.380,-81.0,1.027,0.767
1709300,A3,2.510,-81.8,1.027,0.767
1709320,A2,1.990,-84.4,1.020,0.767
1709330,A1,1.370,-81.2,1.015,0.763
1709450,A3,2.510,-81.5,1.015,0.763
1709470,A2,2.010,-83.8,1.001,0.763
1709480,A1,1.370,-81.2,1.001,0.763
1709600,A3,2.510,-81.7,1.001,0.763
1709620,A2,1.990,-84.4,1.015,0.763
1709630,A1,1.380,-81.2,1.020,0.767
1709750,A3,2.500,-81.2,1.020,0.776
1709770,A2,1.980,-83.8,1.027,0.776
1709780,A1,1.390,-81.4,1.032,0.780
1709900,A3,2.500,-81.2,1.032,0.780
1709920,A2,1.980,-84.3,1.032,0.780
1709930,A1,1.380,-81.3,1.027,0.776
1710050,A3,2.490,-81.5,1.027,0.784
1710070,A2,2.000,-84.1,1.013,0.784
1710080,A1,1.400,-80.4,1.023,0.793
1710200,A3,2.470,-81.0,1.023,0.810
1710220,A2,1.990,-84.0,1.030,0.810
1710230,A1,1.370,-80.9,1.015,0.796
1710350,A3,2.520,-81.3,1.015,0.754
1710370,A2,1.980,-83.5,1.022,0.754
1710380,A1,1.390,-80.9,1.032,0.764
1710520,A2,2.000,-83.5,1.018,0.764
1710530,A1,1.400,-81.4,1.023,0.768
1710670,A2,1.990,-83.4,1.030,0.768
1710680,A1,1.400,-81.0,1.030,0.768
1710800,A3,2.440,-81.5,1.030,0.834
1710820,A2,1.980,-83.7,1.037,0.834
1710830,A1,1.390,-80.8,1.032,0.830
1710950,A3,2.510,-81.4,1.032,0.772
1710970,A2,1.990,-83.9,1.025,0.772
1710980,A1,1.380,-81.0,1.020,0.767
1711100,A3,2.480,-81.8,1.020,0.792
1711120,A2,1.990,-83.4,1.020,0.792
1711130,A1,1.420,-80.8,1.040,0.811
1711250,A3,2.490,-81.5,1.040,0.803
1711270,A2,1.980,-84.3,1.048,0.803
1711280,A1,1.390,-80.7,1.032,0.789
1711550,A3,2.450,-81.9,1.032,0.822
1711570,A2,1.990,-84.2,1.025,0.822
1711580,A1,1.410,-81.2,1.035,0.831
1711700,A3,2.490,-81.4,1.035,0.798
1711720,A2,1.980,-83.7,1.042,0.798
1711730,A1,1.370,-81.4,1.022,0.779
1711850,A3,2.490,-81.6,1.022,0.779
1711870,A2,2.000,-84.3,1.008,0.779
1711880,A1,1.370,-81.0,1.008,0.779
1712000,A3,2.500,-81.5,1.008,0.771
1712020,A2,1.990,-84.2,1.015,0.771
1712030,A1,1.380,-81.3,1.020,0.776
1712150,A3,2.470,-81.0,1.020,0.801
1712170,A2,2.000,-84.2,1.013,0.801
1712180,A1,1.370,-81.3,1.008,0.796
1712300,A3,2.500,-81.6,1.008,0.771
1712320,A2,2.000,-83.6,1.008,0.771
1712330,A1,1.380,-81.4,1.013,0.776
1712450,A3,2.480,-81.0,1.013,0.792
1712470,A2,1.990,-84.2,1.020,0.792
1712480,A1,1.380,-80.9,1.020,0.792
1712600,A3,2.490,-81.0,1.020,0.784
1712620,A2,2.020,-84.0,0.999,0.784
1712630,A1,1.380,-81.4,0.999,0.784
1712750,A3,2.500,-81.3,0.999,0.776
1712770,A2,2.000,-83.4,1.013,0.776
1712780,A1,1.400,-81.3,1.023,0.785
1712900,A3,2.500,-81.3,1.023,0.785
1712920,A2,1.990,-83.7,1.030,0.785
1712930,A1,1.370,-81.3,1.015,0.771
1713050,A3,2.510,-81.1,1.015,0.763
1713070,A2,2.000,-83.8,1.008,0.763
1713080,A1,1.380,-81.4,1.013,0.767
1713200,A3,2.470,-81.2,1.013,0.801
1713220,A2,2.000,-83.9,1.013,0.801
1713230,A1,1.410,-81.1,1.028,0.815
1713350,A3,2.490,-81.0,1.028,0.798
1713370,A2,2.020,-84.0,1.014,0.798
1713380,A1,1.410,-80.6,1.014,0.798
1713500,A3,2.460,-81.1,1.014,0.823
1713520,A2,2.000,-83.8,1.028,0.823
1713530,A1,1.380,-81.3,1.013,0.809
1713650,A3,2.510,-81.5,1.013,0.767
1713670,A2,2.010,-84.2,1.006,0.767
1713680,A1,1.400,-81.2,1.016,0.777
1713800,A3,2.440,-81.1,1.016,0.834
1713820,A2,1.990,-83.3,1.030,0.834
1713830,A1,1.370,-81.1,1.015,0.821
1713950,A3,2.480,-81.0,1.015,0.788
1713970,A2,2.000,-83.4,1.008,0.788
1713980,A1,1.370,-81.1,1.008,0.788
1714100,A3,2.460,-81.3,1.008,0.804
1714120,A2,1.990,-83.5,1.015,0.804
1714130,A1,1.410,-80.7,1.035,0.823
1714250,A3,2.510,-81.4,1.035,0.781
1714270,A2,2.000,-84.0,1.028,0.781
1714280,A1,1.370,-81.1,1.008,0.763
1714400,A3,2.470,-81.4,1.008,0.796
1714420,A2,2.000,-84.2,1.008,0.796
1714430,A1,1.410,-81.3,1.028,0.815
1714700,A3,2.460,-81.6,1.028,0.823
1714720,A2,2.000,-83.5,1.028,0.823
1714730,A1,1.390,-81.4,1.018,0.813
1714850,A3,2.480,-81.5,1.018,0.797
1714870,A2,2.010,-84.3,1.011,0.797
1714880,A1,1.380,-81.0,1.006,0.792
1715000,A3,2.510,-81.3,1.006,0.767
1715020,A2,1.990,-83.4,1.020,0.767
1715030,A1,1.380,-81.3,1.020,0.767
1715150,A3,2.440,-81.4,1.020,0.825
1715170,A2,1.990,-83.9,1.020,0.825
1715180,A1,1.380,-81.4,1.020,0.825
1715300,A3,2.520,-81.5,1.020,0.759
1715320,A2,1.990,-84.1,1.020,0.759
1715330,A1,1.370,-81.0,1.015,0.754
1715450,A3,2.490,-81.1,1.015,0.779
1715470,A2,2.000,-83.7,1.008,0.779
1715480,A1,1.400,-81.5,1.023,0.793
1715600,A3,2.480,-81.4,1.023,0.802
1715620,A2,2.000,-84.2,1.023,0.802
1715630,A1,1.390,-80.9,1.018,0.797
1715750,A3,2.470,-81.3,1.018,0.805
1715770,A2,2.000,-84.2,1.018,0.805
1715780,A1,1.380,-80.9,1.013,0.801
1715900,A3,2.480,-81.1,1.013,0.792
1715920,A2,2.020,-84.0,0.999,0.792
1715930,A1,1.400,-81.0,1.009,0.802
1716050,A3,2.490,-81.4,1.009,0.793
1716070,A2,2.010,-83.8,1.016,0.793
1716080,A1,1.400,-81.3,1.016,0.793
1716200,A3,2.470,-81.0,1.016,0.810
1716220,A2,2.000,-83.7,1.023,0.810
1716230,A1,1.360,-81.2,1.003,0.791
1716350,A3,2.500,-80.9,1.003,0.767
1716370,A2,1.980,-83.7,1.018,0.767
1716380,A1,1.400,-81.5,1.037,0.785
1716500,A3,2.480,-81.5,1.037,0.802
1716520,A2,1.990,-83.7,1.030,0.802
1716530,A1,1.370,-81.2,1.015,0.788
1716650,A3,2.470,-81.1,1.015,0.796
1716670,A2,2.000,-83.6,1.008,0.796
1716680,A1,1.400,-81.3,1.023,0.810
1716800,A3,2.480,-81.3,1.023,0.802
1716820,A2,1.960,-83.6,1.052,0.802
1717100,A3,2.480,-81.1,1.052,0.802
1717120,A2,2.010,-84.0,1.016,0.802
1717130,A1,1.400,-81.1,1.016,0.802
1717250,A3,2.500,-81.3,1.016,0.785
1717270,A2,2.000,-83.7,1.023,0.785
1717280,A1,1.390,-81.1,1.018,0.780
1717400,A3,2.490,-81.7,1.018,0.789
1717420,A2,2.000,-83.7,1.018,0.789
1717430,A1,1.400,-81.4,1.023,0.793
1717550,A3,2.460,-81.0,1.023,0.818
1717570,A2,1.990,-84.0,1.030,0.818
1717580,A1,1.390,-81.0,1.025,0.813
1717850,A3,2.480,-80.9,1.025,0.797
1717870,A2,2.000,-84.3,1.018,0.797
1717880,A1,1.390,-80.8,1.018,0.797
1718000,A3,2.490,-81.4,1.018,0.789
1718020,A2,2.000,-83.9,1.018,0.789
1718030,A1,1.390,-80.9,1.018,0.789
1718150,A3,2.500,-81.0,1.018,0.780
1718170,A2,1.990,-84.3,1.025,0.780
1718180,A1,1.380,-80.8,1.020,0.776
1718300,A3,2.470,-81.6,1.020,0.801
1718320,A2,2.010,-83.5,1.006,0.801
1718330,A1,1.390,-81.3,1.011,0.805
1718450,A3,2.480,-81.4,1.011,0.797
1718470,A2,1.990,-84.0,1.025,0.797
1718480,A1,1.380,-81.4,1.020,0.792
1718600,A3,2.460,-81.5,1.020,0.809
1718620,A2,1.980,-83.5,1.027,0.809
1718630,A1,1.380,-81.3,1.027,0.809
1718750,A3,2.510,-81.4,1.027,0.767
1718770,A2,2.010,-84.1,1.006,0.767
1718780,A1,1.390,-81.2,1.011,0.772
1718900,A3,2.500,-81.5,1.011,0.780
1718920,A2,2.010,-84.2,1.011,0.780
1718930,A1,1.390,-81.1,1.011,0.780
1719050,A3,2.510,-81.1,1.011,0.772
1719070,A2,1.980,-83.6,1.032,0.772
1719080,A1,1.420,-81.0,1.048,0.786
1719200,A3,2.450,-81.4,1.048,0.836
1719220,A2,2.010,-83.5,1.026,0.836
1719230,A1,1.380,-81.1,1.006,0.817
1719350,A3,2.490,-81.2,1.006,0.784
1719370,A2,1.990,-84.1,1.020,0.784
1719650,A3,2.530,-81.3,1.020,0.751
1719670,A2,2.010,-83.6,1.006,0.751
1719680,A1,1.400,-81.3,1.016,0.760
1719800,A3,2.510,-81.4,1.016,0.777
1719820,A2,2.010,-83.6,1.016,0.777
1719830,A1,1.370,-81.3,1.001,0.763
1719950,A3,2.510,-81.1,1.001,0.763
1719970,A2,2.000,-83.9,1.008,0.763
1719980,A1,1.380,-81.3,1.013,0.767
1720100,A3,2.480,-81.5,1.013,0.792
1720120,A2,2.020,-84.0,0.999,0.792
1720130,A1,1.380,-81.3,0.999,0.792
1720250,A3,2.510,-81.1,0.999,0.767
1720270,A2,2.000,-83.3,1.013,0.767
1720280,A1,1.400,-81.4,1.023,0.777
1720400,A3,2.460,-81.1,1.023,0.818
1720420,A2,1.990,-83.7,1.030,0.818
1720430,A1,1.370,-81.0,1.015,0.804
1720550,A3,2.510,-81.3,1.015,0.763
1720570,A2,1.980,-84.1,1.022,0.763
1720580,A1,1.380,-81.1,1.027,0.767
1720700,A3,2.450,-81.5,1.027,0.817
1720720,A2,2.000,-84.0,1.013,0.817
1720730,A1,1.380,-81.1,1.013,0.817
1721000,A3,2.470,-81.3,1.013,0.801
1721020,A2,1.990,-84.1,1.020,0.801
1721030,A1,1.380,-80.9,1.020,0.801
1721150,A3,2.530,-81.2,1.020,0.751
1721170,A2,2.010,-84.0,1.006,0.751
1721180,A1,1.390,-80.9,1.011,0.755
1721300,A3,2.510,-81.3,1.011,0.772
1721320,A2,2.010,-84.0,1.011,0.772
1721330,A1,1.380,-81.2,1.006,0.767
1721450,A3,2.490,-81.2,1.006,0.784
1721470,A2,2.000,-84.0,1.013,0.784
1721480,A1,1.400,-80.9,1.023,0.793
1721600,A3,2.490,-81.4,1.023,0.793
1721620,A2,2.010,-83.9,1.016,0.793
1721630,A1,1.390,-81.1,1.011,0.789
1721750,A3,2.440,-81.1,1.011,0.830
1721770,A2,2.010,-83.8,1.011,0.830
1721780,A1,1.390,-81.1,1.011,0.830
1721900,A3,2.450,-81.0,1.011,0.822
1721920,A2,2.010,-84.2,1.011,0.822
1721930,A1,1.400,-81.3,1.016,0.826
1722050,A3,2.460,-81.4,1.016,0.818
1722070,A2,1.990,-83.6,1.030,0.818
1722080,A1,1.390,-80.8,1.025,0.813
1722200,A3,2.510,-81.2,1.025,0.772
1722220,A2,2.000,-83.7,1.018,0.772
1722230,A1,1.380,-81.1,1.013,0.767
1722350,A3,2.500,-81.3,1.013,0.776
1722370,A2,2.000,-83.9,1.013,0.776
1722380,A1,1.380,-81.4,1.013,0.776
1722500,A3,2.490,-81.3,1.013,0.784
1722520,A2,2.000,-84.2,1.013,0.784
1722530,A1,1.400,-81.0,1.023,0.793
1722800,A3,2.500,-81.3,1.023,0.785
1722820,A2,2.000,-84.0,1.023,0.785
1722830,A1,1.380,-81.0,1.013,0.776
1722950,A3,2.450,-81.2,1.013,0.817
1722970,A2,1.990,-84.3,1.020,0.817
1722980,A1,1.390,-80.9,1.025,0.822
1723100,A3,2.500,-81.4,1.025,0.780
1723120,A2,2.010,-83.6,1.011,0.780
1723130,A1,1.410,-81.2,1.021,0.790
1723250,A3,2.450,-81.2,1.021,0.831
1723270,A2,2.000,-84.2,1.028,0.831
1723280,A1,1.400,-81.1,1.023,0.826
1723400,A3,2.490,-81.1,1.023,0.793
1723420,A2,2.000,-84.2,1.023,0.793
1723430,A1,1.400,-80.8,1.023,0.793
1723550,A3,2.470,-80.9,1.023,0.810
1723570,A2,2.030,-84.1,1.001,0.810
1723580,A1,1.380,-81.1,0.991,0.801
1723700,A3,2.480,-81.2,0.991,0.792
1723720,A2,1.990,-83.8,1.020,0.792
1723730,A1,1.390,-80.9,1.025,0.797
1723850,A3,2.480,-81.3,1.025,0.797
1723870,A2,1.980,-83.8,1.032,0.797
1723880,A1,1.400,-81.3,1.037,0.802
1724150,A3,2.510,-81.4,1.037,0.777
1724170,A2,2.000,-83.6,1.023,0.777
1724180,A1,1.420,-81.5,1.033,0.786
1724300,A3,2.460,-81.2,1.033,0.827
1724320,A2,2.010,-83.2,1.026,0.827
1724330,A1,1.370,-81.0,1.001,0.804
1724450,A3,2.470,-81.5,1.001,0.796
1724470,A2,2.010,-83.5,1.001,0.796
1724480,A1,1.380,-80.9,1.006,0.801
1724600,A3,2.510,-81.4,1.006,0.767
1724620,A2,1.990,-83.5,1.020,0.767
1724630,A1,1.390,-81.2,1.025,0.772
1724750,A3,2.440,-81.2,1.025,0.830
1724770,A2,2.000,-83.3,1.018,0.830
1724780,A1,1.370,-81.2,1.008,0.821
1724900,A3,2.490,-81.5,1.008,0.779
1724920,A2,2.000,-84.0,1.008,0.779
1724930,A1,1.400,-81.3,1.023,0.793
1725050,A3,2.490,-80.9,1.023,0.793
1725070,A2,1.990,-84.3,1.030,0.793
1725080,A1,1.390,-80.9,1.025,0.789
1725200,A3,2.490,-81.2,1.025,0.789
1725220,A2,2.000,-84.1,1.018,0.789
1725230,A1,1.390,-81.2,1.018,0.789
1725350,A3,2.510,-81.6,1.018,0.772
1725370,A2,1.990,-83.5,1.025,0.772
1725380,A1,1.380,-80.8,1.020,0.767
1725500,A3,2.460,-80.9,1.020,0.809
1725520,A2,2.010,-83.7,1.006,0.809
1725530,A1,1.420,-80.9,1.026,0.827
1725650,A3,2.470,-81.1,1.026,0.819
1725670,A2,1.980,-83.4,1.048,0.819
1725680,A1,1.410,-80.8,1.042,0.815
1725800,A3,2.490,-81.0,1.042,0.798
1725820,A2,2.000,-84.0,1.028,0.798
1725830,A1,1.400,-81.4,1.023,0.793
1725950,A3,2.490,-81.4,1.023,0.793
1725970,A2,1.980,-84.1,1.037,0.793
1725980,A1,1.380,-81.2,1.027,0.784
1726100,A3,2.490,-81.3,1.027,0.784
1726120,A2,2.010,-84.1,1.006,0.784
1726130,A1,1.370,-81.1,1.001,0.779
1726250,A3,2.460,-81.1,1.001,0.804
1726270,A2,2.010,-83.7,1.001,0.804
1726280,A1,1.380,-81.2,1.006,0.809
1726400,A3,2.480,-81.2,1.006,0.792
1726420,A2,2.000,-83.6,1.013,0.792
1726430,A1,1.390,-81.2,1.018,0.797
1726550,A3,2.510,-81.2,1.018,0.772
1726570,A2,2.000,-84.0,1.018,0.772
1726580,A1,1.370,-81.1,1.008,0.763
1726700,A3,2.480,-81.2,1.008,0.788
1726720,A2,2.010,-84.0,1.001,0.788
1726730,A1,1.380,-81.4,1.006,0.792
1726850,A3,2.490,-81.5,1.006,0.784
1726870,A2,2.000,-83.5,1.013,0.784
1726880,A1,1.390,-81.3,1.018,0.789
1727000,A3,2.500,-81.2,1.018,0.780
1727020,A2,2.000,-84.0,1.018,0.780
1727030,A1,1.410,-80.6,1.028,0.790
1727300,A3,2.490,-81.9,1.028,0.798
1727320,A2,1.990,-84.2,1.035,0.798
1727330,A1,1.380,-81.2,1.020,0.784
1727450,A3,2.500,-81.3,1.020,0.776
1727470,A2,1.990,-84.3,1.020,0.776
1727480,A1,1.390,-80.6,1.025,0.780
1727600,A3,2.490,-81.0,1.025,0.789
1727620,A2,1.990,-84.0,1.025,0.789
1727630,A1,1.380,-81.3,1.020,0.784
1727750,A3,2.420,-81.3,1.020,0.841
1727770,A2,1.980,-83.9,1.027,0.841
1727780,A1,1.380,-81.1,1.027,0.841
1727900,A3,2.510,-81.0,1.027,0.767
1727920,A2,2.000,-84.2,1.013,0.767
1727930,A1,1.380,-81.3,1.013,0.767
1728050,A3,2.500,-81.3,1.013,0.776
1728070,A2,1.970,-83.4,1.035,0.776
1728080,A1,1.390,-80.8,1.039,0.780
1728200,A3,2.470,-81.1,1.039,0.805
1728220,A2,1.980,-83.8,1.032,0.805
1728230,A1,1.400,-81.1,1.037,0.810
1728350,A3,2.490,-81.4,1.037,0.793
1728370,A2,1.990,-84.1,1.030,0.793
1728380,A1,1.370,-81.1,1.015,0.779
1728500,A3,2.520,-81.4,1.015,0.754
1728520,A2,2.000,-84.1,1.008,0.754
1728530,A1,1.380,-80.9,1.013,0.759
1728650,A3,2.500,-81.3,1.013,0.776
1728670,A2,2.000,-84.2,1.013,0.776
1728680,A1,1.390,-81.1,1.018,0.780
1728800,A3,2.520,-81.4,1.018,0.764
1728820,A2,2.000,-84.1,1.018,0.764
1728830,A1,1.390,-81.2,1.018,0.764
1728950,A3,2.480,-81.3,1.018,0.797
1728970,A2,1.990,-84.0,1.025,0.797
1728980,A1,1.380,-81.5,1.020,0.792
1729100,A3,2.470,-83.0,1.020,0.801
1729120,A2,2.000,-84.3,1.013,0.801
1729130,A1,1.390,-81.9,1.018,0.805
1729250,A3,2.440,-81.2,1.018,0.830
1729270,A2,1.980,-84.3,1.032,0.830
1729280,A1,1.380,-80.8,1.027,0.825
1729400,A3,2.490,-81.3,1.027,0.784
1729420,A2,2.010,-83.7,1.006,0.784
1729430,A1,1.380,-80.6,1.006,0.784
1729550,A3,2.510,-81.4,1.006,0.767
1729570,A2,2.010,-83.3,1.006,0.767
1729580,A1,1.380,-81.1,1.006,0.767
1729700,A3,2.460,-81.3,1.006,0.809
1729720,A2,2.010,-84.1,1.006,0.809
1729730,A1,1.380,-81.2,1.006,0.809
1729850,A3,2.470,-81.1,1.006,0.801
1729870,A2,2.010,-83.8,1.006,0.801
1729880,A1,1.410,-81.3,1.021,0.815
1730000,A3,2.500,-81.7,1.021,0.790
1730020,A2,2.000,-84.0,1.028,0.790
1730030,A1,1.370,-81.3,1.008,0.771
1730150,A3,2.510,-81.2,1.008,0.763
1730170,A2,2.010,-84.2,1.001,0.763
1730180,A1,1.390,-81.2,1.011,0.772
1730450,A3,2.450,-81.2,1.011,0.822
1730480,A1,1.390,-81.6,1.011,0.822
1730630,A1,1.370,-81.2,1.001,0.812
1730750,A3,2.450,-81.6,1.001,0.812
1730770,A2,2.000,-83.9,1.008,0.812
1730780,A1,1.380,-81.1,1.013,0.817
1730900,A3,2.460,-81.2,1.013,0.809
1730920,A2,1.980,-84.0,1.027,0.809
1730930,A1,1.380,-81.2,1.027,0.809
1731050,A3,2.470,-81.2,1.027,0.801
1731070,A2,2.000,-83.6,1.013,0.801
1731080,A1,1.410,-81.1,1.028,0.815
1731200,A3,2.440,-81.1,1.028,0.839
1731220,A2,2.000,-83.6,1.028,0.839
1731230,A1,1.390,-81.0,1.018,0.830
1731350,A3,2.490,-81.2,1.018,0.789
1731370,A2,1.970,-83.7,1.039,0.789
1731380,A1,1.370,-81.1,1.030,0.779
1731500,A3,2.490,-81.3,1.030,0.779
1731520,A2,2.000,-83.5,1.008,0.779
1731530,A1,1.400,-81.1,1.023,0.793
1731650,A3,2.470,-81.3,1.023,0.810
1731670,A2,1.990,-83.9,1.030,0.810
1731680,A1,1.400,-81.2,1.030,0.810
1731800,A3,2.480,-81.4,1.030,0.802
1731820,A2,2.020,-83.7,1.009,0.802
1731830,A1,1.400,-81.1,1.009,0.802
1731970,A2,2.000,-84.2,1.023,0.802
1731980,A1,1.400,-80.9,1.023,0.802
1732120,A2,2.000,-83.5,1.023,0.802
1732130,A1,1.420,-81.1,1.033,0.811
1732250,A3,2.480,-81.3,1.033,0.811
1732270,A2,2.000,-83.5,1.033,0.811
1732280,A1,1.400,-81.4,1.023,0.802
1732400,A3,2.480,-81.3,1.023,0.802
1732420,A2,2.000,-83.4,1.023,0.802
1732430,A1,1.390,-80.8,1.018,0.797
1732550,A3,2.450,-81.5,1.018,0.822
1732570,A2,2.010,-83.7,1.011,0.822
1732580,A1,1.370,-81.5,1.001,0.812
1732700,A3,2.520,-81.4,1.001,0.754
1732720,A2,1.990,-83.6,1.015,0.754
1732730,A1,1.390,-80.8,1.025,0.764
1732850,A3,2.480,-81.5,1.025,0.797
1732870,A2,1.980,-83.5,1.032,0.797
1732880,A1,1.390,-80.7,1.032,0.797
1733000,A3,2.460,-80.7,1.032,0.813
1733020,A2,1.980,-84.0,1.032,0.813
1733030,A1,1.390,-80.6,1.032,0.813
1733150,A3,2.470,-81.6,1.032,0.805
1733170,A2,2.010,-84.0,1.011,0.805
1733180,A1,1.380,-81.1,1.006,0.801
1733300,A3,2.510,-81.2,1.006,0.767
1733320,A2,1.990,-83.8,1.020,0.767
1733330,A1,1.380,-81.1,1.020,0.767
1733600,A3,2.490,-81.3,1.020,0.784
1733620,A2,2.000,-84.2,1.013,0.784
1733630,A1,1.380,-81.1,1.013,0.784
1733750,A3,2.460,-81.0,1.013,0.809
1733770,A2,2.010,-83.7,1.006,0.809
1733780,A1,1.390,-81.0,1.011,0.813
1733900,A3,2.460,-81.5,1.011,0.813
1733920,A2,1.990,-84.4,1.025,0.813
1733930,A1,1.400,-81.4,1.030,0.818
1734050,A3,2.470,-81.5,1.030,0.810
1734070,A2,2.000,-83.4,1.023,0.810
1734080,A1,1.410,-81.2,1.028,0.815
1734200,A3,2.510,-81.9,1.028,0.781
1734220,A2,1.980,-84.3,1.042,0.781
1734230,A1,1.420,-81.2,1.048,0.786
1734350,A3,2.520,-81.6,1.048,0.778
1734370,A2,1.990,-84.1,1.040,0.778
1734380,A1,1.410,-81.2,1.035,0.773
1734500,A3,2.460,-81.2,1.035,0.823
1734520,A2,2.000,-84.0,1.028,0.823
1734530,A1,1.370,-81.4,1.008,0.804
1734650,A3,2.480,-81.3,1.008,0.788
1734670,A2,2.020,-84.3,0.994,0.788
1734680,A1,1.390,-81.2,1.004,0.797
1734800,A3,2.480,-81.4,1.004,0.797
1734820,A2,2.010,-83.4,1.011,0.797
1734830,A1,1.390,-81.3,1.011,0.797
1734950,A3,2.450,-81.3,1.011,0.822
1734970,A2,1.990,-84.1,1.025,0.822
1734980,A1,1.380,-81.0,1.020,0.817
1735100,A3,2.450,-81.5,1.020,0.817
1735120,A2,1.990,-83.9,1.020,0.817
1735130,A1,1.390,-80.8,1.025,0.822
1735250,A3,2.480,-81.2,1.025,0.797
1735270,A2,1.990,-84.1,1.025,0.797
1735280,A1,1.410,-80.9,1.035,0.806
1735400,A3,2.470,-80.9,1.035,0.815
1735420,A2,2.000,-84.1,1.028,0.815
1735430,A1,1.400,-81.5,1.023,0.810
1735550,A3,2.490,-81.1,1.023,0.793
1735570,A2,1.980,-84.2,1.037,0.793
1735580,A1,1.400,-80.9,1.037,0.793
1735700,A3,2.510,-81.4,1.037,0.777
1735720,A2,1.990,-84.1,1.030,0.777
1735730,A1,1.400,-81.2,1.030,0.777
1735850,A3,2.480,-81.3,1.030,0.802
1735870,A2,1.980,-84.1,1.037,0.802
1735880,A1,1.420,-80.7,1.048,0.811
1736000,A3,2.480,-81.0,1.048,0.811
1736020,A2,1.980,-83.4,1.048,0.811
1736030,A1,1.390,-81.1,1.032,0.797
1736150,A3,2.490,-81.5,1.032,0.789
1736170,A2,1.990,-83.6,1.025,0.789
1736180,A1,1.390,-80.6,1.025,0.789
1736300,A3,2.510,-81.7,1.025,0.772
1736320,A2,2.020,-83.9,1.004,0.772
1736330,A1,1.390,-80.9,1.004,0.772
1736450,A3,2.450,-81.2,1.004,0.822
1736470,A2,2.010,-84.3,1.011,0.822
1736480,A1,1.400,-81.0,1.016,0.826
1736750,A3,2.480,-81.2,1.016,0.802
1736770,A2,1.970,-84.1,1.045,0.802
1736780,A1,1.380,-81.1,1.035,0.792
1736900,A3,2.450,-81.3,1.035,0.817
1736920,A2,1.980,-84.1,1.027,0.817
1736930,A1,1.390,-81.0,1.032,0.822
1737050,A3,2.490,-81.3,1.032,0.789
1737070,A2,2.000,-83.9,1.018,0.789
1737080,A1,1.390,-81.1,1.018,0.789
1737200,A3,2.480,-81.3,1.018,0.797
1737220,A2,1.980,-83.7,1.032,0.797
1737230,A1,1.400,-81.2,1.037,0.802
1737350,A3,2.470,-81.4,1.037,0.810
1737370,A2,2.010,-84.0,1.016,0.810
1737380,A1,1.380,-81.1,1.006,0.801
1737500,A3,2.510,-81.4,1.006,0.767
1737520,A2,2.010,-83.8,1.006,0.767
1737530,A1,1.390,-81.2,1.011,0.772
1737650,A3,2.440,-81.2,1.011,0.830
1737670,A2,2.000,-84.1,1.018,0.830
1737680,A1,1.410,-81.2,1.028,0.839
1737800,A3,2.470,-81.5,1.028,0.815
1737820,A2,2.010,-83.4,1.021,0.815
1737830,A1,1.400,-81.4,1.016,0.810
1737950,A3,2.510,-81.3,1.016,0.777
1737970,A2,2.000,-84.0,1.023,0.777
1737980,A1,1.400,-81.2,1.023,0.777
1738100,A3,2.490,-80.8,1.023,0.793
1738120,A2,2.000,-83.4,1.023,0.793
1738130,A1,1.390,-80.7,1.018,0.789
1738250,A3,2.480,-81.2,1.018,0.797
1738270,A2,2.030,-83.3,0.996,0.797
1738280,A1,1.410,-81.3,1.006,0.806
1738400,A3,2.460,-81.4,1.006,0.823
1738420,A2,2.000,-83.6,1.028,0.823
1738430,A1,1.370,-81.1,1.008,0.804
1738550,A3,2.450,-80.9,1.008,0.812
1738570,A2,1.980,-83.8,1.022,0.812
1738580,A1,1.380,-81.0,1.027,0.817
1738700,A3,2.480,-81.3,1.027,0.792
1738720,A2,2.010,-83.8,1.006,0.792
1738730,A1,1.400,-81.3,1.016,0.802
1738850,A3,2.510,-81.3,1.016,0.777
1738870,A2,1.980,-83.8,1.037,0.777
1738880,A1,1.400,-80.9,1.037,0.777
1739000,A3,2.490,-81.1,1.037,0.793
1739020,A2,2.000,-83.3,1.023,0.793
1739030,A1,1.390,-81.2,1.018,0.789
1739150,A3,2.510,-81.1,1.018,0.772
1739170,A2,1.990,-84.2,1.025,0.772
1739180,A1,1.370,-81.0,1.015,0.763
1739300,A3,2.510,-81.1,1.015,0.763
1739320,A2,1.980,-84.0,1.022,0.763
1739330,A1,1.380,-80.7,1.027,0.767
1739470,A2,1.980,-83.8,1.027,0.767
1739480,A1,1.410,-80.7,1.042,0.781
1739900,A3,2.480,-81.0,1.042,0.806
1739920,A2,2.000,-83.5,1.028,0.806
1739930,A1,1.390,-81.1,1.018,0.797
1740050,A3,2.510,-81.4,1.018,0.772
1740070,A2,2.000,-83.4,1.018,0.772
1740080,A1,1.410,-81.1,1.028,0.781
1740200,A3,2.500,-81.9,1.028,0.790
1740220,A2,1.980,-84.0,1.042,0.790
1740230,A1,1.390,-80.8,1.032,0.780
1740350,A3,2.480,-81.8,1.032,0.797
1740370,A2,2.000,-84.1,1.018,0.797
1740380,A1,1.380,-81.3,1.013,0.792
1740500,A3,2.470,-81.3,1.013,0.801
1740520,A2,2.000,-83.9,1.013,0.801
1740530,A1,1.400,-81.2,1.023,0.810
1740650,A3,2.510,-81.1,1.023,0.777
1740670,A2,1.990,-83.5,1.030,0.777
1740680,A1,1.400,-81.2,1.030,0.777
1740800,A3,2.510,-81.3,1.030,0.777
1740820,A2,1.980,-83.6,1.037,0.777
1740830,A1,1.370,-80.9,1.022,0.763
1740950,A3,2.470,-81.0,1.022,0.796
1740970,A2,2.020,-84.1,0.994,0.796
1740980,A1,1.390,-81.3,1.004,0.805
1741100,A3,2.430,-81.1,1.004,0.838
1741120,A2,1.990,-84.2,1.025,0.838
1741130,A1,1.390,-81.1,1.025,0.838
1741250,A3,2.460,-81.3,1.025,0.813
1741270,A2,2.020,-83.9,1.004,0.813
1741280,A1,1.380,-81.1,0.999,0.809
1741400,A3,2.470,-81.4,0.999,0.801
1741420,A2,2.010,-83.6,1.006,0.801
1741430,A1,1.380,-81.2,1.006,0.801
1741550,A3,2.470,-81.4,1.006,0.801
1741570,A2,1.980,-83.8,1.027,0.801
1741580,A1,1.400,-81.1,1.037,0.810
1741700,A3,2.500,-81.2,1.037,0.785
1741720,A2,2.000,-83.6,1.023,0.785
1741730,A1,1.380,-81.1,1.013,0.776
1741850,A3,2.470,-81.1,1.013,0.801
1741870,A2,2.000,-83.6,1.013,0.801
1741880,A1,1.370,-80.9,1.008,0.796
1742000,A3,2.470,-81.2,1.008,0.796
1742020,A2,1.980,-83.9,1.022,0.796
1742030,A1,1.380,-81.0,1.027,0.801
1742150,A3,2.480,-81.0,1.027,0.792
1742170,A2,1.990,-83.6,1.020,0.792
1742180,A1,1.410,-81.2,1.035,0.806
1742300,A3,2.440,-81.3,1.035,0.839
1742320,A2,2.000,-84.1,1.028,0.839
1742330,A1,1.390,-81.0,1.018,0.830
1742450,A3,2.440,-81.4,1.018,0.830
1742470,A2,2.000,-84.0,1.018,0.830
1742480,A1,1.390,-80.9,1.018,0.830
1742600,A3,2.500,-81.2,1.018,0.780
1742620,A2,1.970,-84.1,1.039,0.780
1742630,A1,1.400,-81.1,1.045,0.785
1742750,A3,2.490,-81.3,1.045,0.793
1742770,A2,1.980,-83.5,1.037,0.793
1742780,A1,1.400,-81.1,1.037,0.793
1743050,A3,2.430,-80.9,1.037,0.843
1743070,A2,1.990,-83.3,1.030,0.843
1743080,A1,1.390,-81.0,1.025,0.838
1743200,A3,2.450,-81.5,1.025,0.822
1743220,A2,1.980,-84.0,1.032,0.822
1743230,A1,1.400,-80.8,1.037,0.826
1743350,A3,2.470,-81.2,1.037,0.810
1743380,A1,1.370,-80.9,1.022,0.796
1743530,A1,1.410,-80.9,1.042,0.815
1743650,A3,2.480,-81.1,1.042,0.806
1743670,A2,2.000,-83.8,1.028,0.806
1743680,A1,1.390,-81.3,1.018,0.797
1743800,A3,2.480,-81.4,1.018,0.797
1743820,A2,1.980,-83.7,1.032,0.797
1743830,A1,1.370,-81.3,1.022,0.788
1743950,A3,2.460,-81.0,1.022,0.804
1743970,A2,1.990,-83.6,1.015,0.804
1743980,A1,1.400,-80.9,1.030,0.818
1744100,A3,2.520,-81.2,1.030,0.768
1744120,A2,2.000,-84.3,1.023,0.768
1744130,A1,1.380,-80.7,1.013,0.759
1744250,A3,2.450,-81.3,1.013,0.817
1744270,A2,1.990,-83.6,1.020,0.817
1744280,A1,1.390,-81.0,1.025,0.822
1744400,A3,2.480,-81.2,1.025,0.797
1744420,A2,2.000,-84.2,1.018,0.797
1744430,A1,1.380,-81.1,1.013,0.792
1744550,A3,2.440,-80.9,1.013,0.825
1744570,A2,2.010,-83.4,1.006,0.825
1744580,A1,1.370,-81.5,1.001,0.821
1744700,A3,2.460,-81.5,1.001,0.804
1744720,A2,2.000,-84.0,1.008,0.804
1744730,A1,1.390,-81.3,1.018,0.813
1744850,A3,2.500,-81.4,1.018,0.780
1744870,A2,1.980,-83.8,1.032,0.780
1744880,A1,1.370,-81.3,1.022,0.771
1745150,A3,2.520,-81.4,1.022,0.754
1745170,A2,2.000,-84.1,1.008,0.754
1745180,A1,1.410,-81.7,1.028,0.773
1745300,A3,2.480,-81.0,1.028,0.806
1745320,A2,2.000,-83.6,1.028,0.806
1745330,A1,1.400,-81.4,1.023,0.802
1745450,A3,2.490,-81.2,1.023,0.793
1745470,A2,2.010,-83.7,1.016,0.793
1745480,A1,1.380,-80.9,1.006,0.784
1745600,A3,2.500,-81.3,1.006,0.776
1745620,A2,1.990,-83.5,1.020,0.776
1745630,A1,1.390,-81.1,1.025,0.780
1745750,A3,2.470,-81.4,1.025,0.805
1745770,A2,2.000,-83.9,1.018,0.805
1745780,A1,1.390,-81.2,1.018,0.805
1745900,A3,2.490,-81.2,1.018,0.789
1745920,A2,1.980,-84.1,1.032,0.789
1745930,A1,1.380,-80.9,1.027,0.784
1746200,A3,2.470,-81.1,1.027,0.801
1746220,A2,2.000,-83.8,1.013,0.801
1746230,A1,1.400,-80.8,1.023,0.810
1746350,A3,2.450,-81.2,1.023,0.826
1746370,A2,1.980,-83.8,1.037,0.826
1746380,A1,1.360,-80.9,1.018,0.808
1746500,A3,2.460,-81.4,1.018,0.800
1746520,A2,2.020,-84.1,0.989,0.800
1746530,A1,1.380,-81.1,0.999,0.809
1746650,A3,2.510,-81.2,0.999,0.767
1746670,A2,2.000,-84.1,1.013,0.767
1746680,A1,1.390,-81.4,1.018,0.772
1746800,A3,2.490,-81.4,1.018,0.789
1746820,A2,2.000,-83.6,1.018,0.789
1746830,A1,1.380,-80.9,1.013,0.784
1746950,A3,2.440,-81.3,1.013,0.825
1746970,A2,1.990,-84.1,1.020,0.825
1746980,A1,1.410,-81.4,1.035,0.839
1747100,A3,2.420,-81.2,1.035,0.855
1747120,A2,1.980,-84.1,1.042,0.855
1747130,A1,1.410,-80.8,1.042,0.855
1747250,A3,2.460,-81.5,1.042,0.823
1747270,A2,1.980,-83.9,1.042,0.823
1747280,A1,1.370,-81.1,1.022,0.804
1747400,A3,2.480,-81.3,1.022,0.788
1747420,A2,1.990,-83.6,1.015,0.788
1747430,A1,1.390,-80.7,1.025,0.797
1747550,A3,2.460,-81.2,1.025,0.813
1747570,A2,2.020,-83.6,1.004,0.813
1747580,A1,1.410,-80.9,1.014,0.823
1747700,A3,2.500,-81.3,1.014,0.790
1747720,A2,2.000,-84.2,1.028,0.790
1747730,A1,1.410,-80.9,1.028,0.790
1747850,A3,2.470,-81.6,1.028,0.815
1747870,A2,1.980,-83.4,1.042,0.815
1747880,A1,1.400,-81.1,1.037,0.810
1748000,A3,2.470,-81.7,1.037,0.810
1748020,A2,1.990,-83.8,1.030,0.810
1748030,A1,1.410,-80.9,1.035,0.815
1748150,A3,2.470,-81.7,1.035,0.815
1748170,A2,2.000,-84.0,1.028,0.815
1748180,A1,1.370,-81.0,1.008,0.796
1748300,A3,2.500,-81.3,1.008,0.771
1748320,A2,2.000,-83.7,1.008,0.771
1748330,A1,1.380,-81.2,1.013,0.776
1748450,A3,2.480,-81.3,1.013,0.792
1748470,A2,1.980,-83.9,1.027,0.792
1748480,A1,1.380,-81.2,1.027,0.792
1748600,A3,2.480,-81.1,1.027,0.792
1748620,A2,2.020,-83.8,0.999,0.792
1748630,A1,1.370,-81.2,0.994,0.788
1748750,A3,2.490,-81.2,0.994,0.779
1748770,A2,1.980,-83.4,1.022,0.779
1748780,A1,1.410,-81.0,1.042,0.798
1748900,A3,2.470,-81.3,1.042,0.815
1748920,A2,1.960,-83.6,1.057,0.815
1748930,A1,1.400,-81.2,1.052,0.810
1749050,A3,2.470,-81.6,1.052,0.810
1749070,A2,1.980,-83.6,1.037,0.810
1749080,A1,1.390,-81.0,1.032,0.805
1749350,A3,2.500,-81.3,1.032,0.780
1749370,A2,2.000,-84.1,1.018,0.780
1749380,A1,1.390,-80.9,1.018,0.780
1749500,A3,2.470,-81.1,1.018,0.805
1749520,A2,2.000,-84.1,1.018,0.805
1749530,A1,1.430,-80.6,1.038,0.824
1749650,A3,2.460,-81.0,1.038,0.832
1749670,A2,1.970,-83.9,1.060,0.832
1749680,A1,1.400,-81.0,1.045,0.818
1749800,A3,2.500,-81.4,1.045,0.785
1749820,A2,1.990,-83.7,1.030,0.785
1749830,A1,1.390,-81.0,1.025,0.780
1749950,A3,2.450,-81.2,1.025,0.822
1749970,A2,2.000,-83.9,1.018,0.822
1749980,A1,1.410,-80.6,1.028,0.831
1750100,A3,2.460,-81.4,1.028,0.823
1750120,A2,2.010,-83.7,1.021,0.823
1750130,A1,1.380,-81.0,1.006,0.809
1750250,A3,2.470,-81.2,1.006,0.801
1750270,A2,1.990,-83.8,1.020,0.801
1750280,A1,1.390,-81.3,1.025,0.805
1750400,A3,2.490,-82.2,1.025,0.789
1750420,A2,1.990,-83.7,1.025,0.789
1750430,A1,1.390,-81.8,1.025,0.789
1750550,A3,2.520,-81.3,1.025,0.764
1750570,A2,2.020,-83.4,1.004,0.764
1750580,A1,1.390,-81.0,1.004,0.764
1750700,A3,2.500,-81.5,1.004,0.780
1750720,A2,1.990,-84.0,1.025,0.780
1750730,A1,1.380,-81.2,1.020,0.776
1750850,A3,2.500,-81.6,1.020,0.776
1750870,A2,1.990,-83.5,1.020,0.776
1750880,A1,1.390,-81.3,1.025,0.780
1751000,A3,2.510,-81.3,1.025,0.772
1751020,A2,2.000,-83.5,1.018,0.772
1751030,A1,1.400,-81.3,1.023,0.777
1751150,A3,2.440,-81.3,1.023,0.834
1751170,A2,2.010,-83.8,1.016,0.834
1751180,A1,1.390,-81.4,1.011,0.830
1751300,A3,2.480,-81.2,1.011,0.797
1751320,A2,2.000,-84.0,1.018,0.797
1751330,A1,1.390,-81.2,1.018,0.797
1751450,A3,2.470,-81.8,1.018,0.805
1751470,A2,2.000,-84.1,1.018,0.805
1751480,A1,1.390,-80.7,1.018,0.805
1751600,A3,2.460,-81.1,1.018,0.813
1751620,A2,2.000,-83.6,1.018,0.813
1751630,A1,1.400,-81.3,1.023,0.818
1751750,A3,2.500,-81.6,1.023,0.785
1751770,A2,2.010,-83.7,1.016,0.785
1751780,A1,1.370,-80.8,1.001,0.771
1751900,A3,2.480,-81.0,1.001,0.788
1751920,A2,2.000,-84.2,1.008,0.788
1751930,A1,1.390,-80.8,1.018,0.797
1752050,A3,2.470,-81.2,1.018,0.805
1752070,A2,1.980,-83.9,1.032,0.805
1752080,A1,1.400,-81.2,1.037,0.810
1752200,A3,2.460,-81.1,1.037,0.818
1752220,A2,2.000,-83.9,1.023,0.818
1752230,A1,1.380,-80.8,1.013,0.809
1752500,A3,2.490,-81.4,1.013,0.784
1752520,A2,1.980,-84.1,1.027,0.784
1752530,A1,1.400,-81.3,1.037,0.793
1752650,A3,2.460,-80.9,1.037,0.818
1752670,A2,2.010,-83.7,1.016,0.818
1752680,A1,1.390,-80.7,1.011,0.813
1752800,A3,2.450,-81.0,1.011,0.822
1752820,A2,1.990,-83.5,1.025,0.822
1752830,A1,1.380,-81.0,1.020,0.817
1752950,A3,2.510,-81.3,1.020,0.767
1752970,A2,1.980,-83.5,1.027,0.767
1752980,A1,1.370,-80.8,1.022,0.763
1753100,A3,2.490,-81.3,1.022,0.779
1753120,A2,2.020,-83.9,0.994,0.779
1753130,A1,1.410,-81.3,1.014,0.798
1753250,A3,2.450,-81.1,1.014,0.831
1753270,A2,2.000,-83.5,1.028,0.831
1753280,A1,1.390,-80.9,1.018,0.822
1753400,A3,2.460,-81.0,1.018,0.813
1753420,A2,1.970,-83.3,1.039,0.813
1753430,A1,1.400,-81.2,1.045,0.818
1753550,A3,2.440,-81.2,1.045,0.834
1753570,A2,1.990,-83.9,1.030,0.834
1753580,A1,1.400,-80.9,1.030,0.834
1753700,A3,2.460,-81.2,1.030,0.818
1753720,A2,2.010,-83.5,1.016,0.818
1753730,A1,1.420,-81.6,1.026,0.827
1753850,A3,2.510,-81.2,1.026,0.786
1753870,A2,1.980,-83.4,1.048,0.786
1753880,A1,1.380,-80.8,1.027,0.767
1754000,A3,2.510,-81.6,1.027,0.767
1754020,A2,1.990,-83.6,1.020,0.767
1754030,A1,1.370,-80.9,1.015,0.763
1754150,A3,2.510,-81.4,1.015,0.763
1754170,A2,2.010,-84.1,1.001,0.763
1754180,A1,1.370,-81.2,1.001,0.763
1754300,A3,2.500,-80.9,1.001,0.771
1754320,A2,1.990,-84.0,1.015,0.771
1754330,A1,1.380,-81.0,1.020,0.776
1754450,A3,2.520,-81.2,1.020,0.759
1754470,A2,2.030,-84.1,0.991,0.759
1754480,A1,1.410,-80.8,1.006,0.773
1754600,A3,2.510,-80.9,1.006,0.781
1754620,A2,1.970,-83.6,1.050,0.781
1754630,A1,1.420,-80.5,1.055,0.786
1754750,A3,2.490,-81.2,1.055,0.803
1754770,A2,2.010,-83.9,1.026,0.803
1754780,A1,1.420,-81.4,1.026,0.803
1754900,A3,2.450,-81.0,1.026,0.836
1754920,A2,2.010,-84.3,1.026,0.836
1754930,A1,1.380,-80.7,1.006,0.817
1755050,A3,2.470,-81.4,1.006,0.801
1755070,A2,1.980,-83.5,1.027,0.801
1755080,A1,1.380,-81.5,1.027,0.801
1755200,A3,2.460,-81.1,1.027,0.809
1755220,A2,1.990,-83.9,1.020,0.809
1755230,A1,1.410,-80.8,1.035,0.823
1755350,A3,2.470,-81.5,1.035,0.815
1755370,A2,2.000,-84.2,1.028,0.815
1755380,A1,1.390,-81.2,1.018,0.805
1755650,A3,2.480,-81.2,1.018,0.797
1755670,A2,1.990,-83.4,1.025,0.797
1755680,A1,1.390,-80.9,1.025,0.797
1755800,A3,2.450,-80.9,1.025,0.822
1755820,A2,2.010,-83.5,1.011,0.822
1755830,A1,1.380,-81.2,1.006,0.817
1755950,A3,2.470,-81.3,1.006,0.801
1755970,A2,2.000,-83.6,1.013,0.801
1755980,A1,1.390,-80.8,1.018,0.805
1756100,A3,2.490,-81.1,1.018,0.789
1756120,A2,1.990,-83.4,1.025,0.789
1756130,A1,1.410,-81.5,1.035,0.798
1756250,A3,2.500,-81.5,1.035,0.790
1756270,A2,2.000,-83.7,1.028,0.790
1756280,A1,1.370,-80.9,1.008,0.771
1756400,A3,2.500,-81.3,1.008,0.771
1756420,A2,2.000,-83.9,1.008,0.771
1756430,A1,1.380,-81.0,1.013,0.776
1756550,A3,2.480,-81.3,1.013,0.792
1756570,A2,2.000,-83.6,1.013,0.792
1756580,A1,1.390,-80.9,1.018,0.797
1756700,A3,2.520,-81.3,1.018,0.764
1756720,A2,2.000,-83.3,1.018,0.764
1756730,A1,1.390,-81.0,1.018,0.764
1756850,A3,2.490,-81.2,1.018,0.789
1756870,A2,2.000,-83.4,1.018,0.789
1756880,A1,1.400,-81.0,1.023,0.793
1757000,A3,2.500,-81.2,1.023,0.785
1757020,A2,1.990,-84.1,1.030,0.785
1757030,A1,1.400,-81.2,1.030,0.785
1757150,A3,2.490,-81.4,1.030,0.793
1757170,A2,2.000,-83.6,1.023,0.793
1757180,A1,1.370,-81.1,1.008,0.779
1757300,A3,2.480,-81.4,1.008,0.788
1757320,A2,2.000,-84.1,1.008,0.788
1757330,A1,1.370,-81.2,1.008,0.788
1757450,A3,2.500,-81.0,1.008,0.771
1757470,A2,1.980,-83.6,1.022,0.771
1757480,A1,1.410,-81.2,1.042,0.790
1757600,A3,2.520,-81.3,1.042,0.773
1757620,A2,2.010,-83.4,1.021,0.773
1757630,A1,1.380,-81.2,1.006,0.759
1757750,A3,2.500,-81.5,1.006,0.776
1757770,A2,1.980,-83.4,1.027,0.776
1757780,A1,1.390,-80.9,1.032,0.780
1757900,A3,2.490,-81.2,1.032,0.789
1757920,A2,1.990,-83.6,1.025,0.789
1757930,A1,1.390,-81.0,1.025,0.789
1758050,A3,2.500,-81.6,1.025,0.780
1758070,A2,1.990,-84.1,1.025,0.780
1758080,A1,1.380,-81.1,1.020,0.776
1758200,A3,2.490,-81.7,1.020,0.784
1758220,A2,1.980,-84.0,1.027,0.784
1758230,A1,1.390,-81.0,1.032,0.789
1758350,A3,2.460,-81.0,1.032,0.813
1758370,A2,2.000,-84.0,1.018,0.813
1758380,A1,1.390,-80.9,1.018,0.813
1758500,A3,2.510,-81.2,1.018,0.772
1758520,A2,1.990,-84.1,1.025,0.772
1758530,A1,1.390,-80.9,1.025,0.772
1759100,A3,2.500,-81.5,1.025,0.780
1759120,A2,1.980,-84.1,1.032,0.780
1759130,A1,1.400,-81.1,1.037,0.785
1759270,A2,1.960,-84.1,1.052,0.785
1759280,A1,1.380,-81.2,1.042,0.776
1759420,A2,2.010,-84.1,1.006,0.776
1759430,A1,1.410,-80.7,1.021,0.790
1759550,A3,2.500,-81.6,1.021,0.790
1759570,A2,2.000,-83.6,1.028,0.790
1759580,A1,1.380,-81.2,1.013,0.776
1759700,A3,2.510,-81.3,1.013,0.767
1759720,A2,1.990,-83.8,1.020,0.767
1759730,A1,1.410,-80.7,1.035,0.781
1759850,A3,2.490,-81.8,1.035,0.798
1759870,A2,1.990,-83.6,1.035,0.798
1759880,A1,1.370,-81.0,1.015,0.779
1760000,A3,2.460,-81.6,1.015,0.804
1760020,A2,2.000,-84.0,1.008,0.804
1760030,A1,1.400,-80.9,1.023,0.818
1760150,A3,2.450,-81.0,1.023,0.826
1760170,A2,1.990,-83.4,1.030,0.826
1760450,A3,2.470,-81.4,1.030,0.810
1760470,A2,1.980,-83.5,1.037,0.810
1760480,A1,1.380,-81.2,1.027,0.801
1760600,A3,2.460,-81.4,1.027,0.809
1760620,A2,2.020,-83.6,0.999,0.809
1760630,A1,1.400,-81.0,1.009,0.818
1760750,A3,2.510,-81.0,1.009,0.777
1760770,A2,1.990,-83.5,1.030,0.777
1760780,A1,1.390,-81.0,1.025,0.772
1760900,A3,2.490,-81.4,1.025,0.789
1760920,A2,1.990,-83.9,1.025,0.789
1760930,A1,1.380,-81.2,1.020,0.784
1761050,A3,2.500,-81.4,1.020,0.776
1761070,A2,2.010,-83.6,1.006,0.776
1761080,A1,1.380,-80.9,1.006,0.776
1761200,A3,2.520,-81.2,1.006,0.759
1761220,A2,1.990,-83.7,1.020,0.759
1761230,A1,1.400,-81.6,1.030,0.768
1761350,A3,2.510,-81.3,1.030,0.777
1761370,A2,1.980,-83.6,1.037,0.777
1761380,A1,1.380,-81.2,1.027,0.767
1761500,A3,2.470,-81.4,1.027,0.801
1761520,A2,1.990,-84.1,1.020,0.801
1761530,A1,1.410,-81.5,1.035,0.815
1761650,A3,2.430,-81.0,1.035,0.847
1761670,A2,2.000,-83.7,1.028,0.847
1761680,A1,1.380,-81.1,1.013,0.833
1761950,A3,2.480,-81.4,1.013,0.792
1761970,A2,2.000,-84.4,1.013,0.792
1761980,A1,1.400,-81.0,1.023,0.802
1762100,A3,2.480,-81.1,1.023,0.802
1762120,A2,2.000,-83.8,1.023,0.802
1762130,A1,1.390,-81.2,1.018,0.797
1762250,A3,2.490,-81.4,1.018,0.789
1762270,A2,1.980,-83.7,1.032,0.789
1762280,A1,1.390,-81.1,1.032,0.789
1762400,A3,2.510,-81.2,1.032,0.772
1762420,A2,2.000,-83.9,1.018,0.772
1762430,A1,1.390,-81.3,1.018,0.772
1762550,A3,2.500,-81.1,1.018,0.780
1762570,A2,1.980,-83.5,1.032,0.780
1762580,A1,1.370,-80.6,1.022,0.771
1762700,A3,2.500,-81.5,1.022,0.771
1762720,A2,2.000,-83.9,1.008,0.771
1762730,A1,1.390,-80.7,1.018,0.780
1762850,A3,2.460,-81.5,1.018,0.813
1762870,A2,1.980,-84.1,1.032,0.813
1762880,A1,1.380,-81.0,1.027,0.809
1763000,A3,2.510,-81.8,1.027,0.767
1763020,A2,1.990,-83.5,1.020,0.767
1763030,A1,1.410,-81.2,1.035,0.781
1763150,A3,2.490,-81.3,1.035,0.798
1763170,A2,2.010,-84.3,1.021,0.798
1763180,A1,1.400,-81.4,1.016,0.793
1763320,A2,2.020,-84.1,1.009,0.793
1763330,A1,1.390,-81.2,1.004,0.789
1763470,A2,1.990,-83.5,1.025,0.789
1763480,A1,1.380,-81.3,1.020,0.784
1763600,A3,2.470,-81.0,1.020,0.801
1763620,A2,1.990,-83.9,1.020,0.801
1763630,A1,1.380,-81.0,1.020,0.801
1763750,A3,2.440,-81.3,1.020,0.825
1763770,A2,1.990,-84.2,1.020,0.825
1763780,A1,1.370,-80.7,1.015,0.821
1763900,A3,2.450,-81.2,1.015,0.812
1763920,A2,2.000,-83.6,1.008,0.812
1763930,A1,1.390,-80.9,1.018,0.822
1764050,A3,2.510,-81.4,1.018,0.772
1764070,A2,2.000,-84.0,1.018,0.772
1764080,A1,1.400,-80.9,1.023,0.777
1764200,A3,2.490,-81.4,1.023,0.793
1764220,A2,2.000,-83.7,1.023,0.793
1764230,A1,1.380,-81.2,1.013,0.784
1764350,A3,2.490,-81.6,1.013,0.784
1764370,A2,1.990,-84.0,1.020,0.784
1764380,A1,1.370,-81.3,1.015,0.779
1764500,A3,2.510,-81.0,1.015,0.763
1764520,A2,2.000,-84.1,1.008,0.763
1764530,A1,1.370,-80.9,1.008,0.763
1764650,A3,2.510,-81.1,1.008,0.763
1764670,A2,1.980,-83.8,1.022,0.763
1764680,A1,1.380,-81.1,1.027,0.767
1764800,A3,2.460,-81.1,1.027,0.809
1764820,A2,1.980,-83.4,1.027,0.809
1764830,A1,1.410,-80.6,1.042,0.823
1765100,A3,2.500,-81.1,1.042,0.790
1765120,A2,2.000,-83.6,1.028,0.790
1765130,A1,1.400,-80.9,1.023,0.785
1765250,A3,2.470,-81.5,1.023,0.810
1765270,A2,2.000,-83.8,1.023,0.810
1765280,A1,1.390,-81.2,1.018,0.805
1765400,A3,2.480,-81.0,1.018,0.797
1765420,A2,2.020,-84.1,1.004,0.797
1765430,A1,1.380,-81.1,0.999,0.792
1765550,A3,2.460,-81.3,0.999,0.809
1765570,A2,2.000,-83.7,1.013,0.809
1765580,A1,1.380,-81.1,1.013,0.809
1765700,A3,2.480,-81.6,1.013,0.792
1765720,A2,2.000,-83.6,1.013,0.792
1765730,A1,1.370,-81.1,1.008,0.788
1765850,A3,2.500,-81.7,1.008,0.771
1765870,A2,1.980,-83.9,1.022,0.771
1765880,A1,1.400,-81.2,1.037,0.785
1766000,A3,2.450,-81.2,1.037,0.826
1766020,A2,2.010,-83.5,1.016,0.826
1766030,A1,1.380,-81.5,1.006,0.817
1766150,A3,2.510,-81.1,1.006,0.767
1766170,A2,1.990,-84.0,1.020,0.767
1766180,A1,1.400,-81.0,1.030,0.777
1766300,A3,2.500,-81.4,1.030,0.785
1766320,A2,2.020,-83.2,1.009,0.785
1766330,A1,1.410,-81.4,1.014,0.790
1766450,A3,2.430,-81.5,1.014,0.847
1766470,A2,2.010,-83.6,1.021,0.847
1766480,A1,1.410,-80.9,1.021,0.847
1766600,A3,2.470,-81.1,1.021,0.815
1766620,A2,2.000,-84.1,1.028,0.815
1766630,A1,1.380,-81.3,1.013,0.801
1766750,A3,2.490,-81.7,1.013,0.784
1766770,A2,2.000,-83.8,1.013,0.784
1766780,A1,1.380,-81.5,1.013,0.784
1766900,A3,2.480,-81.2,1.013,0.792
1766920,A2,2.020,-83.5,0.999,0.792
1766930,A1,1.410,-81.2,1.014,0.806
1767050,A3,2.470,-81.4,1.014,0.815
1767070,A2,2.000,-84.2,1.028,0.815
1767080,A1,1.390,-81.4,1.018,0.805
1767200,A3,2.480,-81.0,1.018,0.797
1767220,A2,2.010,-83.6,1.011,0.797
1767230,A1,1.380,-81.5,1.006,0.792
1767350,A3,2.490,-81.7,1.006,0.784
1767370,A2,2.000,-83.9,1.013,0.784
1767380,A1,1.430,-81.2,1.038,0.807
1767500,A3,2.460,-82.7,1.038,0.832
1767520,A2,2.020,-83.6,1.024,0.832
1767530,A1,1.390,-81.5,1.004,0.813
1767650,A3,2.470,-80.9,1.004,0.805
1767670,A2,2.000,-84.0,1.018,0.805
1767680,A1,1.390,-81.0,1.018,0.805
1767800,A3,2.520,-81.4,1.018,0.764
1767820,A2,2.000,-83.5,1.018,0.764
1767830,A1,1.380,-80.9,1.013,0.759
1767950,A3,2.510,-81.1,1.013,0.767
1767970,A2,1.980,-83.7,1.027,0.767
1767980,A1,1.390,-81.1,1.032,0.772
1768250,A3,2.470,-81.3,1.032,0.805
1768270,A2,2.010,-84.2,1.011,0.805
1768280,A1,1.400,-80.9,1.016,0.810
1768400,A3,2.470,-81.3,1.016,0.810
1768420,A2,2.000,-83.5,1.023,0.810
1768430,A1,1.380,-81.0,1.013,0.801
1768550,A3,2.450,-81.2,1.013,0.817
1768570,A2,2.010,-83.5,1.006,0.817
1768580,A1,1.390,-81.4,1.011,0.822
1768700,A3,2.510,-81.5,1.011,0.772
1768720,A2,2.000,-84.1,1.018,0.772
1768730,A1,1.400,-81.0,1.023,0.777
1768850,A3,2.490,-81.2,1.023,0.793
1768870,A2,2.000,-83.8,1.023,0.793
1768880,A1,1.410,-81.0,1.028,0.798
1769000,A3,2.470,-81.3,1.028,0.815
1769020,A2,1.990,-83.5,1.035,0.815
1769030,A1,1.390,-81.2,1.025,0.805
1769150,A3,2.510,-81.1,1.025,0.772
1769170,A2,2.010,-83.8,1.011,0.772
1769180,A1,1.400,-81.7,1.016,0.777
1769320,A2,1.990,-83.6,1.030,0.777
1769330,A1,1.400,-81.5,1.030,0.777
1769470,A2,1.990,-83.8,1.030,0.777
1769480,A1,1.390,-81.5,1.025,0.772
1769600,A3,2.470,-81.1,1.025,0.805
1769620,A2,2.020,-83.6,1.004,0.805
1769630,A1,1.360,-81.1,0.989,0.791
1769750,A3,2.490,-81.3,0.989,0.775
1769770,A2,1.990,-83.8,1.010,0.775
1769780,A1,1.380,-81.1,1.020,0.784
1769900,A3,2.460,-80.9,1.020,0.809
1769920,A2,2.020,-83.4,0.999,0.809
1769930,A1,1.390,-81.2,1.004,0.813
1770050,A3,2.440,-81.2,1.004,0.830
1770070,A2,2.000,-84.0,1.018,0.830
1770080,A1,1.400,-80.7,1.023,0.834
1770200,A3,2.520,-81.2,1.023,0.768
1770220,A2,2.020,-83.2,1.009,0.768
1770230,A1,1.380,-81.3,0.999,0.759
1770350,A3,2.500,-81.2,0.999,0.776
1770370,A2,2.010,-83.4,1.006,0.776
1770650,A3,2.460,-81.4,1.006,0.809
1770670,A2,1.990,-83.9,1.020,0.809
1770680,A1,1.370,-81.1,1.015,0.804
1770800,A3,2.490,-81.2,1.015,0.779
1770820,A2,2.020,-83.2,0.994,0.779
1770830,A1,1.400,-81.0,1.009,0.793
1770950,A3,2.490,-81.5,1.009,0.793
1770970,A2,2.000,-83.6,1.023,0.793
1770980,A1,1.390,-81.4,1.018,0.789
1771100,A3,2.480,-81.1,1.018,0.797
1771120,A2,1.990,-83.8,1.025,0.797
1771130,A1,1.390,-81.1,1.025,0.797
1771400,A3,2.500,-81.0,1.025,0.780
1771420,A2,2.010,-84.2,1.011,0.780
1771430,A1,1.400,-81.2,1.016,0.785
1771550,A3,2.470,-81.3,1.016,0.810
1771570,A2,2.000,-83.2,1.023,0.810
1771580,A1,1.370,-81.3,1.008,0.796
1771700,A3,2.480,-81.4,1.008,0.788
1771720,A2,1.980,-84.0,1.022,0.788
1771730,A1,1.380,-80.9,1.027,0.792
1771850,A3,2.510,-81.4,1.027,0.767
1771870,A2,2.000,-83.5,1.013,0.767
1771880,A1,1.400,-80.9,1.023,0.777
1772000,A3,2.440,-80.7,1.023,0.834
1772020,A2,1.980,-83.9,1.037,0.834
1772030,A1,1.370,-81.4,1.022,0.821
1772150,A3,2.490,-81.1,1.022,0.779
1772170,A2,2.000,-83.6,1.008,0.779
1772180,A1,1.380,-80.8,1.013,0.784
1772300,A3,2.480,-81.2,1.013,0.792
1772320,A2,2.010,-83.6,1.006,0.792
1772330,A1,1.400,-81.0,1.016,0.802
1772450,A3,2.440,-81.0,1.016,0.834
1772470,A2,1.990,-83.3,1.030,0.834
1772480,A1,1.390,-81.0,1.025,0.830
1772600,A3,2.480,-81.2,1.025,0.797
1772620,A2,2.000,-83.3,1.018,0.797
1772630,A1,1.390,-81.4,1.018,0.797
1772750,A3,2.480,-81.2,1.018,0.797
1772770,A2,2.000,-83.8,1.018,0.797
1772780,A1,1.380,-81.1,1.013,0.792
1772900,A3,2.450,-81.0,1.013,0.817
1772920,A2,1.990,-84.0,1.020,0.817
1772930,A1,1.380,-81.3,1.020,0.817
1773050,A3,2.520,-81.3,1.020,0.759
1773070,A2,2.020,-83.8,0.999,0.759
1773080,A1,1.400,-81.0,1.009,0.768
1773200,A3,2.450,-81.1,1.009,0.826
1773220,A2,2.000,-83.6,1.023,0.826
1773230,A1,1.380,-81.0,1.013,0.817
1773350,A3,2.520,-81.1,1.013,0.759
1773370,A2,2.010,-83.9,1.006,0.759
1773380,A1,1.400,-81.1,1.016,0.768
1773500,A3,2.480,-81.1,1.016,0.802
1773520,A2,1.980,-83.7,1.037,0.802
1773530,A1,1.390,-81.4,1.032,0.797
1773650,A3,2.470,-81.1,1.032,0.805
1773670,A2,2.000,-84.0,1.018,0.805
1773680,A1,1.380,-80.9,1.013,0.801
1773800,A3,2.490,-81.4,1.013,0.784
1773820,A2,2.020,-83.4,0.999,0.784
1773830,A1,1.380,-80.7,0.999,0.784
1773950,A3,2.470,-81.0,0.999,0.801
1773970,A2,1.980,-83.3,1.027,0.801
1773980,A1,1.410,-80.8,1.042,0.815
1774100,A3,2.460,-81.1,1.042,0.823
1774120,A2,2.000,-83.6,1.028,0.823
1774130,A1,1.390,-81.5,1.018,0.813
1774250,A3,2.510,-81.2,1.018,0.772
1774270,A2,2.000,-83.4,1.018,0.772
1774280,A1,1.390,-81.2,1.018,0.772
1774550,A3,2.460,-81.1,1.018,0.813
1774570,A2,1.970,-83.7,1.039,0.813
1774580,A1,1.370,-81.1,1.030,0.804
1774700,A3,2.470,-81.3,1.030,0.796
1774720,A2,2.000,-84.0,1.008,0.796
1774730,A1,1.390,-81.4,1.018,0.805
1774850,A3,2.480,-81.4,1.018,0.797
1774870,A2,1.980,-83.2,1.032,0.797
1774880,A1,1.370,-81.3,1.022,0.788
1775000,A3,2.500,-81.6,1.022,0.771
1775020,A2,2.000,-83.6,1.008,0.771
1775030,A1,1.390,-81.0,1.018,0.780
1775150,A3,2.450,-81.4,1.018,0.822
1775170,A2,1.980,-83.5,1.032,0.822
1775180,A1,1.390,-80.8,1.032,0.822
1775300,A3,2.480,-81.3,1.032,0.797
1775320,A2,2.000,-83.5,1.018,0.797
1775330,A1,1.390,-81.5,1.018,0.797
1775450,A3,2.490,-81.2,1.018,0.789
1775470,A2,2.010,-84.1,1.011,0.789
1775480,A1,1.390,-81.2,1.011,0.789
1775600,A3,2.440,-81.0,1.011,0.830
1775620,A2,1.990,-83.9,1.025,0.830
1775630,A1,1.390,-81.5,1.025,0.830
1775750,A3,2.470,-81.3,1.025,0.805
1775770,A2,1.990,-83.2,1.025,0.805
1775780,A1,1.370,-81.2,1.015,0.796
1775900,A3,2.490,-81.3,1.015,0.779
1775920,A2,1.980,-83.5,1.022,0.779
1775930,A1,1.400,-81.1,1.037,0.793
1776050,A3,2.490,-81.7,1.037,0.793
1776070,A2,1.970,-83.6,1.045,0.793
1776080,A1,1.380,-81.1,1.035,0.784
1776200,A3,2.480,-81.2,1.035,0.792
1776220,A2,1.990,-83.4,1.020,0.792
1776230,A1,1.380,-81.5,1.020,0.792
1776350,A3,2.490,-81.4,1.020,0.784
1776370,A2,1.980,-83.3,1.027,0.784
1776380,A1,1.390,-81.1,1.032,0.789
1776500,A3,2.480,-81.4,1.032,0.797
1776520,A2,2.000,-84.0,1.018,0.797
1776530,A1,1.380,-81.2,1.013,0.792
1776650,A3,2.470,-81.4,1.013,0.801
1776670,A2,2.030,-83.8,0.991,0.801
1776680,A1,1.380,-81.5,0.991,0.801
1776800,A3,2.470,-81.5,0.991,0.801
1776820,A2,2.000,-83.2,1.013,0.801
1776830,A1,1.380,-81.3,1.013,0.801
1776950,A3,2.470,-81.2,1.013,0.801
1776970,A2,1.990,-83.9,1.020,0.801
1776980,A1,1.380,-81.7,1.020,0.801
1777100,A3,2.480,-81.2,1.020,0.792
1777120,A2,2.010,-83.4,1.006,0.792
1777130,A1,1.400,-80.8,1.016,0.802
1777250,A3,2.500,-81.8,1.016,0.785
1777270,A2,1.990,-83.3,1.030,0.785
1777280,A1,1.380,-81.2,1.020,0.776
1777400,A3,2.450,-81.4,1.020,0.817
1777420,A2,1.990,-83.5,1.020,0.817
1777430,A1,1.410,-81.3,1.035,0.831
1777700,A3,2.450,-81.0,1.035,0.831
1777720,A2,2.010,-83.3,1.021,0.831
1777730,A1,1.410,-81.1,1.021,0.831
1777850,A3,2.470,-81.1,1.021,0.815
1777870,A2,2.000,-83.9,1.028,0.815
1777880,A1,1.400,-81.4,1.023,0.810
1778000,A3,2.490,-81.5,1.023,0.793
1778020,A2,1.980,-83.9,1.037,0.793
1778030,A1,1.400,-81.5,1.037,0.793
1778150,A3,2.470,-83.2,1.037,0.810
1778170,A2,1.990,-84.2,1.030,0.810
1778180,A1,1.370,-82.0,1.015,0.796
1778300,A3,2.500,-81.2,1.015,0.771
1778320,A2,2.010,-83.8,1.001,0.771
1778330,A1,1.400,-81.4,1.016,0.785
1778450,A3,2.440,-80.9,1.016,0.834
1778470,A2,1.970,-83.9,1.045,0.834
1778480,A1,1.380,-81.1,1.035,0.825
1778600,A3,2.500,-81.4,1.035,0.776
1778620,A2,2.010,-83.5,1.006,0.776
1778630,A1,1.380,-81.1,1.006,0.776
1778750,A3,2.440,-81.4,1.006,0.825
1778770,A2,2.000,-83.4,1.013,0.825
1778780,A1,1.410,-81.1,1.028,0.839
1778900,A3,2.480,-81.0,1.028,0.806
1778920,A2,2.020,-83.3,1.014,0.806
1778930,A1,1.380,-81.2,0.999,0.792
1779050,A3,2.480,-81.4,0.999,0.792
1779070,A2,2.010,-84.2,1.006,0.792
1779080,A1,1.370,-80.9,1.001,0.788
1779200,A3,2.470,-81.2,1.001,0.796
1779220,A2,2.020,-84.0,0.994,0.796
1779230,A1,1.370,-81.1,0.994,0.796
1779350,A3,2.490,-81.3,0.994,0.779
1779370,A2,2.010,-84.0,1.001,0.779
1779380,A1,1.400,-81.2,1.016,0.793
1779500,A3,2.480,-81.4,1.016,0.802
1779520,A2,2.010,-83.1,1.016,0.802
1779530,A1,1.410,-81.2,1.021,0.806
1779650,A3,2.470,-81.2,1.021,0.815
1779670,A2,2.010,-83.7,1.021,0.815
1779680,A1,1.380,-81.5,1.006,0.801
1779800,A3,2.510,-81.3,1.006,0.767
1779820,A2,1.990,-83.9,1.020,0.767
1779830,A1,1.390,-81.2,1.025,0.772
1779950,A3,2.470,-81.3,1.025,0.805
1779970,A2,1.990,-83.9,1.025,0.805
1779980,A1,1.380,-80.7,1.020,0.801
1780100,A3,2.510,-81.1,1.020,0.767
1780120,A2,1.990,-83.9,1.020,0.767
1780130,A1,1.380,-81.3,1.020,0.767
1780250,A3,2.470,-81.0,1.020,0.801
1780270,A2,2.030,-83.9,0.991,0.801
1780280,A1,1.390,-80.8,0.996,0.805
1780400,A3,2.490,-81.1,0.996,0.789
1780420,A2,2.000,-84.1,1.018,0.789
1780430,A1,1.370,-81.6,1.008,0.779
1780550,A3,2.510,-81.5,1.008,0.763
1780570,A2,1.980,-83.2,1.022,0.763
1780580,A1,1.380,-81.1,1.027,0.767
1780850,A3,2.450,-81.2,1.027,0.817
1780870,A2,2.010,-83.8,1.006,0.817
1780880,A1,1.400,-80.7,1.016,0.826
1781000,A3,2.440,-81.3,1.016,0.834
1781020,A2,2.000,-83.3,1.023,0.834
1781030,A1,1.380,-80.7,1.013,0.825
1781150,A3,2.490,-81.1,1.013,0.784
1781170,A2,1.980,-83.6,1.027,0.784
1781180,A1,1.400,-81.2,1.037,0.793
1781300,A3,2.510,-81.5,1.037,0.777
1781320,A2,2.010,-83.9,1.016,0.777
1781330,A1,1.400,-81.7,1.016,0.777
1781450,A3,2.440,-80.9,1.016,0.834
1781470,A2,2.030,-83.8,1.001,0.834
1781480,A1,1.400,-80.8,1.001,0.834
1781600,A3,2.490,-81.1,1.001,0.793
1781620,A2,1.990,-84.1,1.030,0.793
1781630,A1,1.380,-80.9,1.020,0.784
1781750,A3,2.480,-81.5,1.020,0.792
1781770,A2,1.980,-83.1,1.027,0.792
1781780,A1,1.390,-80.7,1.032,0.797
1781900,A3,2.490,-81.5,1.032,0.789
1781920,A2,2.000,-83.9,1.018,0.789
1781930,A1,1.390,-80.8,1.018,0.789
1782050,A3,2.440,-81.0,1.018,0.830
1782070,A2,1.990,-83.4,1.025,0.830
1782080,A1,1.400,-81.2,1.030,0.834
1782200,A3,2.480,-81.1,1.030,0.802
1782220,A2,2.010,-83.5,1.016,0.802
1782230,A1,1.380,-80.9,1.006,0.792
1782350,A3,2.460,-81.3,1.006,0.809
1782370,A2,2.000,-83.4,1.013,0.809
1782380,A1,1.390,-81.4,1.018,0.813
1782500,A3,2.460,-81.4,1.018,0.813
1782520,A2,1.990,-83.7,1.025,0.813
1782800,A3,2.500,-81.0,1.025,0.780
1782820,A2,2.010,-83.3,1.011,0.780
1782830,A1,1.390,-81.5,1.011,0.780
1782950,A3,2.480,-81.0,1.011,0.797
1782970,A2,1.980,-83.4,1.032,0.797
1782980,A1,1.370,-81.0,1.022,0.788
1783100,A3,2.470,-81.2,1.022,0.796
1783120,A2,1.980,-84.0,1.022,0.796
1783130,A1,1.390,-81.3,1.032,0.805
1783250,A3,2.500,-81.4,1.032,0.780
1783270,A2,2.010,-83.7,1.011,0.780
1783280,A1,1.390,-81.3,1.011,0.780
1783400,A3,2.490,-81.3,1.011,0.789
1783420,A2,2.010,-83.4,1.011,0.789
1783430,A1,1.390,-81.1,1.011,0.789
1783550,A3,2.480,-81.4,1.011,0.797
1783570,A2,2.020,-83.4,1.004,0.797
1783580,A1,1.390,-81.3,1.004,0.797
1783700,A3,2.490,-81.4,1.004,0.789
1783720,A2,2.000,-83.3,1.018,0.789
1783730,A1,1.380,-81.2,1.013,0.784
1784000,A3,2.460,-81.2,1.013,0.809
1784020,A2,2.010,-83.6,1.006,0.809
1784030,A1,1.380,-80.8,1.006,0.809
1784150,A3,2.460,-81.7,1.006,0.809
1784170,A2,1.990,-83.6,1.020,0.809
1784180,A1,1.370,-81.1,1.015,0.804
1784300,A3,2.450,-81.4,1.015,0.812
1784320,A2,2.010,-83.3,1.001,0.812
1784330,A1,1.400,-81.3,1.016,0.826
1784450,A3,2.480,-81.3,1.016,0.802
1784470,A2,2.000,-84.0,1.023,0.802
1784480,A1,1.390,-81.3,1.018,0.797
1784600,A3,2.460,-81.3,1.018,0.813
1784620,A2,2.000,-84.1,1.018,0.813
1784630,A1,1.400,-81.4,1.023,0.818
1784750,A3,2.500,-81.6,1.023,0.785
1784770,A2,1.990,-84.2,1.030,0.785
1784780,A1,1.370,-81.4,1.015,0.771
1784900,A3,2.490,-80.9,1.015,0.779
1784920,A2,1.980,-83.7,1.022,0.779
1784930,A1,1.400,-80.8,1.037,0.793
1785050,A3,2.450,-81.2,1.037,0.826
1785070,A2,1.980,-83.6,1.037,0.826
1785080,A1,1.410,-80.8,1.042,0.831
1785200,A3,2.500,-81.5,1.042,0.790
1785220,A2,2.000,-83.5,1.028,0.790
1785230,A1,1.370,-81.2,1.008,0.771
1785350,A3,2.460,-81.3,1.008,0.804
1785370,A2,1.980,-83.4,1.022,0.804
1785380,A1,1.370,-81.5,1.022,0.804
1785500,A3,2.480,-81.8,1.022,0.788
1785520,A2,2.000,-83.5,1.008,0.788
1785530,A1,1.400,-81.2,1.023,0.802
1785650,A3,2.480,-81.1,1.023,0.802
1785670,A2,1.990,-84.2,1.030,0.802
1785680,A1,1.400,-81.3,1.030,0.802
1785800,A3,2.500,-81.2,1.030,0.785
1785820,A2,1.980,-84.0,1.037,0.785
1785830,A1,1.370,-81.6,1.022,0.771
1785950,A3,2.490,-81.3,1.022,0.779
1785970,A2,1.990,-84.0,1.015,0.779
1785980,A1,1.380,-80.8,1.020,0.784
1786100,A3,2.530,-81.3,1.020,0.751
1786120,A2,2.010,-84.1,1.006,0.751
1786130,A1,1.400,-81.7,1.016,0.760
1786250,A3,2.480,-81.3,1.016,0.802
1786270,A2,1.990,-83.9,1.030,0.802
1786280,A1,1.390,-81.2,1.025,0.797
1786400,A3,2.460,-81.3,1.025,0.813
1786420,A2,1.990,-84.1,1.025,0.813
1786430,A1,1.390,-81.2,1.025,0.813
1786550,A3,2.490,-81.2,1.025,0.789
1786570,A2,2.020,-83.8,1.004,0.789
1786580,A1,1.380,-81.2,0.999,0.784
1786700,A3,2.510,-81.4,0.999,0.767
1786720,A2,2.030,-83.9,0.991,0.767
1786730,A1,1.380,-80.8,0.991,0.767
1786850,A3,2.510,-81.4,0.991,0.767
1786870,A2,1.980,-83.2,1.027,0.767
1786880,A1,1.380,-80.9,1.027,0.767
1787150,A3,2.460,-81.4,1.027,0.809
1787170,A2,2.000,-83.9,1.013,0.809
1787180,A1,1.400,-81.4,1.023,0.818
1787300,A3,2.490,-81.1,1.023,0.793
1787320,A2,2.050,-84.1,0.987,0.793
1787330,A1,1.380,-81.5,0.977,0.784
1787450,A3,2.480,-81.1,0.977,0.792
1787470,A2,2.010,-83.8,1.006,0.792
1787480,A1,1.410,-81.1,1.021,0.806
1787600,A3,2.480,-81.6,1.021,0.806
1787620,A2,2.010,-83.3,1.021,0.806
1787630,A1,1.400,-81.5,1.016,0.802
1787770,A2,2.010,-84.1,1.016,0.802
1787780,A1,1.390,-81.1,1.011,0.797
1787920,A2,2.000,-84.0,1.018,0.797
1787930,A1,1.410,-81.2,1.028,0.806
1788050,A3,2.450,-81.4,1.028,0.831
1788070,A2,2.020,-83.7,1.014,0.831
1788080,A1,1.390,-81.1,1.004,0.822
1788200,A3,2.470,-81.5,1.004,0.805
1788220,A2,2.020,-83.3,1.004,0.805
1788230,A1,1.390,-80.8,1.004,0.805
1788350,A3,2.500,-81.2,1.004,0.780
1788370,A2,1.980,-83.9,1.032,0.780
1788380,A1,1.410,-81.2,1.042,0.790
1788500,A3,2.480,-81.2,1.042,0.806
1788520,A2,1.980,-83.9,1.042,0.806
1788530,A1,1.390,-81.1,1.032,0.797
1788650,A3,2.510,-81.6,1.032,0.772
1788670,A2,1.980,-83.4,1.032,0.772
1788680,A1,1.380,-81.4,1.027,0.767
1788800,A3,2.510,-83.1,1.027,0.767
1788820,A2,2.000,-83.8,1.013,0.767
1788830,A1,1.390,-81.8,1.018,0.772
1788950,A3,2.460,-81.0,1.018,0.813
1788970,A2,1.980,-83.9,1.032,0.813
1788980,A1,1.370,-81.3,1.022,0.804
1789100,A3,2.430,-81.7,1.022,0.829
1789120,A2,2.010,-83.3,1.001,0.829
1789130,A1,1.400,-80.9,1.016,0.843
1789250,A3,2.510,-81.5,1.016,0.777
1789270,A2,1.990,-83.4,1.030,0.777
1789280,A1,1.380,-81.0,1.020,0.767
1789400,A3,2.440,-81.4,1.020,0.825
1789420,A2,1.980,-83.6,1.027,0.825
1789430,A1,1.380,-81.4,1.027,0.825
1789550,A3,2.430,-81.2,1.027,0.833
1789570,A2,2.000,-83.9,1.013,0.833
1789580,A1,1.390,-81.1,1.018,0.838
1789700,A3,2.510,-81.3,1.018,0.772
1789720,A2,2.010,-83.5,1.011,0.772
1789730,A1,1.390,-81.1,1.011,0.772
1789850,A3,2.490,-81.6,1.011,0.789
1789870,A2,2.020,-84.0,1.004,0.789
1789880,A1,1.370,-81.4,0.994,0.779
1790000,A3,2.490,-81.1,0.994,0.779
1790020,A2,2.000,-83.3,1.008,0.779
1790030,A1,1.400,-81.3,1.023,0.793
1790300,A3,2.490,-81.2,1.023,0.793
1790320,A2,2.000,-83.9,1.023,0.793
1790330,A1,1.390,-81.0,1.018,0.789
1790450,A3,2.500,-81.8,1.018,0.780
1790470,A2,1.980,-83.7,1.032,0.780
1790480,A1,1.390,-81.5,1.032,0.780
1790600,A3,2.470,-81.4,1.032,0.805
1790620,A2,2.010,-83.5,1.011,0.805
1790630,A1,1.400,-81.3,1.016,0.810
1790750,A3,2.430,-81.5,1.016,0.843
1790770,A2,2.000,-83.4,1.023,0.843
1790780,A1,1.370,-81.2,1.008,0.829
1790900,A3,2.480,-81.4,1.008,0.788
1790920,A2,2.000,-83.9,1.008,0.788
1790930,A1,1.400,-81.1,1.023,0.802
1791050,A3,2.510,-81.4,1.023,0.777
1791070,A2,1.990,-83.8,1.030,0.777
1791080,A1,1.380,-81.3,1.020,0.767
1791200,A3,2.480,-81.9,1.020,0.792
1791230,A1,1.390,-81.0,1.025,0.797
1791380,A1,1.380,-81.5,1.020,0.792
1791500,A3,2.440,-81.4,1.020,0.825
1791520,A2,1.990,-83.5,1.020,0.825
1791530,A1,1.400,-81.6,1.030,0.834
1791650,A3,2.510,-81.5,1.030,0.777
1791670,A2,1.980,-83.2,1.037,0.777
1791680,A1,1.400,-81.2,1.037,0.777
1791800,A3,2.450,-81.8,1.037,0.826
1791820,A2,1.990,-83.8,1.030,0.826
1791830,A1,1.380,-81.6,1.020,0.817
1791950,A3,2.450,-81.5,1.020,0.817
1791970,A2,2.010,-83.4,1.006,0.817
1791980,A1,1.400,-80.8,1.016,0.826
1792100,A3,2.480,-81.5,1.016,0.802
1792120,A2,1.990,-83.6,1.030,0.802
1792130,A1,1.390,-80.8,1.025,0.797
1792250,A3,2.520,-81.6,1.025,0.764
1792270,A2,2.010,-83.7,1.011,0.764
1792280,A1,1.400,-81.1,1.016,0.768
1792400,A3,2.490,-81.4,1.016,0.793
1792420,A2,2.010,-83.2,1.016,0.793
1792430,A1,1.400,-81.2,1.016,0.793
1792550,A3,2.470,-81.2,1.016,0.810
1792570,A2,2.020,-84.0,1.009,0.810
1792580,A1,1.380,-80.8,0.999,0.801
1792700,A3,2.460,-81.4,0.999,0.809
1792720,A2,2.010,-83.7,1.006,0.809
1792730,A1,1.380,-81.5,1.006,0.809
1793000,A3,2.490,-81.3,1.006,0.784
1793020,A2,1.980,-83.4,1.027,0.784
1793030,A1,1.390,-81.1,1.032,0.789
1793150,A3,2.460,-81.3,1.032,0.813
1793170,A2,2.000,-83.3,1.018,0.813
1793180,A1,1.410,-80.8,1.028,0.823
1793450,A3,2.450,-81.2,1.028,0.831
1793470,A2,1.990,-83.5,1.035,0.831
1793480,A1,1.400,-81.1,1.030,0.826
1793600,A3,2.520,-81.3,1.030,0.768
1793620,A2,1.970,-83.5,1.045,0.768
1793630,A1,1.400,-80.9,1.045,0.768
1793750,A3,2.490,-81.2,1.045,0.793
1793770,A2,2.000,-84.0,1.023,0.793
1793780,A1,1.390,-81.0,1.018,0.789
1793900,A3,2.460,-81.6,1.018,0.813
1793920,A2,1.990,-83.3,1.025,0.813
1793930,A1,1.380,-81.1,1.020,0.809
1794050,A3,2.460,-81.8,1.020,0.809
1794070,A2,1.990,-83.9,1.020,0.809
1794080,A1,1.380,-81.0,1.020,0.809
1794200,A3,2.430,-81.5,1.020,0.833
1794220,A2,2.010,-83.5,1.006,0.833
1794230,A1,1.370,-81.5,1.001,0.829
1794350,A3,2.450,-81.4,1.001,0.812
1794370,A2,2.000,-83.2,1.008,0.812
1794380,A1,1.390,-81.3,1.018,0.822
1794500,A3,2.460,-81.5,1.018,0.813
1794520,A2,2.010,-84.2,1.011,0.813
1794530,A1,1.360,-81.0,0.996,0.800
1794650,A3,2.460,-81.3,0.996,0.800
1794670,A2,2.000,-84.0,1.003,0.800
1794680,A1,1.390,-80.7,1.018,0.813
1794800,A3,2.500,-81.5,1.018,0.780
1794820,A2,2.020,-83.4,1.004,0.780
1794830,A1,1.390,-81.4,1.004,0.780
1794950,A3,2.490,-81.9,1.004,0.789
1794970,A2,2.010,-83.8,1.011,0.789
1794980,A1,1.400,-81.4,1.016,0.793
1795100,A3,2.450,-81.8,1.016,0.826
1795120,A2,2.020,-83.8,1.009,0.826
1795130,A1,1.370,-81.2,0.994,0.812
1795250,A3,2.480,-81.3,0.994,0.788
1795270,A2,2.000,-83.9,1.008,0.788
1795280,A1,1.400,-81.4,1.023,0.802
1795400,A3,2.470,-81.5,1.023,0.810
1795420,A2,2.010,-83.4,1.016,0.810
1795430,A1,1.400,-81.2,1.016,0.810
1795550,A3,2.490,-81.5,1.016,0.793
1795570,A2,1.980,-83.9,1.037,0.793
1795580,A1,1.400,-80.9,1.037,0.793
1795700,A3,2.490,-81.2,1.037,0.793
1795720,A2,2.000,-83.4,1.023,0.793
1795730,A1,1.360,-81.5,1.003,0.775
1795850,A3,2.470,-81.7,1.003,0.791
1795870,A2,2.000,-84.0,1.003,0.791
1795880,A1,1.360,-81.4,1.003,0.791
1796000,A3,2.470,-81.8,1.003,0.791
1796020,A2,1.990,-83.2,1.010,0.791
1796030,A1,1.390,-81.1,1.025,0.805
1796150,A3,2.500,-82.1,1.025,0.780
1796170,A2,2.000,-84.0,1.018,0.780
1796180,A1,1.390,-81.3,1.018,0.780
1796300,A3,2.460,-81.4,1.018,0.813
1796320,A2,2.000,-83.7,1.018,0.813
1796330,A1,1.380,-81.4,1.013,0.809
1796600,A3,2.480,-82.0,1.013,0.792
1796620,A2,1.990,-83.5,1.020,0.792
1796630,A1,1.400,-81.8,1.030,0.802
1796750,A3,2.470,-81.7,1.030,0.810
1796770,A2,2.000,-83.6,1.023,0.810
1796780,A1,1.390,-81.3,1.018,0.805
1796900,A3,2.500,-81.6,1.018,0.780
1796920,A2,1.990,-83.8,1.025,0.780
1796930,A1,1.380,-81.5,1.020,0.776
1797050,A3,2.480,-81.3,1.020,0.792
1797070,A2,2.010,-83.7,1.006,0.792
1797080,A1,1.410,-81.5,1.021,0.806
1797200,A3,2.470,-81.6,1.021,0.815
1797220,A2,1.990,-83.9,1.035,0.815
1797230,A1,1.400,-81.2,1.030,0.810
1797350,A3,2.490,-81.6,1.030,0.793
1797370,A2,1.990,-84.0,1.030,0.793
1797650,A3,2.490,-81.6,1.030,0.793
1797670,A2,1.990,-83.3,1.030,0.793
1797680,A1,1.390,-81.2,1.025,0.789
1797800,A3,2.500,-82.0,1.025,0.780
1797820,A2,2.020,-83.5,1.004,0.780
1797830,A1,1.380,-81.1,0.999,0.776
1797950,A3,2.460,-81.5,0.999,0.809
1797970,A2,2.030,-83.7,0.991,0.809
1797980,A1,1.400,-81.2,1.001,0.818
1798100,A3,2.460,-81.4,1.001,0.818
1798120,A2,2.000,-83.6,1.023,0.818
1798130,A1,1.380,-81.3,1.013,0.809
1798250,A3,2.470,-81.5,1.013,0.801
1798270,A2,1.990,-83.4,1.020,0.801
1798280,A1,1.390,-81.1,1.025,0.805
1798400,A3,2.470,-81.4,1.025,0.805
1798420,A2,1.990,-83.6,1.025,0.805
1798430,A1,1.380,-81.2,1.020,0.801
1798550,A3,2.480,-81.6,1.020,0.792
1798570,A2,1.980,-83.8,1.027,0.792
1798580,A1,1.440,-81.2,1.058,0.821
1798700,A3,2.520,-81.2,1.058,0.787
1798720,A2,1.990,-84.1,1.051,0.787
1798730,A1,1.380,-81.2,1.020,0.759
1798850,A3,2.460,-81.7,1.020,0.809
1798870,A2,2.010,-84.0,1.006,0.809
1798880,A1,1.380,-81.3,1.006,0.809
1799000,A3,2.480,-81.4,1.006,0.792
1799020,A2,2.000,-84.0,1.013,0.792
1799030,A1,1.380,-81.2,1.013,0.792
1799150,A3,2.500,-81.7,1.013,0.776
1799170,A2,2.020,-84.1,0.999,0.776
1799180,A1,1.410,-81.0,1.014,0.790
1799300,A3,2.470,-81.4,1.014,0.815
1799320,A2,2.030,-83.9,1.006,0.815
1799330,A1,1.400,-81.2,1.001,0.810
1799450,A3,2.470,-81.9,1.001,0.810
1799470,A2,2.010,-84.0,1.016,0.810
1799480,A1,1.400,-81.5,1.016,0.810
1799750,A3,2.490,-81.7,1.016,0.793
1799770,A2,2.000,-83.6,1.023,0.793
1799780,A1,1.400,-81.4,1.023,0.793
1799900,A3,2.450,-81.3,1.023,0.826
1799920,A2,2.010,-83.6,1.016,0.826
1799930,A1,1.390,-81.3,1.011,0.822
1800050,A3,2.470,-81.4,1.011,0.805
1800070,A2,1.990,-83.8,1.025,0.805
1800080,A1,1.410,-81.3,1.035,0.815
1800200,A3,2.470,-81.7,1.035,0.815
1800220,A2,2.010,-83.5,1.021,0.815
1800230,A1,1.370,-81.4,1.001,0.796
1800350,A3,2.480,-81.7,1.001,0.788
1800370,A2,2.010,-83.7,1.001,0.788
1800380,A1,1.390,-81.0,1.011,0.797
1800500,A3,2.480,-81.4,1.011,0.797
1800520,A2,2.000,-84.0,1.018,0.797
1800530,A1,1.400,-81.4,1.023,0.802
1800650,A3,2.470,-81.8,1.023,0.810
1800670,A2,1.990,-83.9,1.030,0.810
1800680,A1,1.390,-81.4,1.025,0.805
1800800,A3,2.460,-81.3,1.025,0.813
1800820,A2,2.000,-83.6,1.018,0.813
1800830,A1,1.380,-81.3,1.013,0.809
1800950,A3,2.490,-81.4,1.013,0.784
1800970,A2,2.030,-83.6,0.991,0.784
1800980,A1,1.390,-81.2,0.996,0.789
1801100,A3,2.470,-81.4,0.996,0.805
1801120,A2,1.990,-84.2,1.025,0.805
1801130,A1,1.390,-81.4,1.025,0.805
1801250,A3,2.460,-81.4,1.025,0.813
1801270,A2,1.990,-84.1,1.025,0.813
1801280,A1,1.400,-81.4,1.030,0.818
1801400,A3,2.500,-81.6,1.030,0.785
1801420,A2,2.000,-83.8,1.023,0.785
1801430,A1,1.380,-80.9,1.013,0.776
1801550,A3,2.460,-81.5,1.013,0.809
1801570,A2,2.000,-84.3,1.013,0.809
1801580,A1,1.390,-81.3,1.018,0.813
1801700,A3,2.500,-81.8,1.018,0.780
1801720,A2,2.000,-83.3,1.018,0.780
1801730,A1,1.390,-81.7,1.018,0.780
1801850,A3,2.460,-82.0,1.018,0.813
1801870,A2,1.990,-83.7,1.025,0.813
1801880,A1,1.390,-81.3,1.025,0.813
1802000,A3,2.450,-81.6,1.025,0.822
1802020,A2,2.000,-83.5,1.018,0.822
1802030,A1,1.380,-81.4,1.013,0.817
1802150,A3,2.460,-81.4,1.013,0.809
1802170,A2,1.990,-83.9,1.020,0.809
1802180,A1,1.400,-81.4,1.030,0.818
1802300,A3,2.450,-81.3,1.030,0.826
1802320,A2,2.000,-83.6,1.023,0.826
1802330,A1,1.400,-81.3,1.023,0.826
1802450,A3,2.460,-81.6,1.023,0.818
1802470,A2,1.990,-83.6,1.030,0.818
1802480,A1,1.390,-81.4,1.025,0.813
1802600,A3,2.460,-81.2,1.025,0.813
1802620,A2,1.990,-83.5,1.025,0.813
1802630,A1,1.410,-81.2,1.035,0.823
1802900,A3,2.480,-81.9,1.035,0.806
1802920,A2,2.000,-84.0,1.028,0.806
1802930,A1,1.400,-81.2,1.023,0.802
1803050,A3,2.500,-81.2,1.023,0.785
1803070,A2,2.000,-83.3,1.023,0.785
1803080,A1,1.400,-81.4,1.023,0.785
1803200,A3,2.460,-81.9,1.023,0.818
1803220,A2,1.990,-83.9,1.030,0.818
1803230,A1,1.380,-81.1,1.020,0.809
1803350,A3,2.500,-81.9,1.020,0.776
1803370,A2,1.980,-83.8,1.027,0.776
1803380,A1,1.420,-81.3,1.048,0.794
1803500,A3,2.460,-81.7,1.048,0.827
1803520,A2,2.000,-83.9,1.033,0.827
1803530,A1,1.380,-81.5,1.013,0.809
1803650,A3,2.460,-81.8,1.013,0.809
1803670,A2,2.000,-83.7,1.013,0.809
1803680,A1,1.390,-81.1,1.018,0.813
1803800,A3,2.500,-81.5,1.018,0.780
1803820,A2,2.010,-84.0,1.011,0.780
1803830,A1,1.380,-81.0,1.006,0.776
1803950,A3,2.490,-81.9,1.006,0.784
1803970,A2,2.010,-83.7,1.006,0.784
1803980,A1,1.410,-81.1,1.021,0.798
1804100,A3,2.480,-81.8,1.021,0.806
1804120,A2,1.980,-83.7,1.042,0.806
1804130,A1,1.390,-81.3,1.032,0.797
1804250,A3,2.490,-81.3,1.032,0.789
1804270,A2,2.010,-83.7,1.011,0.789
1804280,A1,1.400,-81.3,1.016,0.793
1804400,A3,2.480,-81.3,1.016,0.802
1804420,A2,2.000,-83.9,1.023,0.802
1804430,A1,1.370,-81.4,1.008,0.788
1804550,A3,2.460,-81.6,1.008,0.804
1804570,A2,2.000,-84.0,1.008,0.804
1804580,A1,1.400,-81.4,1.023,0.818
1804700,A3,2.450,-81.4,1.023,0.826
1804720,A2,1.980,-83.9,1.037,0.826
1804730,A1,1.390,-81.5,1.032,0.822
1804850,A3,2.470,-81.6,1.032,0.805
1804870,A2,2.000,-83.5,1.018,0.805
1804880,A1,1.400,-81.2,1.023,0.810
1805000,A3,2.490,-81.6,1.023,0.793
1805020,A2,1.990,-83.8,1.030,0.793
1805030,A1,1.410,-81.3,1.035,0.798
1805150,A3,2.500,-81.7,1.035,0.790
1805170,A2,2.010,-84.1,1.021,0.790
1805180,A1,1.400,-80.9,1.016,0.785
1805300,A3,2.470,-81.9,1.016,0.810
1805320,A2,2.010,-83.4,1.016,0.810
1805330,A1,1.370,-81.5,1.001,0.796
1805450,A3,2.450,-82.0,1.001,0.812
1805470,A2,2.010,-83.3,1.001,0.812
1805480,A1,1.400,-81.5,1.016,0.826
1805600,A3,2.490,-81.6,1.016,0.793
1805620,A2,2.000,-83.3,1.023,0.793
1805630,A1,1.390,-81.0,1.018,0.789
1805750,A3,2.460,-81.8,1.018,0.813
1805770,A2,2.030,-83.5,0.996,0.813
1805780,A1,1.390,-81.2,0.996,0.813
1806050,A3,2.480,-81.7,0.996,0.797
1806070,A2,1.990,-83.6,1.025,0.797
1806080,A1,1.370,-81.2,1.015,0.788
1806200,A3,2.450,-81.4,1.015,0.812
1806220,A2,1.990,-84.0,1.015,0.812
1806230,A1,1.390,-81.4,1.025,0.822
1806350,A3,2.500,-81.6,1.025,0.780
1806370,A2,2.020,-83.3,1.004,0.780
1806380,A1,1.390,-81.2,1.004,0.780
1806500,A3,2.470,-81.3,1.004,0.805
1806520,A2,2.000,-83.5,1.018,0.805
1806530,A1,1.400,-81.2,1.023,0.810
1806650,A3,2.460,-81.4,1.023,0.818
1806670,A2,2.010,-83.5,1.016,0.818
1806680,A1,1.370,-81.2,1.001,0.804
1806800,A3,2.470,-81.2,1.001,0.796
1806820,A2,1.990,-83.9,1.015,0.796
1806830,A1,1.390,-81.3,1.025,0.805
1806950,A3,2.480,-81.7,1.025,0.797
1806970,A2,2.000,-84.1,1.018,0.797
1806980,A1,1.380,-81.4,1.013,0.792
1807100,A3,2.460,-81.2,1.013,0.809
1807120,A2,1.990,-83.6,1.020,0.809
1807130,A1,1.370,-81.7,1.015,0.804
1807250,A3,2.480,-81.5,1.015,0.788
1807270,A2,2.020,-84.0,0.994,0.788
1807280,A1,1.400,-81.6,1.009,0.802
1807400,A3,2.480,-81.9,1.009,0.802
1807420,A2,2.010,-83.6,1.016,0.802
1807430,A1,1.380,-81.3,1.006,0.792
1807550,A3,2.450,-81.4,1.006,0.817
1807570,A2,2.010,-83.2,1.006,0.817
1807580,A1,1.410,-81.4,1.021,0.831
1807700,A3,2.470,-81.6,1.021,0.815
1807720,A2,2.000,-83.8,1.028,0.815
1807730,A1,1.400,-81.2,1.023,0.810
1807850,A3,2.480,-81.9,1.023,0.802
1807870,A2,2.000,-83.7,1.023,0.802
1807880,A1,1.410,-81.0,1.028,0.806
1808000,A3,2.480,-81.4,1.028,0.806
1808020,A2,2.000,-84.0,1.028,0.806
1808030,A1,1.400,-81.5,1.023,0.802
1808150,A3,2.470,-81.7,1.023,0.810
1808170,A2,1.980,-84.0,1.037,0.810
1808180,A1,1.390,-81.0,1.032,0.805
1808300,A3,2.450,-81.7,1.032,0.822
1808320,A2,1.990,-83.8,1.025,0.822
1808330,A1,1.400,-81.1,1.030,0.826
1808450,A3,2.500,-81.3,1.030,0.785
1808470,A2,2.000,-83.3,1.023,0.785
1808480,A1,1.390,-80.8,1.018,0.780
1808600,A3,2.460,-81.3,1.018,0.813
1808620,A2,2.020,-83.8,1.004,0.813
1808630,A1,1.410,-81.4,1.014,0.823
1808750,A3,2.460,-81.6,1.014,0.823
1808770,A2,2.010,-83.6,1.021,0.823
1808780,A1,1.400,-81.3,1.016,0.818
1808900,A3,2.490,-81.7,1.016,0.793
1808920,A2,2.020,-83.4,1.009,0.793
1808930,A1,1.380,-81.6,0.999,0.784
1809200,A3,2.470,-81.6,0.999,0.801
1809220,A2,2.000,-83.3,1.013,0.801
1809230,A1,1.390,-81.1,1.018,0.805
1809350,A3,2.530,-81.5,1.018,0.755
1809380,A1,1.400,-81.6,1.023,0.760
1809530,A1,1.390,-81.2,1.018,0.755
1809650,A3,2.480,-81.8,1.018,0.797
1809670,A2,2.000,-84.0,1.018,0.797
1809680,A1,1.400,-81.3,1.023,0.802
1809800,A3,2.480,-81.2,1.023,0.802
1809820,A2,2.020,-83.7,1.009,0.802
1809830,A1,1.380,-81.3,0.999,0.792
1809950,A3,2.460,-82.2,0.999,0.809
1809970,A2,2.030,-83.5,0.991,0.809
1809980,A1,1.370,-81.3,0.986,0.804
1810100,A3,2.480,-81.8,0.986,0.788
1810120,A2,1.990,-83.9,1.015,0.788
1810130,A1,1.390,-81.2,1.025,0.797
1810270,A2,2.000,-83.5,1.018,0.797
1810280,A1,1.400,-80.9,1.023,0.802
1810420,A2,2.010,-83.9,1.016,0.802
1810430,A1,1.380,-81.4,1.006,0.792
1810550,A3,2.470,-81.5,1.006,0.801
1810570,A2,2.020,-83.3,0.999,0.801
1810580,A1,1.410,-81.3,1.014,0.815
1810700,A3,2.480,-81.3,1.014,0.806
1810720,A2,1.990,-83.5,1.035,0.806
1810730,A1,1.410,-81.2,1.035,0.806
1810850,A3,2.460,-82.1,1.035,0.823
1810870,A2,2.030,-83.9,1.006,0.823
1810880,A1,1.390,-81.0,0.996,0.813
1811000,A3,2.500,-81.3,0.996,0.780
1811020,A2,2.020,-83.8,1.004,0.780
1811030,A1,1.390,-81.4,1.004,0.780
1811150,A3,2.460,-82.2,1.004,0.813
1811170,A2,2.010,-83.5,1.011,0.813
1811180,A1,1.410,-81.2,1.021,0.823
1811300,A3,2.480,-81.4,1.021,0.806
1811320,A2,2.000,-83.8,1.028,0.806
1811330,A1,1.380,-81.7,1.013,0.792
1811450,A3,2.460,-82.1,1.013,0.809
1811470,A2,2.010,-83.7,1.006,0.809
1811480,A1,1.370,-81.4,1.001,0.804
1811600,A3,2.500,-81.4,1.001,0.771
1811620,A2,2.020,-83.9,0.994,0.771
1811630,A1,1.380,-81.5,0.999,0.776
1811750,A3,2.440,-81.9,0.999,0.825
1811770,A2,1.990,-83.3,1.020,0.825
1811780,A1,1.400,-81.3,1.030,0.834
1811900,A3,2.500,-81.3,1.030,0.785
1811920,A2,2.000,-83.6,1.023,0.785
1811930,A1,1.400,-81.0,1.023,0.785
1812050,A3,2.480,-81.5,1.023,0.802
1812070,A2,2.010,-83.4,1.016,0.802
1812080,A1,1.370,-81.2,1.001,0.788
1812350,A3,2.500,-81.9,1.001,0.771
1812370,A2,1.990,-84.3,1.015,0.771
1812380,A1,1.400,-81.4,1.030,0.785
1812500,A3,2.490,-81.5,1.030,0.793
1812520,A2,2.020,-83.8,1.009,0.793
1812530,A1,1.380,-81.4,0.999,0.784
1812650,A3,2.480,-81.6,0.999,0.792
1812670,A2,1.990,-83.5,1.020,0.792
1812680,A1,1.390,-81.4,1.025,0.797
1812800,A3,2.480,-81.8,1.025,0.797
1812820,A2,2.000,-83.4,1.018,0.797
1812830,A1,1.390,-81.5,1.018,0.797
1812950,A3,2.430,-81.6,1.018,0.838
1812970,A2,2.000,-84.2,1.018,0.838
1812980,A1,1.410,-81.8,1.028,0.847
1813100,A3,2.490,-81.4,1.028,0.798
1813120,A2,2.010,-83.8,1.021,0.798
1813130,A1,1.380,-81.0,1.006,0.784
1813250,A3,2.470,-81.8,1.006,0.801
1813280,A1,1.400,-81.5,1.016,0.810
1813430,A1,1.380,-81.6,1.006,0.801
1813550,A3,2.440,-81.5,1.006,0.825
1813570,A2,1.990,-84.0,1.020,0.825
1813580,A1,1.370,-81.3,1.015,0.821
1813700,A3,2.510,-81.8,1.015,0.763
1813720,A2,2.010,-83.7,1.001,0.763
1813730,A1,1.380,-81.2,1.006,0.767
1813850,A3,2.440,-82.1,1.006,0.825
1813870,A2,2.010,-83.3,1.006,0.825
1813880,A1,1.380,-81.3,1.006,0.825
1814000,A3,2.480,-81.4,1.006,0.792
1814020,A2,2.000,-83.8,1.013,0.792
1814030,A1,1.380,-81.3,1.013,0.792
1814150,A3,2.460,-81.6,1.013,0.809
1814170,A2,1.990,-83.2,1.020,0.809
1814180,A1,1.390,-81.5,1.025,0.813
1814300,A3,2.440,-81.6,1.025,0.830
1814320,A2,2.000,-83.6,1.018,0.830
1814330,A1,1.400,-81.2,1.023,0.834
1814450,A3,2.490,-81.4,1.023,0.793
1814470,A2,2.000,-83.3,1.023,0.793
1814480,A1,1.410,-80.9,1.028,0.798
1814600,A3,2.450,-81.8,1.028,0.831
1814620,A2,2.000,-83.4,1.028,0.831
1814630,A1,1.380,-81.3,1.013,0.817
1814750,A3,2.450,-82.1,1.013,0.817
1814770,A2,2.010,-83.6,1.006,0.817
1814780,A1,1.400,-81.2,1.016,0.826
1814900,A3,2.460,-81.7,1.016,0.818
1814920,A2,2.010,-83.6,1.016,0.818
1814930,A1,1.390,-81.2,1.011,0.813
1815050,A3,2.470,-82.0,1.011,0.805
1815070,A2,2.020,-83.3,1.004,0.805
1815080,A1,1.390,-81.2,1.004,0.805
1815200,A3,2.500,-81.3,1.004,0.780
1815220,A2,2.010,-83.7,1.011,0.780
1815230,A1,1.380,-81.3,1.006,0.776
1815500,A3,2.480,-81.9,1.006,0.792
1815520,A2,2.010,-83.9,1.006,0.792
1815530,A1,1.360,-81.2,0.996,0.783
1815650,A3,2.500,-81.7,0.996,0.767
1815670,A2,2.000,-83.4,1.003,0.767
1815680,A1,1.370,-81.4,1.008,0.771
1815800,A3,2.460,-81.9,1.008,0.804
1815820,A2,2.000,-83.3,1.008,0.804
1815830,A1,1.390,-81.0,1.018,0.813
1815950,A3,2.470,-81.4,1.018,0.805
1815970,A2,1.990,-83.6,1.025,0.805
1815980,A1,1.400,-81.4,1.030,0.810
1816100,A3,2.470,-81.8,1.030,0.810
1816120,A2,2.020,-83.5,1.009,0.810
1816130,A1,1.400,-81.2,1.009,0.810
1816250,A3,2.470,-81.4,1.009,0.810
1816270,A2,2.010,-84.0,1.016,0.810
1816280,A1,1.410,-80.9,1.021,0.815
1816400,A3,2.480,-81.4,1.021,0.806
1816420,A2,2.020,-83.4,1.014,0.806
1816430,A1,1.390,-81.0,1.004,0.797
1816550,A3,2.460,-82.6,1.004,0.813
1816570,A2,2.010,-83.6,1.011,0.813
1816580,A1,1.400,-81.4,1.016,0.818
1816700,A3,2.470,-81.5,1.016,0.810
1816720,A2,1.990,-83.4,1.030,0.810
1816730,A1,1.410,-81.7,1.035,0.815
1816850,A3,2.490,-81.5,1.035,0.798
1816870,A2,2.030,-83.3,1.006,0.798
1816880,A1,1.360,-81.2,0.981,0.775
1817000,A3,2.490,-80.8,0.981,0.775
1817020,A2,2.000,-84.1,1.003,0.775
1817030,A1,1.400,-81.2,1.023,0.793
1817150,A3,2.480,-82.5,1.023,0.802
1817170,A2,2.030,-83.9,1.001,0.802
1817180,A1,1.390,-81.1,0.996,0.797
1817300,A3,2.480,-83.3,0.996,0.797
1817320,A2,2.020,-83.8,1.004,0.797
1817330,A1,1.380,-81.3,0.999,0.792
1817450,A3,2.450,-83.0,0.999,0.817
1817470,A2,2.000,-84.2,1.013,0.817
1817480,A1,1.400,-80.8,1.023,0.826
1817600,A3,2.460,-82.4,1.023,0.818
1817620,A2,2.000,-84.0,1.023,0.818
1817630,A1,1.400,-80.5,1.023,0.818
1817750,A3,2.490,-81.0,1.023,0.793
1817770,A2,1.990,-84.2,1.030,0.793
1817780,A1,1.400,-81.2,1.030,0.793
1817900,A3,2.500,-82.4,1.030,0.785
1817920,A2,2.010,-83.8,1.016,0.785
1817930,A1,1.390,-81.0,1.011,0.780
1818050,A3,2.470,-82.3,1.011,0.805
1818070,A2,2.000,-84.1,1.018,0.805
1818080,A1,1.400,-81.0,1.023,0.810
1818200,A3,2.480,-82.3,1.023,0.802
1818220,A2,2.000,-83.7,1.023,0.802
1818230,A1,1.400,-80.6,1.023,0.802
1818350,A3,2.510,-81.5,1.023,0.777
1818370,A2,2.000,-83.2,1.023,0.777
1818380,A1,1.390,-81.2,1.018,0.772
1818650,A3,2.470,-82.2,1.018,0.805
1818670,A2,1.980,-83.9,1.032,0.805
1818680,A1,1.400,-81.4,1.037,0.810
1818800,A3,2.460,-82.8,1.037,0.818
1818820,A2,2.000,-84.2,1.023,0.818
1818830,A1,1.400,-81.2,1.023,0.818
1818950,A3,2.470,-82.5,1.023,0.810
1818970,A2,2.000,-84.6,1.023,0.810
1818980,A1,1.390,-81.4,1.018,0.805
1819100,A3,2.480,-82.4,1.018,0.797
1819120,A2,1.990,-84.5,1.025,0.797
1819130,A1,1.440,-80.9,1.051,0.821
1819250,A3,2.460,-82.2,1.051,0.837
1819270,A2,2.010,-83.8,1.036,0.837
1819280,A1,1.430,-80.5,1.031,0.832
1819400,A3,2.460,-81.9,1.031,0.832
1819420,A2,1.990,-84.1,1.046,0.832
1819430,A1,1.420,-80.8,1.040,0.827
1819550,A3,2.490,-82.1,1.040,0.803
1819570,A2,2.010,-83.9,1.026,0.803
1819580,A1,1.420,-81.1,1.026,0.803
1819700,A3,2.490,-81.6,1.026,0.803
1819720,A2,1.990,-84.3,1.040,0.803
1819730,A1,1.400,-80.7,1.030,0.793
1819850,A3,2.470,-81.3,1.030,0.810
1819870,A2,1.980,-83.5,1.037,0.810
1819880,A1,1.420,-80.9,1.048,0.819
1820000,A3,2.470,-83.2,1.048,0.819
1820020,A2,2.010,-84.0,1.026,0.819
1820030,A1,1.440,-80.8,1.036,0.829
1820150,A3,2.500,-81.8,1.036,0.804
1820170,A2,1.990,-84.0,1.051,0.804
1820180,A1,1.440,-80.9,1.051,0.804
1820300,A3,2.480,-81.3,1.051,0.821
1820320,A2,2.000,-83.8,1.044,0.821
1820330,A1,1.420,-81.3,1.033,0.811
1820450,A3,2.510,-81.6,1.033,0.786
1820470,A2,2.010,-83.8,1.026,0.786
1820750,A3,2.510,-81.4,1.026,0.786
1820770,A2,1.990,-83.8,1.040,0.786
1820780,A1,1.390,-81.2,1.025,0.772
1820900,A3,2.480,-81.4,1.025,0.797
1820920,A2,1.990,-83.9,1.025,0.797
1820930,A1,1.390,-81.2,1.025,0.797
1821050,A3,2.480,-82.0,1.025,0.797
1821070,A2,1.990,-83.6,1.025,0.797
1821080,A1,1.400,-81.2,1.030,0.802
1821200,A3,2.470,-82.5,1.030,0.810
1821220,A2,2.000,-83.6,1.023,0.810
1821230,A1,1.400,-80.9,1.023,0.810
1821350,A3,2.490,-81.2,1.023,0.793
1821370,A2,2.000,-83.6,1.023,0.793
1821380,A1,1.410,-81.2,1.028,0.798
1821500,A3,2.480,-81.5,1.028,0.806
1821520,A2,1.990,-83.9,1.035,0.806
1821530,A1,1.410,-81.2,1.035,0.806
1821800,A3,2.490,-82.3,1.035,0.798
1821820,A2,2.020,-84.0,1.014,0.798
1821830,A1,1.400,-81.1,1.009,0.793
1821950,A3,2.480,-81.7,1.009,0.802
1821970,A2,2.020,-84.2,1.009,0.802
1821980,A1,1.390,-81.4,1.004,0.797
1822100,A3,2.470,-82.0,1.004,0.805
1822120,A2,2.010,-83.5,1.011,0.805
1822130,A1,1.370,-81.2,1.001,0.796
1822250,A3,2.460,-82.0,1.001,0.804
1822270,A2,2.020,-84.2,0.994,0.804
1822280,A1,1.410,-80.6,1.014,0.823
1822400,A3,2.480,-82.3,1.014,0.806
1822420,A2,2.000,-84.1,1.028,0.806
1822430,A1,1.400,-80.6,1.023,0.802
1822550,A3,2.510,-82.1,1.023,0.777
1822570,A2,2.010,-84.1,1.016,0.777
1822580,A1,1.410,-80.7,1.021,0.781
1822700,A3,2.470,-82.3,1.021,0.815
1822720,A2,1.990,-83.4,1.035,0.815
1822730,A1,1.420,-80.8,1.040,0.819
1822850,A3,2.460,-82.0,1.040,0.827
1822870,A2,2.000,-84.0,1.033,0.827
1822880,A1,1.390,-80.8,1.018,0.813
1823000,A3,2.460,-82.1,1.018,0.813
1823020,A2,2.010,-83.8,1.011,0.813
1823030,A1,1.430,-80.8,1.031,0.832
1823150,A3,2.490,-82.0,1.031,0.807
1823170,A2,1.970,-83.7,1.060,0.807
1823180,A1,1.390,-81.0,1.039,0.789
1823300,A3,2.490,-82.0,1.039,0.789
1823320,A2,1.990,-83.6,1.025,0.789
1823330,A1,1.380,-80.5,1.020,0.784
1823450,A3,2.440,-81.9,1.020,0.825
1823470,A2,1.980,-84.1,1.027,0.825
1823480,A1,1.380,-81.1,1.027,0.825
1823600,A3,2.480,-81.9,1.027,0.792
1823620,A2,2.020,-83.7,0.999,0.792
1823630,A1,1.390,-80.8,1.004,0.797
1823750,A3,2.460,-81.9,1.004,0.813
1823770,A2,1.980,-83.5,1.032,0.813
1823780,A1,1.390,-80.9,1.032,0.813
1823900,A3,2.480,-82.2,1.032,0.797
1823920,A2,1.980,-84.0,1.032,0.797
1823930,A1,1.400,-81.1,1.037,0.802
1824050,A3,2.480,-81.8,1.037,0.802
1824070,A2,1.990,-83.6,1.030,0.802
1824080,A1,1.400,-80.9,1.030,0.802
1824200,A3,2.470,-82.1,1.030,0.810
1824220,A2,2.000,-83.6,1.023,0.810
1824230,A1,1.400,-80.7,1.023,0.810
1824350,A3,2.470,-82.0,1.023,0.810
1824370,A2,2.010,-83.7,1.016,0.810
1824380,A1,1.420,-81.1,1.026,0.819
1824500,A3,2.500,-82.6,1.026,0.794
1824520,A2,2.000,-84.1,1.033,0.794
1824530,A1,1.410,-80.9,1.028,0.790
1824650,A3,2.470,-82.6,1.028,0.815
1824670,A2,2.000,-84.1,1.028,0.815
1824680,A1,1.390,-81.0,1.018,0.805
1824950,A3,2.460,-82.6,1.018,0.813
1824970,A2,1.980,-84.1,1.032,0.813
1824980,A1,1.380,-80.9,1.027,0.809
1825100,A3,2.490,-82.7,1.027,0.784
1825120,A2,1.990,-83.7,1.020,0.784
1825130,A1,1.390,-80.8,1.025,0.789
1825250,A3,2.470,-83.0,1.025,0.805
1825270,A2,2.000,-84.0,1.018,0.805
1825280,A1,1.390,-81.1,1.018,0.805
1825400,A3,2.470,-81.8,1.018,0.805
1825420,A2,2.000,-84.2,1.018,0.805
1825430,A1,1.410,-81.0,1.028,0.815
1825550,A3,2.480,-82.1,1.028,0.806
1825570,A2,2.010,-84.5,1.021,0.806
1825580,A1,1.410,-80.7,1.021,0.806
1825700,A3,2.460,-82.6,1.021,0.823
1825720,A2,2.030,-83.8,1.006,0.823
1825730,A1,1.410,-81.1,1.006,0.823
1825850,A3,2.470,-82.7,1.006,0.815
1825870,A2,2.000,-83.8,1.028,0.815
1825880,A1,1.370,-81.0,1.008,0.796
1826000,A3,2.460,-82.7,1.008,0.804
1826020,A2,1.980,-84.1,1.022,0.804
1826030,A1,1.410,-81.1,1.042,0.823
1826150,A3,2.490,-83.5,1.042,0.798
1826170,A2,1.990,-84.1,1.035,0.798
1826180,A1,1.400,-80.9,1.030,0.793
1826300,A3,2.460,-82.2,1.030,0.818
1826320,A2,1.990,-84.0,1.030,0.818
1826330,A1,1.400,-81.1,1.030,0.818
1826450,A3,2.480,-83.0,1.030,0.802
1826470,A2,2.020,-84.2,1.009,0.802
1826480,A1,1.400,-80.9,1.009,0.802
1826600,A3,2.470,-82.8,1.009,0.810
1826620,A2,1.990,-83.7,1.030,0.810
1826630,A1,1.410,-81.1,1.035,0.815
1826750,A3,2.470,-82.3,1.035,0.815
1826770,A2,1.980,-84.1,1.042,0.815
1826780,A1,1.400,-81.2,1.037,0.810
1826900,A3,2.460,-82.7,1.037,0.818
1826920,A2,2.010,-83.7,1.016,0.818
1826930,A1,1.420,-80.8,1.026,0.827
1827050,A3,2.470,-83.3,1.026,0.819
1827070,A2,1.990,-84.1,1.040,0.819
1827080,A1,1.390,-80.9,1.025,0.805
1827200,A3,2.460,-83.9,1.025,0.813
1827220,A2,2.000,-84.1,1.018,0.813
1827230,A1,1.390,-81.5,1.018,0.813
1827350,A3,2.480,-82.7,1.018,0.797
1827370,A2,2.000,-84.1,1.018,0.797
1827380,A1,1.440,-80.8,1.044,0.821
1827500,A3,2.470,-82.2,1.044,0.829
1827520,A2,2.000,-83.7,1.044,0.829
1827530,A1,1.390,-80.9,1.018,0.805
1827650,A3,2.470,-82.1,1.018,0.805
1827670,A2,2.010,-83.7,1.011,0.805
1827680,A1,1.390,-80.7,1.011,0.805
1827800,A3,2.470,-82.1,1.011,0.805
1827820,A2,2.000,-83.6,1.018,0.805
1827830,A1,1.370,-80.8,1.008,0.796
1828250,A3,2.480,-81.8,1.008,0.788
1828270,A2,2.010,-84.1,1.001,0.788
1828280,A1,1.400,-81.1,1.016,0.802
1828400,A3,2.460,-82.1,1.016,0.818
1828420,A2,2.010,-83.8,1.016,0.818
1828430,A1,1.400,-81.0,1.016,0.818
1828550,A3,2.480,-81.3,1.016,0.802
1828570,A2,1.990,-84.2,1.030,0.802
1828580,A1,1.400,-81.0,1.030,0.802
1828700,A3,2.490,-81.3,1.030,0.793
1828720,A2,1.990,-83.6,1.030,0.793
1828730,A1,1.420,-81.0,1.040,0.803
1828850,A3,2.500,-81.9,1.040,0.794
1828870,A2,1.980,-83.9,1.048,0.794
1828880,A1,1.390,-81.0,1.032,0.780
1829000,A3,2.480,-81.8,1.032,0.797
1829020,A2,2.010,-83.9,1.011,0.797
1829030,A1,1.390,-81.1,1.011,0.797
1829150,A3,2.480,-81.3,1.011,0.797
1829170,A2,1.990,-83.9,1.025,0.797
1829180,A1,1.410,-81.2,1.035,0.806
1829300,A3,2.490,-82.0,1.035,0.798
1829320,A2,2.000,-83.7,1.028,0.798
1829330,A1,1.420,-81.5,1.033,0.803
1829450,A3,2.490,-81.7,1.033,0.803
1829470,A2,1.990,-83.7,1.040,0.803
1829480,A1,1.410,-81.3,1.035,0.798
1829600,A3,2.480,-81.6,1.035,0.806
1829620,A2,2.000,-84.3,1.028,0.806
1829630,A1,1.400,-81.6,1.023,0.802
1829750,A3,2.470,-81.7,1.023,0.810
1829770,A2,1.980,-83.9,1.037,0.810
1829780,A1,1.390,-81.4,1.032,0.805
1829900,A3,2.490,-81.4,1.032,0.789
1829920,A2,1.970,-84.2,1.039,0.789
1829930,A1,1.390,-81.8,1.039,0.789
1830050,A3,2.500,-81.8,1.039,0.780
1830070,A2,1.970,-84.1,1.039,0.780
1830080,A1,1.390,-81.2,1.039,0.780
1830200,A3,2.500,-81.7,1.039,0.780
1830220,A2,2.000,-83.7,1.018,0.780
1830230,A1,1.400,-81.3,1.023,0.785
1830350,A3,2.470,-81.7,1.023,0.810
1830370,A2,1.970,-84.5,1.045,0.810
1830380,A1,1.390,-80.8,1.039,0.805
1830500,A3,2.480,-82.0,1.039,0.797
1830520,A2,1.990,-84.3,1.025,0.797
1830530,A1,1.390,-81.4,1.025,0.797
1830650,A3,2.440,-81.2,1.025,0.830
1830670,A2,2.000,-84.3,1.018,0.830
1830680,A1,1.360,-81.0,1.003,0.816
1830800,A3,2.510,-81.5,1.003,0.758
1830820,A2,1.990,-83.7,1.010,0.758
1830830,A1,1.420,-81.1,1.040,0.786
1830950,A3,2.450,-81.5,1.040,0.836
1830970,A2,1.980,-83.6,1.048,0.836
1830980,A1,1.420,-81.2,1.048,0.836
1831270,A2,2.010,-84.2,1.026,0.836
1831280,A1,1.410,-81.3,1.021,0.831
1831420,A2,2.000,-84.2,1.028,0.831
1831430,A1,1.410,-81.1,1.028,0.831
1831550,A3,2.510,-81.2,1.028,0.781
1831570,A2,1.990,-83.7,1.035,0.781
1831580,A1,1.410,-81.2,1.035,0.781
1831700,A3,2.510,-81.3,1.035,0.781
1831720,A2,2.000,-84.2,1.028,0.781
1831730,A1,1.410,-81.1,1.028,0.781
1831850,A3,2.480,-81.0,1.028,0.806
1831870,A2,2.010,-83.9,1.021,0.806
1831880,A1,1.410,-80.7,1.021,0.806
1832000,A3,2.520,-81.3,1.021,0.773
1832020,A2,1.980,-84.3,1.042,0.773
1832030,A1,1.390,-80.5,1.032,0.764
1832150,A3,2.480,-81.0,1.032,0.797
1832170,A2,2.000,-84.2,1.018,0.797
1832180,A1,1.400,-81.2,1.023,0.802
1832300,A3,2.510,-81.0,1.023,0.777
1832320,A2,1.990,-83.9,1.030,0.777
1832330,A1,1.400,-81.4,1.030,0.777
1832450,A3,2.490,-81.1,1.030,0.793
1832470,A2,1.990,-84.2,1.030,0.793
1832480,A1,1.390,-80.9,1.025,0.789
1832600,A3,2.450,-81.6,1.025,0.822
1832620,A2,1.990,-83.6,1.025,0.822
1832630,A1,1.400,-81.2,1.030,0.826
1832750,A3,2.480,-80.9,1.030,0.802
1832770,A2,2.000,-83.7,1.023,0.802
1832780,A1,1.420,-81.4,1.033,0.811
1832900,A3,2.500,-81.4,1.033,0.794
1832920,A2,1.980,-84.2,1.048,0.794
1832930,A1,1.380,-80.8,1.027,0.776
1833050,A3,2.470,-81.2,1.027,0.801
1833070,A2,2.020,-84.3,0.999,0.801
1833080,A1,1.400,-80.9,1.009,0.810
1833200,A3,2.470,-81.2,1.009,0.810
1833220,A2,2.000,-83.9,1.023,0.810
1833230,A1,1.380,-80.8,1.013,0.801
1833350,A3,2.520,-81.6,1.013,0.759
1833370,A2,2.000,-83.8,1.013,0.759
1833380,A1,1.400,-81.0,1.023,0.768
1833500,A3,2.500,-81.4,1.023,0.785
1833520,A2,2.000,-84.2,1.023,0.785
1833530,A1,1.390,-80.9,1.018,0.780
1833650,A3,2.510,-81.2,1.018,0.772
1833670,A2,2.000,-84.2,1.018,0.772
1833680,A1,1.410,-81.0,1.028,0.781
1833800,A3,2.500,-81.2,1.028,0.790
1833820,A2,2.000,-83.6,1.028,0.790
1833830,A1,1.430,-81.0,1.038,0.799
1833950,A3,2.480,-81.7,1.038,0.816
1833970,A2,2.010,-84.5,1.031,0.816
1833980,A1,1.420,-81.1,1.026,0.811
1834100,A3,2.500,-81.1,1.026,0.794
1834120,A2,1.980,-84.3,1.048,0.794
1834130,A1,1.400,-80.5,1.037,0.785
1834400,A3,2.490,-81.2,1.037,0.793
1834420,A2,2.010,-84.3,1.016,0.793
1834430,A1,1.430,-81.3,1.031,0.807
1834550,A3,2.510,-81.2,1.031,0.791
1834570,A2,2.000,-84.3,1.038,0.791
1834580,A1,1.390,-81.0,1.018,0.772
1834700,A3,2.480,-81.1,1.018,0.797
1834720,A2,1.980,-84.2,1.032,0.797
1834730,A1,1.410,-81.0,1.042,0.806
1834850,A3,2.460,-80.9,1.042,0.823
1834870,A2,2.010,-84.4,1.021,0.823
1834880,A1,1.400,-81.2,1.016,0.818
1835000,A3,2.490,-81.2,1.016,0.793
1835020,A2,1.990,-84.1,1.030,0.793
1835030,A1,1.400,-81.3,1.030,0.793
1835150,A3,2.500,-81.5,1.030,0.785
1835170,A2,1.990,-83.8,1.030,0.785
1835180,A1,1.410,-80.9,1.035,0.790
1835300,A3,2.500,-81.1,1.035,0.790
1835320,A2,2.010,-83.9,1.021,0.790
1835330,A1,1.370,-81.1,1.001,0.771
1835450,A3,2.460,-81.8,1.001,0.804
1835470,A2,1.990,-84.0,1.015,0.804
1835480,A1,1.390,-81.2,1.025,0.813
1835600,A3,2.480,-81.9,1.025,0.797
1835620,A2,1.980,-83.8,1.032,0.797
1835630,A1,1.410,-81.4,1.042,0.806
1835750,A3,2.470,-81.6,1.042,0.815
1835770,A2,1.980,-84.1,1.042,0.815
1835780,A1,1.420,-80.8,1.048,0.819
1835900,A3,2.500,-81.2,1.048,0.794
1835920,A2,2.000,-84.2,1.033,0.794
1835930,A1,1.410,-80.8,1.028,0.790
1836050,A3,2.480,-81.5,1.028,0.806
1836070,A2,2.010,-83.5,1.021,0.806
1836080,A1,1.390,-81.4,1.011,0.797
1836200,A3,2.480,-82.3,1.011,0.797
1836220,A2,2.010,-83.3,1.011,0.797
1836230,A1,1.390,-81.5,1.011,0.797
1836350,A3,2.430,-82.2,1.011,0.838
1836370,A2,2.020,-83.7,1.004,0.838
1836380,A1,1.400,-81.5,1.009,0.843
1836500,A3,2.470,-82.3,1.009,0.810
1836530,A1,1.370,-81.0,0.994,0.796
1836680,A1,1.370,-81.1,0.994,0.796
1836800,A3,2.490,-82.2,0.994,0.779
1836820,A2,2.010,-84.2,1.001,0.779
1836830,A1,1.380,-81.2,1.006,0.784
1836950,A3,2.470,-81.3,1.006,0.801
1836970,A2,2.030,-83.6,0.991,0.801
1836980,A1,1.450,-81.1,1.027,0.834
1837100,A3,2.470,-81.8,1.027,0.834
1837120,A2,2.000,-84.5,1.049,0.834
1837130,A1,1.420,-81.4,1.033,0.819
1837250,A3,2.490,-81.2,1.033,0.803
1837270,A2,2.000,-84.1,1.033,0.803
1837280,A1,1.390,-81.2,1.018,0.789
1837550,A3,2.500,-81.5,1.018,0.780
1837570,A2,2.000,-84.3,1.018,0.780
1837580,A1,1.370,-80.8,1.008,0.771
1837700,A3,2.480,-81.6,1.008,0.788
1837720,A2,1.990,-83.7,1.015,0.788
1837730,A1,1.440,-81.0,1.051,0.821
1837850,A3,2.500,-84.2,1.051,0.804
1837870,A2,1.990,-83.7,1.051,0.804
1837880,A1,1.400,-81.5,1.030,0.785
1838000,A3,2.480,-82.6,1.030,0.802
1838020,A2,2.010,-83.9,1.016,0.802
1838030,A1,1.390,-81.2,1.011,0.797
1838150,A3,2.470,-82.3,1.011,0.805
1838170,A2,2.000,-84.0,1.018,0.805
1838180,A1,1.370,-81.3,1.008,0.796
1838300,A3,2.450,-82.6,1.008,0.812
1838320,A2,1.990,-84.0,1.015,0.812
1838330,A1,1.380,-81.2,1.020,0.817
1838450,A3,2.480,-82.9,1.020,0.792
1838470,A2,2.000,-84.1,1.013,0.792
1838480,A1,1.400,-80.9,1.023,0.802
1838600,A3,2.480,-81.5,1.023,0.802
1838620,A2,2.000,-83.9,1.023,0.802
1838630,A1,1.380,-81.1,1.013,0.792
1838750,A3,2.480,-81.5,1.013,0.792
1838770,A2,2.000,-84.1,1.013,0.792
1838780,A1,1.430,-81.3,1.038,0.816
1838900,A3,2.470,-81.3,1.038,0.824
1838920,A2,2.010,-83.6,1.031,0.824
1838930,A1,1.400,-81.0,1.016,0.810
1839050,A3,2.480,-81.7,1.016,0.802
1839070,A2,1.990,-83.4,1.030,0.802
1839080,A1,1.390,-81.0,1.025,0.797
1839200,A3,2.470,-81.4,1.025,0.805
1839220,A2,2.010,-83.3,1.011,0.805
1839230,A1,1.370,-81.1,1.001,0.796
1839350,A3,2.510,-81.4,1.001,0.763
1839370,A2,1.980,-83.7,1.022,0.763
1839380,A1,1.380,-81.1,1.027,0.767
1839500,A3,2.460,-82.1,1.027,0.809
1839520,A2,1.970,-84.4,1.035,0.809
1839530,A1,1.370,-81.3,1.030,0.804
1839650,A3,2.480,-81.5,1.030,0.788
1839670,A2,1.990,-84.3,1.015,0.788
1839680,A1,1.410,-81.2,1.035,0.806
1839800,A3,2.480,-81.0,1.035,0.806
1839820,A2,2.010,-84.3,1.021,0.806
1839830,A1,1.370,-81.4,1.001,0.788
1839950,A3,2.470,-81.3,1.001,0.796
1839970,A2,2.010,-84.3,1.001,0.796
1839980,A1,1.400,-81.0,1.016,0.810
1840100,A3,2.480,-82.0,1.016,0.802
1840120,A2,1.980,-83.7,1.037,0.802
1840130,A1,1.380,-81.4,1.027,0.792
1840250,A3,2.470,-81.7,1.027,0.801
1840270,A2,2.000,-84.5,1.013,0.801
1840280,A1,1.380,-81.3,1.013,0.801
1840400,A3,2.480,-81.8,1.013,0.792
1840420,A2,1.990,-84.1,1.020,0.792
1840430,A1,1.390,-81.4,1.025,0.797
1840700,A3,2.470,-81.6,1.025,0.805
1840720,A2,2.000,-83.7,1.018,0.805
1840730,A1,1.390,-80.9,1.018,0.805
1840850,A3,2.460,-81.6,1.018,0.813
1840870,A2,2.020,-84.6,1.004,0.813
1840880,A1,1.400,-81.1,1.009,0.818
1841000,A3,2.490,-81.6,1.009,0.793
1841020,A2,2.020,-83.7,1.009,0.793
1841030,A1,1.380,-81.3,0.999,0.784
1841150,A3,2.460,-82.2,0.999,0.809
1841170,A2,2.000,-83.8,1.013,0.809
1841180,A1,1.410,-81.1,1.028,0.823
1841300,A3,2.460,-81.6,1.028,0.823
1841320,A2,2.010,-84.3,1.021,0.823
1841330,A1,1.420,-81.3,1.026,0.827
1841450,A3,2.440,-82.4,1.026,0.844
1841470,A2,1.980,-83.6,1.048,0.844
1841480,A1,1.400,-81.5,1.037,0.834
1841600,A3,2.470,-81.9,1.037,0.810
1841620,A2,2.000,-84.4,1.023,0.810
1841630,A1,1.400,-81.4,1.023,0.810
1841750,A3,2.480,-82.1,1.023,0.802
1841770,A2,2.010,-84.2,1.016,0.802
1841780,A1,1.390,-80.7,1.011,0.797
1841900,A3,2.460,-81.5,1.011,0.813
1841920,A2,1.990,-84.3,1.025,0.813
1841930,A1,1.380,-80.9,1.020,0.809
1842050,A3,2.470,-81.3,1.020,0.801
1842070,A2,2.000,-84.5,1.013,0.801
1842080,A1,1.390,-80.9,1.018,0.805
1842200,A3,2.470,-81.7,1.018,0.805
1842220,A2,2.020,-83.9,1.004,0.805
1842230,A1,1.400,-80.8,1.009,0.810
1842350,A3,2.490,-81.7,1.009,0.793
1842370,A2,2.000,-83.8,1.023,0.793
1842380,A1,1.390,-80.7,1.018,0.789
1842520,A2,2.010,-83.8,1.011,0.789
1842530,A1,1.390,-81.3,1.011,0.789
1842670,A2,2.000,-84.2,1.018,0.789
1842680,A1,1.390,-81.0,1.018,0.789
1842800,A3,2.460,-81.8,1.018,0.813
1842820,A2,1.990,-83.9,1.025,0.813
1842830,A1,1.410,-81.1,1.035,0.823
1842950,A3,2.500,-82.7,1.035,0.790
1842970,A2,2.000,-84.3,1.028,0.790
1842980,A1,1.390,-81.0,1.018,0.780
1843100,A3,2.450,-81.9,1.018,0.822
1843120,A2,1.980,-83.6,1.032,0.822
1843130,A1,1.420,-80.8,1.048,0.836
1843250,A3,2.480,-81.8,1.048,0.811
1843270,A2,2.000,-83.9,1.033,0.811
1843280,A1,1.420,-80.4,1.033,0.811
1843400,A3,2.470,-81.6,1.033,0.819
1843420,A2,2.000,-83.6,1.033,0.819
1843430,A1,1.390,-81.1,1.018,0.805
1843550,A3,2.470,-81.2,1.018,0.805
1843570,A2,1.980,-83.7,1.032,0.805
1843580,A1,1.390,-81.1,1.032,0.805
1843850,A3,2.490,-82.1,1.032,0.789
1843870,A2,1.990,-83.6,1.025,0.789
1843880,A1,1.410,-81.3,1.035,0.798
1844000,A3,2.460,-81.6,1.035,0.823
1844020,A2,1.990,-83.9,1.035,0.823
1844030,A1,1.380,-80.9,1.020,0.809
1844150,A3,2.480,-81.3,1.020,0.792
1844170,A2,1.980,-83.8,1.027,0.792
1844180,A1,1.400,-80.8,1.037,0.802
1844300,A3,2.500,-81.5,1.037,0.785
1844320,A2,2.000,-84.0,1.023,0.785
1844330,A1,1.400,-80.8,1.023,0.785
1844450,A3,2.460,-80.9,1.023,0.818
1844470,A2,2.020,-83.8,1.009,0.818
1844480,A1,1.400,-80.8,1.009,0.818
1844620,A2,2.020,-83.4,1.009,0.818
1844630,A1,1.410,-81.0,1.014,0.823
1844770,A2,2.000,-83.9,1.028,0.823
1844780,A1,1.400,-81.2,1.023,0.818
1844900,A3,2.470,-81.2,1.023,0.810
1844920,A2,1.980,-84.1,1.037,0.810
1844930,A1,1.380,-81.0,1.027,0.801
1845050,A3,2.440,-81.6,1.027,0.825
1845070,A2,1.990,-84.3,1.020,0.825
1845080,A1,1.400,-81.4,1.030,0.834
1845200,A3,2.480,-81.4,1.030,0.802
1845220,A2,2.010,-84.0,1.016,0.802
1845230,A1,1.400,-81.1,1.016,0.802
1845350,A3,2.520,-80.7,1.016,0.768
1845370,A2,1.980,-84.2,1.037,0.768
1845380,A1,1.410,-81.0,1.042,0.773
1845500,A3,2.510,-81.2,1.042,0.781
1845520,A2,2.000,-84.3,1.028,0.781
1845530,A1,1.400,-81.0,1.023,0.777
1845650,A3,2.480,-80.8,1.023,0.802
1845670,A2,2.000,-84.1,1.023,0.802
1845680,A1,1.410,-80.9,1.028,0.806
1845800,A3,2.490,-81.5,1.028,0.798
1845820,A2,1.980,-84.4,1.042,0.798
1845830,A1,1.410,-80.7,1.042,0.798
1845950,A3,2.480,-81.8,1.042,0.806
1845970,A2,2.010,-83.9,1.021,0.806
1845980,A1,1.410,-80.7,1.021,0.806
1846100,A3,2.470,-81.7,1.021,0.815
1846120,A2,1.990,-83.5,1.035,0.815
1846130,A1,1.400,-80.6,1.030,0.810
1846250,A3,2.490,-81.7,1.030,0.793
1846270,A2,2.000,-83.5,1.023,0.793
1846280,A1,1.410,-80.7,1.028,0.798
1846400,A3,2.460,-82.2,1.028,0.823
1846420,A2,2.000,-83.9,1.028,0.823
1846430,A1,1.420,-80.8,1.033,0.827
1846550,A3,2.480,-82.2,1.033,0.811
1846570,A2,1.980,-83.5,1.048,0.811
1846580,A1,1.410,-80.8,1.042,0.806
1846700,A3,2.480,-82.0,1.042,0.806
1846720,A2,2.000,-84.2,1.028,0.806
1846730,A1,1.440,-80.8,1.044,0.821
1847000,A3,2.460,-81.6,1.044,0.837
1847020,A2,2.000,-83.5,1.044,0.837
1847030,A1,1.420,-80.7,1.033,0.827
1847150,A3,2.500,-81.0,1.033,0.794
1847170,A2,2.010,-83.4,1.026,0.794
1847180,A1,1.400,-80.9,1.016,0.785
1847320,A2,2.000,-84.0,1.023,0.785
1847330,A1,1.410,-80.8,1.028,0.790
1847470,A2,2.000,-84.0,1.028,0.790
1847480,A1,1.430,-81.0,1.038,0.799
1847600,A3,2.470,-81.0,1.038,0.824
1847620,A2,1.980,-83.8,1.053,0.824
1847630,A1,1.430,-81.2,1.053,0.824
1847750,A3,2.450,-81.7,1.053,0.840
1847770,A2,2.000,-83.8,1.038,0.840
1847780,A1,1.400,-80.8,1.023,0.826
1847900,A3,2.480,-81.8,1.023,0.802
1847920,A2,2.000,-83.8,1.023,0.802
1847930,A1,1.440,-80.5,1.044,0.821
1848050,A3,2.450,-81.8,1.044,0.845
1848070,A2,1.980,-83.7,1.058,0.845
1848080,A1,1.430,-81.1,1.053,0.840
1848200,A3,2.470,-81.6,1.053,0.824
1848220,A2,2.000,-84.1,1.038,0.824
1848230,A1,1.410,-80.7,1.028,0.815
1848350,A3,2.470,-81.5,1.028,0.815
1848370,A2,1.970,-83.6,1.050,0.815
1848380,A1,1.380,-81.0,1.035,0.801
1848500,A3,2.490,-81.7,1.035,0.784
1848520,A2,2.000,-83.5,1.013,0.784
1848530,A1,1.440,-80.7,1.044,0.812
1848650,A3,2.490,-81.3,1.044,0.812
1848670,A2,1.980,-84.1,1.058,0.812
1848680,A1,1.400,-80.9,1.037,0.793
1848800,A3,2.490,-81.0,1.037,0.793
1848820,A2,2.010,-83.7,1.016,0.793
1848830,A1,1.410,-80.9,1.021,0.798
1848950,A3,2.480,-81.3,1.021,0.806
1848970,A2,2.000,-83.7,1.028,0.806
1848980,A1,1.410,-80.6,1.028,0.806
1849100,A3,2.470,-81.1,1.028,0.815
1849120,A2,2.000,-83.6,1.028,0.815
1849130,A1,1.410,-80.9,1.028,0.815
1849250,A3,2.500,-81.3,1.028,0.790
1849270,A2,2.020,-83.7,1.014,0.790
1849280,A1,1.400,-80.9,1.009,0.785
1849400,A3,2.490,-81.5,1.009,0.793
1849420,A2,1.990,-83.4,1.030,0.793
1849430,A1,1.400,-80.9,1.030,0.793
1849550,A3,2.500,-81.4,1.030,0.785
1849570,A2,2.000,-84.0,1.023,0.785
1849580,A1,1.410,-80.8,1.028,0.790
1849700,A3,2.470,-81.0,1.028,0.815
1849720,A2,2.010,-84.0,1.021,0.815
1849730,A1,1.420,-81.1,1.026,0.819
1849850,A3,2.500,-81.5,1.026,0.794
1849870,A2,1.990,-83.4,1.040,0.794
1849880,A1,1.410,-80.9,1.035,0.790
1850150,A3,2.470,-81.6,1.035,0.815
1850170,A2,2.000,-83.8,1.028,0.815
1850180,A1,1.410,-80.7,1.028,0.815
1850300,A3,2.490,-82.0,1.028,0.798
1850320,A2,2.000,-84.0,1.028,0.798
1850330,A1,1.400,-81.0,1.023,0.793
1850450,A3,2.480,-81.7,1.023,0.802
1850470,A2,1.990,-83.9,1.030,0.802
1850480,A1,1.410,-81.0,1.035,0.806
1850600,A3,2.490,-81.8,1.035,0.798
1850620,A2,1.980,-84.1,1.042,0.798
1850630,A1,1.410,-80.6,1.042,0.798
1850750,A3,2.460,-81.4,1.042,0.823
1850780,A1,1.410,-80.9,1.042,0.823
1850930,A1,1.390,-80.7,1.032,0.813
1851050,A3,2.460,-81.8,1.032,0.813
1851070,A2,1.990,-83.7,1.025,0.813
1851080,A1,1.390,-81.0,1.025,0.813
1851200,A3,2.490,-81.4,1.025,0.789
1851220,A2,2.000,-84.3,1.018,0.789
1851230,A1,1.420,-80.9,1.033,0.803
1851350,A3,2.480,-81.7,1.033,0.811
1851370,A2,1.970,-83.6,1.055,0.811
1851380,A1,1.400,-80.7,1.045,0.802
1851500,A3,2.440,-82.1,1.045,0.834
1851520,A2,2.000,-83.8,1.023,0.834
1851530,A1,1.420,-80.6,1.033,0.844
1851650,A3,2.490,-82.2,1.033,0.803
1851670,A2,1.990,-84.4,1.040,0.803
1851680,A1,1.400,-81.0,1.030,0.793
1851800,A3,2.480,-81.5,1.030,0.802
1851820,A2,1.980,-83.9,1.037,0.802
1851830,A1,1.420,-81.2,1.048,0.811
1851950,A3,2.490,-81.8,1.048,0.803
1851970,A2,1.990,-84.1,1.040,0.803
1851980,A1,1.410,-81.0,1.035,0.798
1852100,A3,2.460,-81.7,1.035,0.823
1852120,A2,2.010,-83.8,1.021,0.823
1852130,A1,1.400,-80.9,1.016,0.818
1852250,A3,2.450,-81.7,1.016,0.826
1852270,A2,2.000,-84.3,1.023,0.826
1852280,A1,1.380,-81.0,1.013,0.817
1852400,A3,2.500,-81.4,1.013,0.776
1852420,A2,1.980,-84.3,1.027,0.776
1852430,A1,1.390,-81.0,1.032,0.780
1852550,A3,2.490,-82.2,1.032,0.789
1852570,A2,1.990,-84.2,1.025,0.789
1852580,A1,1.410,-80.7,1.035,0.798
1852700,A3,2.490,-81.2,1.035,0.798
1852720,A2,2.000,-83.5,1.028,0.798
1852730,A1,1.410,-80.8,1.028,0.798
1852850,A3,2.490,-81.9,1.028,0.798
1852870,A2,2.000,-84.1,1.028,0.798
1852880,A1,1.390,-80.9,1.018,0.789
1853000,A3,2.500,-81.9,1.018,0.780
1853020,A2,2.000,-84.0,1.018,0.780
1853030,A1,1.400,-81.0,1.023,0.785
1853300,A3,2.480,-81.9,1.023,0.802
1853320,A2,1.990,-83.8,1.030,0.802
1853330,A1,1.390,-80.8,1.025,0.797
1853450,A3,2.490,-81.5,1.025,0.789
1853470,A2,2.010,-84.3,1.011,0.789
1853480,A1,1.410,-80.9,1.021,0.798
1853600,A3,2.480,-81.9,1.021,0.806
1853620,A2,1.990,-84.4,1.035,0.806
1853630,A1,1.400,-80.7,1.030,0.802
1853750,A3,2.460,-81.9,1.030,0.818
1853770,A2,2.000,-84.5,1.023,0.818
1853780,A1,1.400,-80.8,1.023,0.818
1853900,A3,2.470,-81.9,1.023,0.810
1853920,A2,1.990,-83.6,1.030,0.810
1853930,A1,1.410,-80.8,1.035,0.815
1854050,A3,2.460,-81.8,1.035,0.823
1854070,A2,2.010,-84.2,1.021,0.823
1854080,A1,1.400,-80.9,1.016,0.818
1854200,A3,2.490,-81.6,1.016,0.793
1854220,A2,2.020,-84.3,1.009,0.793
1854230,A1,1.390,-81.1,1.004,0.789
1854350,A3,2.490,-81.7,1.004,0.789
1854370,A2,1.980,-84.1,1.032,0.789
1854380,A1,1.400,-80.8,1.037,0.793
1854500,A3,2.510,-81.5,1.037,0.777
1854530,A1,1.410,-81.1,1.042,0.781
1854680,A1,1.390,-81.1,1.032,0.772
1854800,A3,2.440,-81.3,1.032,0.830
1854820,A2,2.010,-84.0,1.011,0.830
1854830,A1,1.430,-80.8,1.031,0.849
1854950,A3,2.490,-82.2,1.031,0.807
1854970,A2,2.020,-83.7,1.024,0.807
1854980,A1,1.410,-80.8,1.014,0.798
1855250,A3,2.490,-81.5,1.014,0.798
1855270,A2,2.000,-84.0,1.028,0.798
1855280,A1,1.390,-81.3,1.018,0.789
1855400,A3,2.490,-81.8,1.018,0.789
1855420,A2,1.980,-84.1,1.032,0.789
1855430,A1,1.430,-80.6,1.053,0.807
1855550,A3,2.480,-81.5,1.053,0.816
1855570,A2,2.010,-83.9,1.031,0.816
1855580,A1,1.390,-80.9,1.011,0.797
1855700,A3,2.480,-81.2,1.011,0.797
1855720,A2,1.990,-84.2,1.025,0.797
1855730,A1,1.420,-80.6,1.040,0.811
1855850,A3,2.500,-81.2,1.040,0.794
1855870,A2,1.990,-83.8,1.040,0.794
1855880,A1,1.420,-80.8,1.040,0.794
1856000,A3,2.470,-81.6,1.040,0.819
1856020,A2,1.990,-83.4,1.040,0.819
1856030,A1,1.390,-80.6,1.025,0.805
1856150,A3,2.490,-81.1,1.025,0.789
1856170,A2,1.980,-84.1,1.032,0.789
1856180,A1,1.410,-81.1,1.042,0.798
1856450,A3,2.450,-80.9,1.042,0.831
1856470,A2,1.980,-84.3,1.042,0.831
1856480,A1,1.410,-81.1,1.042,0.831
1856600,A3,2.490,-81.3,1.042,0.798
1856620,A2,1.990,-84.2,1.035,0.798
1856630,A1,1.400,-81.1,1.030,0.793
1856750,A3,2.490,-81.5,1.030,0.793
1856770,A2,1.990,-83.6,1.030,0.793
1856780,A1,1.420,-80.7,1.040,0.803
1856900,A3,2.480,-81.5,1.040,0.811
1856920,A2,1.970,-83.9,1.055,0.811
1856930,A1,1.420,-80.7,1.055,0.811
1857070,A2,2.000,-84.3,1.033,0.811
1857080,A1,1.390,-81.1,1.018,0.797
1857220,A2,2.030,-84.1,0.996,0.797
1857230,A1,1.390,-80.8,0.996,0.797
1857350,A3,2.470,-81.3,0.996,0.805
1857370,A2,2.000,-84.3,1.018,0.805
1857380,A1,1.410,-80.9,1.028,0.815
1857500,A3,2.450,-80.9,1.028,0.831
1857520,A2,1.960,-83.4,1.057,0.831
1857530,A1,1.380,-81.0,1.042,0.817
1857650,A3,2.490,-81.3,1.042,0.784
1857670,A2,1.990,-84.3,1.020,0.784
1857680,A1,1.400,-80.8,1.030,0.793
1857800,A3,2.500,-81.8,1.030,0.785
1857820,A2,1.990,-84.0,1.030,0.785
1857830,A1,1.400,-81.1,1.030,0.785
1857950,A3,2.460,-82.0,1.030,0.818
1857970,A2,1.990,-84.1,1.030,0.818
1857980,A1,1.430,-81.2,1.046,0.832
1858100,A3,2.510,-81.2,1.046,0.791
1858120,A2,2.020,-84.3,1.024,0.791
1858130,A1,1.380,-81.1,0.999,0.767
1858250,A3,2.490,-81.6,0.999,0.784
1858270,A2,2.010,-84.2,1.006,0.784
1858280,A1,1.410,-80.9,1.021,0.798
1858400,A3,2.450,-81.3,1.021,0.831
1858420,A2,1.990,-83.8,1.035,0.831
1858430,A1,1.400,-80.7,1.030,0.826
1858550,A3,2.490,-81.5,1.030,0.793
1858570,A2,1.990,-84.0,1.030,0.793
1858580,A1,1.410,-81.2,1.035,0.798
1858700,A3,2.490,-81.6,1.035,0.798
1858720,A2,1.990,-84.5,1.035,0.798
1858730,A1,1.410,-80.7,1.035,0.798
1858850,A3,2.460,-81.7,1.035,0.823
1858870,A2,1.980,-83.7,1.042,0.823
1858880,A1,1.400,-80.8,1.037,0.818
1859000,A3,2.490,-81.9,1.037,0.793
1859020,A2,2.010,-83.9,1.016,0.793
1859030,A1,1.400,-81.1,1.016,0.793
1859150,A3,2.450,-82.0,1.016,0.826
1859170,A2,2.000,-83.9,1.023,0.826
1859180,A1,1.420,-81.2,1.033,0.836
1859300,A3,2.470,-81.9,1.033,0.819
1859320,A2,2.000,-84.4,1.033,0.819
1859330,A1,1.410,-81.2,1.028,0.815
1859600,A3,2.450,-81.6,1.028,0.831
1859620,A2,2.000,-84.4,1.028,0.831
1859630,A1,1.390,-81.3,1.018,0.822
1859750,A3,2.490,-81.6,1.018,0.789
1859770,A2,2.010,-83.8,1.011,0.789
1859780,A1,1.390,-81.1,1.011,0.789
1859900,A3,2.490,-81.3,1.011,0.789
1859920,A2,1.990,-83.9,1.025,0.789
1859930,A1,1.400,-81.1,1.030,0.793
1860050,A3,2.490,-81.4,1.030,0.793
1860070,A2,2.010,-84.4,1.016,0.793
1860080,A1,1.410,-81.0,1.021,0.798
1860200,A3,2.470,-81.3,1.021,0.815
1860220,A2,2.010,-84.3,1.021,0.815
1860230,A1,1.420,-80.9,1.026,0.819
1860350,A3,2.520,-81.7,1.026,0.778
1860370,A2,2.020,-84.2,1.019,0.778
1860380,A1,1.390,-80.7,1.004,0.764
1860500,A3,2.460,-81.3,1.004,0.813
1860520,A2,2.010,-84.2,1.011,0.813
1860800,A3,2.460,-81.4,1.011,0.813
1860820,A2,1.980,-84.2,1.032,0.813
1860830,A1,1.400,-81.0,1.037,0.818
1860950,A3,2.500,-81.5,1.037,0.785
1860970,A2,2.020,-83.7,1.009,0.785
1860980,A1,1.390,-80.8,1.004,0.780
1861100,A3,2.480,-81.3,1.004,0.797
1861120,A2,1.970,-83.5,1.039,0.797
1861130,A1,1.410,-80.7,1.050,0.806
1861250,A3,2.490,-81.5,1.050,0.798
1861270,A2,2.000,-84.3,1.028,0.798
1861280,A1,1.390,-81.0,1.018,0.789
1861400,A3,2.460,-81.6,1.018,0.813
1861420,A2,1.990,-83.7,1.025,0.813
1861430,A1,1.390,-80.8,1.025,0.813
1861550,A3,2.480,-81.3,1.025,0.797
1861570,A2,1.990,-83.9,1.025,0.797
1861580,A1,1.400,-81.3,1.030,0.802
1861700,A3,2.480,-81.5,1.030,0.802
1861720,A2,1.980,-83.8,1.037,0.802
1861730,A1,1.390,-81.0,1.032,0.797
1861850,A3,2.500,-80.8,1.032,0.780
1861870,A2,1.990,-83.9,1.025,0.780
1861880,A1,1.380,-81.0,1.020,0.776
1862000,A3,2.480,-81.1,1.020,0.792
1862020,A2,2.020,-84.0,0.999,0.792
1862030,A1,1.380,-80.9,0.999,0.792
1862150,A3,2.470,-81.1,0.999,0.801
1862170,A2,2.010,-84.0,1.006,0.801
1862180,A1,1.390,-81.3,1.011,0.805
1862300,A3,2.490,-81.5,1.011,0.789
1862320,A2,1.990,-83.9,1.025,0.789
1862330,A1,1.400,-80.7,1.030,0.793
1862450,A3,2.480,-81.4,1.030,0.802
1862470,A2,1.990,-84.5,1.030,0.802
1862480,A1,1.400,-81.2,1.030,0.802
1862750,A3,2.460,-81.5,1.030,0.818
1862770,A2,2.010,-83.6,1.016,0.818
1862780,A1,1.400,-81.2,1.016,0.818
1862900,A3,2.480,-81.7,1.016,0.802
1862920,A2,2.000,-84.3,1.023,0.802
1862930,A1,1.400,-80.8,1.023,0.802
1863050,A3,2.480,-81.5,1.023,0.802
1863070,A2,1.980,-83.5,1.037,0.802
1863080,A1,1.400,-81.0,1.037,0.802
1863200,A3,2.480,-81.3,1.037,0.802
1863220,A2,2.000,-83.9,1.023,0.802
1863230,A1,1.400,-81.2,1.023,0.802
1863500,A3,2.510,-81.2,1.023,0.777
1863520,A2,2.010,-84.2,1.016,0.777
1863530,A1,1.380,-81.1,1.006,0.767
1863650,A3,2.480,-81.5,1.006,0.792
1863670,A2,1.980,-83.7,1.027,0.792
1863680,A1,1.400,-81.2,1.037,0.802
1863800,A3,2.470,-81.3,1.037,0.810
1863820,A2,1.990,-84.0,1.030,0.810
1863830,A1,1.400,-81.0,1.030,0.810
1863950,A3,2.480,-81.7,1.030,0.802
1863970,A2,1.990,-84.4,1.030,0.802
1863980,A1,1.390,-81.0,1.025,0.797
1864100,A3,2.510,-81.2,1.025,0.772
1864120,A2,2.020,-84.3,1.004,0.772
1864130,A1,1.430,-80.5,1.024,0.791
1864250,A3,2.470,-82.0,1.024,0.824
1864270,A2,1.990,-84.0,1.046,0.824
1864280,A1,1.400,-81.0,1.030,0.810
1864400,A3,2.480,-81.7,1.030,0.802
1864420,A2,2.000,-84.0,1.023,0.802
1864430,A1,1.410,-80.7,1.028,0.806
1864550,A3,2.480,-81.7,1.028,0.806
1864570,A2,1.990,-84.4,1.035,0.806
1864580,A1,1.370,-80.8,1.015,0.788
1864700,A3,2.460,-81.9,1.015,0.804
1864720,A2,1.980,-84.2,1.022,0.804
1864730,A1,1.420,-81.0,1.048,0.827
1864850,A3,2.490,-81.0,1.048,0.803
1864870,A2,2.000,-84.2,1.033,0.803
1864880,A1,1.420,-80.5,1.033,0.803
1865000,A3,2.480,-81.6,1.033,0.811
1865020,A2,2.020,-84.1,1.019,0.811
1865030,A1,1.400,-81.2,1.009,0.802
1865150,A3,2.510,-81.5,1.009,0.777
1865170,A2,2.000,-84.4,1.023,0.777
1865180,A1,1.430,-81.0,1.038,0.791
1865300,A3,2.470,-80.8,1.038,0.824
1865320,A2,1.980,-84.2,1.053,0.824
1865330,A1,1.410,-80.8,1.042,0.815
1865450,A3,2.440,-81.4,1.042,0.839
1865470,A2,1.990,-84.1,1.035,0.839
1865480,A1,1.410,-81.1,1.035,0.839
1865600,A3,2.460,-83.0,1.035,0.823
1865620,A2,2.000,-84.4,1.028,0.823
1865630,A1,1.440,-81.6,1.044,0.837
1865900,A3,2.490,-81.8,1.044,0.812
1865920,A2,2.000,-83.9,1.044,0.812
1865930,A1,1.410,-80.9,1.028,0.798
1866050,A3,2.470,-82.1,1.028,0.815
1866070,A2,2.010,-84.1,1.021,0.815
1866080,A1,1.430,-80.8,1.031,0.824
1866200,A3,2.460,-82.2,1.031,0.832
1866220,A2,2.010,-83.8,1.031,0.832
1866230,A1,1.410,-81.2,1.021,0.823
1866350,A3,2.470,-82.0,1.021,0.815
1866370,A2,2.000,-83.4,1.028,0.815
1866380,A1,1.380,-80.9,1.013,0.801
1866500,A3,2.470,-81.0,1.013,0.801
1866520,A2,1.980,-83.5,1.027,0.801
1866530,A1,1.400,-81.5,1.037,0.810
1866650,A3,2.480,-82.0,1.037,0.802
1866670,A2,2.030,-83.8,1.001,0.802
1866680,A1,1.370,-81.0,0.986,0.788
1866800,A3,2.460,-80.9,0.986,0.804
1866820,A2,2.010,-83.7,1.001,0.804
1866830,A1,1.390,-81.0,1.011,0.813
1866950,A3,2.460,-82.0,1.011,0.813
1866970,A2,1.990,-83.6,1.025,0.813
1866980,A1,1.410,-81.0,1.035,0.823
1867100,A3,2.490,-81.1,1.035,0.798
1867120,A2,2.000,-83.6,1.028,0.798
1867130,A1,1.410,-80.9,1.028,0.798
1867250,A3,2.450,-83.2,1.028,0.831
1867270,A2,2.010,-84.5,1.021,0.831
1867280,A1,1.370,-81.1,1.001,0.812
1867400,A3,2.470,-81.5,1.001,0.796
1867420,A2,1.990,-84.0,1.015,0.796
1867430,A1,1.400,-81.1,1.030,0.810
1867550,A3,2.470,-81.9,1.030,0.810
1867570,A2,2.000,-83.6,1.023,0.810
1867580,A1,1.370,-81.0,1.008,0.796
1867700,A3,2.460,-81.3,1.008,0.804
1867720,A2,2.010,-83.8,1.001,0.804
1867730,A1,1.390,-80.9,1.011,0.813
1867850,A3,2.460,-82.1,1.011,0.813
1867870,A2,1.990,-84.2,1.025,0.813
1867880,A1,1.400,-81.0,1.030,0.818
1868000,A3,2.480,-82.5,1.030,0.802
1868020,A2,2.010,-83.9,1.016,0.802
1868030,A1,1.380,-81.0,1.006,0.792
1868170,A2,1.990,-84.0,1.020,0.792
1868180,A1,1.380,-81.4,1.020,0.792
1868320,A2,2.000,-83.4,1.013,0.792
1868330,A1,1.390,-81.1,1.018,0.797
1868450,A3,2.480,-80.7,1.018,0.797
1868470,A2,1.980,-84.4,1.032,0.797
1868480,A1,1.400,-81.4,1.037,0.802
1868600,A3,2.500,-81.6,1.037,0.785
1868620,A2,2.000,-84.2,1.023,0.785
1868630,A1,1.380,-81.0,1.013,0.776
1868750,A3,2.470,-81.3,1.013,0.801
1868770,A2,2.000,-83.6,1.013,0.801
1868780,A1,1.400,-81.5,1.023,0.810
1869050,A3,2.480,-82.1,1.023,0.802
1869070,A2,2.000,-83.9,1.023,0.802
1869080,A1,1.400,-80.9,1.023,0.802
1869200,A3,2.460,-82.7,1.023,0.818
1869220,A2,2.020,-83.4,1.009,0.818
1869230,A1,1.390,-81.0,1.004,0.813
1869350,A3,2.460,-82.8,1.004,0.813
1869370,A2,2.010,-83.3,1.011,0.813
1869380,A1,1.390,-81.0,1.011,0.813
1869500,A3,2.480,-81.5,1.011,0.797
1869520,A2,1.980,-83.7,1.032,0.797
1869530,A1,1.380,-81.7,1.027,0.792
1869650,A3,2.480,-81.8,1.027,0.792
1869670,A2,2.000,-83.4,1.013,0.792
1869680,A1,1.390,-81.2,1.018,0.797
1869800,A3,2.480,-81.4,1.018,0.797
1869820,A2,2.020,-83.9,1.004,0.797
1869830,A1,1.380,-81.2,0.999,0.792
1869950,A3,2.490,-81.4,0.999,0.784
1869970,A2,2.010,-83.5,1.006,0.784
1869980,A1,1.390,-81.2,1.011,0.789
1870100,A3,2.500,-82.2,1.011,0.780
1870120,A2,2.020,-83.8,1.004,0.780
1870130,A1,1.410,-81.1,1.014,0.790
1870250,A3,2.470,-82.1,1.014,0.815
1870270,A2,2.000,-82.9,1.028,0.815
1870280,A1,1.430,-81.1,1.038,0.824
1870400,A3,2.470,-81.9,1.038,0.824
1870420,A2,2.010,-83.5,1.031,0.824
1870430,A1,1.430,-80.9,1.031,0.824
1870550,A3,2.500,-81.4,1.031,0.799
1870570,A2,2.020,-83.3,1.024,0.799
1870580,A1,1.420,-80.6,1.019,0.794
1870700,A3,2.480,-81.9,1.019,0.811
1870720,A2,2.030,-83.1,1.011,0.811
1870730,A1,1.400,-80.7,1.001,0.802
1870850,A3,2.480,-81.8,1.001,0.802
1870870,A2,1.990,-83.9,1.030,0.802
1870880,A1,1.400,-80.9,1.030,0.802
1871000,A3,2.450,-82.4,1.030,0.826
1871020,A2,2.010,-83.7,1.016,0.826
1871030,A1,1.370,-81.0,1.001,0.812
1871150,A3,2.470,-83.2,1.001,0.796
1871170,A2,2.000,-83.6,1.008,0.796
1871180,A1,1.410,-80.6,1.028,0.815
1871300,A3,2.460,-82.4,1.028,0.823
1871320,A2,2.030,-83.9,1.006,0.823
1871330,A1,1.390,-81.1,0.996,0.813
1871450,A3,2.440,-80.4,0.996,0.830
1871470,A2,2.000,-84.1,1.018,0.830
1871750,A3,2.510,-82.3,1.018,0.772
1871770,A2,1.990,-84.0,1.025,0.772
1871780,A1,1.390,-81.1,1.025,0.772
1871900,A3,2.500,-81.6,1.025,0.780
1871920,A2,2.000,-83.8,1.018,0.780
1871930,A1,1.400,-80.6,1.023,0.785
1872200,A3,2.490,-80.8,1.023,0.793
1872220,A2,2.030,-84.3,1.001,0.793
1872230,A1,1.420,-81.0,1.011,0.803
1872350,A3,2.480,-81.1,1.011,0.811
1872370,A2,1.990,-83.2,1.040,0.811
1872380,A1,1.420,-81.0,1.040,0.811
1872500,A3,2.460,-81.2,1.040,0.827
1872520,A2,1.980,-84.1,1.048,0.827
1872530,A1,1.390,-80.9,1.032,0.813
1872650,A3,2.510,-81.6,1.032,0.772
1872670,A2,2.000,-83.7,1.018,0.772
1872680,A1,1.390,-80.9,1.018,0.772
1872800,A3,2.480,-82.0,1.018,0.797
1872820,A2,2.000,-83.8,1.018,0.797
1872830,A1,1.390,-81.5,1.018,0.797
1872950,A3,2.470,-82.3,1.018,0.805
1872970,A2,2.000,-84.2,1.018,0.805
1872980,A1,1.370,-81.4,1.008,0.796
1873100,A3,2.470,-81.9,1.008,0.796
1873120,A2,1.970,-84.0,1.030,0.796
1873130,A1,1.370,-81.0,1.030,0.796
1873250,A3,2.470,-82.1,1.030,0.796
1873270,A2,1.990,-83.8,1.015,0.796
1873280,A1,1.380,-80.8,1.020,0.801
1873400,A3,2.490,-82.0,1.020,0.784
1873420,A2,2.010,-83.9,1.006,0.784
1873430,A1,1.390,-80.9,1.011,0.789
1873550,A3,2.480,-81.6,1.011,0.797
1873570,A2,1.990,-84.2,1.025,0.797
1873580,A1,1.400,-80.6,1.030,0.802
1873700,A3,2.470,-81.9,1.030,0.810
1873720,A2,2.010,-83.6,1.016,0.810
1873730,A1,1.390,-80.8,1.011,0.805
1873850,A3,2.480,-81.7,1.011,0.797
1873870,A2,2.010,-83.9,1.011,0.797
1873880,A1,1.420,-80.4,1.026,0.811
1874000,A3,2.490,-81.5,1.026,0.803
1874020,A2,1.990,-84.2,1.040,0.803
1874030,A1,1.390,-80.7,1.025,0.789
1874150,A3,2.500,-81.5,1.025,0.780
1874170,A2,2.000,-83.8,1.018,0.780
1874180,A1,1.400,-81.3,1.023,0.785
1874300,A3,2.460,-81.8,1.023,0.818
1874320,A2,1.980,-83.7,1.037,0.818
1874330,A1,1.400,-81.0,1.037,0.818
1874450,A3,2.440,-81.7,1.037,0.834
1874470,A2,2.010,-84.3,1.016,0.834
1874480,A1,1.400,-81.2,1.016,0.834
1874600,A3,2.470,-82.7,1.016,0.810
1874620,A2,1.980,-84.5,1.037,0.810
1874630,A1,1.380,-81.1,1.027,0.801
1874750,A3,2.480,-81.8,1.027,0.792
1874770,A2,2.000,-84.0,1.013,0.792
1874780,A1,1.400,-81.1,1.023,0.802
1874900,A3,2.470,-81.9,1.023,0.810
1874920,A2,2.010,-84.1,1.016,0.810
1874930,A1,1.400,-81.2,1.016,0.810
1875050,A3,2.460,-82.3,1.016,0.818
1875070,A2,1.980,-84.7,1.037,0.818
1875080,A1,1.380,-81.1,1.027,0.809
1875350,A3,2.480,-81.7,1.027,0.792
1875370,A2,2.000,-84.0,1.013,0.792
1875380,A1,1.440,-80.8,1.044,0.821
1875500,A3,2.490,-82.2,1.044,0.812
1875520,A2,2.000,-83.5,1.044,0.812
1875530,A1,1.400,-81.2,1.023,0.793
1875650,A3,2.480,-81.7,1.023,0.802
1875670,A2,1.950,-84.2,1.059,0.802
1875680,A1,1.410,-81.0,1.064,0.806
1875800,A3,2.500,-81.3,1.064,0.790
1875820,A2,1.990,-84.0,1.035,0.790
1875830,A1,1.420,-81.1,1.040,0.794
1875950,A3,2.480,-80.9,1.040,0.811
1875970,A2,1.990,-84.2,1.040,0.811
1875980,A1,1.420,-80.9,1.040,0.811
1876100,A3,2.500,-81.0,1.040,0.794
1876120,A2,2.010,-84.5,1.026,0.794
1876130,A1,1.390,-81.2,1.011,0.780
1876250,A3,2.490,-83.3,1.011,0.789
1876270,A2,2.010,-83.8,1.011,0.789
1876280,A1,1.410,-81.1,1.021,0.798
1876400,A3,2.480,-81.2,1.021,0.806
1876420,A2,1.980,-83.6,1.042,0.806
1876430,A1,1.400,-80.6,1.037,0.802
1876550,A3,2.500,-81.3,1.037,0.785
1876570,A2,1.980,-84.0,1.037,0.785
1876580,A1,1.400,-80.9,1.037,0.785
1876700,A3,2.490,-82.1,1.037,0.793
1876720,A2,2.020,-83.9,1.009,0.793
1876730,A1,1.390,-80.5,1.004,0.789
1876850,A3,2.480,-81.6,1.004,0.797
1876870,A2,1.980,-83.9,1.032,0.797
1876880,A1,1.420,-80.7,1.048,0.811
1877000,A3,2.460,-81.7,1.048,0.827
1877020,A2,1.960,-83.8,1.062,0.827
1877030,A1,1.400,-81.1,1.052,0.818
1877150,A3,2.490,-81.5,1.052,0.793
1877170,A2,1.990,-83.9,1.030,0.793
1877180,A1,1.450,-80.8,1.056,0.817
1877300,A3,2.470,-81.8,1.056,0.834
1877320,A2,2.020,-84.0,1.034,0.834
1877330,A1,1.430,-80.7,1.024,0.824
1877450,A3,2.470,-81.8,1.024,0.824
1877470,A2,2.000,-83.9,1.038,0.824
1877480,A1,1.410,-80.9,1.028,0.815
1877600,A3,2.480,-81.7,1.028,0.806
1877620,A2,1.980,-84.2,1.042,0.806
1877630,A1,1.450,-80.5,1.063,0.825
1877750,A3,2.490,-81.1,1.063,0.817
1877770,A2,2.000,-83.9,1.049,0.817
1877780,A1,1.410,-80.8,1.028,0.798
1877900,A3,2.510,-81.1,1.028,0.781
1877920,A2,1.990,-83.4,1.035,0.781
1877930,A1,1.380,-81.2,1.020,0.767
1878050,A3,2.480,-81.2,1.020,0.792
1878070,A2,1.990,-83.1,1.020,0.792
1878080,A1,1.400,-80.3,1.030,0.802
1878200,A3,2.500,-81.4,1.030,0.785
1878220,A2,1.980,-83.1,1.037,0.785
1878230,A1,1.420,-80.3,1.048,0.794
1878500,A3,2.480,-82.1,1.048,0.811
1878520,A2,2.000,-84.3,1.033,0.811
1878530,A1,1.400,-80.5,1.023,0.802
1878650,A3,2.490,-81.6,1.023,0.793
1878670,A2,2.000,-83.8,1.023,0.793
1878680,A1,1.450,-80.1,1.049,0.817
1878800,A3,2.480,-81.8,1.049,0.825
1878820,A2,2.000,-84.1,1.049,0.825
1878830,A1,1.420,-80.6,1.033,0.811
1878950,A3,2.490,-81.9,1.033,0.803
1878970,A2,2.040,-84.1,1.004,0.803
1878980,A1,1.430,-80.4,1.009,0.807
1879100,A3,2.460,-82.5,1.009,0.832
1879120,A2,2.000,-84.0,1.038,0.832
1879130,A1,1.440,-80.7,1.044,0.837
1879250,A3,2.470,-82.0,1.044,0.829
1879270,A2,1.980,-84.2,1.058,0.829
1879280,A1,1.430,-80.4,1.053,0.824
1879400,A3,2.490,-82.4,1.053,0.807
1879420,A2,1.980,-83.7,1.053,0.807
1879430,A1,1.420,-80.5,1.048,0.803
1879550,A3,2.460,-83.1,1.048,0.827
1879570,A2,1.980,-83.5,1.048,0.827
1879580,A1,1.410,-80.8,1.042,0.823
1879700,A3,2.460,-82.7,1.042,0.823
1879720,A2,1.990,-84.2,1.035,0.823
1879730,A1,1.430,-80.7,1.046,0.832
1879850,A3,2.430,-82.3,1.046,0.857
1879870,A2,2.020,-83.5,1.024,0.857
1879880,A1,1.390,-80.8,1.004,0.838
1880000,A3,2.470,-82.4,1.004,0.805
1880020,A2,2.010,-84.0,1.011,0.805
1880030,A1,1.410,-80.6,1.021,0.815
1880150,A3,2.470,-82.7,1.021,0.815
1880170,A2,2.000,-84.3,1.028,0.815
1880180,A1,1.430,-80.5,1.038,0.824
1880300,A3,2.490,-82.0,1.038,0.807
1880320,A2,2.010,-84.0,1.031,0.807
1880330,A1,1.410,-80.9,1.021,0.798
1880450,A3,2.480,-82.4,1.021,0.806
1880470,A2,1.980,-84.4,1.042,0.806
1880480,A1,1.430,-80.7,1.053,0.816
1880600,A3,2.470,-82.3,1.053,0.824
1880620,A2,1.980,-84.2,1.053,0.824
1880630,A1,1.420,-80.3,1.048,0.819
1880750,A3,2.470,-82.7,1.048,0.819
1880770,A2,2.010,-83.9,1.026,0.819
1880780,A1,1.420,-80.7,1.026,0.819
1880900,A3,2.480,-82.2,1.026,0.811
1880920,A2,2.010,-84.2,1.026,0.811
1880930,A1,1.400,-81.0,1.016,0.802
1881050,A3,2.470,-82.8,1.016,0.810
1881070,A2,2.000,-83.7,1.023,0.810
1881080,A1,1.430,-80.9,1.038,0.824
1881200,A3,2.470,-82.6,1.038,0.824
1881220,A2,1.990,-84.1,1.046,0.824
1881230,A1,1.410,-80.8,1.035,0.815
1881350,A3,2.460,-82.6,1.035,0.823
1881370,A2,2.020,-83.5,1.014,0.823
1881380,A1,1.420,-80.8,1.019,0.827
1881650,A3,2.470,-82.4,1.019,0.819
1881670,A2,1.990,-83.9,1.040,0.819
1881680,A1,1.420,-80.5,1.040,0.819
1881800,A3,2.500,-82.9,1.040,0.794
1881820,A2,1.990,-84.1,1.040,0.794
1881830,A1,1.450,-80.2,1.056,0.809
1881950,A3,2.480,-82.3,1.056,0.825
1881970,A2,2.030,-83.7,1.027,0.825
1881980,A1,1.410,-80.7,1.006,0.806
1882100,A3,2.480,-82.6,1.006,0.806
1882120,A2,2.020,-83.7,1.014,0.806
1882130,A1,1.410,-80.6,1.014,0.806
1882250,A3,2.480,-82.2,1.014,0.806
1882270,A2,2.000,-83.7,1.028,0.806
1882280,A1,1.420,-80.8,1.033,0.811
1882400,A3,2.450,-82.8,1.033,0.836
1882420,A2,2.020,-84.1,1.019,0.836
1882430,A1,1.420,-81.1,1.019,0.836
1882550,A3,2.460,-82.9,1.019,0.827
1882570,A2,2.000,-83.6,1.033,0.827
1882850,A3,2.470,-82.1,1.033,0.819
1882870,A2,1.990,-84.4,1.040,0.819
1882880,A1,1.420,-80.4,1.040,0.819
1883000,A3,2.460,-82.4,1.040,0.827
1883020,A2,2.000,-84.3,1.033,0.827
1883030,A1,1.440,-81.0,1.044,0.837
1883150,A3,2.480,-83.1,1.044,0.821
1883170,A2,2.030,-84.1,1.022,0.821
1883180,A1,1.420,-80.4,1.011,0.811
1883300,A3,2.460,-82.5,1.011,0.827
1883320,A2,2.010,-84.3,1.026,0.827
1883330,A1,1.420,-80.8,1.026,0.827
1883450,A3,2.440,-82.2,1.026,0.844
1883470,A2,2.000,-84.1,1.033,0.844
1883480,A1,1.410,-81.1,1.028,0.839
1883600,A3,2.470,-82.3,1.028,0.815
1883620,A2,2.000,-83.5,1.028,0.815
1883630,A1,1.430,-80.5,1.038,0.824
1883750,A3,2.500,-82.2,1.038,0.799
1883770,A2,2.000,-83.5,1.038,0.799
1883780,A1,1.390,-80.3,1.018,0.780
1883900,A3,2.490,-81.8,1.018,0.789
1883920,A2,1.980,-83.9,1.032,0.789
1883930,A1,1.420,-81.1,1.048,0.803
1884050,A3,2.460,-82.0,1.048,0.827
1884070,A2,1.990,-84.1,1.040,0.827
1884080,A1,1.410,-80.6,1.035,0.823
1884200,A3,2.460,-82.1,1.035,0.823
1884220,A2,2.000,-84.1,1.028,0.823
1884230,A1,1.430,-80.7,1.038,0.832
1884350,A3,2.480,-81.6,1.038,0.816
1884370,A2,2.010,-83.7,1.031,0.816
1884380,A1,1.420,-80.6,1.026,0.811
1884500,A3,2.490,-82.0,1.026,0.803
1884520,A2,2.000,-84.1,1.033,0.803
1884530,A1,1.410,-80.7,1.028,0.798
1884800,A3,2.470,-81.9,1.028,0.815
1884820,A2,2.010,-83.6,1.021,0.815
1884830,A1,1.410,-80.7,1.021,0.815
1884950,A3,2.490,-82.5,1.021,0.798
1884970,A2,2.000,-84.1,1.028,0.798
1884980,A1,1.420,-80.8,1.033,0.803
1885100,A3,2.450,-82.0,1.033,0.836
1885120,A2,2.000,-83.4,1.033,0.836
1885130,A1,1.420,-80.6,1.033,0.836
1885250,A3,2.470,-81.9,1.033,0.819
1885270,A2,1.990,-83.9,1.040,0.819
1885280,A1,1.410,-80.8,1.035,0.815
1885400,A3,2.460,-82.1,1.035,0.823
1885420,A2,2.040,-84.2,0.999,0.823
1885430,A1,1.390,-80.9,0.989,0.813
1885550,A3,2.470,-82.5,0.989,0.805
1885570,A2,2.000,-84.1,1.018,0.805
1885580,A1,1.400,-80.8,1.023,0.810
1885700,A3,2.500,-82.5,1.023,0.785
1885720,A2,1.990,-83.8,1.030,0.785
1885730,A1,1.430,-80.4,1.046,0.799
1885850,A3,2.490,-82.2,1.046,0.807
1885870,A2,1.990,-83.7,1.046,0.807
1885880,A1,1.420,-80.9,1.040,0.803
1886000,A3,2.470,-82.4,1.040,0.819
1886020,A2,1.990,-83.8,1.040,0.819
1886030,A1,1.450,-80.9,1.056,0.834
1886150,A3,2.450,-82.6,1.056,0.850
1886170,A2,2.020,-84.3,1.034,0.850
1886180,A1,1.390,-81.0,1.004,0.822
1886300,A3,2.460,-82.4,1.004,0.813
1886320,A2,2.020,-83.9,1.004,0.813
1886330,A1,1.410,-81.0,1.014,0.823
1886450,A3,2.470,-82.1,1.014,0.815
1886470,A2,2.010,-83.9,1.021,0.815
1886480,A1,1.440,-80.7,1.036,0.829
1886600,A3,2.500,-82.6,1.036,0.804
1886620,A2,2.000,-84.0,1.044,0.804
1886630,A1,1.420,-80.8,1.033,0.794
1886750,A3,2.490,-82.8,1.033,0.803
1886770,A2,2.000,-83.9,1.033,0.803
1886780,A1,1.420,-80.4,1.033,0.803
1886900,A3,2.480,-83.4,1.033,0.811
1886920,A2,2.010,-84.3,1.026,0.811
1886930,A1,1.370,-81.0,1.001,0.788
1887050,A3,2.470,-82.2,1.001,0.796
1887070,A2,2.000,-84.0,1.008,0.796
1887080,A1,1.410,-80.4,1.028,0.815
1887200,A3,2.450,-82.4,1.028,0.831
1887220,A2,2.000,-84.4,1.028,0.831
1887230,A1,1.420,-80.9,1.033,0.836
1887370,A2,1.990,-83.8,1.040,0.836
1887380,A1,1.410,-81.0,1.035,0.831
1887520,A2,1.990,-83.7,1.035,0.831
1887530,A1,1.440,-80.6,1.051,0.845
1887650,A3,2.480,-81.8,1.051,0.821
1887670,A2,2.000,-83.7,1.044,0.821
1887680,A1,1.430,-80.5,1.038,0.816
1887950,A3,2.490,-81.9,1.038,0.807
1887970,A2,1.990,-83.9,1.046,0.807
1887980,A1,1.400,-81.0,1.030,0.793
1888100,A3,2.470,-81.8,1.030,0.810
1888120,A2,1.990,-84.3,1.030,0.810
1888130,A1,1.410,-80.6,1.035,0.815
1888270,A2,1.990,-83.6,1.035,0.815
1888280,A1,1.410,-80.8,1.035,0.815
1888420,A2,1.990,-84.1,1.035,0.815
1888430,A1,1.410,-80.7,1.035,0.815
1888550,A3,2.450,-82.3,1.035,0.831
1888570,A2,2.020,-84.5,1.014,0.831
1888580,A1,1.390,-80.6,1.004,0.822
1888700,A3,2.460,-82.7,1.004,0.813
1888720,A2,2.030,-84.1,0.996,0.813
1888730,A1,1.410,-80.7,1.006,0.823
1888850,A3,2.480,-82.3,1.006,0.806
1888870,A2,2.020,-83.7,1.014,0.806
1888880,A1,1.430,-81.0,1.024,0.816
1889020,A2,2.000,-84.0,1.038,0.816
1889030,A1,1.420,-80.8,1.033,0.811
1889170,A2,1.990,-84.3,1.040,0.811
1889180,A1,1.420,-80.8,1.040,0.811
1889300,A3,2.460,-82.4,1.040,0.827
1889320,A2,1.980,-83.8,1.048,0.827
1889330,A1,1.430,-81.2,1.053,0.832
1889450,A3,2.490,-82.3,1.053,0.807
1889470,A2,1.990,-84.3,1.046,0.807
1889480,A1,1.420,-80.7,1.040,0.803
1889600,A3,2.460,-82.3,1.040,0.827
1889620,A2,2.000,-83.8,1.033,0.827
1889630,A1,1.450,-80.8,1.049,0.842
1889750,A3,2.480,-82.2,1.049,0.825
1889770,A2,1.980,-83.6,1.063,0.825
1889780,A1,1.410,-80.5,1.042,0.806
1889900,A3,2.450,-81.3,1.042,0.831
1889920,A2,2.010,-83.9,1.021,0.831
1889930,A1,1.440,-80.8,1.036,0.845
1890050,A3,2.460,-81.1,1.036,0.837
1890070,A2,2.020,-83.6,1.029,0.837
1890080,A1,1.420,-80.8,1.019,0.827
1890200,A3,2.510,-80.4,1.019,0.786
1890220,A2,2.010,-83.1,1.026,0.786
1890230,A1,1.410,-80.9,1.021,0.781
1890350,A3,2.490,-81.0,1.021,0.798
1890370,A2,2.000,-83.0,1.028,0.798
1890380,A1,1.410,-80.7,1.028,0.798
1890500,A3,2.490,-80.5,1.028,0.798
1890520,A2,2.020,-84.0,1.014,0.798
1890530,A1,1.430,-80.7,1.024,0.807
1890650,A3,2.480,-80.9,1.024,0.816
1890670,A2,1.980,-83.7,1.053,0.816
1890680,A1,1.410,-80.7,1.042,0.806
1890800,A3,2.500,-80.8,1.042,0.790
1890820,A2,2.010,-83.4,1.021,0.790
1890830,A1,1.410,-81.0,1.021,0.790
1891100,A3,2.520,-80.4,1.021,0.773
1891120,A2,2.020,-83.7,1.014,0.773
1891130,A1,1.400,-80.6,1.009,0.768
1891250,A3,2.510,-80.5,1.009,0.777
1891270,A2,2.020,-83.8,1.009,0.777
1891280,A1,1.360,-81.0,0.989,0.758
1891400,A3,2.500,-80.4,0.989,0.767
1891420,A2,2.000,-83.6,1.003,0.767
1891430,A1,1.400,-81.1,1.023,0.785
