timestamp_ms,anchor,distance_m,rxPower_dBm,x_calculated_m,y_calculated_m
4568720,A3,3.710,-81.5,2.912,0.637
4568740,A1,2.910,-83.6,2.891,0.617
4568750,A2,0.340,-83.3,2.892,0.617
4568870,A3,3.710,-81.9,2.892,0.617
4568890,A1,2.970,-83.2,2.956,0.676
4568900,A2,0.350,-82.6,2.954,0.676
4569020,A3,3.700,-81.1,2.954,0.688
4569040,A1,2.910,-83.3,2.891,0.630
4569050,A2,0.360,-82.9,2.890,0.630
4569170,A3,3.700,-81.3,2.890,0.630
4569190,A1,2.980,-83.7,2.964,0.698
4569200,A2,0.340,-82.7,2.966,0.698
4569320,A3,3.680,-81.7,2.966,0.723
4569340,A1,2.860,-87.4,2.840,0.606
4569350,A2,0.360,-82.9,2.838,0.606
4569470,A3,3.680,-81.4,2.838,0.606
4569490,A1,2.960,-83.4,2.943,0.703
4569500,A2,0.380,-82.4,2.940,0.703
4569620,A3,3.700,-80.9,2.940,0.679
4569640,A1,2.950,-83.6,2.929,0.669
4569650,A2,0.350,-82.7,2.933,0.669
4569770,A3,3.720,-81.4,2.933,0.644
4569790,A1,2.920,-83.6,2.901,0.615
4569800,A2,0.350,-82.1,2.901,0.615
4570070,A3,3.700,-82.1,2.901,0.639
4570090,A1,2.900,-83.9,2.881,0.620
4570100,A2,0.350,-82.1,2.881,0.620
4570220,A3,3.680,-81.9,2.881,0.645
4570240,A1,2.910,-83.4,2.891,0.654
4570250,A2,0.360,-82.9,2.890,0.654
4570390,A1,2.890,-83.6,2.869,0.635
4570400,A2,0.360,-82.0,2.869,0.635
4570540,A1,2.960,-86.6,2.943,0.703
4570550,A2,0.360,-82.1,2.943,0.703
4570670,A3,3.700,-81.6,2.943,0.679
4570690,A1,2.960,-87.3,2.943,0.679
4570700,A2,0.370,-81.9,2.941,0.679
4570820,A3,3.730,-84.8,2.941,0.641
4570840,A1,2.940,-84.8,2.920,0.622
4570850,A2,0.380,-82.9,2.919,0.622
4570970,A3,3.730,-81.8,2.919,0.622
4570990,A1,2.920,-83.3,2.898,0.602
4571000,A2,0.330,-83.0,2.904,0.602
4571120,A3,3.690,-80.7,2.904,0.652
4571140,A1,2.960,-83.2,2.946,0.691
4571150,A2,0.370,-81.9,2.941,0.691
4571270,A3,3.720,-81.8,2.941,0.654
4571290,A1,2.910,-83.7,2.888,0.605
4571300,A2,0.350,-83.1,2.891,0.605
4571420,A3,3.710,-81.6,2.891,0.617
4571440,A1,2.880,-84.0,2.860,0.588
4571450,A2,0.350,-82.7,2.860,0.588
4571570,A3,3.690,-82.3,2.860,0.613
4571590,A1,2.890,-82.8,2.870,0.623
4571600,A2,0.350,-82.2,2.870,0.623
4571720,A3,3.710,-82.7,2.870,0.598
4571740,A1,2.930,-82.9,2.912,0.637
4571750,A2,0.320,-82.6,2.916,0.637
4571870,A3,3.690,-82.4,2.916,0.661
4571890,A1,2.890,-83.1,2.874,0.623
4571900,A2,0.350,-82.8,2.870,0.623
4572020,A3,3.710,-82.0,2.870,0.598
4572040,A1,2.940,-83.2,2.923,0.647
4572050,A2,0.330,-82.2,2.925,0.647
4572170,A3,3.710,-82.1,2.925,0.647
4572190,A1,2.910,-82.8,2.893,0.617
4572200,A2,0.350,-82.3,2.891,0.617
4572320,A3,3.650,-82.9,2.891,0.691
4572340,A1,2.930,-83.7,2.912,0.710
4572350,A2,0.340,-82.5,2.913,0.710
4572470,A3,3.710,-82.5,2.913,0.637
4572490,A1,2.890,-82.7,2.871,0.598
4572500,A2,0.340,-82.2,2.871,0.598
4572620,A3,3.690,-82.2,2.871,0.623
4572640,A1,2.840,-83.2,2.820,0.575
4572650,A2,0.370,-82.4,2.816,0.575
4572770,A3,3.730,-82.7,2.816,0.525
4572790,A1,2.840,-88.1,2.816,0.525
4572800,A2,0.360,-83.3,2.817,0.525
4572920,A3,3.700,-81.8,2.817,0.563
4572940,A1,2.840,-83.7,2.817,0.563
4572950,A2,0.350,-83.2,2.819,0.563
4573220,A3,3.710,-82.6,2.819,0.550
4573240,A1,2.850,-84.9,2.829,0.560
4573250,A2,0.350,-82.4,2.829,0.560
4573370,A3,3.680,-82.2,2.829,0.597
4573390,A1,2.860,-85.0,2.839,0.606
4573400,A2,0.320,-83.0,2.843,0.606
4573520,A3,3.680,-82.8,2.843,0.606
4573540,A1,2.880,-84.9,2.863,0.625
4573550,A2,0.360,-82.0,2.858,0.625
4573670,A3,3.680,-82.5,2.858,0.625
4573690,A1,2.910,-84.7,2.890,0.654
4573700,A2,0.330,-82.1,2.893,0.654
4573820,A3,3.690,-82.0,2.893,0.642
4573840,A1,2.850,-85.1,2.831,0.584
4573850,A2,0.350,-83.2,2.829,0.584
4573970,A3,3.670,-82.4,2.829,0.609
4573990,A1,2.860,-84.4,2.839,0.618
4574000,A2,0.340,-82.6,2.840,0.618
4574120,A3,3.720,-81.3,2.840,0.557
4574140,A1,2.910,-84.8,2.892,0.605
4574150,A2,0.330,-82.2,2.893,0.605
4574270,A3,3.700,-81.4,2.893,0.630
4574290,A1,2.840,-84.5,2.821,0.563
4574300,A2,0.320,-82.6,2.822,0.563
4574420,A3,3.700,-81.9,2.822,0.563
4574440,A1,2.790,-84.1,2.772,0.516
4574450,A2,0.340,-82.8,2.769,0.516
4574570,A3,3.700,-81.7,2.769,0.516
4574590,A1,2.780,-84.2,2.759,0.506
4574600,A2,0.320,-82.9,2.762,0.506
4574720,A3,3.660,-82.5,2.762,0.555
4574740,A1,2.870,-85.3,2.853,0.640
4574750,A2,0.360,-81.9,2.848,0.640
4574870,A3,3.690,-82.5,2.848,0.603
4574890,A1,2.800,-84.1,2.777,0.537
4574900,A2,0.350,-82.0,2.778,0.537
4575020,A3,3.700,-82.3,2.778,0.525
4575040,A1,2.850,-84.4,2.829,0.572
4575050,A2,0.350,-83.1,2.829,0.572
4575170,A3,3.660,-83.3,2.829,0.621
4575190,A1,2.830,-83.9,2.808,0.602
4575200,A2,0.330,-82.5,2.811,0.602
4575320,A3,3.730,-82.0,2.811,0.516
4575340,A1,2.850,-83.7,2.831,0.535
4575350,A2,0.350,-83.2,2.829,0.535
4575470,A3,3.680,-82.2,2.829,0.597
4575490,A1,2.870,-84.2,2.849,0.616
4575500,A2,0.370,-82.5,2.847,0.616
4575620,A3,3.680,-82.2,2.847,0.616
4575640,A1,2.870,-83.8,2.847,0.616
4575650,A2,0.330,-83.3,2.852,0.616
4575770,A3,3.730,-81.5,2.852,0.554
4575790,A1,2.960,-83.3,2.946,0.641
4575800,A2,0.360,-82.5,2.943,0.641
4575920,A3,3.680,-81.5,2.943,0.703
4575940,A1,2.880,-82.5,2.858,0.625
4575950,A2,0.340,-82.7,2.861,0.625
4576070,A3,3.720,-82.2,2.861,0.576
4576090,A1,2.870,-83.0,2.851,0.566
4576100,A2,0.330,-83.2,2.852,0.566
4576370,A3,3.680,-81.6,2.852,0.616
4576390,A1,2.830,-83.9,2.811,0.578
4576400,A2,0.340,-82.8,2.810,0.578
4576520,A3,3.680,-81.6,2.810,0.578
4576540,A1,2.820,-83.9,2.799,0.568
4576550,A2,0.360,-82.6,2.797,0.568
4576670,A3,3.700,-82.9,2.797,0.544
4576690,A1,2.820,-84.4,2.797,0.544
4576700,A2,0.330,-82.1,2.801,0.544
4576820,A3,3.670,-82.2,2.801,0.581
4576840,A1,2.830,-88.2,2.811,0.590
4576850,A2,0.360,-81.9,2.807,0.590
4576970,A3,3.730,-81.6,2.807,0.516
4576990,A1,2.830,-83.4,2.807,0.516
4577000,A2,0.330,-82.4,2.811,0.516
4577120,A3,3.700,-82.1,2.811,0.553
4577140,A1,2.820,-83.3,2.801,0.544
4577150,A2,0.350,-82.6,2.798,0.544
4577270,A3,3.700,-82.0,2.798,0.544
4577290,A1,2.850,-83.2,2.829,0.572
4577300,A2,0.360,-82.7,2.828,0.572
4577420,A3,3.730,-81.9,2.828,0.535
4577440,A1,2.870,-83.9,2.848,0.554
4577450,A2,0.350,-82.8,2.849,0.554
4577570,A3,3.670,-82.3,2.849,0.628
4577590,A1,2.850,-84.2,2.829,0.609
4577600,A2,0.350,-82.8,2.829,0.609
4577720,A3,3.700,-81.5,2.829,0.572
4577740,A1,2.920,-84.9,2.901,0.639
4577750,A2,0.350,-82.5,2.901,0.639
4577870,A3,3.700,-82.8,2.901,0.639
4577890,A1,2.870,-84.2,2.849,0.591
4577900,A2,0.410,-83.6,2.841,0.591
4578020,A3,3.680,-82.2,2.841,0.616
4578040,A1,2.850,-84.2,2.821,0.597
4578050,A2,0.330,-83.0,2.831,0.597
4578170,A3,3.710,-82.6,2.831,0.560
4578200,A2,0.370,-82.5,2.826,0.560
4578350,A2,0.340,-81.9,2.830,0.560
4578470,A3,3.700,-82.3,2.830,0.572
4578490,A1,2.870,-83.9,2.851,0.591
4578500,A2,0.350,-82.2,2.849,0.591
4578620,A3,3.700,-81.3,2.849,0.591
4578640,A1,2.830,-83.7,2.808,0.553
4578650,A2,0.360,-82.7,2.807,0.553
4578770,A3,3.720,-81.4,2.807,0.528
4578790,A1,2.880,-83.3,2.858,0.576
4578800,A2,0.330,-82.2,2.862,0.576
4578920,A3,3.730,-80.7,2.862,0.564
4578940,A1,2.860,-83.5,2.842,0.544
4578950,A2,0.350,-82.7,2.839,0.544
4579070,A3,3.700,-81.4,2.839,0.582
4579090,A1,2.840,-84.0,2.819,0.563
4579100,A2,0.350,-82.6,2.819,0.563
4579220,A3,3.730,-82.1,2.819,0.525
4579240,A1,2.920,-84.2,2.901,0.602
4579250,A2,0.360,-82.2,2.900,0.602
4579520,A3,3.700,-81.8,2.900,0.639
4579540,A1,2.840,-83.9,2.817,0.563
4579550,A2,0.370,-82.0,2.816,0.563
4579670,A3,3.710,-82.3,2.816,0.550
4579690,A1,2.880,-84.7,2.857,0.588
4579700,A2,0.370,-81.9,2.857,0.588
4579820,A3,3.720,-82.7,2.857,0.576
4579840,A1,2.860,-83.3,2.837,0.557
4579850,A2,0.380,-81.9,2.835,0.557
4579970,A3,3.700,-82.3,2.835,0.582
4579990,A1,2.830,-84.0,2.804,0.553
4580000,A2,0.380,-81.9,2.804,0.553
4580120,A3,3.690,-82.3,2.804,0.565
4580140,A1,2.890,-83.8,2.866,0.623
4580150,A2,0.360,-83.0,2.869,0.623
4580270,A3,3.710,-82.0,2.869,0.598
4580290,A1,2.860,-84.3,2.838,0.569
4580300,A2,0.380,-82.6,2.835,0.569
4580420,A3,3.700,-82.0,2.835,0.582
4580440,A1,2.870,-84.2,2.845,0.591
4580720,A3,3.660,-82.5,2.845,0.640
4580740,A1,2.810,-83.7,2.784,0.583
4580750,A2,0.350,-82.8,2.788,0.583
4580870,A3,3.710,-81.8,2.788,0.522
4580890,A1,2.830,-84.1,2.808,0.541
4580900,A2,0.350,-82.2,2.808,0.541
4581020,A3,3.720,-82.9,2.808,0.528
4581040,A1,2.840,-84.4,2.819,0.538
4581320,A3,3.690,-82.7,2.819,0.575
4581340,A1,2.860,-84.4,2.839,0.594
4581350,A2,0.350,-82.0,2.839,0.594
4581470,A3,3.690,-84.2,2.839,0.594
4581490,A1,2.840,-85.2,2.819,0.575
4581500,A2,0.350,-82.2,2.819,0.575
4581620,A3,3.700,-82.1,2.819,0.563
4581640,A1,2.870,-83.9,2.849,0.591
4581650,A2,0.380,-82.3,2.845,0.591
4581770,A3,3.710,-82.3,2.845,0.579
4581790,A1,2.890,-84.4,2.866,0.598
4581800,A2,0.370,-81.9,2.868,0.598
4581920,A3,3.690,-82.2,2.868,0.623
4581940,A1,2.870,-84.1,2.847,0.603
4581950,A2,0.340,-82.1,2.851,0.603
4582070,A3,3.690,-82.7,2.851,0.603
4582090,A1,2.860,-84.3,2.840,0.594
4582100,A2,0.360,-82.1,2.838,0.594
4582220,A3,3.700,-82.1,2.838,0.582
4582240,A1,2.870,-84.5,2.848,0.591
4582250,A2,0.350,-82.0,2.849,0.591
4582370,A3,3.690,-82.1,2.849,0.603
4582390,A1,2.870,-84.2,2.849,0.603
4582400,A2,0.340,-81.9,2.851,0.603
4582670,A3,3.700,-82.0,2.851,0.591
4582690,A1,2.820,-84.4,2.799,0.544
4582700,A2,0.360,-81.9,2.797,0.544
4582820,A3,3.680,-82.9,2.797,0.568
4582840,A1,2.830,-84.3,2.807,0.578
4582850,A2,0.340,-82.2,2.810,0.578
4582970,A3,3.700,-82.7,2.810,0.553
4582990,A1,2.860,-84.2,2.840,0.582
4583000,A2,0.360,-82.6,2.838,0.582
4583120,A3,3.660,-82.2,2.838,0.631
4583140,A1,2.850,-84.7,2.828,0.621
4583150,A2,0.330,-83.1,2.831,0.621
4583270,A3,3.690,-82.7,2.831,0.584
4583300,A2,0.370,-82.1,2.826,0.584
4583450,A2,0.350,-82.4,2.829,0.584
4583570,A3,3.720,-83.0,2.829,0.547
4583590,A1,2.890,-84.7,2.870,0.586
4583600,A2,0.340,-82.4,2.871,0.586
4583720,A3,3.700,-82.6,2.871,0.610
4583740,A1,2.840,-84.4,2.820,0.563
4583750,A2,0.350,-82.3,2.819,0.563
4583870,A3,3.680,-82.3,2.819,0.587
4583890,A1,2.840,-84.2,2.819,0.587
4583900,A2,0.350,-82.3,2.819,0.587
4584020,A3,3.670,-82.6,2.819,0.599
4584040,A1,2.850,-84.1,2.829,0.609
4584050,A2,0.380,-82.4,2.825,0.609
4584170,A3,3.680,-82.3,2.825,0.597
4584200,A2,0.350,-82.9,2.829,0.597
4584350,A2,0.320,-82.2,2.832,0.597
4584470,A3,3.690,-82.3,2.832,0.584
4584490,A1,2.860,-84.4,2.843,0.594
4584500,A2,0.340,-82.4,2.840,0.594
4584620,A3,3.660,-82.1,2.840,0.631
4584640,A1,2.820,-84.2,2.799,0.593
4584650,A2,0.350,-82.6,2.798,0.593
4584770,A3,3.690,-82.2,2.798,0.556
4584790,A1,2.880,-84.2,2.860,0.613
4584800,A2,0.370,-82.6,2.857,0.613
4584920,A3,3.690,-82.1,2.857,0.613
4584940,A1,2.850,-84.4,2.826,0.584
4584950,A2,0.360,-82.7,2.828,0.584
4585070,A3,3.670,-82.0,2.828,0.609
4585090,A1,2.820,-83.9,2.797,0.581
4585100,A2,0.330,-82.8,2.801,0.581
4585220,A3,3.690,-82.2,2.801,0.556
4585240,A1,2.880,-84.0,2.862,0.613
4585250,A2,0.330,-82.9,2.862,0.613
4585370,A3,3.690,-82.6,2.862,0.613
4585390,A1,2.910,-84.1,2.893,0.642
4585400,A2,0.340,-81.6,2.892,0.642
4585520,A3,3.680,-82.0,2.892,0.654
4585540,A1,2.870,-84.2,2.851,0.616
4585550,A2,0.370,-82.1,2.847,0.616
4585840,A1,2.830,-84.2,2.806,0.578
4585850,A2,0.360,-82.5,2.807,0.578
4585990,A1,2.850,-84.2,2.828,0.597
4586000,A2,0.340,-82.6,2.830,0.597
4586120,A3,3.700,-82.0,2.830,0.572
4586140,A1,2.880,-84.3,2.861,0.601
4586150,A2,0.360,-83.2,2.858,0.601
4586270,A3,3.700,-82.0,2.858,0.601
4586290,A1,2.850,-84.5,2.828,0.572
4586300,A2,0.360,-82.9,2.828,0.572
4586420,A3,3.680,-82.9,2.828,0.597
4586440,A1,2.850,-84.4,2.828,0.597
4586450,A2,0.360,-82.2,2.828,0.597
4586570,A3,3.670,-82.4,2.828,0.609
4586590,A1,2.850,-84.2,2.828,0.609
4586600,A2,0.330,-82.0,2.831,0.609
4586720,A3,3.680,-82.7,2.831,0.597
4586740,A1,2.850,-84.6,2.831,0.597
4586750,A2,0.360,-81.9,2.828,0.597
4586870,A3,3.720,-82.8,2.828,0.547
4586890,A1,2.830,-84.1,2.807,0.528
4586900,A2,0.340,-81.9,2.810,0.528
4587020,A3,3.670,-82.7,2.810,0.590
4587040,A1,2.880,-84.0,2.861,0.638
4587050,A2,0.340,-82.2,2.861,0.638
4587170,A3,3.680,-81.9,2.861,0.625
4587190,A1,2.840,-84.5,2.820,0.587
4587200,A2,0.350,-82.8,2.819,0.587
4587320,A3,3.700,-81.7,2.819,0.563
4587340,A1,2.860,-83.8,2.839,0.582
4587350,A2,0.380,-83.2,2.835,0.582
4587470,A3,3.680,-81.7,2.835,0.606
4587490,A1,2.890,-83.7,2.866,0.635
4587500,A2,0.360,-82.3,2.869,0.635
4587620,A3,3.720,-82.3,2.869,0.586
4587640,A1,2.900,-83.6,2.879,0.595
4587650,A2,0.360,-82.5,2.879,0.595
4587770,A3,3.690,-82.3,2.879,0.632
4587790,A1,2.840,-83.7,2.817,0.575
4587800,A2,0.340,-82.1,2.820,0.575
4587920,A3,3.690,-81.7,2.820,0.575
4587940,A1,2.910,-83.4,2.892,0.642
4587950,A2,0.360,-82.5,2.890,0.642
4588070,A3,3.700,-81.4,2.890,0.630
4588090,A1,2.890,-84.0,2.869,0.610
4588100,A2,0.360,-82.7,2.869,0.610
4588220,A3,3.680,-81.5,2.869,0.635
4588240,A1,2.870,-83.7,2.848,0.616
4588250,A2,0.330,-82.1,2.852,0.616
4588370,A3,3.680,-82.0,2.852,0.616
4588390,A1,2.890,-83.6,2.873,0.635
4588400,A2,0.330,-82.3,2.873,0.635
4588520,A3,3.700,-81.4,2.873,0.610
4588540,A1,2.820,-87.8,2.801,0.544
4588550,A2,0.350,-82.9,2.798,0.544
4588670,A3,3.670,-82.3,2.798,0.581
4588690,A1,2.860,-83.6,2.839,0.618
4588700,A2,0.340,-82.2,2.840,0.618
4588970,A3,3.690,-81.9,2.840,0.594
4588990,A1,2.850,-83.5,2.830,0.584
4589000,A2,0.330,-82.9,2.831,0.584
4589120,A3,3.700,-82.5,2.831,0.572
4589140,A1,2.890,-83.4,2.873,0.610
4589150,A2,0.350,-82.9,2.870,0.610
4589290,A1,2.890,-84.0,2.870,0.610
4589300,A2,0.360,-83.1,2.869,0.610
4589440,A1,2.910,-83.8,2.890,0.630
4589450,A2,0.350,-82.6,2.891,0.630
4589570,A3,3.680,-81.7,2.891,0.654
4589590,A1,2.890,-83.5,2.870,0.635
4589600,A2,0.360,-81.8,2.869,0.635
4589720,A3,3.710,-81.4,2.869,0.598
4589740,A1,2.890,-83.4,2.869,0.598
4589750,A2,0.320,-82.0,2.874,0.598
4589870,A3,3.680,-82.0,2.874,0.635
4589890,A1,2.870,-83.7,2.853,0.616
4589900,A2,0.350,-82.2,2.849,0.616
4590020,A3,3.710,-82.1,2.849,0.579
4590040,A1,2.890,-84.1,2.870,0.598
4590050,A2,0.340,-81.9,2.871,0.598
4590170,A3,3.690,-82.2,2.871,0.623
4590190,A1,2.890,-83.6,2.871,0.623
4590200,A2,0.350,-82.2,2.870,0.623
4590320,A3,3.700,-82.4,2.870,0.610
4590340,A1,2.850,-83.3,2.829,0.572
4590350,A2,0.360,-82.8,2.828,0.572
4590470,A3,3.690,-81.4,2.828,0.584
4590490,A1,2.890,-83.2,2.869,0.623
4590500,A2,0.340,-82.7,2.871,0.623
4590620,A3,3.710,-82.3,2.871,0.598
4590640,A1,2.890,-83.3,2.871,0.598
4590650,A2,0.330,-82.8,2.873,0.598
4590770,A3,3.710,-82.3,2.873,0.598
4590790,A1,2.880,-83.6,2.862,0.588
4590800,A2,0.410,-82.3,2.852,0.588
4590920,A3,3.710,-81.7,2.852,0.588
4590940,A1,2.880,-83.7,2.852,0.588
4590950,A2,0.360,-82.8,2.858,0.588
4591070,A3,3.690,-81.9,2.858,0.613
4591090,A1,2.860,-83.3,2.838,0.594
4591100,A2,0.360,-82.6,2.838,0.594
4591220,A3,3.710,-82.1,2.838,0.569
4591240,A1,2.840,-83.7,2.817,0.550
4591250,A2,0.350,-82.4,2.819,0.550
4591370,A3,3.730,-81.6,2.819,0.525
4591390,A1,2.880,-83.6,2.860,0.564
4591400,A2,0.330,-81.7,2.862,0.564
4591520,A3,3.690,-81.8,2.862,0.613
4591540,A1,2.930,-83.7,2.914,0.661
4591550,A2,0.360,-82.3,2.911,0.661
4591670,A3,3.690,-81.5,2.911,0.661
4591690,A1,2.880,-83.7,2.858,0.613
4591700,A2,0.370,-82.6,2.857,0.613
4591820,A3,3.700,-81.4,2.857,0.601
4591840,A1,2.870,-87.2,2.847,0.591
4591850,A2,0.340,-82.2,2.851,0.591
4592120,A3,3.720,-82.9,2.851,0.566
4592140,A1,2.860,-83.9,2.840,0.557
4592150,A2,0.350,-82.6,2.839,0.557
4592270,A3,3.680,-81.6,2.839,0.606
4592290,A1,2.840,-83.6,2.819,0.587
4592300,A2,0.340,-82.1,2.820,0.587
4592420,A3,3.690,-82.1,2.820,0.575
4592440,A1,2.900,-83.6,2.882,0.632
4592450,A2,0.350,-81.8,2.881,0.632
4592570,A3,3.720,-81.4,2.881,0.595
4592590,A1,2.870,-83.1,2.849,0.566
4592600,A2,0.310,-81.8,2.854,0.566
4592720,A3,3.710,-81.4,2.854,0.579
4592740,A1,2.890,-83.2,2.875,0.598
4592750,A2,0.350,-81.9,2.870,0.598
4592870,A3,3.720,-82.0,2.870,0.586
4592890,A1,2.890,-83.7,2.870,0.586
4592900,A2,0.380,-82.6,2.866,0.586
4593020,A3,3.700,-81.9,2.866,0.610
4593040,A1,2.890,-83.5,2.866,0.610
4593320,A3,3.710,-82.1,2.866,0.598
4593340,A1,2.840,-83.4,2.815,0.550
4593350,A2,0.330,-82.4,2.821,0.550
4593470,A3,3.690,-81.6,2.821,0.575
4593490,A1,2.890,-83.7,2.873,0.623
4593500,A2,0.390,-82.1,2.865,0.623
4593620,A3,3.710,-82.0,2.865,0.598
4593640,A1,2.880,-83.2,2.854,0.588
4593650,A2,0.340,-82.2,2.861,0.588
4593770,A3,3.710,-81.9,2.861,0.588
4593790,A1,2.840,-83.1,2.820,0.550
4593800,A2,0.370,-82.2,2.816,0.550
4593920,A3,3.690,-81.4,2.816,0.575
4593940,A1,2.910,-83.5,2.888,0.642
4593950,A2,0.350,-82.0,2.891,0.642
4594070,A3,3.690,-81.6,2.891,0.642
4594090,A1,2.880,-83.5,2.860,0.613
4594100,A2,0.380,-82.1,2.856,0.613
4594220,A3,3.690,-81.8,2.856,0.613
4594240,A1,2.870,-83.5,2.845,0.603
4594250,A2,0.370,-82.6,2.847,0.603
4594370,A3,3.700,-82.0,2.847,0.591
4594390,A1,2.880,-83.4,2.857,0.601
4594400,A2,0.360,-82.8,2.858,0.601
4594520,A3,3.700,-81.7,2.858,0.601
4594540,A1,2.840,-87.7,2.817,0.563
4594550,A2,0.370,-82.1,2.816,0.563
4594670,A3,3.710,-82.4,2.816,0.550
4594690,A1,2.860,-84.1,2.837,0.569
4594700,A2,0.340,-82.1,2.840,0.569
4594820,A3,3.680,-82.0,2.840,0.606
4594840,A1,2.910,-83.7,2.892,0.654
4594850,A2,0.360,-81.9,2.890,0.654
4594970,A3,3.700,-82.3,2.890,0.630
4594990,A1,2.860,-83.5,2.838,0.582
4595000,A2,0.400,-82.5,2.832,0.582
4595270,A3,3.680,-81.8,2.832,0.606
4595290,A1,2.890,-83.6,2.863,0.635
4595300,A2,0.380,-82.7,2.866,0.635
4595420,A3,3.690,-81.8,2.866,0.623
4595440,A1,2.890,-83.6,2.866,0.623
4595450,A2,0.310,-81.8,2.875,0.623
4595570,A3,3.680,-81.8,2.875,0.635
4595590,A1,2.920,-83.4,2.906,0.664
4595600,A2,0.350,-81.7,2.901,0.664
4595720,A3,3.680,-82.1,2.901,0.664
4595740,A1,2.850,-83.6,2.829,0.597
4595750,A2,0.370,-82.0,2.826,0.597
4595870,A3,3.710,-82.2,2.826,0.560
4595890,A1,2.890,-83.6,2.868,0.598
4595900,A2,0.370,-82.1,2.868,0.598
4596020,A3,3.690,-81.5,2.868,0.623
4596040,A1,2.880,-83.9,2.857,0.613
4596050,A2,0.320,-82.9,2.863,0.613
4596170,A3,3.720,-82.0,2.863,0.576
4596190,A1,2.930,-83.7,2.916,0.624
4596200,A2,0.370,-82.8,2.909,0.624
4596320,A3,3.710,-81.5,2.909,0.637
4596340,A1,2.880,-83.4,2.857,0.588
4596350,A2,0.330,-82.7,2.862,0.588
4596470,A3,3.710,-81.7,2.862,0.588
4596490,A1,2.890,-83.3,2.873,0.598
4596500,A2,0.330,-82.5,2.873,0.598
4596620,A3,3.710,-81.9,2.873,0.598
4596640,A1,2.880,-83.6,2.862,0.588
4596650,A2,0.340,-83.2,2.861,0.588
4596770,A3,3.700,-81.5,2.861,0.601
4596790,A1,2.860,-83.7,2.840,0.582
4596800,A2,0.350,-83.2,2.839,0.582
4596920,A3,3.710,-81.4,2.839,0.569
4596940,A1,2.880,-83.6,2.860,0.588
4596950,A2,0.360,-82.8,2.858,0.588
4597070,A3,3.690,-81.5,2.858,0.613
4597090,A1,2.850,-83.7,2.828,0.584
4597100,A2,0.350,-82.4,2.829,0.584
4597220,A3,3.720,-82.0,2.829,0.547
4597240,A1,2.890,-83.7,2.870,0.586
4597250,A2,0.360,-82.6,2.869,0.586
4597370,A3,3.690,-81.4,2.869,0.623
4597390,A1,2.860,-83.8,2.838,0.594
4597400,A2,0.350,-82.6,2.839,0.594
4597520,A3,3.700,-82.1,2.839,0.582
4597540,A1,2.900,-83.5,2.881,0.620
4597550,A2,0.370,-81.8,2.878,0.620
4597670,A3,3.720,-81.8,2.878,0.595
4597690,A1,2.870,-83.3,2.847,0.566
4597700,A2,0.340,-83.1,2.851,0.566
4597820,A3,3.690,-82.1,2.851,0.603
4597840,A1,2.890,-83.4,2.871,0.623
4597850,A2,0.350,-82.1,2.870,0.623
4597970,A3,3.720,-81.9,2.870,0.586
4597990,A1,2.890,-83.5,2.870,0.586
4598000,A2,0.370,-82.8,2.868,0.586
4598120,A3,3.680,-81.6,2.868,0.635
4598140,A1,2.820,-83.7,2.796,0.568
4598150,A2,0.340,-82.8,2.799,0.568
4598420,A3,3.680,-82.0,2.799,0.568
4598440,A1,2.900,-83.3,2.882,0.645
4598450,A2,0.360,-82.2,2.879,0.645
4598570,A3,3.690,-82.6,2.879,0.632
4598590,A1,2.850,-83.6,2.828,0.584
4598600,A2,0.360,-81.9,2.828,0.584
4598720,A3,3.720,-81.9,2.828,0.547
4598740,A1,2.910,-83.8,2.890,0.605
4598750,A2,0.350,-82.4,2.891,0.605
4598870,A3,3.700,-81.4,2.891,0.630
4598890,A1,2.860,-83.7,2.839,0.582
4598900,A2,0.370,-81.8,2.837,0.582
4599020,A3,3.720,-81.2,2.837,0.557
4599040,A1,2.850,-87.8,2.826,0.547
4599050,A2,0.370,-81.9,2.826,0.547
4599170,A3,3.700,-81.3,2.826,0.572
4599190,A1,2.860,-83.6,2.837,0.582
4599200,A2,0.380,-82.5,2.835,0.582
4599320,A3,3.730,-81.3,2.835,0.544
4599340,A1,2.870,-88.0,2.845,0.554
4599350,A2,0.340,-81.9,2.851,0.554
4599470,A3,3.720,-81.4,2.851,0.566
4599490,A1,2.820,-83.4,2.799,0.519
4599500,A2,0.350,-82.8,2.798,0.519
4599620,A3,3.690,-81.6,2.798,0.556
4599640,A1,2.830,-83.9,2.808,0.565
4599650,A2,0.360,-82.6,2.807,0.565
4599770,A3,3.700,-81.4,2.807,0.553
4599790,A1,2.870,-83.9,2.848,0.591
4599800,A2,0.350,-82.2,2.849,0.591
4599920,A3,3.710,-81.9,2.849,0.579
4599940,A1,2.840,-83.3,2.819,0.550
4599950,A2,0.370,-82.3,2.816,0.550
4600070,A3,3.710,-81.6,2.816,0.550
4600090,A1,2.890,-87.7,2.868,0.598
4600100,A2,0.340,-82.6,2.871,0.598
4600240,A1,2.880,-83.6,2.861,0.588
4600250,A2,0.350,-83.0,2.860,0.588
4600390,A1,2.840,-83.9,2.819,0.550
4600400,A2,0.320,-82.1,2.822,0.550
4600520,A3,3.700,-81.8,2.822,0.563
4600540,A1,2.910,-87.6,2.895,0.630
4600550,A2,0.360,-82.8,2.890,0.630
4600670,A3,3.700,-82.1,2.890,0.630
4600690,A1,2.850,-83.7,2.828,0.572
4600700,A2,0.370,-82.6,2.826,0.572
4600820,A3,3.710,-81.4,2.826,0.560
4600840,A1,2.860,-83.7,2.837,0.569
4600850,A2,0.360,-82.7,2.838,0.569
4600970,A3,3.720,-81.7,2.838,0.557
4600990,A1,2.870,-83.4,2.848,0.566
4601000,A2,0.370,-82.3,2.847,0.566
4601120,A3,3.680,-82.0,2.847,0.616
4601140,A1,2.840,-83.2,2.816,0.587
4601150,A2,0.350,-82.7,2.819,0.587
4601270,A3,3.730,-81.2,2.819,0.525
4601290,A1,2.870,-83.4,2.849,0.554
4601300,A2,0.360,-82.8,2.848,0.554
4601570,A3,3.720,-81.5,2.848,0.566
4601590,A1,2.880,-83.5,2.858,0.576
4601600,A2,0.370,-82.5,2.857,0.576
4601720,A3,3.700,-81.6,2.857,0.601
4601740,A1,2.920,-83.5,2.899,0.639
4601750,A2,0.350,-82.3,2.901,0.639
4601870,A3,3.690,-81.7,2.901,0.652
4601890,A1,2.850,-83.7,2.829,0.584
4601900,A2,0.350,-81.7,2.829,0.584
4602020,A3,3.690,-81.7,2.829,0.584
4602040,A1,2.890,-83.7,2.870,0.623
4602050,A2,0.350,-82.4,2.870,0.623
4602170,A3,3.720,-82.1,2.870,0.586
4602190,A1,2.910,-83.5,2.891,0.605
4602200,A2,0.350,-82.6,2.891,0.605
4602320,A3,3.690,-82.2,2.891,0.642
4602340,A1,2.870,-83.6,2.849,0.603
4602350,A2,0.350,-82.1,2.849,0.603
4602470,A3,3.710,-81.6,2.849,0.579
4602490,A1,2.900,-87.9,2.881,0.608
4602500,A2,0.340,-81.9,2.882,0.608
4602620,A3,3.700,-82.1,2.882,0.620
4602640,A1,2.870,-83.4,2.851,0.591
4602650,A2,0.350,-82.5,2.849,0.591
4602770,A3,3.700,-82.2,2.849,0.591
4602790,A1,2.890,-83.4,2.870,0.610
4602800,A2,0.330,-82.8,2.873,0.610
4602920,A3,3.690,-81.9,2.873,0.623
4602940,A1,2.880,-83.5,2.862,0.613
4602950,A2,0.360,-82.8,2.858,0.613
4603070,A3,3.700,-81.7,2.858,0.601
4603090,A1,2.860,-83.4,2.838,0.582
4603100,A2,0.340,-82.0,2.840,0.582
4603220,A3,3.700,-81.9,2.840,0.582
4603240,A1,2.860,-83.9,2.840,0.582
4603250,A2,0.370,-82.6,2.837,0.582
4603370,A3,3.670,-82.2,2.837,0.618
4603390,A1,2.820,-83.7,2.796,0.581
4603400,A2,0.360,-82.4,2.797,0.581
4603520,A3,3.700,-82.0,2.797,0.544
4603540,A1,2.920,-83.4,2.900,0.639
4603550,A2,0.380,-82.4,2.898,0.639
4603670,A3,3.690,-82.2,2.898,0.652
4603690,A1,2.830,-83.3,2.804,0.565
4603700,A2,0.370,-82.9,2.806,0.565
4603820,A3,3.690,-81.7,2.806,0.565
4603840,A1,2.840,-87.6,2.816,0.575
4603850,A2,0.340,-81.7,2.820,0.575
4604120,A3,3.730,-81.6,2.820,0.525
4604140,A1,2.870,-83.8,2.851,0.554
4604150,A2,0.370,-81.9,2.847,0.554
4604270,A3,3.720,-81.6,2.847,0.566
4604300,A2,0.370,-83.0,2.847,0.566
4604450,A2,0.360,-82.1,2.848,0.566
4604720,A3,3.710,-81.4,2.848,0.579
4604740,A1,2.880,-83.6,2.858,0.588
4604750,A2,0.340,-82.5,2.861,0.588
4604870,A3,3.710,-81.5,2.861,0.588
4604890,A1,2.870,-87.4,2.851,0.579
4604900,A2,0.370,-82.5,2.847,0.579
4605020,A3,3.710,-81.4,2.847,0.579
4605040,A1,2.820,-83.9,2.796,0.531
4605050,A2,0.340,-82.1,2.799,0.531
4605170,A3,3.700,-82.1,2.799,0.544
4605190,A1,2.870,-83.9,2.851,0.591
4605200,A2,0.350,-82.8,2.849,0.591
4605320,A3,3.720,-81.7,2.849,0.566
4605340,A1,2.860,-83.5,2.839,0.557
4605350,A2,0.330,-82.6,2.842,0.557
4605470,A3,3.700,-81.7,2.842,0.582
4605490,A1,2.860,-83.8,2.842,0.582
4605500,A2,0.350,-83.1,2.839,0.582
4605620,A3,3.690,-81.7,2.839,0.594
4605640,A1,2.890,-83.2,2.870,0.623
4605650,A2,0.350,-82.2,2.870,0.623
4605770,A3,3.710,-81.4,2.870,0.598
4605790,A1,2.880,-83.8,2.860,0.588
4605800,A2,0.350,-82.6,2.860,0.588
4605920,A3,3.690,-81.4,2.860,0.613
4605940,A1,2.870,-83.6,2.849,0.603
4605950,A2,0.340,-83.1,2.851,0.603
4606070,A3,3.710,-81.9,2.851,0.579
4606090,A1,2.830,-83.4,2.810,0.541
4606100,A2,0.370,-81.8,2.806,0.541
4606220,A3,3.700,-82.0,2.806,0.553
4606240,A1,2.830,-83.9,2.806,0.553
4606250,A2,0.380,-82.3,2.804,0.553
4606370,A3,3.690,-81.8,2.804,0.565
4606390,A1,2.900,-83.7,2.877,0.632
4606400,A2,0.380,-82.1,2.877,0.632
4606520,A3,3.700,-81.3,2.877,0.620
4606540,A1,2.900,-83.5,2.877,0.620
4606550,A2,0.380,-82.6,2.877,0.620
4606670,A3,3.690,-82.0,2.877,0.632
4606690,A1,2.890,-83.5,2.866,0.623
4606700,A2,0.350,-82.9,2.870,0.623
4606820,A3,3.700,-82.0,2.870,0.610
4606840,A1,2.880,-83.8,2.860,0.601
4606850,A2,0.360,-82.6,2.858,0.601
4606970,A3,3.700,-81.8,2.858,0.601
4606990,A1,2.870,-83.6,2.848,0.591
4607000,A2,0.350,-82.2,2.849,0.591
4607120,A3,3.730,-81.6,2.849,0.554
4607140,A1,2.890,-83.7,2.870,0.573
4607150,A2,0.350,-82.2,2.870,0.573
4607270,A3,3.710,-81.6,2.870,0.598
4607290,A1,2.850,-83.2,2.829,0.560
4607300,A2,0.360,-82.9,2.828,0.560
4607420,A3,3.700,-82.0,2.828,0.572
4607440,A1,2.860,-83.4,2.838,0.582
4607450,A2,0.400,-82.2,2.832,0.582
4607570,A3,3.720,-81.6,2.832,0.557
4607590,A1,2.870,-83.4,2.843,0.566
4607600,A2,0.350,-82.6,2.849,0.566
4607870,A3,3.720,-81.3,2.849,0.566
4607890,A1,2.880,-83.5,2.860,0.576
4607900,A2,0.350,-82.9,2.860,0.576
4608020,A3,3.690,-81.5,2.860,0.613
4608040,A1,2.830,-87.9,2.808,0.565
4608050,A2,0.360,-82.0,2.807,0.565
4608190,A1,2.890,-87.8,2.869,0.623
4608200,A2,0.350,-82.2,2.870,0.623
4608340,A1,2.880,-83.5,2.860,0.613
4608350,A2,0.330,-82.4,2.862,0.613
4608470,A3,3.720,-82.0,2.862,0.576
4608490,A1,2.860,-83.6,2.842,0.557
4608500,A2,0.350,-82.4,2.839,0.557
4608620,A3,3.690,-81.7,2.839,0.594
4608640,A1,2.920,-83.7,2.901,0.652
4608650,A2,0.350,-83.0,2.901,0.652
4608770,A3,3.710,-81.9,2.901,0.627
4608790,A1,2.870,-83.5,2.849,0.579
4608800,A2,0.360,-83.0,2.848,0.579
4608920,A3,3.710,-81.7,2.848,0.579
4608940,A1,2.840,-83.4,2.817,0.550
4608950,A2,0.330,-82.2,2.821,0.550
4609070,A3,3.690,-81.3,2.821,0.575
4609090,A1,2.890,-83.5,2.873,0.623
4609100,A2,0.340,-82.5,2.871,0.623
4609220,A3,3.690,-84.2,2.871,0.623
4609240,A1,2.860,-84.3,2.840,0.594
4609250,A2,0.360,-82.1,2.838,0.594
4609370,A3,3.690,-81.9,2.838,0.594
4609390,A1,2.840,-83.7,2.817,0.575
4609400,A2,0.350,-82.3,2.819,0.575
4609520,A3,3.700,-82.1,2.819,0.563
4609540,A1,2.910,-84.0,2.891,0.630
4609550,A2,0.350,-82.5,2.891,0.630
4609670,A3,3.720,-81.3,2.891,0.605
4609690,A1,2.870,-83.9,2.849,0.566
4609700,A2,0.370,-82.1,2.847,0.566
4609820,A3,3.730,-81.4,2.847,0.554
4609840,A1,2.890,-83.8,2.868,0.573
4609850,A2,0.360,-83.1,2.869,0.573
4609970,A3,3.680,-81.3,2.869,0.635
4609990,A1,2.870,-83.4,2.848,0.616
4610000,A2,0.330,-82.5,2.852,0.616
4610120,A3,3.710,-81.9,2.852,0.579
4610140,A1,2.870,-83.6,2.852,0.579
4610150,A2,0.360,-82.1,2.848,0.579
4610270,A3,3.690,-81.7,2.848,0.603
4610290,A1,2.870,-83.8,2.848,0.603
4610300,A2,0.370,-82.9,2.847,0.603
4610420,A3,3.710,-81.9,2.847,0.579
4610440,A1,2.800,-84.0,2.775,0.513
4610450,A2,0.320,-82.5,2.782,0.513
4610570,A3,3.700,-81.9,2.782,0.525
4610590,A1,2.890,-83.8,2.874,0.610
4610600,A2,0.370,-82.4,2.868,0.610
4610720,A3,3.690,-81.7,2.868,0.623
4610740,A1,2.880,-84.0,2.857,0.613
4611020,A3,3.700,-81.8,2.857,0.601
4611040,A1,2.830,-83.7,2.806,0.553
4611050,A2,0.360,-82.6,2.807,0.553
4611170,A3,3.700,-82.0,2.807,0.553
4611190,A1,2.870,-83.9,2.848,0.591
4611200,A2,0.340,-82.7,2.851,0.591
4611340,A1,2.870,-83.8,2.851,0.591
4611350,A2,0.350,-82.3,2.849,0.591
4611490,A1,2.890,-83.6,2.870,0.610
4611500,A2,0.360,-81.7,2.869,0.610
4611620,A3,3.730,-81.4,2.869,0.573
4611640,A1,2.870,-83.9,2.848,0.554
4611650,A2,0.350,-82.4,2.849,0.554
4611770,A3,3.710,-81.7,2.849,0.579
4611790,A1,2.880,-83.6,2.860,0.588
4611800,A2,0.380,-81.9,2.856,0.588
4611920,A3,3.680,-81.8,2.856,0.625
4611940,A1,2.920,-83.5,2.898,0.664
4611950,A2,0.340,-82.6,2.903,0.664
4612070,A3,3.690,-82.1,2.903,0.652
4612090,A1,2.840,-83.4,2.820,0.575
4612100,A2,0.360,-82.1,2.817,0.575
4612220,A3,3.740,-82.0,2.817,0.513
4612240,A1,2.880,-83.9,2.858,0.551
4612250,A2,0.360,-81.7,2.858,0.551
4612370,A3,3.700,-81.3,2.858,0.601
4612390,A1,2.880,-83.8,2.858,0.601
4612400,A2,0.370,-82.5,2.857,0.601
4612520,A3,3.680,-81.5,2.857,0.625
4612540,A1,2.900,-88.0,2.878,0.645
4612550,A2,0.350,-82.2,2.881,0.645
4612670,A3,3.730,-81.4,2.881,0.583
4612690,A1,2.860,-83.5,2.839,0.544
4612700,A2,0.350,-82.9,2.839,0.544
4612820,A3,3.670,-82.0,2.839,0.618
4612840,A1,2.850,-83.4,2.829,0.609
4612850,A2,0.350,-82.3,2.829,0.609
4612970,A3,3.730,-81.6,2.829,0.535
4612990,A1,2.900,-83.7,2.881,0.583
4613000,A2,0.390,-82.3,2.875,0.583
4613120,A3,3.710,-81.4,2.875,0.608
4613140,A1,2.870,-83.8,2.844,0.579
4613150,A2,0.340,-82.2,2.851,0.579
4613270,A3,3.700,-81.5,2.851,0.591
4613290,A1,2.890,-83.8,2.871,0.610
4613300,A2,0.340,-82.4,2.871,0.610
4613420,A3,3.700,-81.4,2.871,0.610
4613440,A1,2.830,-83.1,2.810,0.553
4613450,A2,0.350,-81.9,2.808,0.553
4613570,A3,3.710,-81.3,2.808,0.541
4613590,A1,2.840,-83.7,2.819,0.550
4613600,A2,0.360,-82.5,2.817,0.550
4613720,A3,3.700,-81.1,2.817,0.563
4613740,A1,2.860,-83.6,2.838,0.582
4613750,A2,0.380,-82.0,2.835,0.582
4613870,A3,3.700,-81.7,2.835,0.582
4613890,A1,2.870,-83.6,2.845,0.591
4613900,A2,0.340,-82.2,2.851,0.591
4614170,A3,3.720,-81.4,2.851,0.566
4614190,A1,2.850,-83.6,2.830,0.547
4614200,A2,0.350,-82.4,2.829,0.547
4614320,A3,3.710,-81.3,2.829,0.560
4614340,A1,2.860,-83.9,2.839,0.569
4614350,A2,0.320,-81.8,2.843,0.569
4614470,A3,3.710,-81.8,2.843,0.569
4614490,A1,2.850,-88.1,2.832,0.560
4614500,A2,0.360,-82.0,2.828,0.560
4614620,A3,3.710,-81.4,2.828,0.560
4614640,A1,2.860,-83.8,2.838,0.569
4614650,A2,0.340,-81.8,2.840,0.569
4614770,A3,3.700,-81.9,2.840,0.582
4614790,A1,2.880,-88.2,2.861,0.601
4614800,A2,0.360,-82.4,2.858,0.601
4614920,A3,3.730,-81.8,2.858,0.564
4614940,A1,2.860,-83.8,2.838,0.544
4614950,A2,0.340,-82.5,2.840,0.544
4615070,A3,3.690,-81.7,2.840,0.594
4615090,A1,2.890,-84.0,2.871,0.623
4615100,A2,0.350,-82.3,2.870,0.623
4615220,A3,3.700,-81.4,2.870,0.610
4615240,A1,2.830,-83.8,2.808,0.553
4615250,A2,0.360,-81.9,2.807,0.553
4615370,A3,3.710,-81.9,2.807,0.541
4615390,A1,2.850,-83.6,2.828,0.560
4615400,A2,0.360,-82.3,2.828,0.560
4615520,A3,3.720,-81.3,2.828,0.547
4615540,A1,2.890,-83.7,2.869,0.586
4615550,A2,0.350,-82.0,2.870,0.586
4615670,A3,3.710,-82.1,2.870,0.598
4615690,A1,2.880,-86.9,2.860,0.588
4615700,A2,0.370,-82.2,2.857,0.588
4615820,A3,3.690,-81.4,2.857,0.613
4615840,A1,2.870,-83.3,2.847,0.603
4615850,A2,0.380,-82.5,2.845,0.603
4615970,A3,3.680,-82.1,2.845,0.616
4615990,A1,2.900,-83.4,2.877,0.645
4616000,A2,0.370,-83.0,2.878,0.645
4616120,A3,3.720,-82.0,2.878,0.595
4616140,A1,2.880,-83.5,2.857,0.576
4616150,A2,0.340,-82.4,2.861,0.576
4616270,A3,3.720,-82.4,2.861,0.576
4616290,A1,2.840,-87.8,2.820,0.538
4616300,A2,0.340,-82.3,2.820,0.538
4616420,A3,3.710,-82.1,2.820,0.550
4616440,A1,2.820,-83.3,2.799,0.531
4616450,A2,0.360,-83.2,2.797,0.531
4616570,A3,3.690,-82.1,2.797,0.556
4616600,A2,0.340,-82.4,2.799,0.556
4616750,A2,0.360,-82.2,2.797,0.556
4616870,A3,3.720,-81.8,2.797,0.519
4616890,A1,2.880,-83.9,2.858,0.576
4616900,A2,0.350,-82.1,2.860,0.576
4617020,A3,3.670,-81.8,2.860,0.638
4617040,A1,2.870,-83.4,2.849,0.628
4617050,A2,0.360,-82.4,2.848,0.628
4617320,A3,3.710,-82.2,2.848,0.579
4617340,A1,2.850,-83.8,2.828,0.560
4617350,A2,0.340,-82.7,2.830,0.560
4617470,A3,3.710,-82.2,2.830,0.560
4617500,A2,0.310,-82.3,2.834,0.560
4617650,A2,0.330,-81.9,2.831,0.560
4617770,A3,3.710,-81.5,2.831,0.560
4617790,A1,2.900,-83.6,2.883,0.608
4617800,A2,0.380,-81.9,2.877,0.608
4617920,A3,3.710,-81.6,2.877,0.608
4617940,A1,2.850,-83.7,2.825,0.560
4617950,A2,0.350,-82.3,2.829,0.560
4618070,A3,3.700,-82.0,2.829,0.572
4618090,A1,2.880,-83.2,2.860,0.601
4618100,A2,0.350,-82.6,2.860,0.601
4618220,A3,3.710,-82.0,2.860,0.588
4618240,A1,2.910,-83.9,2.891,0.617
4618250,A2,0.330,-82.5,2.893,0.617
4618370,A3,3.710,-81.3,2.893,0.617
4618390,A1,2.850,-83.3,2.831,0.560
4618400,A2,0.340,-82.4,2.830,0.560
4618520,A3,3.690,-81.3,2.830,0.584
4618540,A1,2.840,-83.5,2.820,0.575
4618550,A2,0.350,-82.1,2.819,0.575
4618670,A3,3.720,-81.8,2.819,0.538
4618690,A1,2.910,-83.7,2.891,0.605
4618970,A3,3.720,-82.0,2.891,0.605
4618990,A1,2.870,-83.5,2.849,0.566
4619000,A2,0.370,-82.5,2.847,0.566
4619120,A3,3.690,-81.7,2.847,0.603
4619140,A1,2.890,-83.6,2.868,0.623
4619150,A2,0.370,-82.8,2.868,0.623
4619270,A3,3.700,-82.2,2.868,0.610
4619290,A1,2.870,-83.7,2.847,0.591
4619300,A2,0.350,-83.0,2.849,0.591
4619420,A3,3.710,-82.0,2.849,0.579
4619440,A1,2.860,-83.3,2.839,0.569
4619450,A2,0.380,-82.2,2.835,0.569
4619570,A3,3.700,-82.0,2.835,0.582
4619590,A1,2.890,-83.8,2.866,0.610
4619600,A2,0.370,-82.5,2.868,0.610
4619720,A3,3.690,-82.2,2.868,0.623
4619740,A1,2.870,-83.3,2.847,0.603
4619750,A2,0.340,-82.2,2.851,0.603
4619870,A3,3.700,-84.7,2.851,0.591
4619890,A1,2.870,-84.2,2.851,0.591
4619900,A2,0.360,-82.2,2.848,0.591
4620020,A3,3.700,-81.7,2.848,0.591
4620040,A1,2.880,-83.5,2.858,0.601
4620050,A2,0.360,-82.8,2.858,0.601
4620170,A3,3.700,-81.5,2.858,0.601
4620190,A1,2.920,-83.7,2.900,0.639
4620200,A2,0.320,-82.2,2.905,0.639
4620470,A3,3.700,-81.4,2.905,0.639
4620490,A1,2.850,-83.9,2.832,0.572
4620500,A2,0.360,-81.8,2.828,0.572
4620620,A3,3.700,-81.5,2.828,0.572
4620640,A1,2.870,-83.6,2.848,0.591
4620650,A2,0.350,-82.0,2.849,0.591
4620770,A3,3.720,-82.0,2.849,0.566
4620790,A1,2.850,-83.4,2.829,0.547
4620800,A2,0.330,-82.8,2.831,0.547
4620920,A3,3.680,-81.7,2.831,0.597
4620940,A1,2.910,-83.6,2.893,0.654
4620950,A2,0.350,-82.3,2.891,0.654
4621070,A3,3.700,-81.5,2.891,0.630
4621090,A1,2.850,-83.3,2.829,0.572
4621100,A2,0.360,-82.6,2.828,0.572
4621220,A3,3.690,-81.6,2.828,0.584
4621240,A1,2.850,-83.3,2.828,0.584
4621250,A2,0.370,-82.0,2.826,0.584
4621370,A3,3.680,-81.6,2.826,0.597
4621390,A1,2.820,-83.8,2.796,0.568
4621400,A2,0.370,-82.2,2.796,0.568
4621520,A3,3.710,-81.3,2.796,0.531
4621540,A1,2.910,-83.6,2.888,0.617
4621550,A2,0.370,-81.9,2.888,0.617
4621670,A3,3.700,-81.7,2.888,0.630
4621690,A1,2.870,-83.4,2.847,0.591
4621700,A2,0.380,-82.7,2.845,0.591
4621820,A3,3.700,-82.0,2.845,0.591
4621840,A1,2.860,-83.5,2.835,0.582
4621850,A2,0.340,-82.7,2.840,0.582
4621970,A3,3.680,-81.5,2.840,0.606
4621990,A1,2.810,-83.6,2.789,0.559
4622000,A2,0.360,-82.2,2.787,0.559
4622120,A3,3.690,-81.7,2.787,0.547
4622140,A1,2.820,-83.6,2.797,0.556
4622150,A2,0.340,-82.3,2.799,0.556
4622270,A3,3.700,-82.2,2.799,0.544
4622300,A2,0.360,-82.5,2.797,0.544
4622450,A2,0.360,-82.6,2.797,0.544
4622570,A3,3.710,-81.8,2.797,0.531
4622590,A1,2.870,-83.5,2.848,0.579
4622600,A2,0.360,-82.3,2.848,0.579
4622720,A3,3.700,-82.0,2.848,0.591
4622740,A1,2.890,-83.7,2.869,0.610
4622750,A2,0.340,-83.1,2.871,0.610
4622870,A3,3.690,-81.6,2.871,0.623
4622890,A1,2.900,-83.5,2.882,0.632
4622900,A2,0.390,-83.1,2.875,0.632
4623020,A3,3.680,-81.5,2.875,0.645
4623040,A1,2.870,-83.8,2.844,0.616
4623050,A2,0.360,-83.1,2.848,0.616
4623170,A3,3.710,-81.7,2.848,0.579
4623190,A1,2.870,-83.6,2.848,0.579
4623200,A2,0.350,-82.6,2.849,0.579
4623340,A1,2.840,-83.7,2.819,0.550
4623350,A2,0.360,-82.8,2.817,0.550
4623620,A3,3.710,-82.1,2.817,0.550
4623640,A1,2.900,-83.6,2.879,0.608
4623920,A3,3.720,-81.6,2.879,0.595
4623940,A1,2.880,-83.8,2.858,0.576
4623950,A2,0.360,-82.1,2.858,0.576
4624070,A3,3.690,-81.7,2.858,0.613
4624090,A1,2.890,-83.3,2.869,0.623
4624100,A2,0.350,-81.7,2.870,0.623
4624220,A3,3.700,-82.1,2.870,0.610
4624240,A1,2.930,-83.7,2.912,0.649
4624250,A2,0.360,-81.8,2.911,0.649
4624370,A3,3.710,-81.8,2.911,0.637
4624390,A1,2.900,-83.3,2.879,0.608
4624400,A2,0.330,-82.0,2.883,0.608
4624520,A3,3.680,-81.5,2.883,0.645
4624540,A1,2.880,-83.5,2.862,0.625
4624550,A2,0.360,-82.2,2.858,0.625
4624670,A3,3.710,-81.6,2.858,0.588
4624690,A1,2.880,-83.7,2.858,0.588
4624700,A2,0.360,-81.9,2.858,0.588
4624820,A3,3.690,-81.8,2.858,0.613
4624840,A1,2.920,-83.3,2.900,0.652
4624850,A2,0.340,-82.2,2.903,0.652
4624970,A3,3.700,-82.1,2.903,0.639
4624990,A1,2.930,-83.4,2.913,0.649
4625000,A2,0.320,-82.2,2.916,0.649
4625120,A3,3.700,-82.0,2.916,0.649
4625140,A1,2.890,-83.5,2.874,0.610
4625150,A2,0.370,-82.0,2.868,0.610
4625270,A3,3.690,-81.5,2.868,0.623
4625290,A1,2.860,-83.8,2.837,0.594
4625300,A2,0.340,-82.7,2.840,0.594
4625420,A3,3.700,-81.4,2.840,0.582
4625440,A1,2.850,-87.7,2.830,0.572
4625450,A2,0.350,-82.6,2.829,0.572
4625570,A3,3.680,-82.1,2.829,0.597
4625590,A1,2.850,-83.7,2.829,0.597
4625600,A2,0.350,-82.2,2.829,0.597
4625720,A3,3.690,-81.6,2.829,0.584
4625740,A1,2.880,-83.9,2.860,0.613
4625750,A2,0.350,-82.6,2.860,0.613
4625870,A3,3.690,-81.8,2.860,0.613
4625890,A1,2.920,-83.6,2.901,0.652
4625900,A2,0.370,-82.1,2.899,0.652
4626020,A3,3.720,-81.9,2.899,0.615
4626040,A1,2.870,-83.8,2.847,0.566
4626050,A2,0.370,-81.8,2.847,0.566
4626170,A3,3.720,-82.1,2.847,0.566
4626190,A1,2.820,-83.6,2.796,0.519
4626200,A2,0.340,-82.2,2.799,0.519
4626320,A3,3.700,-81.6,2.799,0.544
4626340,A1,2.830,-83.7,2.810,0.553
4626350,A2,0.370,-81.8,2.806,0.553
4626470,A3,3.730,-82.1,2.806,0.516
4626490,A1,2.890,-83.5,2.868,0.573
4626500,A2,0.340,-82.7,2.871,0.573
4626770,A3,3.690,-82.2,2.871,0.623
4626790,A1,2.870,-83.9,2.851,0.603
4626800,A2,0.340,-82.0,2.851,0.603
4626920,A3,3.680,-82.2,2.851,0.616
4626940,A1,2.860,-83.4,2.840,0.606
4626950,A2,0.320,-82.6,2.843,0.606
4627070,A3,3.700,-81.8,2.843,0.582
4627090,A1,2.870,-83.6,2.853,0.591
4627100,A2,0.360,-82.8,2.848,0.591
4627220,A3,3.700,-81.9,2.848,0.591
4627240,A1,2.860,-83.6,2.838,0.582
4627250,A2,0.360,-82.5,2.838,0.582
4627370,A3,3.710,-81.8,2.838,0.569
4627390,A1,2.860,-83.7,2.838,0.569
4627400,A2,0.340,-81.8,2.840,0.569
4627520,A3,3.680,-82.1,2.840,0.606
4627540,A1,2.850,-83.5,2.830,0.597
4627550,A2,0.360,-82.8,2.828,0.597
4627670,A3,3.690,-82.0,2.828,0.584
4627690,A1,2.890,-83.6,2.869,0.623
4627700,A2,0.380,-82.1,2.866,0.623
4627820,A3,3.730,-81.8,2.866,0.573
4627840,A1,2.890,-83.8,2.866,0.573
4627850,A2,0.380,-82.5,2.866,0.573
4627970,A3,3.730,-81.6,2.866,0.573
4627990,A1,2.830,-83.8,2.804,0.516
4628000,A2,0.360,-83.1,2.807,0.516
4628120,A3,3.730,-81.7,2.807,0.516
4628140,A1,2.880,-84.1,2.858,0.564
4628150,A2,0.350,-82.1,2.860,0.564
4628270,A3,3.700,-81.8,2.860,0.601
4628290,A1,2.860,-83.8,2.839,0.582
4628300,A2,0.360,-82.0,2.838,0.582
4628420,A3,3.700,-81.6,2.838,0.582
4628440,A1,2.880,-83.8,2.858,0.601
4628720,A3,3.700,-82.2,2.858,0.601
4628740,A1,2.810,-83.4,2.787,0.534
4628750,A2,0.360,-82.1,2.787,0.534
4628870,A3,3.720,-81.9,2.787,0.510
4628890,A1,2.860,-83.5,2.838,0.557
4628900,A2,0.360,-83.0,2.838,0.557
4629020,A3,3.700,-81.4,2.838,0.582
4629040,A1,2.820,-83.5,2.797,0.544
4629050,A2,0.400,-82.0,2.792,0.544
4629170,A3,3.690,-81.7,2.792,0.556
4629190,A1,2.880,-83.5,2.853,0.613
4629200,A2,0.350,-82.2,2.860,0.613
4629320,A3,3.710,-81.9,2.860,0.588
4629340,A1,2.890,-83.9,2.870,0.598
4629350,A2,0.370,-82.9,2.868,0.598
4629470,A3,3.700,-81.4,2.868,0.610
4629490,A1,2.850,-83.7,2.826,0.572
4629500,A2,0.330,-82.8,2.831,0.572
4629620,A3,3.710,-82.1,2.831,0.560
4629640,A1,2.820,-83.9,2.801,0.531
4629650,A2,0.380,-82.4,2.794,0.531
4629920,A3,3.700,-81.5,2.794,0.544
4629940,A1,2.850,-84.0,2.825,0.572
4629950,A2,0.360,-81.9,2.828,0.572
4630070,A3,3.700,-81.4,2.828,0.572
4630090,A1,2.830,-83.6,2.807,0.553
4630100,A2,0.380,-82.5,2.804,0.553
4630220,A3,3.700,-82.0,2.804,0.553
4630240,A1,2.870,-83.9,2.845,0.591
4630250,A2,0.370,-81.8,2.847,0.591
4630370,A3,3.670,-81.9,2.847,0.628
4630390,A1,2.860,-83.9,2.837,0.618
4630400,A2,0.330,-82.5,2.842,0.618
4630520,A3,3.700,-83.9,2.842,0.582
4630540,A1,2.890,-84.1,2.873,0.610
4630550,A2,0.340,-83.0,2.871,0.610
4630670,A3,3.730,-81.7,2.871,0.573
4630690,A1,2.910,-83.6,2.892,0.593
4630700,A2,0.370,-82.7,2.888,0.593
4630820,A3,3.700,-82.0,2.888,0.630
4630840,A1,2.870,-83.5,2.847,0.591
4630850,A2,0.350,-82.1,2.849,0.591
4630970,A3,3.700,-81.5,2.849,0.591
4630990,A1,2.900,-83.7,2.881,0.620
4631000,A2,0.350,-82.0,2.881,0.620
4631120,A3,3.730,-81.5,2.881,0.583
4631140,A1,2.880,-84.0,2.860,0.564
4631150,A2,0.370,-82.0,2.857,0.564
4631270,A3,3.690,-81.5,2.857,0.613
4631290,A1,2.830,-83.6,2.806,0.565
4631300,A2,0.340,-81.8,2.810,0.565
4631420,A3,3.710,-81.5,2.810,0.541
4631440,A1,2.880,-83.7,2.861,0.588
4631450,A2,0.340,-82.3,2.861,0.588
4631570,A3,3.690,-81.8,2.861,0.613
4631590,A1,2.890,-83.6,2.871,0.623
4631600,A2,0.350,-82.3,2.870,0.623
4631720,A3,3.740,-81.9,2.870,0.561
4631740,A1,2.860,-83.6,2.839,0.532
4631750,A2,0.370,-82.3,2.837,0.532
4631890,A1,2.820,-83.7,2.796,0.494
4631900,A2,0.360,-82.9,2.797,0.494
4632040,A1,2.910,-83.8,2.890,0.580
4632050,A2,0.350,-82.3,2.891,0.580
4632170,A3,3.720,-81.5,2.891,0.605
4632190,A1,2.850,-84.0,2.829,0.547
4632200,A2,0.340,-82.3,2.830,0.547
4632320,A3,3.710,-82.1,2.830,0.560
4632340,A1,2.840,-83.6,2.820,0.550
4632350,A2,0.360,-82.7,2.817,0.550
4632470,A3,3.730,-81.3,2.817,0.525
4632490,A1,2.910,-83.8,2.890,0.593
4632500,A2,0.350,-81.8,2.891,0.593
4632620,A3,3.740,-81.9,2.891,0.580
4632640,A1,2.840,-83.7,2.819,0.513
4632650,A2,0.350,-82.6,2.819,0.513
4632770,A3,3.700,-81.3,2.819,0.563
4632790,A1,2.860,-83.6,2.839,0.582
4632800,A2,0.340,-82.0,2.840,0.582
4633070,A3,3.680,-81.6,2.840,0.606
4633090,A1,2.890,-84.1,2.871,0.635
4633100,A2,0.350,-82.8,2.870,0.635
4633220,A3,3.700,-82.0,2.870,0.610
4633240,A1,2.880,-83.6,2.860,0.601
4633250,A2,0.350,-82.9,2.860,0.601
4633370,A3,3.710,-81.6,2.860,0.588
4633390,A1,2.880,-83.6,2.860,0.588
4633400,A2,0.370,-82.3,2.857,0.588
4633520,A3,3.700,-82.0,2.857,0.601
4633540,A1,2.850,-83.8,2.826,0.572
4633550,A2,0.360,-82.9,2.828,0.572
4633690,A1,2.880,-88.1,2.858,0.601
4633700,A2,0.370,-81.8,2.857,0.601
4633840,A1,2.840,-83.7,2.816,0.563
4633850,A2,0.330,-82.3,2.821,0.563
4633970,A3,3.700,-81.6,2.821,0.563
4633990,A1,2.890,-84.0,2.873,0.610
4634000,A2,0.350,-81.9,2.870,0.610
4634120,A3,3.710,-81.3,2.870,0.598
4634140,A1,2.850,-83.6,2.829,0.560
4634150,A2,0.370,-81.9,2.826,0.560
4634270,A3,3.710,-82.1,2.826,0.560
4634290,A1,2.860,-83.7,2.837,0.569
4634300,A2,0.370,-82.3,2.837,0.569
4634420,A3,3.720,-81.6,2.837,0.557
4634440,A1,2.860,-83.8,2.837,0.557
4634450,A2,0.400,-83.4,2.832,0.557
4634570,A3,3.670,-81.3,2.832,0.618
4634590,A1,2.860,-83.6,2.832,0.618
4634600,A2,0.340,-82.8,2.840,0.618
4634720,A3,3.700,-82.0,2.840,0.582
4634740,A1,2.890,-83.5,2.871,0.610
4634750,A2,0.360,-82.4,2.869,0.610
4634870,A3,3.700,-81.5,2.869,0.610
4634890,A1,2.860,-83.4,2.838,0.582
4634900,A2,0.350,-82.6,2.839,0.582
4635020,A3,3.700,-81.6,2.839,0.582
4635040,A1,2.820,-83.6,2.798,0.544
4635050,A2,0.350,-82.0,2.798,0.544
4635190,A1,2.850,-83.7,2.829,0.572
4635200,A2,0.360,-82.3,2.828,0.572
4635340,A1,2.830,-83.5,2.807,0.553
4635350,A2,0.350,-82.4,2.808,0.553
4635470,A3,3.700,-81.7,2.808,0.553
4635490,A1,2.840,-83.8,2.819,0.563
4635500,A2,0.390,-82.2,2.813,0.563
4635620,A3,3.720,-82.0,2.813,0.538
4635640,A1,2.850,-83.7,2.824,0.547
4635650,A2,0.370,-82.1,2.826,0.547
4635770,A3,3.690,-81.9,2.826,0.584
4635790,A1,2.910,-83.5,2.888,0.642
4635800,A2,0.350,-82.9,2.891,0.642
4635920,A3,3.730,-81.3,2.891,0.593
4635940,A1,2.860,-83.8,2.839,0.544
4635950,A2,0.360,-82.0,2.838,0.544
4636220,A3,3.710,-81.9,2.838,0.569
4636250,A2,0.320,-82.6,2.843,0.569
4636520,A3,3.690,-81.7,2.843,0.594
4636540,A1,2.890,-83.8,2.874,0.623
4636550,A2,0.310,-82.4,2.875,0.623
4636670,A3,3.690,-81.3,2.875,0.623
4636690,A1,2.870,-83.6,2.854,0.603
4636700,A2,0.380,-82.1,2.845,0.603
4636820,A3,3.700,-81.4,2.845,0.591
4636840,A1,2.860,-83.7,2.835,0.582
4636850,A2,0.330,-81.8,2.842,0.582
4636970,A3,3.730,-81.4,2.842,0.544
4636990,A1,2.890,-83.8,2.873,0.573
4637000,A2,0.330,-82.1,2.873,0.573
4637120,A3,3.710,-82.1,2.873,0.598
4637140,A1,2.840,-83.6,2.821,0.550
4637150,A2,0.360,-82.0,2.817,0.550
4637270,A3,3.690,-81.3,2.817,0.575
4637290,A1,2.850,-83.4,2.828,0.584
4637300,A2,0.360,-82.4,2.828,0.584
4637420,A3,3.710,-82.1,2.828,0.560
4637440,A1,2.870,-83.8,2.848,0.579
4637450,A2,0.330,-82.6,2.852,0.579
4637570,A3,3.710,-81.9,2.852,0.579
4637590,A1,2.870,-83.6,2.852,0.579
4637600,A2,0.340,-83.0,2.851,0.579
4637720,A3,3.690,-81.3,2.851,0.603
4637740,A1,2.860,-83.9,2.840,0.594
4637750,A2,0.370,-82.7,2.837,0.594
4637870,A3,3.730,-81.4,2.837,0.544
4637890,A1,2.890,-83.9,2.868,0.573
4637900,A2,0.370,-82.0,2.868,0.573
4638020,A3,3.690,-81.7,2.868,0.623
4638040,A1,2.890,-83.7,2.868,0.623
4638050,A2,0.360,-82.2,2.869,0.623
4638170,A3,3.720,-81.7,2.869,0.586
4638190,A1,2.860,-83.6,2.838,0.557
4638200,A2,0.380,-82.7,2.835,0.557
4638320,A3,3.700,-81.5,2.835,0.582
4638340,A1,2.840,-83.8,2.815,0.563
4638350,A2,0.360,-82.8,2.817,0.563
4638470,A3,3.710,-81.7,2.817,0.550
4638490,A1,2.890,-83.8,2.869,0.598
4638500,A2,0.340,-82.6,2.871,0.598
4638620,A3,3.710,-82.1,2.871,0.598
4638640,A1,2.870,-83.6,2.851,0.579
4638650,A2,0.360,-82.1,2.848,0.579
4638770,A3,3.700,-81.7,2.848,0.591
4638790,A1,2.830,-83.7,2.807,0.553
4638800,A2,0.350,-82.3,2.808,0.553
4638920,A3,3.730,-81.7,2.808,0.516
4638940,A1,2.890,-83.7,2.870,0.573
4638950,A2,0.350,-82.2,2.870,0.573
4639070,A3,3.700,-81.4,2.870,0.610
4639090,A1,2.880,-83.6,2.860,0.601
4639100,A2,0.340,-83.1,2.861,0.601
4639370,A3,3.690,-82.0,2.861,0.613
4639390,A1,2.830,-84.0,2.810,0.565
4639400,A2,0.350,-81.8,2.808,0.565
4639520,A3,3.690,-81.6,2.808,0.565
4639540,A1,2.840,-84.1,2.819,0.575
4639550,A2,0.360,-82.3,2.817,0.575
4639670,A3,3.720,-81.3,2.817,0.538
4639690,A1,2.860,-83.8,2.838,0.557
4639700,A2,0.350,-81.7,2.839,0.557
4639820,A3,3.710,-81.5,2.839,0.569
4639850,A2,0.360,-82.8,2.838,0.569
4640000,A2,0.380,-82.6,2.835,0.569
4640120,A3,3.720,-81.3,2.835,0.557
4640140,A1,2.890,-83.9,2.866,0.586
4640150,A2,0.360,-82.2,2.869,0.586
4640270,A3,3.720,-81.6,2.869,0.586
4640290,A1,2.900,-83.7,2.879,0.595
4640300,A2,0.340,-82.1,2.882,0.595
4640420,A3,3.720,-81.5,2.882,0.595
4640440,A1,2.860,-83.8,2.840,0.557
4640450,A2,0.360,-81.9,2.838,0.557
4640570,A3,3.690,-81.4,2.838,0.594
4640590,A1,2.900,-83.6,2.879,0.632
4640600,A2,0.360,-82.2,2.879,0.632
4640720,A3,3.710,-81.9,2.879,0.608
4640740,A1,2.870,-87.9,2.848,0.579
4640750,A2,0.360,-82.3,2.848,0.579
4640870,A3,3.720,-82.0,2.848,0.566
4640890,A1,2.840,-84.0,2.817,0.538
4640900,A2,0.380,-81.9,2.815,0.538
4641020,A3,3.710,-81.2,2.815,0.550
4641040,A1,2.820,-83.7,2.794,0.531
4641050,A2,0.350,-82.4,2.798,0.531
4641170,A3,3.690,-82.1,2.798,0.556
4641190,A1,2.910,-84.1,2.891,0.642
4641200,A2,0.350,-82.3,2.891,0.642
4641320,A3,3.720,-81.5,2.891,0.605
4641340,A1,2.860,-83.6,2.839,0.557
4641350,A2,0.360,-82.9,2.838,0.557
4641470,A3,3.720,-81.4,2.838,0.557
4641490,A1,2.830,-83.6,2.807,0.528
4641500,A2,0.330,-82.5,2.811,0.528
4641620,A3,3.720,-81.2,2.811,0.528
4641640,A1,2.890,-83.5,2.873,0.586
4641650,A2,0.340,-82.6,2.871,0.586
4641770,A3,3.720,-81.3,2.871,0.586
4641790,A1,2.890,-84.1,2.871,0.586
4641800,A2,0.370,-81.9,2.868,0.586
4641920,A3,3.710,-81.4,2.868,0.598
4641940,A1,2.860,-84.0,2.837,0.569
4641950,A2,0.330,-82.7,2.842,0.569
4642070,A3,3.690,-81.3,2.842,0.594
4642090,A1,2.850,-83.9,2.831,0.584
4642100,A2,0.340,-83.0,2.830,0.584
4642220,A3,3.730,-81.9,2.830,0.535
4642240,A1,2.890,-83.9,2.871,0.573
4642250,A2,0.360,-82.5,2.869,0.573
4642520,A3,3.700,-81.3,2.869,0.610
4642540,A1,2.830,-83.7,2.807,0.553
4642550,A2,0.380,-82.4,2.804,0.553
4642670,A3,3.720,-81.5,2.804,0.528
4642690,A1,2.890,-83.7,2.866,0.586
4642700,A2,0.350,-82.3,2.870,0.586
4642820,A3,3.690,-81.3,2.870,0.623
4642840,A1,2.890,-84.2,2.870,0.623
4642850,A2,0.360,-82.2,2.869,0.623
4642970,A3,3.730,-81.8,2.869,0.573
4642990,A1,2.840,-83.9,2.817,0.525
4643000,A2,0.350,-82.7,2.819,0.525
4643120,A3,3.710,-81.5,2.819,0.550
4643140,A1,2.880,-84.1,2.860,0.588
4643150,A2,0.350,-82.1,2.860,0.588
4643270,A3,3.730,-81.5,2.860,0.564
4643290,A1,2.850,-83.9,2.829,0.535
4643300,A2,0.360,-81.5,2.828,0.535
4643420,A3,3.700,-81.8,2.828,0.572
4643440,A1,2.850,-83.9,2.828,0.572
4643450,A2,0.350,-81.9,2.829,0.572
4643570,A3,3.710,-81.4,2.829,0.560
4643590,A1,2.850,-84.1,2.829,0.560
4643600,A2,0.340,-82.4,2.830,0.560
4643720,A3,3.720,-81.7,2.830,0.547
4643740,A1,2.850,-84.0,2.830,0.547
4643750,A2,0.370,-82.5,2.826,0.547
4643870,A3,3.730,-81.3,2.826,0.535
4643890,A1,2.870,-83.9,2.847,0.554
4643900,A2,0.340,-82.9,2.851,0.554
4644020,A3,3.720,-81.3,2.851,0.566
4644040,A1,2.820,-83.6,2.799,0.519
4644050,A2,0.320,-82.3,2.802,0.519
4644170,A3,3.690,-81.7,2.802,0.556
4644190,A1,2.820,-83.8,2.802,0.556
4644200,A2,0.340,-82.0,2.799,0.556
4644320,A3,3.700,-81.3,2.799,0.544
4644340,A1,2.870,-84.0,2.851,0.591
4644350,A2,0.370,-82.3,2.847,0.591
4644470,A3,3.730,-81.7,2.847,0.554
4644490,A1,2.840,-83.8,2.816,0.525
4644500,A2,0.360,-82.2,2.817,0.525
4644640,A1,2.890,-88.3,2.869,0.573
4644650,A2,0.360,-82.5,2.869,0.573
4644790,A1,2.860,-83.7,2.838,0.544
4644800,A2,0.380,-82.3,2.835,0.544
4644920,A3,3.710,-81.1,2.835,0.569
4644940,A1,2.860,-83.7,2.835,0.569
4644950,A2,0.380,-81.9,2.835,0.569
4645070,A3,3.700,-81.5,2.835,0.582
4645090,A1,2.840,-83.8,2.815,0.563
4645100,A2,0.360,-82.6,2.817,0.563
4645220,A3,3.730,-81.8,2.817,0.525
4645240,A1,2.850,-83.8,2.828,0.535
4645250,A2,0.360,-82.1,2.828,0.535
4645370,A3,3.710,-81.5,2.828,0.560
4645390,A1,2.850,-84.0,2.828,0.560
4645400,A2,0.340,-82.7,2.830,0.560
4645670,A3,3.690,-81.7,2.830,0.584
4645690,A1,2.880,-84.2,2.861,0.613
4645700,A2,0.330,-82.6,2.862,0.613
4645820,A3,3.680,-82.0,2.862,0.625
4645840,A1,2.900,-84.8,2.883,0.645
4645850,A2,0.370,-82.1,2.878,0.645
4645970,A3,3.700,-82.3,2.878,0.620
4645990,A1,2.860,-83.6,2.837,0.582
4646000,A2,0.330,-81.8,2.842,0.582
4646120,A3,3.710,-82.6,2.842,0.569
4646140,A1,2.820,-87.4,2.801,0.531
4646150,A2,0.360,-81.7,2.797,0.531
4646270,A3,3.690,-82.4,2.797,0.556
4646290,A1,2.840,-83.4,2.817,0.575
4646300,A2,0.370,-81.8,2.816,0.575
4646420,A3,3.690,-82.7,2.816,0.575
4646440,A1,2.830,-84.1,2.806,0.565
4646450,A2,0.390,-82.5,2.803,0.565
4646570,A3,3.700,-82.4,2.803,0.553
4646590,A1,2.830,-83.9,2.803,0.553
4646600,A2,0.380,-82.9,2.804,0.553
4646720,A3,3.680,-82.6,2.804,0.578
4646740,A1,2.840,-84.1,2.815,0.587
4646750,A2,0.360,-82.2,2.817,0.587
4646870,A3,3.690,-81.9,2.817,0.575
4646890,A1,2.810,-84.1,2.787,0.547
4646900,A2,0.370,-81.9,2.786,0.547
4647020,A3,3.710,-82.7,2.786,0.522
4647040,A1,2.830,-84.4,2.806,0.541
4647050,A2,0.380,-82.0,2.804,0.541
4647170,A3,3.710,-82.0,2.804,0.541
4647190,A1,2.830,-84.0,2.804,0.541
4647200,A2,0.350,-81.9,2.808,0.541
4647320,A3,3.690,-82.8,2.808,0.565
4647340,A1,2.820,-83.5,2.798,0.556
4647350,A2,0.360,-82.9,2.797,0.556
4647470,A3,3.700,-82.5,2.797,0.544
4647490,A1,2.860,-84.2,2.838,0.582
4647500,A2,0.380,-82.0,2.835,0.582
4647620,A3,3.690,-82.8,2.835,0.594
4647640,A1,2.830,-84.3,2.804,0.565
4647650,A2,0.380,-82.1,2.804,0.565
4647770,A3,3.700,-81.8,2.804,0.553
4647790,A1,2.840,-83.8,2.815,0.563
4647800,A2,0.380,-81.8,2.815,0.563
4647920,A3,3.690,-81.8,2.815,0.575
4647940,A1,2.840,-84.1,2.815,0.575
4647950,A2,0.330,-82.3,2.821,0.575
4648070,A3,3.680,-82.6,2.821,0.587
4648090,A1,2.880,-84.4,2.862,0.625
4648100,A2,0.360,-81.8,2.858,0.625
4648220,A3,3.690,-82.2,2.858,0.613
4648240,A1,2.850,-84.5,2.828,0.584
4648250,A2,0.360,-82.6,2.828,0.584
4648370,A3,3.680,-82.7,2.828,0.597
4648390,A1,2.880,-84.6,2.858,0.625
4648400,A2,0.360,-81.9,2.858,0.625
4648520,A3,3.710,-82.5,2.858,0.588
4648540,A1,2.870,-84.4,2.848,0.579
4648550,A2,0.340,-82.1,2.851,0.579
4648820,A3,3.700,-82.3,2.851,0.591
4648840,A1,2.830,-84.2,2.810,0.553
4648850,A2,0.360,-82.9,2.807,0.553
4648970,A3,3.670,-82.0,2.807,0.590
4648990,A1,2.870,-84.1,2.848,0.628
4649000,A2,0.350,-81.9,2.849,0.628
4649120,A3,3.700,-82.2,2.849,0.591
4649140,A1,2.860,-84.5,2.839,0.582
4649150,A2,0.340,-82.5,2.840,0.582
4649270,A3,3.670,-81.9,2.840,0.618
4649290,A1,2.840,-84.3,2.820,0.599
4649300,A2,0.340,-83.0,2.820,0.599
4649420,A3,3.690,-81.9,2.820,0.575
4649440,A1,2.890,-84.3,2.871,0.623
4649450,A2,0.360,-82.3,2.869,0.623
4649570,A3,3.720,-82.5,2.869,0.586
4649590,A1,2.820,-84.2,2.797,0.519
4649600,A2,0.330,-83.2,2.801,0.519
4649720,A3,3.680,-82.0,2.801,0.568
4649740,A1,2.880,-84.3,2.862,0.625
4649750,A2,0.360,-82.6,2.858,0.625
4649870,A3,3.680,-82.5,2.858,0.625
4649890,A1,2.840,-84.5,2.817,0.587
4649900,A2,0.320,-82.1,2.822,0.587
4650020,A3,3.680,-82.8,2.822,0.587
4650040,A1,2.910,-83.8,2.895,0.654
4650050,A2,0.370,-81.9,2.888,0.654
4650170,A3,3.690,-82.9,2.888,0.642
4650190,A1,2.830,-84.4,2.806,0.565
4650200,A2,0.340,-82.1,2.810,0.565
4650320,A3,3.690,-82.3,2.810,0.565
4650340,A1,2.820,-84.1,2.799,0.556
4650350,A2,0.360,-82.7,2.797,0.556
4650470,A3,3.690,-81.9,2.797,0.556
4650490,A1,2.890,-83.9,2.869,0.623
4650500,A2,0.370,-81.8,2.868,0.623
4650620,A3,3.700,-82.1,2.868,0.610
4650640,A1,2.830,-84.0,2.806,0.553
4650650,A2,0.340,-82.3,2.810,0.553
4650770,A3,3.660,-82.3,2.810,0.602
4650790,A1,2.900,-84.0,2.882,0.669
4650800,A2,0.350,-81.8,2.881,0.669
4650920,A3,3.690,-81.4,2.881,0.632
4650940,A1,2.890,-83.6,2.870,0.623
4650950,A2,0.350,-82.4,2.870,0.623
4651070,A3,3.690,-81.6,2.870,0.623
4651090,A1,2.860,-83.7,2.839,0.594
4651100,A2,0.370,-82.7,2.837,0.594
4651220,A3,3.700,-82.2,2.837,0.582
4651240,A1,2.890,-87.7,2.868,0.610
4651250,A2,0.360,-82.8,2.869,0.610
4651370,A3,3.700,-81.7,2.869,0.610
4651390,A1,2.880,-83.9,2.858,0.601
4651400,A2,0.350,-82.3,2.860,0.601
4651520,A3,3.700,-81.9,2.860,0.601
4651540,A1,2.940,-83.4,2.923,0.659
4651550,A2,0.380,-82.0,2.919,0.659
4651670,A3,3.710,-81.5,2.919,0.647
4651690,A1,2.880,-83.4,2.856,0.588
4651700,A2,0.420,-83.1,2.850,0.588
4651970,A3,3.720,-81.4,2.850,0.576
4651990,A1,2.900,-83.8,2.871,0.595
4652000,A2,0.340,-82.2,2.882,0.595
4652120,A3,3.700,-82.0,2.882,0.620
4652140,A1,2.860,-83.9,2.840,0.582
4652150,A2,0.360,-83.1,2.838,0.582
4652270,A3,3.700,-81.3,2.838,0.582
4652290,A1,2.860,-83.8,2.838,0.582
4652300,A2,0.340,-82.6,2.840,0.582
4652420,A3,3.690,-81.6,2.840,0.594
4652440,A1,2.890,-83.4,2.871,0.623
4652450,A2,0.380,-82.3,2.866,0.623
4652570,A3,3.700,-82.0,2.866,0.610
4652590,A1,2.910,-83.2,2.887,0.630
4652600,A2,0.360,-82.7,2.890,0.630
4652720,A3,3.700,-81.9,2.890,0.630
4652740,A1,2.940,-83.3,2.921,0.659
4652750,A2,0.330,-81.9,2.925,0.659
4652870,A3,3.710,-81.7,2.925,0.647
4652890,A1,2.850,-87.6,2.831,0.560
4652900,A2,0.370,-82.4,2.826,0.560
4653020,A3,3.680,-82.2,2.826,0.597
4653040,A1,2.890,-83.6,2.868,0.635
4653050,A2,0.350,-82.6,2.870,0.635
4653170,A3,3.720,-81.9,2.870,0.586
4653190,A1,2.910,-83.8,2.891,0.605
4653200,A2,0.350,-82.2,2.891,0.605
4653320,A3,3.700,-81.9,2.891,0.630
4653340,A1,2.890,-83.8,2.870,0.610
4653350,A2,0.340,-82.5,2.871,0.610
4653470,A3,3.700,-82.1,2.871,0.610
4653490,A1,2.860,-83.5,2.840,0.582
4653500,A2,0.350,-82.8,2.839,0.582
4653620,A3,3.690,-82.2,2.839,0.594
4653640,A1,2.910,-83.6,2.891,0.642
4653650,A2,0.330,-83.0,2.893,0.642
4653770,A3,3.690,-82.2,2.893,0.642
4653790,A1,2.870,-83.3,2.852,0.603
4653800,A2,0.340,-82.3,2.851,0.603
4653920,A3,3.690,-81.8,2.851,0.603
4653940,A1,2.850,-83.4,2.830,0.584
4653950,A2,0.340,-82.5,2.830,0.584
4654070,A3,3.700,-81.4,2.830,0.572
4654090,A1,2.930,-83.8,2.913,0.649
4654100,A2,0.340,-82.1,2.913,0.649
4654220,A3,3.700,-82.0,2.913,0.649
4654240,A1,2.850,-83.8,2.830,0.572
4654250,A2,0.360,-82.9,2.828,0.572
4654370,A3,3.700,-81.4,2.828,0.572
4654400,A2,0.340,-82.7,2.830,0.572
4654550,A2,0.350,-81.9,2.829,0.572
4654670,A3,3.730,-81.3,2.829,0.535
4654690,A1,2.850,-83.9,2.829,0.535
4654700,A2,0.330,-82.0,2.831,0.535
4654820,A3,3.730,-82.2,2.831,0.535
4654840,A1,2.850,-83.7,2.831,0.535
4654850,A2,0.350,-82.4,2.829,0.535
4655120,A3,3.700,-82.1,2.829,0.572
4655140,A1,2.850,-83.5,2.829,0.572
4655150,A2,0.380,-82.1,2.825,0.572
4655270,A3,3.680,-82.2,2.825,0.597
4655290,A1,2.830,-83.7,2.804,0.578
4655300,A2,0.370,-82.5,2.806,0.578
4655420,A3,3.720,-81.8,2.806,0.528
4655440,A1,2.890,-83.9,2.868,0.586
4655450,A2,0.360,-82.1,2.869,0.586
4655570,A3,3.700,-81.7,2.869,0.610
4655590,A1,2.880,-83.8,2.858,0.601
4655600,A2,0.400,-82.5,2.853,0.601
4655720,A3,3.680,-82.2,2.853,0.625
4655740,A1,2.870,-83.9,2.843,0.616
4655750,A2,0.340,-82.4,2.851,0.616
4655870,A3,3.720,-81.7,2.851,0.566
4655890,A1,2.930,-83.9,2.913,0.624
4655900,A2,0.340,-82.0,2.913,0.624
4656020,A3,3.700,-81.8,2.913,0.649
4656040,A1,2.830,-83.6,2.810,0.553
4656050,A2,0.350,-82.6,2.808,0.553
4656170,A3,3.710,-82.3,2.808,0.541
4656190,A1,2.860,-83.8,2.839,0.569
4656200,A2,0.370,-82.3,2.837,0.569
4656320,A3,3.690,-81.6,2.837,0.594
4656340,A1,2.870,-83.7,2.847,0.603
4656350,A2,0.350,-82.1,2.849,0.603
4656470,A3,3.690,-81.8,2.849,0.603
4656490,A1,2.850,-84.1,2.829,0.584
4656500,A2,0.330,-82.3,2.831,0.584
4656620,A3,3.700,-82.3,2.831,0.572
4656640,A1,2.880,-83.9,2.862,0.601
4656650,A2,0.340,-83.1,2.861,0.601
4656770,A3,3.700,-81.8,2.861,0.601
4656790,A1,2.900,-83.6,2.882,0.620
4656800,A2,0.340,-82.1,2.882,0.620
4656920,A3,3.690,-81.8,2.882,0.632
4656940,A1,2.860,-83.5,2.840,0.594
4656950,A2,0.340,-82.5,2.840,0.594
4657070,A3,3.700,-81.7,2.840,0.582
4657090,A1,2.820,-83.5,2.799,0.544
4657100,A2,0.360,-82.4,2.797,0.544
4657220,A3,3.710,-81.9,2.797,0.531
4657240,A1,2.890,-83.4,2.869,0.598
4657250,A2,0.400,-82.2,2.863,0.598
4657370,A3,3.720,-81.8,2.863,0.586
4657390,A1,2.890,-83.9,2.863,0.586
4657400,A2,0.340,-81.8,2.871,0.586
4657520,A3,3.700,-82.2,2.871,0.610
4657540,A1,2.880,-83.3,2.861,0.601
4657550,A2,0.360,-82.2,2.858,0.601
4657670,A3,3.740,-81.8,2.858,0.551
4657690,A1,2.910,-83.5,2.890,0.580
4657700,A2,0.350,-82.4,2.891,0.580
4657820,A3,3.710,-81.9,2.891,0.617
4657840,A1,2.840,-87.2,2.819,0.550
4657850,A2,0.380,-82.7,2.815,0.550
4657970,A3,3.700,-81.5,2.815,0.563
4657990,A1,2.880,-83.6,2.856,0.601
4658000,A2,0.330,-82.0,2.862,0.601
4658270,A3,3.680,-84.6,2.862,0.625
4658290,A1,2.870,-84.4,2.852,0.616
4658300,A2,0.370,-82.6,2.847,0.616
4658420,A3,3.710,-82.2,2.847,0.579
4658440,A1,2.870,-83.6,2.847,0.579
4658450,A2,0.360,-82.4,2.848,0.579
4658570,A3,3.680,-81.5,2.848,0.616
4658590,A1,2.860,-83.4,2.838,0.606
4658600,A2,0.350,-82.5,2.839,0.606
4658720,A3,3.700,-81.6,2.839,0.582
4658740,A1,2.910,-84.0,2.891,0.630
4658750,A2,0.350,-82.3,2.891,0.630
4658870,A3,3.700,-81.5,2.891,0.630
4658890,A1,2.870,-83.6,2.849,0.591
4658900,A2,0.350,-82.3,2.849,0.591
4659020,A3,3.730,-81.6,2.849,0.554
4659040,A1,2.890,-87.9,2.870,0.573
4659050,A2,0.360,-83.0,2.869,0.573
4659170,A3,3.710,-81.5,2.869,0.598
4659190,A1,2.890,-83.8,2.869,0.598
4659200,A2,0.360,-82.6,2.869,0.598
4659320,A3,3.700,-81.5,2.869,0.610
4659340,A1,2.900,-83.7,2.879,0.620
4659350,A2,0.360,-82.7,2.879,0.620
4659470,A3,3.730,-81.5,2.879,0.583
4659490,A1,2.850,-83.8,2.828,0.535
4659500,A2,0.350,-82.6,2.829,0.535
4659620,A3,3.700,-81.8,2.829,0.572
4659640,A1,2.870,-83.3,2.849,0.591
4659650,A2,0.390,-83.0,2.844,0.591
4659770,A3,3.700,-81.3,2.844,0.591
4659790,A1,2.890,-83.7,2.865,0.610
4659800,A2,0.410,-82.5,2.862,0.610
4659920,A3,3.710,-81.3,2.862,0.598
4659940,A1,2.880,-83.8,2.852,0.588
4659950,A2,0.330,-81.8,2.862,0.588
4660070,A3,3.700,-81.9,2.862,0.601
4660090,A1,2.820,-83.8,2.801,0.544
4660100,A2,0.350,-83.0,2.798,0.544
4660220,A3,3.700,-81.7,2.798,0.544
4660240,A1,2.900,-83.9,2.881,0.620
4660250,A2,0.350,-82.2,2.881,0.620
4660370,A3,3.720,-81.5,2.881,0.595
4660390,A1,2.870,-83.2,2.849,0.566
4660400,A2,0.340,-81.8,2.851,0.566
4660520,A3,3.720,-81.4,2.851,0.566
4660540,A1,2.910,-83.3,2.892,0.605
4660550,A2,0.340,-82.3,2.892,0.605
4660670,A3,3.700,-81.2,2.892,0.630
4660690,A1,2.900,-83.7,2.882,0.620
4660700,A2,0.380,-82.5,2.877,0.620
4660820,A3,3.710,-81.5,2.877,0.608
4660840,A1,2.840,-84.0,2.815,0.550
4660850,A2,0.340,-81.7,2.820,0.550
4660970,A3,3.730,-82.2,2.820,0.525
4660990,A1,2.890,-83.4,2.871,0.573
4661000,A2,0.340,-82.9,2.871,0.573
4661120,A3,3.660,-82.7,2.871,0.659
4661140,A1,2.860,-84.4,2.840,0.631
4661150,A2,0.340,-82.6,2.840,0.631
4661420,A3,3.680,-82.1,2.840,0.606
4661440,A1,2.790,-83.4,2.769,0.540
4661450,A2,0.360,-81.9,2.767,0.540
4661570,A3,3.710,-82.5,2.767,0.503
4661590,A1,2.820,-84.2,2.797,0.531
4661600,A2,0.360,-82.5,2.797,0.531
4661720,A3,3.700,-82.1,2.797,0.544
4661740,A1,2.830,-84.0,2.807,0.553
4661750,A2,0.350,-82.2,2.808,0.553
4661870,A3,3.670,-82.3,2.808,0.590
4661890,A1,2.860,-83.8,2.839,0.618
4661900,A2,0.350,-82.2,2.839,0.618
4662020,A3,3.660,-82.4,2.839,0.631
4662040,A1,2.840,-84.5,2.819,0.612
4662050,A2,0.380,-82.2,2.815,0.612
4662170,A3,3.700,-82.0,2.815,0.563
4662190,A1,2.810,-88.5,2.784,0.534
4662200,A2,0.340,-81.9,2.789,0.534
4662320,A3,3.690,-82.4,2.789,0.547
4662340,A1,2.870,-84.5,2.851,0.603
4662350,A2,0.350,-82.6,2.849,0.603
4662470,A3,3.710,-82.2,2.849,0.579
4662490,A1,2.820,-83.4,2.798,0.531
4662500,A2,0.380,-82.4,2.794,0.531
4662620,A3,3.660,-82.8,2.794,0.593
4662640,A1,2.820,-83.7,2.794,0.593
4662650,A2,0.380,-82.1,2.794,0.593
4662770,A3,3.680,-82.9,2.794,0.568
4662790,A1,2.840,-83.9,2.815,0.587
4662800,A2,0.350,-82.9,2.819,0.587
4662920,A3,3.720,-81.5,2.819,0.538
4662940,A1,2.820,-84.2,2.798,0.519
4662950,A2,0.340,-82.9,2.799,0.519
4663070,A3,3.700,-82.6,2.799,0.544
4663090,A1,2.880,-84.2,2.861,0.601
4663100,A2,0.380,-82.3,2.856,0.601
4663220,A3,3.690,-82.4,2.856,0.613
4663240,A1,2.850,-83.9,2.825,0.584
4663250,A2,0.330,-81.8,2.831,0.584
4663370,A3,3.670,-82.7,2.831,0.609
4663390,A1,2.890,-83.8,2.873,0.647
4663400,A2,0.350,-82.3,2.870,0.647
4663520,A3,3.700,-81.8,2.870,0.610
4663540,A1,2.880,-84.1,2.860,0.601
4663550,A2,0.340,-82.3,2.861,0.601
4663670,A3,3.700,-82.7,2.861,0.601
4663690,A1,2.910,-84.7,2.892,0.630
4663700,A2,0.410,-82.4,2.883,0.630
4663820,A3,3.690,-81.9,2.883,0.642
4663840,A1,2.860,-83.6,2.831,0.594
4663850,A2,0.340,-82.6,2.840,0.594
4663970,A3,3.700,-82.3,2.840,0.582
4663990,A1,2.850,-83.7,2.830,0.572
4664000,A2,0.340,-81.8,2.830,0.572
4664120,A3,3.710,-81.7,2.830,0.560
4664140,A1,2.870,-83.8,2.851,0.579
4664150,A2,0.340,-83.0,2.851,0.579
4664270,A3,3.720,-81.8,2.851,0.566
4664290,A1,2.860,-83.8,2.840,0.557
4664300,A2,0.360,-82.4,2.838,0.557
4664570,A3,3.700,-81.5,2.838,0.582
4664590,A1,2.920,-83.7,2.900,0.639
4664600,A2,0.350,-82.0,2.901,0.639
4664720,A3,3.680,-82.3,2.901,0.664
4664740,A1,2.850,-84.1,2.829,0.597
4664750,A2,0.360,-83.1,2.828,0.597
4664870,A3,3.690,-82.1,2.828,0.584
4664890,A1,2.850,-84.3,2.828,0.584
4664900,A2,0.390,-83.3,2.824,0.584
4665020,A3,3.720,-81.8,2.824,0.547
4665040,A1,2.870,-83.5,2.844,0.566
4665050,A2,0.350,-81.8,2.849,0.566
4665170,A3,3.700,-82.5,2.849,0.591
4665190,A1,2.880,-83.8,2.860,0.601
4665200,A2,0.380,-81.7,2.856,0.601
4665320,A3,3.690,-82.7,2.856,0.613
4665340,A1,2.870,-84.1,2.845,0.603
4665350,A2,0.390,-81.9,2.844,0.603
4665470,A3,3.690,-82.4,2.844,0.603
4665490,A1,2.850,-84.2,2.824,0.584
4665500,A2,0.380,-82.8,2.825,0.584
4665620,A3,3.680,-82.0,2.825,0.597
4665640,A1,2.840,-84.3,2.815,0.587
4665650,A2,0.370,-81.8,2.816,0.587
4665770,A3,3.710,-82.6,2.816,0.550
4665790,A1,2.830,-83.7,2.806,0.541
4665800,A2,0.350,-82.6,2.808,0.541
4665920,A3,3.700,-82.8,2.808,0.553
4665940,A1,2.830,-83.6,2.808,0.553
4665950,A2,0.360,-82.1,2.807,0.553
4666070,A3,3.700,-82.4,2.807,0.553
4666090,A1,2.890,-83.5,2.869,0.610
4666100,A2,0.360,-82.1,2.869,0.610
4666220,A3,3.710,-82.5,2.869,0.598
4666240,A1,2.830,-83.6,2.807,0.541
4666250,A2,0.370,-82.1,2.806,0.541
4666370,A3,3.700,-81.8,2.806,0.553
4666390,A1,2.920,-83.8,2.899,0.639
4666400,A2,0.390,-82.4,2.896,0.639
4666520,A3,3.700,-81.6,2.896,0.639
4666540,A1,2.870,-83.9,2.844,0.591
4666550,A2,0.340,-82.8,2.851,0.591
4666670,A3,3.720,-82.1,2.851,0.566
4666690,A1,2.830,-84.5,2.810,0.528
4666700,A2,0.360,-83.2,2.807,0.528
4666820,A3,3.740,-81.7,2.807,0.504
4666840,A1,2.850,-84.6,2.828,0.522
4666850,A2,0.340,-83.0,2.830,0.522
4666970,A3,3.700,-81.9,2.830,0.572
4666990,A1,2.820,-84.6,2.799,0.544
4667000,A2,0.360,-82.7,2.797,0.544
4667120,A3,3.690,-81.9,2.797,0.556
4667140,A1,2.910,-84.0,2.890,0.642
4667150,A2,0.350,-82.5,2.891,0.642
4667270,A3,3.680,-82.5,2.891,0.654
4667290,A1,2.820,-83.8,2.798,0.568
4667300,A2,0.350,-82.6,2.798,0.568
4667420,A3,3.720,-82.0,2.798,0.519
4667440,A1,2.870,-84.3,2.849,0.566
4667450,A2,0.330,-82.8,2.852,0.566
4667720,A3,3.700,-81.9,2.852,0.591
4667740,A1,2.850,-84.0,2.831,0.572
4667750,A2,0.340,-82.9,2.830,0.572
4667870,A3,3.700,-82.1,2.830,0.572
4667890,A1,2.880,-84.3,2.861,0.601
4667900,A2,0.350,-81.9,2.860,0.601
4668020,A3,3.680,-82.2,2.860,0.625
4668040,A1,2.850,-84.0,2.829,0.597
4668050,A2,0.370,-83.2,2.826,0.597
4668170,A3,3.700,-82.4,2.826,0.572
4668190,A1,2.810,-84.2,2.786,0.534
4668200,A2,0.390,-82.7,2.783,0.534
4668320,A3,3.680,-82.7,2.783,0.559
4668340,A1,2.840,-84.3,2.813,0.587
4668350,A2,0.360,-82.2,2.817,0.587
4668470,A3,3.680,-82.1,2.817,0.587
4668490,A1,2.890,-84.2,2.869,0.635
4668500,A2,0.370,-83.2,2.868,0.635
4668620,A3,3.700,-81.9,2.868,0.610
4668640,A1,2.840,-84.0,2.816,0.563
4668650,A2,0.330,-81.8,2.821,0.563
4668770,A3,3.680,-82.3,2.821,0.587
4668790,A1,2.850,-84.3,2.831,0.597
4668800,A2,0.330,-82.5,2.831,0.597
4668920,A3,3.720,-84.5,2.831,0.547
4668940,A1,2.860,-85.3,2.842,0.557
4668950,A2,0.350,-82.8,2.839,0.557
4669070,A3,3.670,-82.0,2.839,0.618
4669090,A1,2.820,-84.1,2.798,0.581
4669100,A2,0.330,-81.7,2.801,0.581
4669220,A3,3.680,-82.6,2.801,0.568
4669240,A1,2.870,-84.3,2.852,0.616
4669250,A2,0.380,-82.3,2.845,0.616
4669370,A3,3.690,-81.8,2.845,0.603
4669390,A1,2.860,-84.0,2.835,0.594
4669400,A2,0.330,-83.0,2.842,0.594
4669520,A3,3.680,-82.5,2.842,0.606
4669540,A1,2.880,-84.3,2.862,0.625
4669550,A2,0.350,-82.5,2.860,0.625
4669670,A3,3.710,-82.6,2.860,0.588
4669690,A1,2.840,-84.0,2.819,0.550
4669700,A2,0.350,-82.1,2.819,0.550
4669820,A3,3.680,-82.3,2.819,0.587
4669840,A1,2.880,-84.0,2.860,0.625
4669850,A2,0.340,-82.6,2.861,0.625
4669970,A3,3.700,-82.0,2.861,0.601
4669990,A1,2.860,-84.1,2.840,0.582
4670000,A2,0.370,-82.9,2.837,0.582
4670120,A3,3.670,-81.7,2.837,0.618
4670140,A1,2.890,-84.4,2.868,0.647
4670150,A2,0.330,-82.5,2.873,0.647
4670270,A3,3.690,-82.2,2.873,0.623
4670290,A1,2.830,-84.0,2.811,0.565
4670300,A2,0.320,-82.4,2.812,0.565
4670420,A3,3.690,-82.4,2.812,0.565
4670440,A1,2.910,-84.5,2.895,0.642
4670450,A2,0.350,-82.8,2.891,0.642
4670570,A3,3.690,-82.6,2.891,0.642
4670590,A1,2.830,-84.2,2.808,0.565
4670600,A2,0.320,-82.1,2.812,0.565
4670870,A3,3.720,-81.8,2.812,0.528
4670890,A1,2.930,-84.2,2.916,0.624
4670900,A2,0.330,-81.9,2.914,0.624
4671020,A3,3.680,-82.1,2.914,0.674
4671040,A1,2.880,-84.2,2.862,0.625
4671050,A2,0.340,-82.7,2.861,0.625
4671170,A3,3.690,-82.0,2.861,0.613
4671190,A1,2.900,-84.2,2.882,0.632
4671200,A2,0.370,-82.8,2.878,0.632
4671320,A3,3.690,-82.0,2.878,0.632
4671340,A1,2.880,-83.6,2.857,0.613
4671350,A2,0.350,-82.8,2.860,0.613
4671470,A3,3.730,-82.3,2.860,0.564
4671490,A1,2.860,-84.2,2.839,0.544
4671500,A2,0.370,-82.4,2.837,0.544
4671640,A1,2.860,-84.4,2.837,0.544
4671650,A2,0.390,-83.0,2.834,0.544
4671790,A1,2.830,-83.7,2.803,0.516
4671800,A2,0.340,-82.6,2.810,0.516
4671920,A3,3.710,-82.1,2.810,0.541
4671940,A1,2.880,-83.9,2.861,0.588
4671950,A2,0.330,-82.3,2.862,0.588
4672070,A3,3.700,-81.7,2.862,0.601
4672090,A1,2.860,-83.5,2.842,0.582
4672100,A2,0.370,-82.3,2.837,0.582
4672220,A3,3.690,-82.5,2.837,0.594
4672240,A1,2.860,-84.0,2.837,0.594
4672250,A2,0.340,-82.2,2.840,0.594
4672370,A3,3.710,-82.6,2.840,0.569
4672390,A1,2.840,-84.2,2.820,0.550
4672400,A2,0.340,-82.1,2.820,0.550
4672520,A3,3.710,-81.8,2.820,0.550
4672540,A1,2.890,-84.1,2.871,0.598
4672550,A2,0.330,-82.5,2.873,0.598
4672670,A3,3.690,-81.5,2.873,0.623
4672690,A1,2.840,-83.9,2.821,0.575
4672700,A2,0.380,-81.8,2.815,0.575
4672820,A3,3.730,-81.7,2.815,0.525
4672840,A1,2.900,-84.0,2.877,0.583
4672850,A2,0.340,-82.4,2.882,0.583
4672970,A3,3.730,-82.0,2.882,0.583
4672990,A1,2.880,-84.3,2.861,0.564
4673000,A2,0.330,-82.0,2.862,0.564
4673120,A3,3.710,-81.9,2.862,0.588
4673140,A1,2.870,-83.6,2.852,0.579
4673150,A2,0.370,-82.1,2.847,0.579
4673270,A3,3.710,-81.7,2.847,0.579
4673290,A1,2.870,-84.3,2.847,0.579
4673300,A2,0.360,-82.3,2.848,0.579
4673420,A3,3.700,-81.7,2.848,0.591
4673440,A1,2.870,-83.8,2.848,0.591
4673450,A2,0.420,-82.9,2.840,0.591
4673570,A3,3.680,-82.2,2.840,0.616
4673590,A1,2.860,-83.7,2.829,0.606
4673600,A2,0.350,-82.8,2.839,0.606
4673720,A3,3.670,-82.1,2.839,0.618
4673740,A1,2.890,-84.3,2.870,0.647
4673750,A2,0.340,-83.2,2.871,0.647
4674020,A3,3.700,-82.2,2.871,0.610
4674040,A1,2.890,-84.2,2.871,0.610
4674050,A2,0.350,-82.4,2.870,0.610
4674170,A3,3.670,-81.6,2.870,0.647
4674190,A1,2.910,-84.2,2.891,0.667
4674200,A2,0.360,-82.1,2.890,0.667
4674320,A3,3.700,-81.4,2.890,0.630
4674340,A1,2.830,-84.2,2.807,0.553
4674350,A2,0.350,-81.9,2.808,0.553
4674470,A3,3.670,-81.5,2.808,0.590
4674490,A1,2.860,-84.0,2.839,0.618
4674500,A2,0.360,-82.5,2.838,0.618
4674620,A3,3.700,-81.7,2.838,0.582
4674640,A1,2.890,-83.8,2.869,0.610
4674650,A2,0.390,-81.9,2.865,0.610
4674770,A3,3.710,-81.4,2.865,0.598
4674790,A1,2.850,-83.8,2.824,0.560
4674800,A2,0.360,-82.2,2.828,0.560
4674920,A3,3.680,-81.8,2.828,0.597
4674940,A1,2.900,-83.8,2.879,0.645
4674950,A2,0.360,-82.4,2.879,0.645
4675070,A3,3.720,-81.9,2.879,0.595
4675090,A1,2.890,-83.8,2.869,0.586
4675100,A2,0.330,-82.1,2.873,0.586
4675220,A3,3.720,-82.1,2.873,0.586
4675240,A1,2.860,-83.6,2.842,0.557
4675250,A2,0.370,-81.9,2.837,0.557
4675370,A3,3.710,-82.0,2.837,0.569
4675390,A1,2.840,-83.8,2.816,0.550
4675400,A2,0.350,-82.4,2.819,0.550
4675520,A3,3.710,-81.9,2.819,0.550
4675540,A1,2.900,-83.6,2.881,0.608
4675550,A2,0.360,-82.3,2.879,0.608
4675670,A3,3.700,-82.1,2.879,0.620
4675690,A1,2.870,-83.6,2.848,0.591
4675700,A2,0.330,-82.0,2.852,0.591
4675820,A3,3.680,-82.1,2.852,0.616
4675840,A1,2.850,-83.6,2.831,0.597
4675850,A2,0.330,-82.1,2.831,0.597
4675970,A3,3.700,-81.4,2.831,0.572
4675990,A1,2.880,-84.1,2.862,0.601
4676000,A2,0.360,-81.9,2.858,0.601
4676120,A3,3.710,-81.4,2.858,0.588
4676140,A1,2.900,-83.7,2.879,0.608
4676150,A2,0.360,-82.0,2.879,0.608
4676270,A3,3.690,-81.9,2.879,0.632
4676290,A1,2.890,-83.9,2.869,0.623
4676300,A2,0.350,-82.5,2.870,0.623
4676420,A3,3.690,-82.1,2.870,0.623
4676440,A1,2.850,-84.2,2.829,0.584
4676450,A2,0.350,-82.7,2.829,0.584
4676570,A3,3.720,-81.3,2.829,0.547
4676590,A1,2.870,-83.9,2.849,0.566
4676600,A2,0.340,-82.4,2.851,0.566
4676720,A3,3.680,-81.9,2.851,0.616
4676740,A1,2.890,-84.1,2.871,0.635
4676750,A2,0.340,-83.0,2.871,0.635
4676870,A3,3.690,-81.8,2.871,0.623
4676890,A1,2.840,-84.1,2.820,0.575
4676900,A2,0.340,-81.9,2.820,0.575
4677170,A3,3.690,-81.4,2.820,0.575
4677190,A1,2.870,-83.7,2.851,0.603
4677200,A2,0.350,-81.9,2.849,0.603
4677320,A3,3.720,-81.5,2.849,0.566
4677340,A1,2.870,-83.7,2.849,0.566
4677350,A2,0.350,-82.0,2.849,0.566
4677470,A3,3.720,-81.6,2.849,0.566
4677490,A1,2.860,-84.3,2.839,0.557
4677500,A2,0.340,-81.8,2.840,0.557
4677620,A3,3.690,-82.0,2.840,0.594
4677640,A1,2.910,-83.7,2.892,0.642
4677650,A2,0.340,-82.3,2.892,0.642
4677770,A3,3.700,-82.2,2.892,0.630
4677790,A1,2.870,-83.7,2.851,0.591
4677800,A2,0.340,-83.1,2.851,0.591
4677920,A3,3.710,-81.7,2.851,0.579
4677940,A1,2.850,-84.1,2.830,0.560
4677950,A2,0.350,-83.0,2.829,0.560
4678070,A3,3.680,-82.0,2.829,0.597
4678090,A1,2.880,-84.2,2.860,0.625
4678100,A2,0.340,-82.3,2.861,0.625
4678220,A3,3.700,-82.0,2.861,0.601
4678240,A1,2.870,-84.2,2.851,0.591
4678250,A2,0.370,-81.9,2.847,0.591
4678370,A3,3.680,-81.7,2.847,0.616
4678390,A1,2.900,-84.2,2.878,0.645
4678400,A2,0.330,-82.0,2.883,0.645
4678520,A3,3.700,-81.7,2.883,0.620
4678540,A1,2.830,-87.7,2.811,0.553
4678550,A2,0.320,-82.6,2.812,0.553
4678670,A3,3.690,-82.1,2.812,0.565
4678690,A1,2.890,-83.4,2.874,0.623
4678700,A2,0.350,-83.1,2.870,0.623
4678820,A3,3.650,-82.9,2.870,0.672
4678840,A1,2.840,-83.7,2.819,0.624
4678850,A2,0.360,-81.9,2.817,0.624
4678970,A3,3.680,-82.5,2.817,0.587
4678990,A1,2.900,-84.0,2.879,0.645
4679000,A2,0.380,-82.2,2.877,0.645
4679120,A3,3.680,-81.8,2.877,0.645
4679140,A1,2.870,-84.1,2.845,0.616
4679150,A2,0.350,-82.2,2.849,0.616
4679270,A3,3.670,-81.7,2.849,0.628
4679290,A1,2.910,-84.1,2.891,0.667
4679300,A2,0.350,-82.1,2.891,0.667
4679420,A3,3.700,-81.9,2.891,0.630
4679440,A1,2.850,-83.9,2.829,0.572
4679450,A2,0.370,-83.0,2.826,0.572
4679570,A3,3.670,-83.9,2.826,0.609
4679590,A1,2.880,-84.7,2.857,0.638
4679600,A2,0.350,-82.4,2.860,0.638
4679720,A3,3.730,-82.1,2.860,0.564
4679740,A1,2.840,-84.1,2.819,0.525
4679750,A2,0.360,-82.6,2.817,0.525
4679870,A3,3.710,-81.7,2.817,0.550
4679890,A1,2.920,-83.9,2.900,0.627
4679900,A2,0.330,-83.2,2.904,0.627
4680020,A3,3.700,-82.0,2.904,0.639
4680040,A1,2.800,-83.7,2.780,0.525
4680050,A2,0.360,-81.9,2.777,0.525
4680320,A3,3.720,-81.7,2.777,0.500
4680340,A1,2.820,-84.3,2.797,0.519
4680350,A2,0.370,-82.7,2.796,0.519
4680470,A3,3.700,-82.4,2.796,0.544
4680490,A1,2.840,-84.4,2.816,0.563
4680500,A2,0.340,-82.4,2.820,0.563
4680620,A3,3.720,-81.7,2.820,0.538
4680640,A1,2.850,-83.7,2.830,0.547
4680650,A2,0.360,-82.7,2.828,0.547
4680770,A3,3.680,-82.2,2.828,0.597
4680790,A1,2.850,-83.6,2.828,0.597
4680800,A2,0.350,-82.0,2.829,0.597
4680920,A3,3.690,-81.8,2.829,0.584
4680940,A1,2.850,-84.3,2.829,0.584
4680950,A2,0.360,-82.4,2.828,0.584
4681070,A3,3.700,-82.6,2.828,0.572
4681090,A1,2.870,-84.6,2.848,0.591
4681100,A2,0.340,-82.9,2.851,0.591
4681220,A3,3.700,-82.2,2.851,0.591
4681240,A1,2.860,-84.3,2.840,0.582
4681250,A2,0.380,-82.3,2.835,0.582
4681370,A3,3.700,-81.9,2.835,0.582
4681390,A1,2.900,-84.0,2.877,0.620
4681400,A2,0.320,-83.1,2.884,0.620
4681520,A3,3.690,-81.8,2.884,0.632
4681540,A1,2.890,-83.6,2.874,0.623
4681550,A2,0.340,-82.7,2.871,0.623
4681670,A3,3.700,-82.0,2.871,0.610
4681690,A1,2.870,-83.7,2.851,0.591
4681700,A2,0.340,-82.5,2.851,0.591
4681820,A3,3.700,-81.7,2.851,0.591
4681840,A1,2.910,-83.7,2.892,0.630
4681850,A2,0.410,-83.1,2.883,0.630
4681970,A3,3.670,-82.2,2.883,0.667
4681990,A1,2.830,-83.7,2.800,0.590
4682000,A2,0.350,-82.1,2.808,0.590
4682120,A3,3.690,-81.9,2.808,0.565
4682140,A1,2.850,-84.1,2.829,0.584
4682150,A2,0.370,-82.2,2.826,0.584
4682270,A3,3.690,-81.8,2.826,0.584
4682290,A1,2.900,-83.8,2.878,0.632
4682300,A2,0.340,-82.5,2.882,0.632
4682420,A3,3.680,-82.0,2.882,0.645
4682440,A1,2.840,-83.7,2.820,0.587
4682450,A2,0.340,-82.8,2.820,0.587
4682570,A3,3.720,-82.6,2.820,0.538
4682590,A1,2.850,-83.8,2.830,0.547
4682600,A2,0.330,-81.8,2.831,0.547
4682720,A3,3.660,-81.9,2.831,0.621
4682740,A1,2.870,-84.2,2.852,0.640
4682750,A2,0.360,-81.9,2.848,0.640
4682870,A3,3.680,-82.8,2.848,0.616
4682890,A1,2.900,-84.2,2.879,0.645
4682900,A2,0.320,-81.8,2.884,0.645
4683020,A3,3.710,-81.8,2.884,0.608
4683040,A1,2.850,-84.4,2.832,0.560
4683470,A3,3.670,-82.7,2.832,0.609
4683490,A1,2.890,-84.6,2.874,0.647
4683500,A2,0.350,-82.9,2.870,0.647
4683620,A3,3.690,-82.3,2.870,0.623
4683640,A1,2.830,-84.3,2.808,0.565
4683650,A2,0.350,-82.4,2.808,0.565
4683770,A3,3.680,-82.7,2.808,0.578
4683790,A1,2.850,-84.7,2.829,0.597
4683800,A2,0.370,-82.8,2.826,0.597
4683920,A3,3.680,-81.9,2.826,0.597
4683940,A1,2.850,-83.9,2.826,0.597
4683950,A2,0.340,-82.6,2.830,0.597
4684070,A3,3.680,-82.4,2.830,0.597
4684090,A1,2.870,-84.5,2.851,0.616
4684100,A2,0.330,-82.1,2.852,0.616
4684220,A3,3.680,-82.0,2.852,0.616
4684240,A1,2.890,-84.0,2.873,0.635
4684250,A2,0.340,-83.1,2.871,0.635
4684370,A3,3.680,-82.0,2.871,0.635
4684390,A1,2.850,-84.4,2.830,0.597
4684400,A2,0.400,-82.6,2.822,0.597
4684520,A3,3.670,-82.6,2.822,0.609
4684540,A1,2.880,-84.5,2.853,0.638
4684550,A2,0.350,-82.0,2.860,0.638
4684670,A3,3.680,-82.8,2.860,0.625
4684690,A1,2.810,-84.3,2.788,0.559
4684700,A2,0.320,-81.7,2.792,0.559
4684820,A3,3.670,-82.8,2.792,0.571
4684840,A1,2.890,-84.2,2.874,0.647
4684850,A2,0.370,-82.0,2.868,0.647
4684970,A3,3.710,-82.0,2.868,0.598
4684990,A1,2.840,-84.2,2.816,0.550
4685000,A2,0.320,-82.1,2.822,0.550
4685120,A3,3.660,-82.6,2.822,0.612
4685420,A3,3.710,-81.6,2.822,0.550
4685440,A1,2.890,-83.1,2.874,0.598
4685450,A2,0.350,-82.9,2.870,0.598
4685570,A3,3.720,-81.8,2.870,0.586
4685590,A1,2.870,-83.1,2.849,0.566
4685600,A2,0.360,-82.6,2.848,0.566
4685720,A3,3.710,-82.2,2.848,0.579
4685740,A1,2.850,-83.4,2.828,0.560
4685750,A2,0.350,-82.4,2.829,0.560
4685870,A3,3.710,-82.1,2.829,0.560
4685890,A1,2.890,-83.2,2.870,0.598
4685900,A2,0.370,-83.0,2.868,0.598
4686020,A3,3.700,-81.9,2.868,0.610
4686040,A1,2.920,-83.6,2.899,0.639
4686050,A2,0.350,-82.4,2.901,0.639
4686170,A3,3.700,-81.8,2.901,0.639
4686190,A1,2.820,-83.2,2.798,0.544
4686200,A2,0.340,-83.0,2.799,0.544
4686320,A3,3.680,-81.7,2.799,0.568
4686340,A1,2.890,-83.5,2.871,0.635
4686350,A2,0.380,-82.5,2.866,0.635
4686620,A3,3.710,-82.3,2.866,0.598
4686640,A1,2.890,-83.7,2.866,0.598
4686650,A2,0.350,-82.2,2.870,0.598
4686770,A3,3.680,-82.3,2.870,0.635
4686790,A1,2.880,-83.4,2.860,0.625
4686800,A2,0.340,-81.8,2.861,0.625
4686920,A3,3.700,-82.3,2.861,0.601
4686940,A1,2.830,-84.3,2.810,0.553
4686950,A2,0.350,-82.8,2.808,0.553
4687070,A3,3.710,-82.8,2.808,0.541
4687090,A1,2.850,-84.1,2.829,0.560
4687100,A2,0.350,-82.5,2.829,0.560
4687220,A3,3.700,-82.7,2.829,0.572
4687240,A1,2.920,-84.4,2.901,0.639
4687250,A2,0.330,-83.1,2.904,0.639
4687370,A3,3.690,-82.1,2.904,0.652
4687390,A1,2.840,-83.8,2.821,0.575
4687400,A2,0.370,-82.3,2.816,0.575
4687520,A3,3.710,-82.1,2.816,0.550
4687540,A1,2.890,-83.9,2.868,0.598
4687550,A2,0.330,-82.4,2.873,0.598
4687670,A3,3.700,-82.1,2.873,0.610
4687690,A1,2.840,-83.8,2.821,0.563
4687700,A2,0.340,-83.1,2.820,0.563
4687820,A3,3.730,-82.0,2.820,0.525
4687840,A1,2.820,-84.0,2.799,0.507
4687850,A2,0.330,-83.0,2.801,0.507
4687970,A3,3.680,-82.0,2.801,0.568
4687990,A1,2.890,-83.4,2.873,0.635
4688000,A2,0.340,-82.8,2.871,0.635
4688120,A3,3.700,-82.4,2.871,0.610
4688140,A1,2.840,-84.0,2.820,0.563
4688150,A2,0.330,-82.9,2.821,0.563
4688270,A3,3.710,-81.8,2.821,0.550
4688290,A1,2.870,-83.9,2.852,0.579
4688300,A2,0.360,-82.6,2.848,0.579
4688420,A3,3.700,-82.2,2.848,0.591
4688440,A1,2.910,-83.7,2.890,0.630
4688450,A2,0.340,-83.1,2.892,0.630
4688570,A3,3.710,-82.3,2.892,0.617
4688590,A1,2.850,-84.0,2.830,0.560
4688600,A2,0.330,-82.6,2.831,0.560
4688720,A3,3.720,-82.4,2.831,0.547
4688740,A1,2.890,-83.6,2.873,0.586
4688750,A2,0.350,-82.2,2.870,0.586
4688870,A3,3.700,-81.9,2.870,0.610
4688890,A1,2.830,-83.9,2.808,0.553
4688900,A2,0.330,-82.8,2.811,0.553
4689020,A3,3.720,-82.3,2.811,0.528
4689040,A1,2.880,-83.9,2.862,0.576
4689050,A2,0.360,-82.1,2.858,0.576
4689170,A3,3.680,-81.6,2.858,0.625
4689190,A1,2.870,-83.9,2.848,0.616
4689200,A2,0.380,-82.2,2.845,0.616
4689320,A3,3.690,-81.6,2.845,0.603
4689340,A1,2.840,-83.9,2.815,0.575
4689350,A2,0.380,-82.7,2.815,0.575
4689470,A3,3.710,-81.6,2.815,0.550
4689490,A1,2.840,-84.0,2.815,0.550
4689500,A2,0.380,-82.1,2.815,0.550
4689770,A3,3.710,-81.8,2.815,0.550
4689790,A1,2.840,-84.2,2.815,0.550
4689800,A2,0.340,-82.3,2.820,0.550
4689920,A3,3.700,-82.4,2.820,0.563
4689940,A1,2.890,-83.9,2.871,0.610
4689950,A2,0.330,-82.8,2.873,0.610
4690070,A3,3.690,-82.6,2.873,0.623
4690090,A1,2.860,-84.3,2.842,0.594
4690100,A2,0.330,-82.3,2.842,0.594
4690220,A3,3.690,-82.2,2.842,0.594
4690240,A1,2.870,-83.8,2.852,0.603
4690250,A2,0.360,-82.8,2.848,0.603
4690370,A3,3.690,-82.4,2.848,0.603
4690390,A1,2.870,-84.3,2.848,0.603
4690400,A2,0.340,-82.9,2.851,0.603
4690520,A3,3.700,-81.8,2.851,0.591
4690540,A1,2.890,-84.5,2.871,0.610
4690550,A2,0.340,-82.9,2.871,0.610
4690670,A3,3.710,-82.5,2.871,0.598
4690690,A1,2.830,-84.1,2.810,0.541
4690700,A2,0.380,-82.3,2.804,0.541
4690840,A1,2.890,-84.3,2.866,0.598
4690850,A2,0.380,-82.4,2.866,0.598
4690990,A1,2.840,-84.1,2.815,0.550
4691000,A2,0.340,-82.9,2.820,0.550
4691120,A3,3.730,-82.5,2.820,0.525
4691140,A1,2.890,-84.5,2.871,0.573
4691150,A2,0.410,-83.2,2.862,0.573
4691270,A3,3.680,-82.0,2.862,0.635
4691290,A1,2.800,-84.2,2.770,0.550
4691300,A2,0.330,-83.0,2.780,0.550
4691420,A3,3.700,-83.2,2.780,0.525
4691440,A1,2.880,-84.6,2.862,0.601
4691450,A2,0.330,-82.7,2.862,0.601
4691570,A3,3.710,-82.6,2.862,0.588
4691590,A1,2.850,-83.9,2.831,0.560
4691600,A2,0.360,-82.6,2.828,0.560
4691720,A3,3.690,-82.6,2.828,0.584
4691740,A1,2.870,-84.3,2.848,0.603
4691750,A2,0.410,-82.7,2.841,0.603
4691870,A3,3.700,-81.9,2.841,0.591
4691890,A1,2.820,-84.1,2.790,0.544
4691900,A2,0.330,-82.4,2.801,0.544
4692020,A3,3.700,-82.8,2.801,0.544
4692040,A1,2.860,-84.0,2.842,0.582
4692050,A2,0.360,-82.3,2.838,0.582
4692170,A3,3.690,-82.9,2.838,0.594
4692190,A1,2.880,-84.2,2.858,0.613
4692200,A2,0.330,-82.5,2.862,0.613
4692320,A3,3.720,-82.8,2.862,0.576
4692340,A1,2.870,-84.3,2.852,0.566
4692350,A2,0.340,-82.1,2.851,0.566
4692470,A3,3.670,-82.0,2.851,0.628
4692490,A1,2.850,-84.2,2.830,0.609
4692500,A2,0.340,-82.5,2.830,0.609
4692620,A3,3.680,-82.1,2.830,0.597
4692640,A1,2.890,-84.1,2.871,0.635
4692650,A2,0.330,-83.1,2.873,0.635
4692920,A3,3.690,-82.1,2.873,0.623
4692940,A1,2.830,-83.9,2.811,0.565
4692950,A2,0.340,-82.6,2.810,0.565
4693070,A3,3.700,-82.5,2.810,0.553
4693090,A1,2.890,-84.1,2.871,0.610
4693100,A2,0.320,-81.9,2.874,0.610
4693220,A3,3.730,-82.0,2.874,0.573
4693240,A1,2.910,-84.0,2.895,0.593
4693250,A2,0.330,-82.8,2.893,0.593
4693370,A3,3.680,-81.9,2.893,0.654
4693390,A1,2.860,-84.2,2.842,0.606
4693400,A2,0.400,-82.1,2.832,0.606
4693520,A3,3.710,-81.8,2.832,0.569
4693540,A1,2.870,-83.9,2.843,0.579
4693550,A2,0.400,-82.8,2.843,0.579
4693670,A3,3.720,-82.1,2.843,0.566
4693690,A1,2.900,-83.8,2.874,0.595
4693700,A2,0.350,-82.9,2.881,0.595
4693820,A3,3.680,-82.5,2.881,0.645
4693840,A1,2.840,-84.2,2.819,0.587
4693850,A2,0.340,-82.3,2.820,0.587
4693970,A3,3.690,-82.4,2.820,0.575
4693990,A1,2.890,-84.0,2.871,0.623
4694000,A2,0.330,-81.9,2.873,0.623
4694120,A3,3.690,-82.6,2.873,0.623
4694140,A1,2.840,-84.3,2.821,0.575
4694150,A2,0.390,-82.3,2.813,0.575
4694270,A3,3.700,-82.5,2.813,0.563
4694290,A1,2.890,-84.1,2.865,0.610
4694300,A2,0.370,-82.0,2.868,0.610
4694420,A3,3.720,-82.2,2.868,0.586
4694440,A1,2.850,-83.9,2.826,0.547
4694450,A2,0.340,-82.1,2.830,0.547
4694570,A3,3.730,-81.9,2.830,0.535
4694590,A1,2.880,-84.1,2.861,0.564
4694600,A2,0.330,-82.7,2.862,0.564
4694720,A3,3.680,-82.6,2.862,0.625
4694740,A1,2.840,-83.7,2.821,0.587
4694750,A2,0.320,-82.0,2.822,0.587
4694870,A3,3.710,-82.1,2.822,0.550
4694890,A1,2.850,-83.8,2.832,0.560
4694900,A2,0.340,-82.6,2.830,0.560
4695020,A3,3.670,-81.5,2.830,0.609
4695040,A1,2.870,-83.6,2.851,0.628
4695050,A2,0.350,-82.1,2.849,0.628
4695170,A3,3.720,-82.3,2.849,0.566
4695190,A1,2.870,-83.8,2.849,0.566
4695200,A2,0.350,-82.3,2.849,0.566
4695320,A3,3.690,-81.5,2.849,0.603
4695340,A1,2.900,-83.6,2.881,0.632
4695350,A2,0.320,-83.1,2.884,0.632
4695470,A3,3.710,-82.3,2.884,0.608
4695490,A1,2.870,-83.5,2.853,0.579
4695500,A2,0.340,-81.9,2.851,0.579
4695620,A3,3.690,-82.1,2.851,0.603
4695640,A1,2.840,-83.2,2.820,0.575
4695650,A2,0.350,-82.6,2.819,0.575
4695770,A3,3.690,-82.1,2.819,0.575
4695790,A1,2.870,-83.6,2.849,0.603
4695800,A2,0.370,-83.0,2.847,0.603
4696070,A3,3.700,-81.9,2.847,0.591
4696090,A1,2.890,-83.7,2.868,0.610
4696100,A2,0.390,-83.0,2.865,0.610
4696220,A3,3.680,-81.7,2.865,0.635
4696240,A1,2.870,-83.7,2.844,0.616
4696250,A2,0.330,-83.1,2.852,0.616
4696370,A3,3.710,-81.5,2.852,0.579
4696390,A1,2.890,-83.7,2.873,0.598
4696400,A2,0.350,-82.6,2.870,0.598
4696520,A3,3.690,-81.5,2.870,0.623
4696540,A1,2.900,-83.3,2.881,0.632
4696550,A2,0.330,-83.0,2.883,0.632
4696670,A3,3.720,-84.2,2.883,0.595
4696690,A1,2.910,-84.0,2.893,0.605
4696700,A2,0.370,-82.8,2.888,0.605
4696820,A3,3.690,-81.9,2.888,0.642
4696840,A1,2.880,-83.5,2.857,0.613
4696850,A2,0.330,-82.4,2.862,0.613
4696970,A3,3.700,-81.9,2.862,0.601
4696990,A1,2.880,-83.7,2.862,0.601
4697000,A2,0.350,-82.6,2.860,0.601
4697120,A3,3.680,-82.1,2.860,0.625
4697140,A1,2.890,-83.6,2.870,0.635
4697150,A2,0.360,-82.5,2.869,0.635
4697270,A3,3.710,-81.6,2.869,0.598
4697290,A1,2.870,-83.9,2.848,0.579
4697300,A2,0.350,-82.6,2.849,0.579
4697420,A3,3.700,-82.2,2.849,0.591
4697440,A1,2.900,-83.5,2.881,0.620
4697450,A2,0.340,-82.3,2.882,0.620
4697570,A3,3.720,-82.2,2.882,0.595
4697590,A1,2.840,-83.5,2.820,0.538
4697870,A3,3.690,-82.5,2.820,0.575
4697890,A1,2.880,-83.6,2.861,0.613
4697900,A2,0.340,-82.1,2.861,0.613
4698020,A3,3.690,-81.6,2.861,0.613
4698040,A1,2.880,-83.4,2.861,0.613
4698050,A2,0.340,-82.4,2.861,0.613
4698170,A3,3.700,-81.4,2.861,0.601
4698190,A1,2.900,-83.1,2.882,0.620
4698200,A2,0.350,-82.7,2.881,0.620
4698340,A1,2.880,-83.2,2.860,0.601
4698350,A2,0.340,-82.8,2.861,0.601
4698490,A1,2.830,-83.5,2.810,0.553
4698500,A2,0.360,-83.0,2.807,0.553
4698620,A3,3.700,-81.8,2.807,0.553
4698640,A1,2.900,-83.6,2.879,0.620
4698650,A2,0.320,-82.6,2.884,0.620
4698770,A3,3.710,-81.9,2.884,0.608
4698790,A1,2.810,-83.2,2.792,0.522
4698800,A2,0.340,-82.6,2.789,0.522
4698920,A3,3.720,-81.8,2.789,0.510
4698940,A1,2.870,-83.4,2.851,0.566
4698950,A2,0.350,-81.8,2.849,0.566
4699220,A3,3.710,-81.4,2.849,0.579
4699240,A1,2.870,-83.4,2.849,0.579
4699250,A2,0.350,-82.5,2.849,0.579
4699370,A3,3.710,-81.8,2.849,0.579
4699390,A1,2.880,-83.2,2.860,0.588
4699400,A2,0.320,-82.6,2.863,0.588
4699520,A3,3.710,-81.5,2.863,0.588
4699540,A1,2.920,-83.6,2.905,0.627
4699550,A2,0.350,-82.6,2.901,0.627
4699670,A3,3.710,-81.8,2.901,0.627
4699690,A1,2.860,-83.2,2.839,0.569
4699700,A2,0.340,-82.2,2.840,0.569
4699820,A3,3.720,-81.6,2.840,0.557
4699840,A1,2.880,-83.5,2.861,0.576
4699850,A2,0.360,-82.5,2.858,0.576
4699970,A3,3.690,-82.2,2.858,0.613
4699990,A1,2.880,-83.3,2.858,0.613
4700000,A2,0.380,-82.1,2.856,0.613
4700120,A3,3.700,-81.9,2.856,0.601
4700140,A1,2.850,-83.4,2.825,0.572
4700150,A2,0.340,-82.7,2.830,0.572
4700270,A3,3.700,-82.0,2.830,0.572
4700290,A1,2.910,-83.2,2.892,0.630
4700300,A2,0.350,-83.0,2.891,0.630
4700420,A3,3.700,-81.5,2.891,0.630
4700440,A1,2.850,-83.3,2.829,0.572
4700450,A2,0.330,-81.9,2.831,0.572
4700570,A3,3.730,-81.7,2.831,0.535
4700590,A1,2.900,-83.5,2.883,0.583
4700600,A2,0.320,-83.0,2.884,0.583
4700720,A3,3.720,-81.6,2.884,0.595
4700740,A1,2.850,-87.5,2.832,0.547
4700750,A2,0.350,-82.0,2.829,0.547
4700870,A3,3.680,-82.1,2.829,0.597
4700890,A1,2.900,-83.5,2.881,0.645
4700900,A2,0.360,-82.4,2.879,0.645
4701020,A3,3.690,-81.8,2.879,0.632
4701040,A1,2.890,-83.3,2.869,0.623
4701050,A2,0.340,-82.0,2.871,0.623
4701170,A3,3.710,-81.6,2.871,0.598
4701190,A1,2.900,-83.0,2.882,0.608
4701200,A2,0.370,-82.0,2.878,0.608
4701320,A3,3.690,-81.6,2.878,0.632
4701340,A1,2.870,-83.2,2.847,0.603
4701350,A2,0.330,-83.1,2.852,0.603
4701470,A3,3.690,-82.1,2.852,0.603
4701490,A1,2.890,-83.3,2.873,0.623
4701500,A2,0.370,-82.5,2.868,0.623
4701620,A3,3.700,-81.8,2.868,0.610
4701640,A1,2.880,-83.4,2.857,0.601
4701650,A2,0.340,-82.1,2.861,0.601
4701770,A3,3.720,-81.4,2.861,0.576
4701790,A1,2.850,-83.1,2.830,0.547
4701800,A2,0.330,-82.1,2.831,0.547
4701920,A3,3.710,-81.7,2.831,0.560
4701940,A1,2.890,-83.4,2.873,0.598
4701950,A2,0.390,-82.1,2.865,0.598
4702070,A3,3.710,-81.4,2.865,0.598
4702090,A1,2.900,-83.1,2.875,0.608
4702100,A2,0.350,-82.0,2.881,0.608
4702370,A3,3.730,-81.4,2.881,0.583
4702390,A1,2.890,-83.3,2.870,0.573
4702400,A2,0.340,-81.9,2.871,0.573
4702520,A3,3.690,-82.1,2.871,0.623
4702540,A1,2.870,-83.3,2.851,0.603
4702550,A2,0.350,-82.8,2.849,0.603
4702670,A3,3.700,-81.5,2.849,0.591
4702690,A1,2.900,-83.2,2.881,0.620
4702700,A2,0.330,-81.9,2.883,0.620
4702820,A3,3.730,-81.9,2.883,0.583
4702840,A1,2.920,-83.1,2.904,0.602
4702850,A2,0.330,-81.8,2.904,0.602
4702970,A3,3.680,-81.9,2.904,0.664
4702990,A1,2.890,-83.3,2.873,0.635
4703000,A2,0.340,-82.5,2.871,0.635
4703120,A3,3.710,-81.5,2.871,0.598
4703140,A1,2.850,-83.4,2.830,0.560
4703150,A2,0.350,-82.5,2.829,0.560
4703270,A3,3.720,-81.7,2.829,0.547
4703290,A1,2.880,-83.0,2.860,0.576
4703300,A2,0.360,-82.1,2.858,0.576
4703420,A3,3.690,-81.4,2.858,0.613
4703440,A1,2.860,-83.4,2.838,0.594
4703450,A2,0.330,-82.7,2.842,0.594
4703570,A3,3.720,-81.5,2.842,0.557
4703590,A1,2.890,-83.1,2.873,0.586
4703600,A2,0.360,-82.2,2.869,0.586
4703720,A3,3.710,-81.6,2.869,0.598
4703740,A1,2.920,-83.2,2.900,0.627
4703750,A2,0.330,-82.9,2.904,0.627
4703870,A3,3.700,-82.2,2.904,0.639
4703890,A1,2.860,-83.4,2.842,0.582
4703900,A2,0.410,-82.6,2.831,0.582
4704020,A3,3.720,-81.6,2.831,0.557
4704040,A1,2.900,-83.1,2.872,0.595
4704050,A2,0.350,-82.6,2.881,0.595
4704170,A3,3.690,-81.9,2.881,0.632
4704190,A1,2.890,-83.4,2.870,0.623
4704200,A2,0.330,-82.5,2.873,0.623
4704320,A3,3.720,-81.6,2.873,0.586
4704340,A1,2.870,-83.2,2.852,0.566
4704350,A2,0.330,-82.3,2.852,0.566
4704470,A3,3.690,-81.8,2.852,0.603
4704490,A1,2.900,-83.3,2.883,0.632
4704500,A2,0.340,-82.9,2.882,0.632
4704620,A3,3.710,-81.6,2.882,0.608
4704640,A1,2.910,-83.0,2.892,0.617
4704650,A2,0.350,-83.0,2.891,0.617
4704770,A3,3.700,-81.5,2.891,0.630
4704790,A1,2.870,-83.2,2.849,0.591
4704800,A2,0.350,-82.1,2.849,0.591
4704920,A3,3.740,-81.7,2.849,0.542
4704940,A1,2.880,-83.1,2.860,0.551
4704950,A2,0.330,-82.4,2.862,0.551
4705070,A3,3.700,-81.5,2.862,0.601
4705090,A1,2.840,-83.4,2.821,0.563
4705100,A2,0.320,-82.8,2.822,0.563
4705220,A3,3.750,-82.1,2.822,0.501
4705240,A1,2.900,-83.5,2.884,0.558
4705250,A2,0.330,-82.4,2.883,0.558
4705520,A3,3.700,-81.6,2.883,0.620
4705540,A1,2.900,-83.4,2.883,0.620
4705550,A2,0.380,-82.7,2.877,0.620
4705670,A3,3.700,-82.4,2.877,0.620
4705690,A1,2.940,-83.3,2.919,0.659
4705700,A2,0.390,-82.7,2.917,0.659
4705820,A3,3.700,-82.0,2.917,0.659
4705840,A1,2.840,-87.3,2.813,0.563
4705850,A2,0.320,-82.1,2.822,0.563
4705970,A3,3.720,-81.8,2.822,0.538
4705990,A1,2.840,-86.8,2.822,0.538
4706000,A2,0.350,-82.7,2.819,0.538
4706120,A3,3.700,-81.6,2.819,0.563
4706140,A1,2.860,-83.4,2.839,0.582
4706150,A2,0.350,-83.3,2.839,0.582
4706270,A3,3.700,-81.6,2.839,0.582
4706290,A1,2.870,-83.5,2.849,0.591
4706300,A2,0.350,-82.3,2.849,0.591
4706420,A3,3.720,-82.1,2.849,0.566
4706440,A1,2.910,-83.4,2.891,0.605
4706450,A2,0.370,-83.2,2.888,0.605
4706570,A3,3.730,-81.4,2.888,0.593
4706590,A1,2.890,-83.2,2.868,0.573
4706600,A2,0.330,-82.2,2.873,0.573
4706720,A3,3.690,-82.1,2.873,0.623
4706740,A1,2.890,-83.4,2.873,0.623
4706750,A2,0.330,-83.1,2.873,0.623
4706870,A3,3.720,-81.4,2.873,0.586
4706890,A1,2.820,-83.4,2.801,0.519
4706900,A2,0.340,-82.9,2.799,0.519
4707020,A3,3.730,-81.5,2.799,0.507
4707040,A1,2.890,-83.6,2.871,0.573
4707050,A2,0.350,-83.3,2.870,0.573
4707170,A3,3.700,-81.6,2.870,0.610
4707190,A1,2.840,-83.5,2.819,0.563
4707200,A2,0.360,-82.4,2.817,0.563
4707320,A3,3.700,-84.4,2.817,0.563
4707340,A1,2.880,-84.1,2.858,0.601
4707350,A2,0.370,-82.8,2.857,0.601
4707470,A3,3.690,-81.6,2.857,0.613
4707490,A1,2.920,-87.0,2.899,0.652
4707500,A2,0.360,-82.6,2.900,0.652
4707620,A3,3.700,-81.4,2.900,0.639
4707640,A1,2.840,-83.3,2.817,0.563
4707650,A2,0.340,-82.1,2.820,0.563
4707770,A3,3.710,-82.1,2.820,0.550
4707790,A1,2.900,-83.4,2.882,0.608
4707800,A2,0.340,-83.1,2.882,0.608
4707920,A3,3.730,-81.4,2.882,0.583
4707940,A1,2.810,-83.4,2.789,0.497
4707950,A2,0.330,-83.1,2.791,0.497
4708070,A3,3.710,-81.8,2.791,0.522
4708090,A1,2.860,-83.3,2.842,0.569
4708100,A2,0.360,-82.6,2.838,0.569
4708220,A3,3.700,-82.0,2.838,0.582
4708240,A1,2.880,-83.4,2.858,0.601
4708250,A2,0.380,-82.5,2.856,0.601
4708370,A3,3.710,-82.2,2.856,0.588
4708390,A1,2.890,-83.5,2.866,0.598
4708400,A2,0.330,-82.7,2.873,0.598
4708670,A3,3.720,-81.4,2.873,0.586
4708690,A1,2.900,-83.7,2.883,0.595
4708700,A2,0.330,-82.3,2.883,0.595
4708820,A3,3.700,-81.4,2.883,0.620
4708840,A1,2.910,-87.4,2.893,0.630
4708850,A2,0.330,-82.9,2.893,0.630
4708970,A3,3.710,-81.8,2.893,0.617
4708990,A1,2.890,-87.9,2.873,0.598
4709000,A2,0.350,-83.0,2.870,0.598
4709120,A3,3.690,-81.9,2.870,0.623
4709140,A1,2.830,-83.7,2.808,0.565
4709150,A2,0.360,-82.1,2.807,0.565
4709270,A3,3.710,-82.1,2.807,0.541
4709290,A1,2.890,-83.6,2.869,0.598
4709300,A2,0.360,-82.4,2.869,0.598
4709420,A3,3.730,-82.0,2.869,0.573
4709440,A1,2.890,-83.6,2.869,0.573
4709450,A2,0.340,-82.4,2.871,0.573
4709570,A3,3.690,-81.8,2.871,0.623
4709590,A1,2.890,-83.4,2.871,0.623
4709600,A2,0.310,-83.0,2.875,0.623
4709720,A3,3.690,-81.5,2.875,0.623
4709740,A1,2.880,-83.5,2.865,0.613
4709750,A2,0.320,-82.5,2.863,0.613
4709870,A3,3.700,-81.5,2.863,0.601
4709890,A1,2.870,-83.5,2.853,0.591
4709900,A2,0.330,-82.2,2.852,0.591
4710020,A3,3.690,-82.0,2.852,0.603
4710040,A1,2.910,-83.8,2.893,0.642
4710050,A2,0.350,-83.1,2.891,0.642
4710170,A3,3.730,-81.5,2.891,0.593
4710190,A1,2.840,-83.8,2.819,0.525
4710200,A2,0.320,-82.2,2.822,0.525
4710320,A3,3.700,-81.5,2.822,0.563
4710340,A1,2.900,-83.2,2.884,0.620
4710350,A2,0.350,-82.9,2.881,0.620
4710470,A3,3.700,-82.1,2.881,0.620
4710490,A1,2.840,-83.5,2.819,0.563
4710500,A2,0.340,-82.8,2.820,0.563
4710620,A3,3.730,-81.3,2.820,0.525
4710640,A1,2.890,-83.5,2.871,0.573
4710650,A2,0.350,-82.6,2.870,0.573
4710770,A3,3.710,-81.7,2.870,0.598
4710790,A1,2.890,-83.6,2.870,0.598
4710800,A2,0.330,-83.0,2.873,0.598
4710920,A3,3.720,-81.6,2.873,0.586
4710940,A1,2.880,-83.4,2.862,0.576
4710950,A2,0.350,-82.2,2.860,0.576
4711070,A3,3.720,-81.6,2.860,0.576
4711090,A1,2.900,-83.8,2.881,0.595
4711100,A2,0.350,-82.0,2.881,0.595
4711220,A3,3.730,-81.7,2.881,0.583
4711240,A1,2.870,-83.4,2.849,0.554
4711250,A2,0.350,-81.9,2.849,0.554
4711370,A3,3.730,-81.4,2.849,0.554
4711390,A1,2.880,-83.7,2.860,0.564
4711400,A2,0.390,-82.9,2.854,0.564
4711520,A3,3.700,-82.1,2.854,0.601
4711540,A1,2.900,-83.3,2.875,0.620
4711550,A2,0.360,-82.9,2.879,0.620
4711820,A3,3.700,-81.6,2.879,0.620
4711840,A1,2.840,-83.2,2.817,0.563
4711850,A2,0.330,-82.8,2.821,0.563
4711970,A3,3.700,-81.6,2.821,0.563
4711990,A1,2.880,-83.7,2.862,0.601
4712000,A2,0.350,-82.8,2.860,0.601
4712120,A3,3.690,-81.6,2.860,0.613
4712140,A1,2.900,-84.0,2.881,0.632
4712150,A2,0.320,-82.3,2.884,0.632
4712270,A3,3.700,-81.3,2.884,0.620
4712290,A1,2.860,-83.5,2.843,0.582
4712300,A2,0.330,-81.9,2.842,0.582
4712420,A3,3.690,-81.8,2.842,0.594
4712440,A1,2.910,-83.8,2.893,0.642
4712450,A2,0.380,-83.0,2.887,0.642
4712570,A3,3.710,-81.3,2.887,0.617
4712590,A1,2.830,-83.8,2.804,0.541
4712870,A3,3.710,-82.0,2.804,0.541
4712890,A1,2.920,-83.8,2.898,0.627
4712900,A2,0.350,-82.4,2.901,0.627
4713020,A3,3.700,-81.7,2.901,0.639
4713040,A1,2.880,-83.8,2.860,0.601
4713050,A2,0.370,-82.0,2.857,0.601
4713170,A3,3.700,-81.9,2.857,0.601
4713190,A1,2.910,-83.4,2.888,0.630
4713200,A2,0.320,-83.1,2.895,0.630
4713320,A3,3.700,-81.5,2.895,0.630
4713340,A1,2.820,-83.6,2.802,0.544
4713350,A2,0.370,-83.1,2.796,0.544
4713470,A3,3.720,-81.6,2.796,0.519
4713490,A1,2.840,-83.8,2.816,0.538
4713500,A2,0.380,-82.1,2.815,0.538
4713620,A3,3.680,-82.1,2.815,0.587
4713640,A1,2.880,-83.6,2.856,0.625
4713650,A2,0.350,-82.5,2.860,0.625
4713770,A3,3.700,-81.7,2.860,0.601
4713790,A1,2.870,-83.7,2.849,0.591
4713800,A2,0.330,-82.7,2.852,0.591
4713920,A3,3.700,-81.9,2.852,0.591
4713940,A1,2.860,-83.8,2.842,0.582
4713950,A2,0.360,-82.6,2.838,0.582
4714070,A3,3.700,-81.9,2.838,0.582
4714090,A1,2.930,-83.7,2.911,0.649
4714100,A2,0.360,-82.8,2.911,0.649
4714220,A3,3.700,-81.8,2.911,0.649
4714240,A1,2.840,-83.4,2.817,0.563
4714250,A2,0.350,-83.2,2.819,0.563
4714370,A3,3.690,-81.9,2.819,0.575
4714390,A1,2.890,-83.9,2.870,0.623
4714400,A2,0.340,-81.9,2.871,0.623
4714520,A3,3.700,-81.7,2.871,0.610
4714540,A1,2.820,-83.9,2.799,0.544
4714550,A2,0.330,-82.3,2.801,0.544
4714670,A3,3.700,-81.5,2.801,0.544
4714690,A1,2.840,-83.4,2.821,0.563
4714700,A2,0.360,-82.1,2.817,0.563
4714970,A3,3.710,-82.0,2.817,0.550
4714990,A1,2.870,-83.7,2.848,0.579
4715000,A2,0.340,-82.7,2.851,0.579
4715120,A3,3.710,-81.7,2.851,0.579
4715140,A1,2.880,-83.8,2.861,0.588
4715150,A2,0.350,-83.2,2.860,0.588
4715270,A3,3.690,-82.1,2.860,0.613
4715290,A1,2.850,-83.9,2.829,0.584
4715300,A2,0.340,-83.4,2.830,0.584
4715420,A3,3.690,-81.4,2.830,0.584
4715440,A1,2.880,-83.8,2.861,0.613
4715450,A2,0.340,-82.4,2.861,0.613
4715570,A3,3.710,-81.3,2.861,0.588
4715590,A1,2.870,-83.4,2.851,0.579
4715600,A2,0.360,-82.1,2.848,0.579
4715720,A3,3.710,-81.8,2.848,0.579
4715740,A1,2.850,-83.6,2.828,0.560
4715750,A2,0.400,-82.2,2.822,0.560
4715870,A3,3.730,-81.8,2.822,0.535
4715890,A1,2.870,-83.8,2.843,0.554
4715900,A2,0.340,-82.1,2.851,0.554
4716020,A3,3.720,-82.1,2.851,0.566
4716040,A1,2.910,-83.7,2.892,0.605
4716050,A2,0.330,-82.2,2.893,0.605
4716170,A3,3.730,-81.5,2.893,0.593
4716190,A1,2.820,-83.9,2.801,0.507
4716200,A2,0.350,-83.1,2.798,0.507
4716320,A3,3.710,-81.8,2.798,0.531
4716340,A1,2.860,-83.6,2.839,0.569
4716350,A2,0.330,-82.2,2.842,0.569
4716470,A3,3.700,-81.6,2.842,0.582
4716490,A1,2.860,-83.8,2.842,0.582
4716500,A2,0.350,-82.7,2.839,0.582
4716620,A3,3.710,-82.1,2.839,0.569
4716640,A1,2.820,-83.6,2.798,0.531
4716650,A2,0.350,-82.8,2.798,0.531
4716770,A3,3.710,-81.4,2.798,0.531
4716790,A1,2.890,-83.6,2.870,0.598
4716800,A2,0.350,-82.2,2.870,0.598
4716920,A3,3.700,-81.5,2.870,0.610
4716940,A1,2.870,-83.8,2.849,0.591
4716950,A2,0.380,-82.8,2.845,0.591
4717070,A3,3.700,-81.8,2.845,0.591
4717090,A1,2.870,-83.9,2.845,0.591
4717100,A2,0.380,-82.2,2.845,0.591
4717220,A3,3.680,-82.1,2.845,0.616
4717240,A1,2.860,-83.8,2.835,0.606
4717250,A2,0.330,-83.2,2.842,0.606
4717370,A3,3.710,-81.6,2.842,0.569
4717390,A1,2.820,-84.1,2.801,0.531
4717400,A2,0.330,-83.2,2.801,0.531
4717520,A3,3.690,-81.4,2.801,0.556
4717540,A1,2.870,-83.8,2.852,0.603
4717550,A2,0.350,-82.7,2.849,0.603
4717670,A3,3.680,-82.0,2.849,0.616
4717690,A1,2.860,-83.7,2.839,0.606
4717700,A2,0.350,-82.6,2.839,0.606
4717820,A3,3.710,-82.0,2.839,0.569
4717840,A1,2.900,-83.9,2.881,0.608
4717850,A2,0.360,-82.9,2.879,0.608
4718120,A3,3.710,-81.5,2.879,0.608
4718140,A1,2.870,-83.8,2.848,0.579
4718150,A2,0.340,-81.9,2.851,0.579
4718270,A3,3.700,-81.6,2.851,0.591
4718290,A1,2.840,-83.8,2.820,0.563
4718300,A2,0.340,-82.3,2.820,0.563
4718420,A3,3.690,-81.5,2.820,0.575
4718440,A1,2.890,-83.7,2.871,0.623
4718450,A2,0.360,-82.1,2.869,0.623
4718570,A3,3.690,-81.9,2.869,0.623
4718590,A1,2.880,-84.0,2.858,0.613
4718600,A2,0.340,-82.7,2.861,0.613
4718720,A3,3.730,-81.7,2.861,0.564
4718740,A1,2.900,-83.8,2.882,0.583
4718750,A2,0.350,-82.9,2.881,0.583
4718870,A3,3.690,-81.9,2.881,0.632
4718890,A1,2.820,-83.8,2.798,0.556
4718900,A2,0.400,-82.8,2.792,0.556
4719020,A3,3.720,-81.4,2.792,0.519
4719040,A1,2.890,-83.6,2.863,0.586
4719050,A2,0.340,-82.5,2.871,0.586
4719170,A3,3.680,-81.7,2.871,0.635
4719190,A1,2.880,-83.7,2.861,0.625
4719200,A2,0.340,-82.5,2.861,0.625
4719320,A3,3.700,-81.6,2.861,0.601
4719340,A1,2.870,-87.8,2.851,0.591
4719350,A2,0.340,-82.4,2.851,0.591
4719470,A3,3.720,-81.9,2.851,0.566
4719490,A1,2.880,-83.7,2.861,0.576
4719500,A2,0.370,-82.2,2.857,0.576
4719620,A3,3.720,-81.4,2.857,0.576
4719640,A1,2.860,-84.0,2.837,0.557
4719650,A2,0.380,-82.5,2.835,0.557
4719770,A3,3.710,-82.1,2.835,0.569
4719790,A1,2.830,-83.8,2.804,0.541
4719800,A2,0.330,-82.0,2.811,0.541
4719920,A3,3.690,-81.6,2.811,0.565
4719940,A1,2.850,-83.8,2.831,0.584
4719950,A2,0.350,-82.4,2.829,0.584
4720070,A3,3.710,-81.8,2.829,0.560
4720090,A1,2.890,-83.5,2.870,0.598
4720100,A2,0.340,-82.0,2.871,0.598
4720220,A3,3.700,-81.8,2.871,0.610
4720240,A1,2.890,-83.7,2.871,0.610
4720250,A2,0.350,-81.9,2.870,0.610
4720370,A3,3.710,-81.8,2.870,0.598
4720390,A1,2.830,-83.4,2.808,0.541
4720400,A2,0.350,-82.1,2.808,0.541
4720520,A3,3.700,-82.0,2.808,0.553
4720540,A1,2.890,-83.7,2.870,0.610
4720550,A2,0.340,-83.1,2.871,0.610
4720670,A3,3.710,-82.0,2.871,0.598
4720690,A1,2.870,-83.8,2.851,0.579
4720700,A2,0.350,-82.7,2.849,0.579
4720820,A3,3.690,-82.2,2.849,0.603
4720840,A1,2.910,-83.7,2.891,0.642
4720850,A2,0.340,-82.5,2.892,0.642
4720970,A3,3.700,-81.8,2.892,0.630
4720990,A1,2.890,-83.6,2.871,0.610
4721000,A2,0.350,-83.0,2.870,0.610
4721270,A3,3.720,-82.2,2.870,0.586
4721290,A1,2.880,-83.9,2.860,0.576
4721300,A2,0.350,-82.4,2.860,0.576
4721420,A3,3.740,-81.6,2.860,0.551
4721440,A1,2.860,-83.6,2.839,0.532
4721450,A2,0.350,-82.4,2.839,0.532
4721570,A3,3.710,-81.3,2.839,0.569
4721590,A1,2.850,-83.5,2.829,0.560
4721600,A2,0.360,-82.5,2.828,0.560
4721720,A3,3.710,-81.5,2.828,0.560
4721740,A1,2.880,-83.5,2.858,0.588
4721750,A2,0.380,-82.1,2.856,0.588
4721870,A3,3.690,-82.0,2.856,0.613
4721890,A1,2.820,-83.4,2.794,0.556
4721900,A2,0.390,-82.8,2.793,0.556
4722020,A3,3.710,-81.6,2.793,0.531
4722040,A1,2.890,-83.8,2.865,0.598
4722050,A2,0.340,-82.1,2.871,0.598
4722170,A3,3.700,-81.4,2.871,0.610
4722190,A1,2.930,-83.5,2.913,0.649
4722200,A2,0.340,-83.3,2.913,0.649
4722320,A3,3.680,-81.4,2.913,0.674
4722340,A1,2.850,-83.9,2.830,0.597
4722350,A2,0.350,-82.3,2.829,0.597
4722470,A3,3.700,-81.6,2.829,0.572
4722490,A1,2.840,-83.7,2.819,0.563
4722500,A2,0.370,-82.2,2.816,0.563
4722620,A3,3.700,-81.5,2.816,0.563
4722640,A1,2.820,-83.9,2.796,0.544
4722650,A2,0.340,-82.9,2.799,0.544
4722770,A3,3.720,-81.7,2.799,0.519
4722790,A1,2.910,-83.6,2.892,0.605
4722800,A2,0.370,-82.1,2.888,0.605
4722920,A3,3.700,-81.6,2.888,0.630
4722940,A1,2.880,-83.9,2.857,0.601
4722950,A2,0.340,-82.0,2.861,0.601
4723070,A3,3.680,-81.9,2.861,0.625
4723090,A1,2.830,-88.0,2.810,0.578
4723100,A2,0.370,-82.3,2.806,0.578
4723220,A3,3.730,-81.9,2.806,0.516
4723240,A1,2.890,-83.7,2.868,0.573
4723250,A2,0.380,-82.2,2.866,0.573
4723370,A3,3.720,-82.1,2.866,0.586
4723390,A1,2.820,-83.6,2.794,0.519
4723400,A2,0.330,-81.8,2.801,0.519
4723520,A3,3.710,-81.8,2.801,0.531
4723540,A1,2.900,-83.8,2.883,0.608
4723550,A2,0.340,-82.8,2.882,0.608
4723670,A3,3.690,-81.7,2.882,0.632
4723690,A1,2.840,-87.9,2.820,0.575
4723700,A2,0.350,-82.8,2.819,0.575
4723820,A3,3.680,-82.3,2.819,0.587
4723840,A1,2.920,-83.6,2.901,0.664
4723850,A2,0.340,-82.3,2.903,0.664
4723990,A1,2.820,-83.6,2.799,0.568
4724000,A2,0.340,-82.0,2.799,0.568
4724140,A1,2.890,-83.1,2.871,0.635
4724150,A2,0.350,-82.6,2.870,0.635
4724420,A3,3.710,-81.9,2.870,0.598
4724440,A1,2.910,-83.7,2.891,0.617
4724450,A2,0.360,-82.6,2.890,0.617
4724570,A3,3.700,-82.4,2.890,0.630
4724590,A1,2.890,-83.6,2.869,0.610
4724600,A2,0.340,-82.6,2.871,0.610
4724720,A3,3.710,-81.6,2.871,0.598
4724740,A1,2.890,-87.8,2.871,0.598
4724750,A2,0.340,-82.6,2.871,0.598
4724870,A3,3.680,-81.8,2.871,0.635
4724890,A1,2.820,-88.0,2.799,0.568
4724900,A2,0.350,-82.8,2.798,0.568
4725020,A3,3.680,-81.9,2.798,0.568
4725040,A1,2.860,-83.8,2.839,0.606
4725050,A2,0.340,-81.8,2.840,0.606
4725170,A3,3.700,-81.8,2.840,0.582
4725190,A1,2.830,-83.7,2.810,0.553
4725200,A2,0.350,-82.8,2.808,0.553
4725320,A3,3.670,-82.1,2.808,0.590
4725340,A1,2.890,-83.4,2.870,0.647
4725350,A2,0.370,-82.6,2.868,0.647
4725490,A1,2.900,-83.6,2.878,0.657
4725500,A2,0.330,-82.7,2.883,0.657
4725640,A1,2.900,-83.4,2.883,0.657
4725650,A2,0.380,-82.3,2.877,0.657
4725770,A3,3.710,-81.6,2.877,0.608
4725790,A1,2.930,-84.0,2.908,0.637
4725800,A2,0.330,-82.7,2.914,0.637
4725920,A3,3.680,-81.5,2.914,0.674
4725940,A1,2.840,-83.8,2.821,0.587
4725950,A2,0.400,-82.2,2.812,0.587
4726070,A3,3.710,-82.1,2.812,0.550
4726090,A1,2.870,-83.7,2.843,0.579
4726100,A2,0.380,-82.0,2.845,0.579
4726220,A3,3.700,-81.5,2.845,0.591
4726240,A1,2.840,-83.7,2.815,0.563
4726250,A2,0.340,-82.2,2.820,0.563
4726370,A3,3.700,-81.6,2.820,0.563
4726390,A1,2.910,-83.6,2.892,0.630
4726400,A2,0.340,-82.4,2.892,0.630
4726520,A3,3.670,-81.7,2.892,0.667
4726540,A1,2.860,-83.7,2.840,0.618
4726550,A2,0.340,-82.8,2.840,0.618
4726670,A3,3.690,-81.5,2.840,0.594
4726690,A1,2.880,-83.9,2.861,0.613
4726700,A2,0.330,-82.4,2.862,0.613
4726820,A3,3.710,-81.5,2.862,0.588
4726840,A1,2.860,-83.7,2.842,0.569
4726850,A2,0.350,-82.1,2.839,0.569
4726970,A3,3.720,-81.3,2.839,0.557
4726990,A1,2.910,-83.5,2.891,0.605
4727000,A2,0.340,-82.5,2.892,0.605
4727120,A3,3.710,-81.8,2.892,0.617
4727140,A1,2.860,-83.5,2.840,0.569
4727150,A2,0.370,-82.6,2.837,0.569
4727270,A3,3.700,-81.5,2.837,0.582
4727290,A1,2.900,-83.6,2.878,0.620
4727300,A2,0.360,-82.5,2.879,0.620
4727570,A3,3.700,-81.4,2.879,0.620
4727590,A1,2.850,-83.7,2.828,0.572
4727600,A2,0.340,-82.1,2.830,0.572
4727720,A3,3.720,-81.8,2.830,0.547
4727740,A1,2.840,-83.5,2.820,0.538
4727750,A2,0.350,-82.3,2.819,0.538
4727870,A3,3.710,-81.5,2.819,0.550
4727890,A1,2.840,-88.1,2.819,0.550
4727900,A2,0.350,-82.2,2.819,0.550
4728020,A3,3.710,-81.7,2.819,0.550
4728040,A1,2.900,-84.0,2.881,0.608
4728050,A2,0.330,-82.7,2.883,0.608
4728170,A3,3.720,-81.7,2.883,0.595
4728190,A1,2.920,-83.6,2.904,0.615
4728200,A2,0.350,-82.5,2.901,0.615
4728320,A3,3.720,-82.2,2.901,0.615
4728340,A1,2.860,-87.7,2.839,0.557
4728350,A2,0.340,-82.9,2.840,0.557
4728470,A3,3.710,-81.7,2.840,0.569
4728490,A1,2.880,-83.6,2.861,0.588
4728500,A2,0.330,-82.8,2.862,0.588
4728620,A3,3.730,-82.6,2.862,0.564
4728640,A1,2.820,-83.7,2.801,0.507
4728650,A2,0.330,-82.4,2.801,0.507
4728770,A3,3.690,-81.5,2.801,0.556
4728790,A1,2.900,-83.5,2.883,0.632
4728800,A2,0.340,-82.7,2.882,0.632
4728920,A3,3.710,-82.6,2.882,0.608
4728940,A1,2.940,-83.6,2.924,0.647
4728950,A2,0.340,-82.7,2.924,0.647
4729070,A3,3.720,-81.6,2.924,0.634
4729090,A1,2.870,-83.8,2.851,0.566
4729100,A2,0.340,-82.5,2.851,0.566
4729220,A3,3.710,-81.6,2.851,0.579
4729240,A1,2.880,-83.5,2.861,0.588
4729250,A2,0.360,-82.7,2.858,0.588
4729370,A3,3.700,-81.8,2.858,0.601
4729390,A1,2.840,-83.5,2.817,0.563
4729400,A2,0.350,-82.9,2.819,0.563
4729520,A3,3.710,-81.8,2.819,0.550
4729540,A1,2.910,-83.8,2.891,0.617
4729550,A2,0.360,-82.0,2.890,0.617
4729670,A3,3.690,-82.2,2.890,0.642
4729690,A1,2.850,-83.6,2.828,0.584
4729700,A2,0.370,-82.9,2.826,0.584
4729820,A3,3.700,-81.4,2.826,0.572
4729840,A1,2.890,-83.7,2.868,0.610
4729850,A2,0.340,-82.7,2.871,0.610
4729970,A3,3.680,-82.2,2.871,0.635
4729990,A1,2.820,-83.6,2.799,0.568
4730000,A2,0.350,-82.1,2.798,0.568
4730120,A3,3.710,-81.6,2.798,0.531
4730140,A1,2.890,-87.7,2.870,0.598
4730150,A2,0.350,-82.6,2.870,0.598
4730270,A3,3.740,-81.6,2.870,0.561
4730290,A1,2.840,-83.8,2.819,0.513
4730300,A2,0.350,-82.5,2.819,0.513
4730420,A3,3.700,-82.1,2.819,0.563
4730440,A1,2.890,-83.7,2.870,0.610
4730450,A2,0.340,-83.0,2.871,0.610
4730720,A3,3.700,-81.8,2.871,0.610
4730740,A1,2.860,-83.7,2.840,0.582
4730750,A2,0.350,-82.6,2.839,0.582
4730870,A3,3.730,-81.6,2.839,0.544
4730890,A1,2.850,-83.6,2.829,0.535
4730900,A2,0.340,-82.7,2.830,0.535
4731020,A3,3.700,-82.2,2.830,0.572
4731040,A1,2.870,-83.7,2.851,0.591
4731050,A2,0.380,-82.5,2.845,0.591
4731170,A3,3.700,-81.5,2.845,0.591
4731190,A1,2.900,-83.8,2.877,0.620
4731200,A2,0.340,-82.0,2.882,0.620
4731320,A3,3.700,-82.4,2.882,0.620
4731340,A1,2.890,-83.5,2.871,0.610
4731350,A2,0.360,-82.7,2.869,0.610
4731470,A3,3.720,-82.3,2.869,0.586
4731490,A1,2.850,-83.6,2.828,0.547
4731500,A2,0.330,-82.8,2.831,0.547
4731620,A3,3.660,-81.8,2.831,0.621
4731640,A1,2.860,-83.5,2.842,0.631
4731650,A2,0.370,-82.2,2.837,0.631
4731770,A3,3.700,-81.7,2.837,0.582
4731790,A1,2.840,-83.6,2.816,0.563
4731800,A2,0.340,-82.6,2.820,0.563
4731920,A3,3.680,-81.6,2.820,0.587
4731940,A1,2.890,-83.8,2.871,0.635
4731950,A2,0.330,-82.4,2.873,0.635
4732070,A3,3.690,-81.9,2.873,0.623
4732090,A1,2.840,-83.7,2.821,0.575
4732100,A2,0.340,-82.5,2.820,0.575
4732220,A3,3.700,-81.6,2.820,0.563
4732240,A1,2.900,-83.8,2.882,0.620
4732250,A2,0.340,-82.4,2.882,0.620
4732370,A3,3.710,-81.5,2.882,0.608
4732390,A1,2.850,-83.8,2.830,0.560
4732400,A2,0.340,-82.9,2.830,0.560
4732520,A3,3.710,-82.3,2.830,0.560
4732540,A1,2.870,-83.5,2.851,0.579
4732550,A2,0.340,-82.8,2.851,0.579
4732670,A3,3.720,-81.4,2.851,0.566
4732690,A1,2.890,-83.8,2.871,0.586
4732700,A2,0.350,-82.1,2.870,0.586
4732820,A3,3.700,-82.3,2.870,0.610
4732840,A1,2.880,-83.8,2.860,0.601
4732850,A2,0.350,-82.4,2.860,0.601
4732970,A3,3.700,-82.0,2.860,0.601
4733000,A2,0.330,-82.1,2.862,0.601
4733150,A2,0.370,-82.3,2.857,0.601
4733270,A3,3.730,-82.2,2.857,0.564
4733290,A1,2.850,-83.4,2.826,0.535
4733300,A2,0.350,-82.4,2.829,0.535
4733420,A3,3.730,-81.7,2.829,0.535
4733440,A1,2.880,-83.5,2.860,0.564
4733450,A2,0.340,-82.8,2.861,0.564
4733570,A3,3.690,-81.4,2.861,0.613
4733590,A1,2.860,-83.9,2.840,0.594
4733600,A2,0.340,-82.2,2.840,0.594
4733870,A3,3.720,-81.4,2.840,0.557
4733890,A1,2.920,-83.4,2.903,0.615
4733900,A2,0.330,-82.3,2.904,0.615
4734020,A3,3.700,-82.0,2.904,0.639
4734050,A2,0.340,-82.3,2.903,0.639
4734200,A2,0.350,-82.1,2.901,0.639
4734320,A3,3.670,-82.3,2.901,0.676
4734340,A1,2.860,-83.7,2.839,0.618
4734350,A2,0.330,-82.7,2.842,0.618
4734470,A3,3.720,-81.5,2.842,0.557
4734490,A1,2.910,-84.0,2.893,0.605
4734500,A2,0.340,-83.1,2.892,0.605
4734620,A3,3.710,-81.7,2.892,0.617
4734640,A1,2.910,-83.9,2.892,0.617
4734650,A2,0.360,-82.0,2.890,0.617
4734770,A3,3.690,-82.2,2.890,0.642
4734790,A1,2.910,-83.6,2.890,0.642
4734800,A2,0.380,-82.2,2.887,0.642
4734920,A3,3.690,-82.3,2.887,0.642
4734940,A1,2.820,-83.3,2.794,0.556
4734950,A2,0.380,-82.1,2.794,0.556
4735070,A3,3.690,-81.5,2.794,0.556
4735090,A1,2.890,-83.8,2.866,0.623
4735100,A2,0.340,-81.9,2.871,0.623
4735220,A3,3.690,-82.4,2.871,0.623
4735240,A1,2.800,-87.8,2.779,0.537
4735250,A2,0.320,-82.2,2.782,0.537
4735370,A3,3.720,-81.5,2.782,0.500
4735390,A1,2.880,-83.5,2.863,0.576
4735400,A2,0.340,-82.5,2.861,0.576
4735520,A3,3.690,-82.4,2.861,0.613
4735540,A1,2.870,-83.8,2.851,0.603
4735550,A2,0.350,-82.2,2.849,0.603
4735670,A3,3.710,-81.5,2.849,0.579
4735690,A1,2.880,-83.6,2.860,0.588
4735700,A2,0.330,-83.2,2.862,0.588
4735820,A3,3.690,-81.6,2.862,0.613
4735840,A1,2.860,-83.7,2.842,0.594
4735850,A2,0.340,-82.4,2.840,0.594
4735970,A3,3.700,-82.2,2.840,0.582
4735990,A1,2.900,-83.6,2.882,0.620
4736000,A2,0.330,-82.8,2.883,0.620
4736120,A3,3.710,-81.7,2.883,0.608
4736140,A1,2.860,-83.4,2.842,0.569
4736150,A2,0.380,-82.2,2.835,0.569
4736270,A3,3.670,-82.1,2.835,0.618
4736290,A1,2.840,-83.8,2.815,0.599
4736300,A2,0.360,-82.2,2.817,0.599
4736420,A3,3.730,-81.4,2.817,0.525
4736440,A1,2.900,-83.5,2.879,0.583
4736450,A2,0.370,-82.0,2.878,0.583
4736570,A3,3.720,-81.9,2.878,0.595
4736590,A1,2.850,-83.8,2.826,0.547
4736600,A2,0.360,-82.9,2.828,0.547
4736720,A3,3.710,-81.5,2.828,0.560
4736740,A1,2.850,-83.4,2.828,0.560
4736750,A2,0.350,-82.0,2.829,0.560
4737020,A3,3.730,-81.8,2.829,0.535
4737040,A1,2.870,-83.8,2.849,0.554
4737050,A2,0.380,-82.4,2.845,0.554
4737170,A3,3.720,-81.6,2.845,0.566
4737190,A1,2.870,-83.5,2.845,0.566
4737200,A2,0.350,-82.7,2.849,0.566
4737320,A3,3.700,-81.7,2.849,0.591
4737340,A1,2.890,-83.7,2.870,0.610
4737350,A2,0.350,-82.5,2.870,0.610
4737470,A3,3.680,-81.9,2.870,0.635
4737490,A1,2.890,-83.6,2.870,0.635
4737500,A2,0.380,-82.6,2.866,0.635
4737620,A3,3.700,-81.4,2.866,0.610
4737640,A1,2.850,-87.6,2.825,0.572
4737650,A2,0.320,-82.6,2.832,0.572
4737770,A3,3.710,-81.0,2.832,0.560
4737790,A1,2.900,-83.7,2.884,0.608
4737800,A2,0.330,-82.4,2.883,0.608
4737920,A3,3.700,-81.9,2.883,0.620
4737940,A1,2.850,-83.3,2.831,0.572
4737950,A2,0.360,-81.9,2.828,0.572
4738070,A3,3.730,-81.9,2.828,0.535
4738090,A1,2.890,-83.3,2.869,0.573
4738100,A2,0.370,-82.3,2.868,0.573
4738220,A3,3.730,-81.2,2.868,0.573
4738240,A1,2.870,-83.5,2.847,0.554
4738250,A2,0.340,-81.9,2.851,0.554
4738370,A3,3.710,-81.5,2.851,0.579
4738390,A1,2.900,-83.7,2.882,0.608
4738400,A2,0.380,-82.5,2.877,0.608
4738520,A3,3.720,-81.6,2.877,0.595
4738540,A1,2.850,-83.2,2.825,0.547
4738550,A2,0.350,-81.7,2.829,0.547
4738670,A3,3.700,-81.1,2.829,0.572
4738690,A1,2.880,-83.3,2.860,0.601
4738700,A2,0.380,-82.7,2.856,0.601
4738820,A3,3.710,-81.7,2.856,0.588
4738840,A1,2.840,-83.6,2.815,0.550
4738850,A2,0.350,-82.9,2.819,0.550
4738970,A3,3.730,-81.7,2.819,0.525
4738990,A1,2.890,-83.4,2.870,0.573
4739000,A2,0.330,-82.6,2.873,0.573
4739120,A3,3.680,-82.0,2.873,0.635
4739140,A1,2.830,-84.1,2.811,0.578
4739150,A2,0.340,-82.1,2.810,0.578
4739270,A3,3.720,-82.0,2.810,0.528
4739290,A1,2.870,-84.0,2.851,0.566
4739300,A2,0.340,-83.0,2.851,0.566
4739420,A3,3.670,-82.2,2.851,0.628
4739440,A1,2.870,-84.2,2.851,0.628
4739450,A2,0.360,-82.2,2.848,0.628
4739570,A3,3.660,-82.7,2.848,0.640
4739590,A1,2.820,-84.0,2.797,0.593
4739600,A2,0.380,-82.7,2.794,0.593
4739720,A3,3.690,-82.2,2.794,0.556
4739740,A1,2.830,-88.4,2.804,0.565
4739750,A2,0.350,-82.7,2.808,0.565
4739870,A3,3.700,-82.5,2.808,0.553
4739890,A1,2.820,-84.7,2.798,0.544
4739900,A2,0.360,-82.8,2.797,0.544
4740170,A3,3.670,-82.9,2.797,0.581
4740190,A1,2.880,-84.3,2.858,0.638
4740200,A2,0.360,-83.1,2.858,0.638
4740320,A3,3.660,-82.4,2.858,0.650
4740340,A1,2.890,-84.1,2.869,0.659
4740350,A2,0.390,-82.1,2.865,0.659
4740470,A3,3.700,-83.0,2.865,0.610
4740490,A1,2.880,-84.5,2.854,0.601
4740500,A2,0.340,-82.7,2.861,0.601
4740620,A3,3.680,-82.6,2.861,0.625
4740640,A1,2.830,-84.7,2.810,0.578
4740650,A2,0.340,-82.5,2.810,0.578
4740770,A3,3.680,-82.1,2.810,0.578
4740790,A1,2.910,-84.0,2.892,0.654
4740800,A2,0.370,-81.7,2.888,0.654
4740920,A3,3.690,-82.0,2.888,0.642
4740940,A1,2.860,-84.0,2.837,0.594
4740950,A2,0.370,-82.8,2.837,0.594
4741070,A3,3.670,-82.1,2.837,0.618
4741090,A1,2.860,-84.0,2.837,0.618
4741100,A2,0.400,-82.4,2.832,0.618
4741220,A3,3.680,-83.0,2.832,0.606
4741240,A1,2.890,-84.0,2.863,0.635
4741250,A2,0.370,-82.6,2.868,0.635
4741370,A3,3.710,-82.5,2.868,0.598
4741390,A1,2.840,-84.6,2.816,0.550
4741400,A2,0.370,-82.6,2.816,0.550
4741520,A3,3.680,-82.7,2.816,0.587
4741540,A1,2.860,-84.0,2.837,0.606
4741550,A2,0.330,-82.4,2.842,0.606
4741670,A3,3.690,-82.1,2.842,0.594
4741690,A1,2.840,-83.7,2.821,0.575
4741700,A2,0.360,-82.1,2.817,0.575
4741820,A3,3.680,-83.2,2.817,0.587
4741840,A1,2.830,-84.4,2.807,0.578
4741850,A2,0.370,-82.1,2.806,0.578
4741970,A3,3.680,-82.6,2.806,0.578
4741990,A1,2.860,-84.7,2.837,0.606
4742000,A2,0.330,-82.7,2.842,0.606
4742120,A3,3.730,-82.8,2.842,0.544
4742140,A1,2.900,-84.4,2.883,0.583
4742150,A2,0.380,-83.1,2.877,0.583
4742270,A3,3.720,-82.5,2.877,0.595
4742290,A1,2.870,-84.5,2.845,0.566
4742300,A2,0.350,-82.0,2.849,0.566
4742420,A3,3.710,-82.8,2.849,0.579
4742440,A1,2.860,-84.7,2.839,0.569
4742450,A2,0.320,-82.9,2.843,0.569
4742570,A3,3.690,-83.2,2.843,0.594
4742590,A1,2.900,-84.6,2.884,0.632
4742600,A2,0.370,-82.4,2.878,0.632
4742720,A3,3.680,-82.3,2.878,0.645
4742740,A1,2.860,-84.5,2.837,0.606
4742750,A2,0.360,-83.2,2.838,0.606
4742870,A3,3.690,-82.6,2.838,0.594
4742890,A1,2.890,-84.3,2.869,0.623
4742900,A2,0.340,-82.7,2.871,0.623
4743020,A3,3.710,-82.6,2.871,0.598
4743040,A1,2.920,-83.8,2.903,0.627
4743050,A2,0.340,-83.0,2.903,0.627
4743320,A3,3.700,-82.0,2.903,0.639
4743340,A1,2.850,-83.9,2.830,0.572
4743350,A2,0.390,-82.3,2.824,0.572
4743470,A3,3.700,-82.6,2.824,0.572
4743490,A1,2.850,-84.1,2.824,0.572
4743500,A2,0.370,-83.0,2.826,0.572
4743620,A3,3.710,-81.9,2.826,0.560
4743640,A1,2.850,-84.0,2.826,0.560
4743650,A2,0.350,-82.6,2.829,0.560
4743770,A3,3.690,-82.7,2.829,0.584
4743790,A1,2.880,-83.8,2.860,0.613
4743800,A2,0.320,-81.9,2.863,0.613
4743940,A1,2.840,-83.9,2.822,0.575
4743950,A2,0.330,-82.8,2.821,0.575
4744090,A1,2.910,-84.0,2.893,0.642
4744100,A2,0.360,-82.7,2.890,0.642
4744220,A3,3.700,-82.8,2.890,0.630
4744240,A1,2.890,-84.3,2.869,0.610
4744250,A2,0.350,-83.2,2.870,0.610
4744370,A3,3.710,-81.6,2.870,0.598
4744390,A1,2.820,-83.8,2.798,0.531
4744400,A2,0.360,-82.5,2.797,0.531
4744520,A3,3.680,-81.8,2.797,0.568
4744540,A1,2.840,-84.0,2.817,0.587
4744550,A2,0.350,-83.0,2.819,0.587
4744670,A3,3.720,-82.1,2.819,0.538
4744690,A1,2.890,-83.8,2.870,0.586
4744700,A2,0.370,-83.0,2.868,0.586
4744820,A3,3.710,-82.2,2.868,0.598
4744840,A1,2.900,-83.8,2.878,0.608
4744850,A2,0.340,-83.0,2.882,0.608
4744970,A3,3.680,-82.2,2.882,0.645
4744990,A1,2.830,-83.8,2.810,0.578
4745000,A2,0.350,-82.1,2.808,0.578
4745120,A3,3.700,-82.6,2.808,0.553
4745140,A1,2.890,-83.7,2.870,0.610
4745150,A2,0.340,-81.9,2.871,0.610
4745270,A3,3.680,-82.1,2.871,0.635
4745290,A1,2.870,-83.9,2.851,0.616
4745300,A2,0.340,-82.6,2.851,0.616
4745420,A3,3.680,-82.5,2.851,0.616
4745440,A1,2.840,-83.7,2.820,0.587
4745450,A2,0.350,-82.1,2.819,0.587
4745570,A3,3.690,-81.9,2.819,0.575
4745590,A1,2.890,-84.0,2.870,0.623
4745600,A2,0.350,-82.0,2.870,0.623
4745720,A3,3.730,-84.4,2.870,0.573
4745740,A1,2.840,-84.3,2.819,0.525
4745750,A2,0.340,-82.4,2.820,0.525
4745870,A3,3.700,-81.8,2.820,0.563
4745890,A1,2.860,-84.0,2.840,0.582
4745900,A2,0.350,-82.6,2.839,0.582
4746020,A3,3.720,-81.8,2.839,0.557
4746040,A1,2.870,-83.8,2.849,0.566
4746050,A2,0.360,-82.6,2.848,0.566
4746170,A3,3.700,-81.5,2.848,0.591
4746190,A1,2.870,-83.8,2.848,0.591
4746200,A2,0.350,-82.6,2.849,0.591
4746470,A3,3.730,-81.9,2.849,0.554
4746490,A1,2.850,-83.8,2.829,0.535
4746500,A2,0.340,-81.9,2.830,0.535
4746620,A3,3.710,-81.6,2.830,0.560
4746640,A1,2.860,-83.6,2.840,0.569
4746650,A2,0.350,-82.1,2.839,0.569
4746770,A3,3.700,-82.4,2.839,0.582
4746790,A1,2.830,-83.5,2.808,0.553
4746800,A2,0.360,-83.0,2.807,0.553
4746920,A3,3.710,-82.3,2.807,0.541
4746940,A1,2.860,-83.7,2.838,0.569
4746950,A2,0.330,-82.9,2.842,0.569
4747070,A3,3.710,-81.7,2.842,0.569
4747090,A1,2.820,-83.5,2.801,0.531
4747100,A2,0.410,-83.1,2.790,0.531
4747220,A3,3.700,-82.3,2.790,0.544
4747240,A1,2.890,-83.6,2.862,0.610
4747250,A2,0.370,-82.7,2.868,0.610
4747370,A3,3.680,-82.2,2.868,0.635
4747390,A1,2.920,-83.5,2.899,0.664
4747400,A2,0.360,-82.2,2.900,0.664
4747520,A3,3.730,-82.1,2.900,0.602
4747540,A1,2.890,-83.7,2.869,0.573
4747550,A2,0.380,-82.1,2.866,0.573
4747670,A3,3.710,-82.4,2.866,0.598
4747690,A1,2.810,-83.2,2.784,0.522
4747700,A2,0.350,-82.1,2.788,0.522
4747820,A3,3.680,-82.5,2.788,0.559
4747840,A1,2.900,-83.7,2.881,0.645
4747850,A2,0.330,-82.3,2.883,0.645
4747970,A3,3.670,-81.5,2.883,0.657
4747990,A1,2.880,-83.4,2.862,0.638
4748000,A2,0.340,-82.0,2.861,0.638
4748120,A3,3.710,-82.3,2.861,0.588
4748140,A1,2.820,-83.4,2.799,0.531
4748150,A2,0.370,-82.5,2.796,0.531
4748270,A3,3.710,-81.6,2.796,0.531
4748290,A1,2.860,-83.6,2.837,0.569
4748300,A2,0.360,-82.9,2.838,0.569
4748420,A3,3.680,-82.2,2.838,0.606
4748440,A1,2.920,-83.9,2.900,0.664
4748450,A2,0.340,-82.6,2.903,0.664
4748570,A3,3.720,-82.0,2.903,0.615
4748590,A1,2.860,-83.4,2.840,0.557
4748600,A2,0.320,-83.3,2.843,0.557
4748720,A3,3.720,-81.7,2.843,0.557
4748740,A1,2.870,-83.3,2.853,0.566
4748750,A2,0.350,-82.0,2.849,0.566
4748870,A3,3.710,-82.2,2.849,0.579
4748890,A1,2.910,-83.7,2.891,0.617
4748900,A2,0.330,-82.5,2.893,0.617
4749020,A3,3.710,-82.2,2.893,0.617
4749040,A1,2.890,-83.1,2.873,0.598
4749050,A2,0.340,-82.6,2.871,0.598
4749170,A3,3.720,-81.8,2.871,0.586
4749190,A1,2.900,-83.3,2.882,0.595
4749200,A2,0.340,-82.0,2.882,0.595
4749320,A3,3.680,-81.9,2.882,0.645
4749340,A1,2.910,-83.4,2.892,0.654
4749350,A2,0.330,-82.1,2.893,0.654
4749620,A3,3.710,-82.2,2.893,0.617
4749640,A1,2.950,-83.7,2.936,0.656
4749650,A2,0.370,-82.6,2.931,0.656
4749770,A3,3.670,-81.6,2.931,0.706
4749790,A1,2.880,-83.3,2.857,0.638
4749800,A2,0.360,-82.8,2.858,0.638
4749920,A3,3.720,-81.7,2.858,0.576
4749940,A1,2.860,-83.1,2.838,0.557
4749950,A2,0.350,-82.4,2.839,0.557
4750070,A3,3.690,-81.9,2.839,0.594
4750090,A1,2.890,-83.2,2.870,0.623
4750100,A2,0.360,-82.7,2.869,0.623
4750220,A3,3.690,-81.8,2.869,0.623
4750240,A1,2.850,-83.5,2.828,0.584
4750250,A2,0.350,-82.3,2.829,0.584
4750370,A3,3.700,-82.3,2.829,0.572
4750390,A1,2.870,-83.5,2.849,0.591
4750400,A2,0.340,-81.9,2.851,0.591
4750520,A3,3.720,-81.5,2.851,0.566
4750540,A1,2.900,-83.4,2.882,0.595
4750550,A2,0.340,-82.1,2.882,0.595
4750670,A3,3.700,-82.1,2.882,0.620
4750690,A1,2.910,-83.4,2.892,0.630
4750700,A2,0.340,-82.4,2.892,0.630
4750820,A3,3.720,-81.5,2.892,0.605
4750840,A1,2.850,-87.0,2.830,0.547
4750850,A2,0.350,-82.5,2.829,0.547
4750970,A3,3.710,-81.4,2.829,0.560
4750990,A1,2.870,-83.4,2.849,0.579
4751000,A2,0.330,-83.0,2.852,0.579
4751120,A3,3.700,-82.3,2.852,0.591
4751140,A1,2.880,-83.4,2.862,0.601
4751150,A2,0.350,-82.2,2.860,0.601
4751270,A3,3.710,-82.2,2.860,0.588
4751290,A1,2.840,-83.7,2.819,0.550
4751300,A2,0.330,-82.3,2.821,0.550
4751420,A3,3.700,-81.9,2.821,0.563
4751440,A1,2.870,-83.3,2.852,0.591
4751450,A2,0.360,-83.0,2.848,0.591
4751570,A3,3.710,-81.5,2.848,0.579
4751590,A1,2.920,-83.5,2.900,0.627
4751600,A2,0.340,-82.3,2.903,0.627
4751720,A3,3.700,-82.0,2.903,0.639
4751740,A1,2.920,-83.2,2.903,0.639
4751750,A2,0.400,-82.7,2.895,0.639
4751870,A3,3.710,-82.2,2.895,0.627
4751890,A1,2.870,-83.4,2.843,0.579
4751900,A2,0.320,-82.4,2.853,0.579
4752020,A3,3.690,-81.8,2.853,0.603
4752040,A1,2.880,-83.3,2.863,0.613
4752050,A2,0.350,-82.7,2.860,0.613
4752170,A3,3.720,-81.8,2.860,0.576
4752190,A1,2.890,-83.4,2.870,0.586
4752200,A2,0.350,-82.5,2.870,0.586
4752320,A3,3.690,-82.3,2.870,0.623
4752340,A1,2.910,-83.1,2.891,0.642
4752350,A2,0.350,-82.1,2.891,0.642
4752470,A3,3.710,-82.1,2.891,0.617
4752490,A1,2.920,-83.2,2.901,0.627
4752500,A2,0.370,-82.5,2.899,0.627
4752770,A3,3.700,-81.7,2.899,0.639
4752790,A1,2.910,-83.5,2.888,0.630
4752800,A2,0.350,-82.8,2.891,0.630
4752920,A3,3.700,-81.4,2.891,0.630
4752940,A1,2.890,-83.4,2.870,0.610
4752950,A2,0.340,-82.9,2.871,0.610
4753070,A3,3.720,-81.7,2.871,0.586
4753090,A1,2.950,-83.3,2.934,0.644
4753100,A2,0.340,-83.3,2.934,0.644
4753220,A3,3.710,-81.7,2.934,0.656
4753240,A1,2.890,-83.5,2.871,0.598
4753250,A2,0.350,-82.2,2.870,0.598
4753370,A3,3.690,-81.7,2.870,0.623
4753390,A1,2.900,-83.4,2.881,0.632
4753400,A2,0.380,-82.6,2.877,0.632
4753520,A3,3.720,-81.5,2.877,0.595
4753540,A1,2.890,-87.1,2.866,0.586
4753550,A2,0.380,-82.5,2.866,0.586
4753670,A3,3.720,-82.0,2.866,0.586
4753690,A1,2.890,-83.5,2.866,0.586
4753700,A2,0.360,-82.4,2.869,0.586
4753820,A3,3.700,-81.6,2.869,0.610
4753840,A1,2.890,-83.3,2.869,0.610
4753850,A2,0.350,-82.2,2.870,0.610
4753970,A3,3.720,-81.8,2.870,0.586
4753990,A1,2.890,-83.1,2.870,0.586
4754000,A2,0.350,-82.3,2.870,0.586
4754120,A3,3.710,-81.5,2.870,0.598
4754140,A1,2.860,-83.4,2.839,0.569
4754150,A2,0.340,-82.2,2.840,0.569
4754270,A3,3.720,-82.0,2.840,0.557
4754290,A1,2.840,-83.2,2.820,0.538
4754300,A2,0.330,-82.4,2.821,0.538
4754420,A3,3.710,-82.0,2.821,0.550
4754440,A1,2.920,-83.2,2.904,0.627
4754450,A2,0.360,-83.2,2.900,0.627
4754570,A3,3.710,-81.9,2.900,0.627
4754590,A1,2.930,-83.6,2.911,0.637
4754600,A2,0.340,-82.7,2.913,0.637
4754720,A3,3.690,-82.1,2.913,0.661
4754740,A1,2.870,-83.1,2.851,0.603
4754750,A2,0.330,-83.0,2.852,0.603
4754870,A3,3.720,-81.5,2.852,0.566
4754890,A1,2.880,-83.1,2.862,0.576
4754900,A2,0.350,-82.3,2.860,0.576
4755020,A3,3.710,-81.4,2.860,0.588
4755040,A1,2.890,-83.4,2.870,0.598
4755050,A2,0.330,-82.9,2.873,0.598
4755170,A3,3.700,-81.8,2.873,0.610
4755190,A1,2.890,-87.4,2.873,0.610
4755200,A2,0.350,-82.5,2.870,0.610
4755320,A3,3.730,-81.6,2.870,0.573
4755340,A1,2.850,-83.6,2.829,0.535
4755350,A2,0.340,-81.9,2.830,0.535
4755470,A3,3.700,-81.8,2.830,0.572
4755490,A1,2.860,-83.3,2.840,0.582
4755500,A2,0.350,-82.8,2.839,0.582
4755620,A3,3.710,-81.9,2.839,0.569
4755640,A1,2.890,-83.5,2.870,0.598
4755650,A2,0.350,-82.6,2.870,0.598
4755920,A3,3.690,-81.9,2.870,0.623
4755940,A1,2.890,-83.4,2.870,0.623
4755950,A2,0.360,-83.2,2.869,0.623
4756070,A3,3.730,-81.8,2.869,0.573
4756090,A1,2.900,-83.1,2.879,0.583
4756100,A2,0.330,-82.6,2.883,0.583
4756220,A3,3.710,-81.7,2.883,0.608
4756240,A1,2.890,-83.1,2.873,0.598
4756250,A2,0.380,-82.0,2.866,0.598
4756370,A3,3.700,-84.5,2.866,0.610
4756390,A1,2.890,-84.0,2.866,0.610
4756400,A2,0.340,-82.6,2.871,0.610
4756520,A3,3.710,-81.6,2.871,0.598
4756540,A1,2.920,-83.3,2.903,0.627
4756550,A2,0.340,-83.1,2.903,0.627
4756670,A3,3.700,-82.0,2.903,0.639
4756700,A2,0.340,-82.3,2.903,0.639
4756850,A2,0.360,-82.9,2.900,0.639
4756970,A3,3.710,-81.6,2.900,0.627
4756990,A1,2.860,-83.4,2.838,0.569
4757000,A2,0.350,-82.2,2.839,0.569
4757120,A3,3.720,-81.5,2.839,0.557
4757140,A1,2.940,-83.2,2.923,0.634
4757150,A2,0.340,-82.5,2.924,0.634
4757270,A3,3.700,-82.0,2.924,0.659
4757290,A1,2.890,-87.1,2.871,0.610
4757300,A2,0.360,-82.1,2.869,0.610
4757420,A3,3.730,-81.9,2.869,0.573
4757440,A1,2.910,-83.4,2.890,0.593
4757450,A2,0.340,-82.7,2.892,0.593
4757570,A3,3.720,-82.3,2.892,0.605
4757590,A1,2.900,-83.1,2.882,0.595
4757600,A2,0.350,-82.1,2.881,0.595
4757740,A1,2.870,-87.1,2.849,0.566
4757750,A2,0.350,-82.4,2.849,0.566
4757890,A1,2.930,-83.4,2.912,0.624
4757900,A2,0.340,-82.5,2.913,0.624
4758020,A3,3.720,-81.8,2.913,0.624
4758040,A1,2.880,-83.4,2.861,0.576
4758050,A2,0.340,-82.2,2.861,0.576
4758170,A3,3.680,-82.2,2.861,0.625
4758190,A1,2.920,-83.4,2.903,0.664
4758200,A2,0.360,-81.7,2.900,0.664
4758320,A3,3.680,-81.9,2.900,0.664
4758340,A1,2.910,-83.2,2.890,0.654
4758350,A2,0.340,-82.4,2.892,0.654
4758470,A3,3.700,-82.4,2.892,0.630
4758490,A1,2.890,-83.3,2.871,0.610
4758500,A2,0.400,-82.4,2.863,0.610
4758620,A3,3.700,-82.4,2.863,0.610
4758640,A1,2.940,-83.3,2.916,0.659
4758650,A2,0.340,-82.8,2.924,0.659
4758770,A3,3.680,-82.1,2.924,0.684
4758800,A2,0.340,-81.9,2.924,0.684
4759070,A3,3.700,-81.7,2.924,0.659
4759090,A1,2.890,-83.5,2.871,0.610
4759100,A2,0.370,-83.0,2.868,0.610
4759220,A3,3.710,-81.8,2.868,0.598
4759240,A1,2.890,-83.5,2.868,0.598
4759250,A2,0.330,-82.2,2.873,0.598
4759370,A3,3.720,-81.6,2.873,0.586
4759390,A1,2.860,-83.4,2.842,0.557
4759400,A2,0.330,-82.6,2.842,0.557
4759520,A3,3.720,-82.1,2.842,0.557
4759540,A1,2.910,-83.1,2.893,0.605
4759550,A2,0.330,-82.3,2.893,0.605
4759670,A3,3.680,-82.1,2.893,0.654
4759690,A1,2.840,-83.1,2.821,0.587
4759700,A2,0.370,-82.8,2.816,0.587
4759820,A3,3.710,-82.2,2.816,0.550
4759840,A1,2.910,-83.4,2.888,0.617
4759850,A2,0.370,-82.8,2.888,0.617
4759970,A3,3.710,-82.2,2.888,0.617
4759990,A1,2.920,-83.2,2.899,0.627
4760000,A2,0.360,-81.9,2.900,0.627
4760120,A3,3.720,-81.7,2.900,0.615
4760140,A1,2.850,-83.4,2.828,0.547
4760150,A2,0.350,-81.9,2.829,0.547
4760270,A3,3.700,-81.8,2.829,0.572
4760290,A1,2.900,-83.3,2.881,0.620
4760300,A2,0.350,-82.3,2.881,0.620
4760420,A3,3.700,-81.7,2.881,0.620
4760440,A1,2.890,-83.2,2.870,0.610
4760450,A2,0.360,-83.2,2.869,0.610
4760570,A3,3.700,-81.5,2.869,0.610
4760590,A1,2.890,-83.2,2.869,0.610
4760600,A2,0.370,-82.4,2.868,0.610
4760720,A3,3.680,-82.4,2.868,0.635
4760740,A1,2.870,-83.4,2.847,0.616
4760750,A2,0.340,-83.0,2.851,0.616
4760870,A3,3.700,-82.2,2.851,0.591
4760890,A1,2.900,-83.2,2.882,0.620
4760900,A2,0.390,-83.0,2.875,0.620
4761020,A3,3.680,-81.8,2.875,0.645
4761040,A1,2.890,-83.4,2.865,0.635
4761050,A2,0.340,-82.3,2.871,0.635
4761170,A3,3.700,-82.4,2.871,0.610
4761190,A1,2.870,-83.6,2.851,0.591
4761200,A2,0.350,-82.5,2.849,0.591
4761320,A3,3.680,-81.5,2.849,0.616
4761340,A1,2.900,-83.4,2.881,0.645
4761350,A2,0.350,-82.3,2.881,0.645
4761470,A3,3.690,-81.8,2.881,0.632
4761490,A1,2.900,-83.6,2.881,0.632
4761500,A2,0.330,-82.9,2.883,0.632
4761620,A3,3.710,-82.0,2.883,0.608
4761640,A1,2.830,-83.6,2.811,0.541
4761650,A2,0.350,-82.7,2.808,0.541
4761770,A3,3.710,-82.2,2.808,0.541
4761790,A1,2.870,-83.1,2.849,0.579
4761800,A2,0.360,-82.7,2.848,0.579
4761920,A3,3.720,-81.8,2.848,0.566
4761940,A1,2.920,-83.4,2.900,0.615
4761950,A2,0.370,-82.2,2.899,0.615
4762370,A3,3.690,-81.8,2.899,0.652
4762390,A1,2.900,-83.1,2.878,0.632
4762400,A2,0.330,-82.3,2.883,0.632
4762520,A3,3.700,-82.2,2.883,0.620
4762540,A1,2.880,-83.4,2.862,0.601
4762550,A2,0.330,-82.7,2.862,0.601
4762670,A3,3.720,-81.4,2.862,0.576
4762690,A1,2.890,-83.1,2.873,0.586
4762700,A2,0.340,-82.7,2.871,0.586
4762820,A3,3.700,-81.9,2.871,0.610
4762840,A1,2.890,-83.1,2.871,0.610
4762850,A2,0.340,-82.0,2.871,0.610
4762970,A3,3.700,-81.6,2.871,0.610
4762990,A1,2.890,-83.2,2.871,0.610
4763000,A2,0.340,-82.8,2.871,0.610
4763120,A3,3.720,-81.7,2.871,0.586
4763140,A1,2.900,-83.1,2.882,0.595
4763150,A2,0.330,-82.7,2.883,0.595
4763270,A3,3.670,-82.0,2.883,0.657
4763290,A1,2.910,-83.5,2.893,0.667
4763300,A2,0.370,-82.6,2.888,0.667
4763420,A3,3.730,-82.3,2.888,0.593
4763440,A1,2.900,-83.2,2.878,0.583
4763450,A2,0.360,-82.8,2.879,0.583
4763570,A3,3.730,-81.8,2.879,0.583
4763590,A1,2.890,-83.1,2.869,0.573
4763600,A2,0.350,-83.2,2.870,0.573
4763720,A3,3.690,-81.5,2.870,0.623
4763750,A2,0.340,-82.8,2.871,0.623
4763900,A2,0.330,-83.2,2.873,0.623
4764020,A3,3.710,-81.6,2.873,0.598
4764040,A1,2.860,-83.0,2.842,0.569
4764050,A2,0.320,-82.5,2.843,0.569
4764170,A3,3.710,-82.0,2.843,0.569
4764190,A1,2.860,-83.2,2.843,0.569
4764200,A2,0.370,-82.3,2.837,0.569
4764320,A3,3.720,-81.6,2.837,0.557
4764350,A2,0.350,-82.8,2.839,0.557
4764500,A2,0.350,-82.8,2.839,0.557
4764620,A3,3.680,-82.3,2.839,0.606
4764640,A1,2.890,-87.5,2.870,0.635
4764650,A2,0.350,-82.3,2.870,0.635
4764770,A3,3.700,-81.7,2.870,0.610
4764790,A1,2.870,-83.4,2.849,0.591
4765070,A3,3.670,-82.4,2.849,0.628
4765090,A1,2.850,-83.4,2.829,0.609
4765100,A2,0.350,-82.3,2.829,0.609
4765370,A3,3.710,-81.7,2.829,0.560
4765390,A1,2.860,-83.6,2.839,0.569
4765400,A2,0.320,-81.9,2.843,0.569
4765520,A3,3.660,-82.4,2.843,0.631
4765540,A1,2.880,-83.4,2.863,0.650
4765550,A2,0.410,-83.4,2.852,0.650
4765670,A3,3.700,-82.3,2.852,0.601
4765690,A1,2.880,-83.5,2.852,0.601
4765700,A2,0.350,-82.9,2.860,0.601
4765820,A3,3.710,-81.7,2.860,0.588
4765840,A1,2.880,-83.4,2.860,0.588
4765850,A2,0.360,-82.2,2.858,0.588
4765970,A3,3.680,-81.8,2.858,0.625
4765990,A1,2.870,-83.1,2.848,0.616
4766000,A2,0.340,-82.1,2.851,0.616
4766120,A3,3.690,-81.8,2.851,0.603
4766140,A1,2.870,-83.5,2.851,0.603
4766150,A2,0.340,-83.0,2.851,0.603
4766270,A3,3.710,-81.5,2.851,0.579
4766290,A1,2.900,-83.6,2.882,0.608
4766300,A2,0.360,-82.8,2.879,0.608
4766420,A3,3.680,-81.7,2.879,0.645
4766440,A1,2.840,-83.4,2.817,0.587
4766450,A2,0.340,-82.5,2.820,0.587
4766570,A3,3.720,-81.8,2.820,0.538
4766590,A1,2.940,-83.6,2.924,0.634
4766600,A2,0.340,-82.7,2.924,0.634
4766720,A3,3.670,-82.3,2.924,0.696
4766740,A1,2.870,-83.4,2.851,0.628
4766750,A2,0.350,-82.5,2.849,0.628
4766870,A3,3.690,-81.6,2.849,0.603
4766890,A1,2.870,-83.4,2.849,0.603
4766900,A2,0.380,-82.5,2.845,0.603
4767020,A3,3.710,-83.8,2.845,0.579
4767040,A1,2.820,-84.0,2.794,0.531
4767050,A2,0.370,-82.8,2.796,0.531
4767170,A3,3.700,-81.7,2.796,0.544
4767190,A1,2.870,-83.4,2.847,0.591
4767200,A2,0.340,-82.6,2.851,0.591
4767320,A3,3.700,-81.8,2.851,0.591
4767340,A1,2.870,-83.5,2.851,0.591
4767350,A2,0.360,-82.4,2.848,0.591
4767470,A3,3.710,-82.4,2.848,0.579
4767490,A1,2.880,-83.3,2.858,0.588
4767500,A2,0.330,-82.6,2.862,0.588
4767620,A3,3.690,-81.6,2.862,0.613
4767640,A1,2.900,-83.3,2.883,0.632
4767650,A2,0.330,-82.8,2.883,0.632
4767770,A3,3.700,-81.9,2.883,0.620
4767790,A1,2.870,-83.7,2.852,0.591
4767800,A2,0.380,-82.6,2.845,0.591
4767920,A3,3.690,-81.7,2.845,0.603
4767940,A1,2.870,-83.6,2.845,0.603
4767950,A2,0.370,-82.2,2.847,0.603
4768070,A3,3.700,-81.7,2.847,0.591
4768090,A1,2.820,-83.8,2.796,0.544
4768100,A2,0.340,-82.2,2.799,0.544
4768220,A3,3.700,-82.4,2.799,0.544
4768240,A1,2.910,-83.4,2.892,0.630
4768250,A2,0.320,-82.3,2.895,0.630
4768520,A3,3.690,-82.3,2.895,0.642
4768540,A1,2.820,-83.2,2.802,0.556
4768550,A2,0.360,-82.7,2.797,0.556
4768670,A3,3.690,-82.0,2.797,0.556
4768690,A1,2.910,-83.4,2.890,0.642
4768700,A2,0.380,-82.6,2.887,0.642
4768820,A3,3.720,-82.3,2.887,0.605
4768840,A1,2.890,-83.4,2.866,0.586
4768850,A2,0.370,-82.6,2.868,0.586
4768970,A3,3.720,-81.6,2.868,0.586
4768990,A1,2.860,-83.2,2.837,0.557
4769000,A2,0.330,-82.2,2.842,0.557
4769120,A3,3.680,-81.7,2.842,0.606
4769140,A1,2.850,-83.4,2.831,0.597
4769150,A2,0.340,-82.0,2.830,0.597
4769270,A3,3.700,-82.0,2.830,0.572
4769290,A1,2.930,-83.6,2.913,0.649
4769300,A2,0.350,-82.3,2.912,0.649
4769420,A3,3.700,-81.8,2.912,0.649
4769440,A1,2.900,-83.5,2.881,0.620
4769450,A2,0.330,-83.2,2.883,0.620
4769570,A3,3.700,-82.0,2.883,0.620
4769590,A1,2.840,-87.5,2.821,0.563
4769600,A2,0.350,-82.2,2.819,0.563
4769720,A3,3.700,-81.9,2.819,0.563
4769740,A1,2.940,-83.7,2.923,0.659
4769750,A2,0.370,-82.6,2.920,0.659
4769870,A3,3.700,-82.2,2.920,0.659
4769890,A1,2.860,-83.5,2.837,0.582
4769900,A2,0.330,-82.0,2.842,0.582
4770020,A3,3.670,-81.9,2.842,0.618
4770040,A1,2.900,-83.7,2.883,0.657
4770050,A2,0.360,-82.9,2.879,0.657
4770170,A3,3.710,-81.9,2.879,0.608
4770190,A1,2.890,-83.2,2.869,0.598
4770200,A2,0.340,-82.5,2.871,0.598
4770340,A1,2.910,-83.4,2.892,0.617
4770350,A2,0.330,-82.1,2.893,0.617
4770490,A1,2.880,-83.3,2.862,0.588
4770500,A2,0.350,-82.4,2.860,0.588
4770620,A3,3.680,-82.0,2.860,0.625
4770640,A1,2.930,-83.3,2.912,0.674
4770650,A2,0.350,-82.5,2.912,0.674
4770770,A3,3.710,-82.1,2.912,0.637
4770790,A1,2.890,-83.5,2.870,0.598
4770800,A2,0.360,-81.9,2.869,0.598
4770920,A3,3.700,-82.0,2.869,0.610
4770940,A1,2.910,-83.4,2.890,0.630
4770950,A2,0.370,-82.9,2.888,0.630
4771070,A3,3.700,-82.1,2.888,0.630
4771090,A1,2.850,-83.3,2.826,0.572
4771100,A2,0.370,-82.8,2.826,0.572
4771220,A3,3.710,-82.4,2.826,0.560
4771240,A1,2.880,-83.5,2.857,0.588
4771250,A2,0.330,-82.5,2.862,0.588
4771370,A3,3.690,-82.2,2.862,0.613
4771390,A1,2.920,-83.3,2.904,0.652
4771400,A2,0.330,-82.6,2.904,0.652
4771670,A3,3.700,-81.5,2.904,0.639
4771690,A1,2.920,-83.4,2.904,0.639
4771700,A2,0.370,-82.0,2.899,0.639
4771820,A3,3.690,-81.8,2.899,0.652
4771840,A1,2.900,-83.4,2.878,0.632
4771850,A2,0.380,-82.6,2.877,0.632
4771970,A3,3.690,-82.4,2.877,0.632
4771990,A1,2.880,-83.5,2.856,0.613
4772000,A2,0.340,-82.6,2.861,0.613
4772120,A3,3.730,-82.0,2.861,0.564
4772140,A1,2.930,-83.6,2.913,0.612
4772150,A2,0.340,-82.4,2.913,0.612
4772270,A3,3.700,-81.8,2.913,0.649
4772290,A1,2.920,-83.6,2.903,0.639
4772300,A2,0.320,-81.9,2.905,0.639
4772420,A3,3.700,-82.3,2.905,0.639
4772440,A1,2.860,-83.7,2.843,0.582
4772450,A2,0.360,-82.2,2.838,0.582
4772570,A3,3.730,-82.0,2.838,0.544
4772590,A1,2.850,-83.4,2.828,0.535
4772870,A3,3.700,-81.6,2.828,0.572
4772890,A1,2.820,-83.5,2.797,0.544
4772900,A2,0.350,-83.1,2.798,0.544
4773020,A3,3.710,-82.1,2.798,0.531
4773040,A1,2.920,-83.4,2.901,0.627
4773050,A2,0.350,-82.2,2.901,0.627
4773170,A3,3.700,-82.1,2.901,0.639
4773190,A1,2.900,-83.3,2.881,0.620
4773200,A2,0.370,-82.0,2.878,0.620
4773320,A3,3.680,-81.8,2.878,0.645
4773340,A1,2.840,-83.6,2.816,0.587
4773350,A2,0.330,-83.1,2.821,0.587
4773470,A3,3.690,-81.6,2.821,0.575
4773490,A1,2.910,-83.1,2.893,0.642
4773500,A2,0.350,-82.5,2.891,0.642
4773620,A3,3.700,-81.9,2.891,0.630
4773640,A1,2.880,-83.7,2.860,0.601
4773650,A2,0.330,-81.8,2.862,0.601
4773770,A3,3.720,-81.7,2.862,0.576
4773790,A1,2.900,-83.7,2.883,0.595
4773800,A2,0.350,-82.7,2.881,0.595
4773920,A3,3.690,-81.6,2.881,0.632
4773940,A1,2.900,-83.5,2.881,0.632
4773950,A2,0.360,-83.1,2.879,0.632
4774070,A3,3.680,-82.3,2.879,0.645
4774090,A1,2.910,-83.5,2.890,0.654
4774100,A2,0.330,-81.9,2.893,0.654
4774220,A3,3.690,-81.6,2.893,0.642
4774240,A1,2.850,-83.4,2.831,0.584
4774250,A2,0.340,-82.8,2.830,0.584
4774370,A3,3.720,-81.7,2.830,0.547
4774390,A1,2.860,-83.2,2.840,0.557
4774400,A2,0.340,-82.1,2.840,0.557
4774520,A3,3.720,-81.8,2.840,0.557
4774540,A1,2.890,-83.3,2.871,0.586
4774550,A2,0.340,-83.1,2.871,0.586
4774820,A3,3.700,-81.7,2.871,0.610
4774840,A1,2.870,-83.3,2.851,0.591
4774850,A2,0.330,-82.3,2.852,0.591
4774970,A3,3.710,-81.7,2.852,0.579
4774990,A1,2.860,-83.2,2.842,0.569
4775000,A2,0.340,-81.8,2.840,0.569
4775120,A3,3.730,-81.7,2.840,0.544
4775140,A1,2.890,-83.6,2.871,0.573
4775150,A2,0.340,-82.6,2.871,0.573
4775270,A3,3.710,-81.6,2.871,0.598
4775290,A1,2.910,-83.3,2.892,0.617
4775300,A2,0.320,-82.3,2.895,0.617
4775420,A3,3.690,-81.7,2.895,0.642
4775440,A1,2.900,-83.3,2.884,0.632
4775450,A2,0.360,-83.1,2.879,0.632
4775570,A3,3.710,-82.1,2.879,0.608
4775590,A1,2.870,-83.4,2.848,0.579
4775600,A2,0.380,-82.7,2.845,0.579
4775720,A3,3.680,-82.2,2.845,0.616
4775740,A1,2.850,-83.6,2.825,0.597
4775750,A2,0.370,-82.8,2.826,0.597
4775870,A3,3.710,-81.8,2.826,0.560
4775890,A1,2.870,-83.2,2.847,0.579
4775900,A2,0.360,-83.2,2.848,0.579
4776020,A3,3.710,-82.2,2.848,0.579
4776040,A1,2.900,-83.5,2.879,0.608
4776050,A2,0.350,-81.9,2.881,0.608
4776170,A3,3.710,-82.2,2.881,0.608
4776190,A1,2.910,-83.5,2.891,0.617
4776200,A2,0.340,-82.5,2.892,0.617
4776320,A3,3.710,-82.1,2.892,0.617
4776340,A1,2.910,-83.6,2.892,0.617
4776350,A2,0.340,-82.6,2.892,0.617
4776470,A3,3.700,-81.9,2.892,0.630
4776490,A1,2.880,-83.5,2.861,0.601
4776500,A2,0.340,-82.5,2.861,0.601
4776620,A3,3.680,-81.9,2.861,0.625
4776640,A1,2.910,-83.3,2.892,0.654
4776650,A2,0.350,-81.8,2.891,0.654
4776770,A3,3.710,-82.3,2.891,0.617
4776790,A1,2.900,-83.5,2.881,0.608
4776800,A2,0.370,-83.1,2.878,0.608
4776920,A3,3.700,-81.7,2.878,0.620
4776940,A1,2.870,-83.5,2.847,0.591
4776950,A2,0.360,-83.0,2.848,0.591
4777070,A3,3.710,-81.9,2.848,0.579
4777090,A1,2.900,-83.5,2.879,0.608
4777100,A2,0.360,-82.4,2.879,0.608
4777220,A3,3.690,-81.7,2.879,0.632
4777240,A1,2.920,-83.6,2.900,0.652
4777250,A2,0.370,-82.8,2.899,0.652
4777370,A3,3.680,-82.2,2.899,0.664
4777390,A1,2.880,-83.6,2.857,0.625
4777400,A2,0.320,-82.6,2.863,0.625
4777520,A3,3.660,-82.4,2.863,0.650
4777540,A1,2.900,-83.4,2.884,0.669
4777550,A2,0.350,-81.9,2.881,0.669
4777690,A1,2.840,-83.5,2.819,0.612
4777970,A3,3.710,-81.7,2.819,0.550
4777990,A1,2.920,-83.5,2.901,0.627
4778000,A2,0.360,-82.5,2.900,0.627
4778120,A3,3.720,-81.6,2.900,0.615
4778140,A1,2.910,-83.4,2.890,0.605
4778150,A2,0.370,-82.9,2.888,0.605
4778270,A3,3.720,-82.4,2.888,0.605
4778290,A1,2.940,-83.4,2.920,0.634
4778300,A2,0.320,-83.2,2.926,0.634
4778420,A3,3.710,-82.3,2.926,0.647
4778440,A1,2.890,-83.4,2.874,0.598
4778450,A2,0.340,-82.9,2.871,0.598
4778570,A3,3.700,-82.4,2.871,0.610
4778590,A1,2.850,-83.6,2.830,0.572
4778600,A2,0.330,-81.8,2.831,0.572
4778720,A3,3.730,-81.6,2.831,0.535
4778740,A1,2.860,-83.7,2.842,0.544
4778750,A2,0.340,-82.5,2.840,0.544
4778870,A3,3.730,-82.5,2.840,0.544
4778890,A1,2.920,-83.5,2.903,0.602
4778900,A2,0.360,-82.1,2.900,0.602
4779020,A3,3.710,-82.2,2.900,0.627
4779040,A1,2.820,-83.4,2.797,0.531
4779050,A2,0.360,-82.5,2.797,0.531
4779170,A3,3.710,-82.0,2.797,0.531
4779190,A1,2.890,-83.7,2.869,0.598
4779200,A2,0.350,-82.2,2.870,0.598
4779320,A3,3.710,-82.4,2.870,0.598
4779340,A1,2.850,-83.3,2.829,0.560
4779350,A2,0.340,-81.9,2.830,0.560
4779470,A3,3.700,-81.8,2.830,0.572
4779490,A1,2.850,-83.4,2.830,0.572
4779500,A2,0.350,-82.1,2.829,0.572
4779620,A3,3.710,-82.2,2.829,0.560
4779640,A1,2.890,-83.6,2.870,0.598
4779650,A2,0.350,-82.1,2.870,0.598
4779770,A3,3.700,-82.4,2.870,0.610
4779790,A1,2.850,-83.3,2.829,0.572
4779800,A2,0.350,-82.5,2.829,0.572
4779920,A3,3.710,-81.5,2.829,0.560
4779940,A1,2.900,-83.2,2.881,0.608
4779950,A2,0.360,-81.9,2.879,0.608
4780070,A3,3.710,-81.7,2.879,0.608
4780090,A1,2.910,-83.6,2.890,0.617
4780100,A2,0.350,-82.5,2.891,0.617
4780220,A3,3.700,-81.9,2.891,0.630
4780240,A1,2.900,-83.7,2.881,0.620
4780250,A2,0.340,-82.0,2.882,0.620
4780370,A3,3.700,-82.5,2.882,0.620
4780390,A1,2.890,-83.1,2.871,0.610
4780400,A2,0.350,-83.2,2.870,0.610
4780520,A3,3.720,-82.2,2.870,0.586
4780540,A1,2.830,-83.6,2.808,0.528
4780550,A2,0.360,-82.6,2.807,0.528
4780670,A3,3.650,-81.6,2.807,0.614
4780690,A1,2.890,-88.1,2.869,0.672
4780700,A2,0.340,-82.5,2.871,0.672
4780820,A3,3.730,-81.7,2.871,0.573
4780840,A1,2.870,-83.6,2.851,0.554
4780850,A2,0.400,-82.5,2.843,0.554
4781120,A3,3.680,-82.0,2.843,0.616
4781140,A1,2.870,-83.5,2.843,0.616
4781150,A2,0.370,-82.7,2.847,0.616
4781270,A3,3.710,-81.9,2.847,0.579
4781290,A1,2.930,-83.9,2.909,0.637
4781300,A2,0.340,-83.0,2.913,0.637
4781420,A3,3.690,-82.1,2.913,0.661
4781440,A1,2.900,-83.7,2.882,0.632
4781450,A2,0.400,-83.2,2.874,0.632
4781570,A3,3.690,-81.9,2.874,0.632
4781590,A1,2.930,-87.4,2.905,0.661
4781600,A2,0.360,-82.0,2.911,0.661
4781720,A3,3.700,-81.4,2.911,0.649
4781740,A1,2.820,-83.1,2.797,0.544
4781750,A2,0.340,-82.9,2.799,0.544
4781870,A3,3.690,-82.2,2.799,0.556
4781890,A1,2.900,-83.5,2.882,0.632
4781900,A2,0.340,-81.9,2.882,0.632
4782020,A3,3.720,-82.1,2.882,0.595
4782040,A1,2.890,-83.6,2.871,0.586
4782050,A2,0.370,-82.3,2.868,0.586
4782170,A3,3.700,-82.4,2.868,0.610
4782190,A1,2.870,-83.7,2.847,0.591
4782200,A2,0.340,-82.3,2.851,0.591
4782320,A3,3.720,-82.0,2.851,0.566
4782340,A1,2.870,-87.6,2.851,0.566
4782350,A2,0.330,-82.5,2.852,0.566
4782470,A3,3.700,-82.4,2.852,0.591
4782490,A1,2.880,-87.6,2.862,0.601
4782500,A2,0.350,-82.3,2.860,0.601
4782620,A3,3.680,-82.2,2.860,0.625
4782640,A1,2.910,-83.2,2.891,0.654
4782650,A2,0.330,-82.7,2.893,0.654
4782770,A3,3.700,-82.1,2.893,0.630
4782790,A1,2.910,-83.8,2.893,0.630
4782800,A2,0.340,-82.0,2.892,0.630
4782920,A3,3.670,-81.6,2.892,0.667
4782940,A1,2.840,-83.4,2.820,0.599
4782950,A2,0.330,-82.7,2.821,0.599
4783070,A3,3.690,-81.8,2.821,0.575
4783090,A1,2.900,-83.6,2.883,0.632
4783100,A2,0.360,-82.2,2.879,0.632
4783220,A3,3.710,-82.0,2.879,0.608
4783240,A1,2.840,-87.9,2.817,0.550
4783250,A2,0.350,-82.9,2.819,0.550
4783370,A3,3.700,-82.2,2.819,0.563
4783390,A1,2.820,-83.7,2.798,0.544
4783400,A2,0.340,-82.4,2.799,0.544
4783520,A3,3.710,-82.1,2.799,0.531
4783540,A1,2.850,-83.9,2.830,0.560
4783550,A2,0.360,-82.9,2.828,0.560
4783670,A3,3.690,-81.7,2.828,0.584
4783690,A1,2.880,-83.8,2.858,0.613
4783700,A2,0.370,-82.5,2.857,0.613
4783820,A3,3.700,-81.8,2.857,0.601
4783840,A1,2.900,-83.6,2.878,0.620
4783850,A2,0.340,-81.8,2.882,0.620
4783970,A3,3.690,-82.5,2.882,0.632
4783990,A1,2.860,-83.4,2.840,0.594
4784000,A2,0.350,-82.0,2.839,0.594
4784270,A3,3.710,-81.9,2.839,0.569
4784290,A1,2.820,-83.6,2.798,0.531
4784300,A2,0.360,-82.1,2.797,0.531
4784420,A3,3.690,-82.3,2.797,0.556
4784440,A1,2.900,-83.7,2.879,0.632
4784450,A2,0.340,-82.1,2.882,0.632
4784570,A3,3.680,-81.6,2.882,0.645
4784590,A1,2.830,-83.2,2.810,0.578
4784600,A2,0.340,-81.9,2.810,0.578
4784720,A3,3.700,-81.9,2.810,0.553
4784740,A1,2.880,-87.8,2.861,0.601
4784750,A2,0.360,-82.3,2.858,0.601
4784870,A3,3.670,-81.7,2.858,0.638
4784890,A1,2.890,-83.3,2.869,0.647
4784900,A2,0.360,-82.6,2.869,0.647
4785020,A3,3.680,-82.4,2.869,0.635
4785040,A1,2.900,-83.6,2.879,0.645
4785050,A2,0.320,-82.4,2.884,0.645
4785170,A3,3.700,-82.2,2.884,0.620
4785190,A1,2.900,-83.4,2.884,0.620
4785200,A2,0.350,-82.9,2.881,0.620
4785320,A3,3.670,-81.8,2.881,0.657
4785340,A1,2.880,-83.7,2.860,0.638
4785350,A2,0.330,-82.4,2.862,0.638
4785470,A3,3.710,-81.7,2.862,0.588
4785500,A2,0.350,-82.3,2.860,0.588
4785650,A2,0.350,-82.3,2.860,0.588
4785770,A3,3.690,-81.7,2.860,0.613
4785790,A1,2.870,-83.7,2.849,0.603
4785800,A2,0.350,-82.5,2.849,0.603
4785920,A3,3.680,-81.7,2.849,0.616
4785940,A1,2.900,-83.8,2.881,0.645
4785950,A2,0.370,-82.8,2.878,0.645
4786070,A3,3.710,-82.1,2.878,0.608
4786090,A1,2.950,-83.3,2.931,0.656
4786100,A2,0.350,-82.7,2.933,0.656
4786220,A3,3.690,-81.6,2.933,0.681
4786240,A1,2.850,-83.6,2.829,0.584
4786250,A2,0.350,-82.6,2.829,0.584
4786370,A3,3.710,-81.7,2.829,0.560
4786390,A1,2.860,-83.7,2.839,0.569
4786400,A2,0.360,-82.6,2.838,0.569
4786520,A3,3.700,-81.7,2.838,0.582
4786540,A1,2.890,-83.8,2.869,0.610
4786550,A2,0.340,-82.1,2.871,0.610
4786670,A3,3.710,-81.3,2.871,0.598
4786690,A1,2.900,-83.8,2.882,0.608
4786700,A2,0.350,-81.8,2.881,0.608
4786820,A3,3.710,-81.5,2.881,0.608
4786840,A1,2.880,-83.5,2.860,0.588
4786850,A2,0.370,-83.0,2.857,0.588
4786970,A3,3.690,-81.9,2.857,0.613
4786990,A1,2.910,-83.6,2.888,0.642
4787000,A2,0.330,-81.7,2.893,0.642
4787120,A3,3.710,-81.4,2.893,0.617
4787140,A1,2.850,-83.3,2.831,0.560
4787150,A2,0.330,-81.9,2.831,0.560
4787420,A3,3.710,-82.1,2.831,0.560
4787440,A1,2.890,-83.3,2.873,0.598
4787450,A2,0.330,-83.2,2.873,0.598
4787570,A3,3.700,-81.7,2.873,0.610
4787590,A1,2.920,-83.3,2.904,0.639
4787600,A2,0.350,-82.6,2.901,0.639
4787720,A3,3.700,-81.6,2.901,0.639
4787740,A1,2.890,-82.9,2.870,0.610
4787750,A2,0.340,-82.8,2.871,0.610
4787870,A3,3.710,-81.5,2.871,0.598
4787890,A1,2.940,-86.6,2.924,0.647
4787900,A2,0.360,-82.3,2.921,0.647
4788020,A3,3.680,-81.9,2.921,0.684
4788040,A1,2.870,-83.3,2.848,0.616
4788050,A2,0.340,-82.1,2.851,0.616
4788170,A3,3.700,-82.3,2.851,0.591
4788190,A1,2.890,-84.0,2.871,0.610
4788200,A2,0.370,-82.6,2.868,0.610
4788320,A3,3.720,-81.5,2.868,0.586
4788340,A1,2.870,-83.7,2.847,0.566
4788350,A2,0.340,-82.6,2.851,0.566
4788470,A3,3.710,-82.2,2.851,0.579
4788490,A1,2.850,-84.3,2.830,0.560
4788500,A2,0.370,-82.5,2.826,0.560
4788620,A3,3.680,-82.2,2.826,0.597
4788640,A1,2.810,-83.9,2.786,0.559
4788650,A2,0.340,-82.4,2.789,0.559
4788770,A3,3.670,-82.7,2.789,0.571
4788790,A1,2.820,-84.6,2.799,0.581
4788800,A2,0.360,-82.2,2.797,0.581
4788920,A3,3.690,-82.7,2.797,0.556
4788940,A1,2.810,-84.6,2.787,0.547
4788950,A2,0.380,-82.6,2.784,0.547
4789070,A3,3.700,-82.1,2.784,0.534
4789090,A1,2.810,-84.4,2.784,0.534
4789100,A2,0.370,-82.7,2.786,0.534
4789220,A3,3.680,-82.5,2.786,0.559
4789240,A1,2.860,-84.5,2.837,0.606
4789250,A2,0.350,-83.0,2.839,0.606
4789370,A3,3.710,-82.5,2.839,0.569
4789390,A1,2.810,-84.3,2.788,0.522
4789400,A2,0.370,-83.0,2.786,0.522
4789520,A3,3.670,-81.8,2.786,0.571
4789540,A1,2.840,-84.1,2.816,0.599
4789550,A2,0.350,-82.5,2.819,0.599
4789670,A3,3.700,-82.4,2.819,0.563
4789690,A1,2.820,-84.4,2.798,0.544
4789700,A2,0.340,-82.6,2.799,0.544
4789820,A3,3.690,-82.1,2.799,0.556
4789840,A1,2.850,-84.1,2.830,0.584
4789850,A2,0.350,-82.4,2.829,0.584
4789970,A3,3.690,-81.7,2.829,0.584
4789990,A1,2.820,-84.5,2.798,0.556
4790000,A2,0.360,-82.6,2.797,0.556
4790120,A3,3.700,-81.8,2.797,0.544
4790140,A1,2.840,-84.1,2.817,0.563
4790150,A2,0.340,-82.3,2.820,0.563
4790270,A3,3.690,-81.8,2.820,0.575
4790290,A1,2.840,-84.0,2.820,0.575
4790300,A2,0.370,-82.3,2.816,0.575
4790570,A3,3.710,-82.0,2.816,0.550
4790590,A1,2.850,-84.4,2.826,0.560
4790600,A2,0.350,-81.7,2.829,0.560
4790720,A3,3.680,-82.4,2.829,0.597
4790740,A1,2.900,-84.5,2.881,0.645
4790750,A2,0.360,-81.9,2.879,0.645
4790870,A3,3.700,-82.4,2.879,0.620
4790890,A1,2.860,-84.4,2.838,0.582
4790900,A2,0.360,-83.0,2.838,0.582
4791020,A3,3.680,-82.1,2.838,0.606
4791040,A1,2.840,-84.5,2.817,0.587
4791050,A2,0.350,-82.5,2.819,0.587
4791170,A3,3.720,-82.3,2.819,0.538
4791190,A1,2.880,-83.9,2.860,0.576
4791200,A2,0.330,-82.7,2.862,0.576
4791320,A3,3.720,-82.0,2.862,0.576
4791340,A1,2.820,-83.8,2.801,0.519
4791350,A2,0.370,-82.2,2.796,0.519
4791470,A3,3.710,-82.3,2.796,0.531
4791490,A1,2.860,-84.6,2.837,0.569
4791500,A2,0.350,-82.3,2.839,0.569
4791620,A3,3.700,-81.6,2.839,0.582
4791640,A1,2.830,-84.0,2.808,0.553
4791650,A2,0.340,-82.4,2.810,0.553
4791770,A3,3.690,-81.8,2.810,0.565
4791790,A1,2.890,-83.7,2.871,0.623
4791800,A2,0.380,-82.7,2.866,0.623
4791920,A3,3.680,-81.8,2.866,0.635
4791940,A1,2.840,-84.2,2.815,0.587
4791950,A2,0.320,-82.5,2.822,0.587
4792070,A3,3.690,-82.3,2.822,0.575
4792090,A1,2.920,-84.0,2.905,0.652
4792100,A2,0.360,-82.4,2.900,0.652
4792220,A3,3.700,-82.1,2.900,0.639
4792240,A1,2.890,-84.0,2.869,0.610
4792250,A2,0.370,-81.9,2.868,0.610
4792370,A3,3.700,-82.6,2.868,0.610
4792390,A1,2.830,-84.3,2.806,0.553
4792400,A2,0.350,-82.9,2.808,0.553
4792520,A3,3.690,-82.1,2.808,0.565
4792540,A1,2.880,-84.8,2.860,0.613
4792550,A2,0.350,-83.2,2.860,0.613
4792670,A3,3.720,-82.8,2.860,0.576
4792690,A1,2.830,-84.5,2.808,0.528
4792700,A2,0.360,-82.1,2.807,0.528
4792820,A3,3.680,-82.1,2.807,0.578
4792840,A1,2.870,-84.3,2.848,0.616
4792850,A2,0.350,-82.5,2.849,0.616
4792970,A3,3.710,-82.7,2.849,0.579
4792990,A1,2.840,-84.3,2.819,0.550
4793000,A2,0.330,-82.9,2.821,0.550
4793120,A3,3.690,-82.6,2.821,0.575
4793140,A1,2.820,-84.3,2.801,0.556
4793150,A2,0.360,-82.8,2.797,0.556
4793270,A3,3.670,-82.5,2.797,0.581
4793290,A1,2.880,-84.1,2.858,0.638
4793300,A2,0.320,-82.1,2.863,0.638
4793420,A3,3.700,-82.7,2.863,0.601
4793440,A1,2.840,-84.7,2.822,0.563
4793450,A2,0.400,-82.4,2.812,0.563
4793720,A3,3.670,-82.2,2.812,0.599
4793740,A1,2.890,-84.1,2.863,0.647
4793750,A2,0.340,-82.7,2.871,0.647
4793870,A3,3.700,-82.1,2.871,0.610
4793890,A1,2.890,-84.4,2.871,0.610
4793900,A2,0.370,-81.9,2.868,0.610
4794020,A3,3.680,-82.0,2.868,0.635
4794040,A1,2.880,-84.4,2.857,0.625
4794050,A2,0.340,-82.4,2.861,0.625
4794170,A3,3.700,-82.1,2.861,0.601
4794190,A1,2.920,-84.5,2.903,0.639
4794200,A2,0.370,-82.0,2.899,0.639
4794320,A3,3.690,-82.3,2.899,0.652
4794340,A1,2.850,-84.1,2.826,0.584
4794350,A2,0.400,-82.5,2.822,0.584
4794470,A3,3.680,-82.7,2.822,0.597
4794490,A1,2.890,-84.2,2.863,0.635
4794500,A2,0.350,-82.4,2.870,0.635
4794620,A3,3.700,-82.3,2.870,0.610
4794640,A1,2.830,-84.3,2.808,0.553
4794650,A2,0.330,-82.0,2.811,0.553
4794770,A3,3.680,-84.2,2.811,0.578
4794790,A1,2.850,-85.3,2.831,0.597
4794800,A2,0.340,-82.5,2.830,0.597
4794920,A3,3.710,-82.5,2.830,0.560
4794940,A1,2.840,-84.6,2.820,0.550
4794950,A2,0.340,-82.1,2.820,0.550
4795070,A3,3.670,-82.1,2.820,0.599
4795090,A1,2.910,-84.1,2.892,0.667
4795100,A2,0.330,-81.9,2.893,0.667
4795220,A3,3.690,-82.1,2.893,0.642
4795240,A1,2.880,-85.1,2.862,0.613
4795250,A2,0.360,-82.0,2.858,0.613
4795370,A3,3.680,-82.5,2.858,0.625
4795390,A1,2.860,-84.6,2.838,0.606
4795400,A2,0.350,-82.4,2.839,0.606
4795520,A3,3.690,-82.3,2.839,0.594
4795540,A1,2.870,-84.4,2.849,0.603
4795550,A2,0.340,-82.4,2.851,0.603
4795670,A3,3.690,-82.5,2.851,0.603
4795690,A1,2.870,-84.1,2.851,0.603
4795700,A2,0.340,-83.0,2.851,0.603
4795820,A3,3.670,-82.1,2.851,0.628
4795840,A1,2.830,-84.4,2.810,0.590
4795850,A2,0.390,-82.3,2.803,0.590
4795970,A3,3.690,-82.0,2.803,0.565
4796000,A2,0.350,-82.8,2.808,0.565
4796150,A2,0.330,-82.8,2.811,0.565
4796270,A3,3.700,-82.1,2.811,0.553
4796290,A1,2.850,-85.0,2.831,0.572
4796300,A2,0.360,-81.9,2.828,0.572
4796420,A3,3.680,-82.6,2.828,0.597
4796440,A1,2.840,-83.8,2.817,0.587
4796450,A2,0.370,-83.0,2.816,0.587
4796570,A3,3.690,-81.6,2.816,0.575
4796590,A1,2.890,-84.1,2.868,0.623
4796600,A2,0.340,-81.8,2.871,0.623
4796870,A3,3.720,-82.6,2.871,0.586
4796890,A1,2.810,-84.2,2.789,0.510
4796900,A2,0.340,-82.2,2.789,0.510
4797020,A3,3.710,-81.9,2.789,0.522
4797040,A1,2.840,-83.9,2.820,0.550
4797050,A2,0.370,-82.1,2.816,0.550
4797170,A3,3.700,-81.8,2.816,0.563
4797190,A1,2.870,-84.1,2.847,0.591
4797200,A2,0.360,-82.2,2.848,0.591
4797320,A3,3.660,-82.1,2.848,0.640
4797340,A1,2.850,-83.8,2.828,0.621
4797350,A2,0.330,-82.0,2.831,0.621
4797470,A3,3.680,-82.0,2.831,0.597
4797490,A1,2.820,-83.3,2.801,0.568
4797500,A2,0.340,-82.9,2.799,0.568
4797620,A3,3.690,-82.3,2.799,0.556
4797640,A1,2.860,-84.3,2.840,0.594
4797650,A2,0.330,-82.2,2.842,0.594
4797770,A3,3.710,-82.0,2.842,0.569
4797790,A1,2.860,-84.3,2.842,0.569
4797800,A2,0.350,-82.1,2.839,0.569
4797920,A3,3.700,-82.0,2.839,0.582
4797940,A1,2.830,-84.3,2.808,0.553
4797950,A2,0.410,-83.1,2.800,0.553
4798070,A3,3.700,-81.3,2.800,0.553
4798090,A1,2.840,-83.6,2.810,0.563
4798100,A2,0.360,-82.3,2.817,0.563
4798220,A3,3.730,-82.4,2.817,0.525
4798240,A1,2.900,-84.3,2.879,0.583
4798250,A2,0.330,-82.7,2.883,0.583
4798370,A3,3.680,-81.9,2.883,0.645
4798390,A1,2.850,-84.2,2.831,0.597
4798400,A2,0.380,-82.5,2.825,0.597
4798520,A3,3.690,-81.6,2.825,0.584
4798540,A1,2.830,-83.8,2.804,0.565
4798550,A2,0.360,-82.3,2.807,0.565
4798670,A3,3.700,-81.7,2.807,0.553
4798690,A1,2.850,-84.2,2.828,0.572
4798700,A2,0.380,-82.2,2.825,0.572
4798820,A3,3.710,-81.6,2.825,0.560
4798840,A1,2.820,-84.4,2.794,0.531
4798850,A2,0.350,-82.1,2.798,0.531
4798970,A3,3.720,-82.1,2.798,0.519
4798990,A1,2.820,-84.4,2.798,0.519
4799000,A2,0.350,-82.5,2.798,0.519
4799120,A3,3.680,-82.1,2.798,0.568
4799140,A1,2.900,-83.8,2.881,0.645
4799150,A2,0.350,-82.6,2.881,0.645
4799270,A3,3.660,-83.2,2.881,0.669
4799290,A1,2.840,-84.4,2.819,0.612
4799300,A2,0.360,-81.9,2.817,0.612
4799420,A3,3.710,-82.4,2.817,0.550
4799440,A1,2.850,-84.1,2.828,0.560
4799450,A2,0.360,-82.7,2.828,0.560
4799570,A3,3.680,-81.7,2.828,0.597
4799590,A1,2.810,-84.0,2.787,0.559
4799600,A2,0.370,-83.1,2.786,0.559
4799720,A3,3.710,-81.7,2.786,0.522
4799740,A1,2.830,-84.3,2.806,0.541
4799750,A2,0.360,-82.8,2.807,0.541
4800020,A3,3.680,-82.3,2.807,0.578
4800040,A1,2.850,-83.5,2.828,0.597
4800050,A2,0.340,-82.6,2.830,0.597
4800170,A3,3.680,-81.9,2.830,0.597
4800190,A1,2.840,-83.6,2.820,0.587
4800200,A2,0.380,-82.9,2.815,0.587
4800320,A3,3.690,-82.1,2.815,0.575
4800340,A1,2.900,-83.5,2.877,0.632
4800350,A2,0.350,-82.3,2.881,0.632
4800470,A3,3.710,-82.2,2.881,0.608
4800500,A2,0.350,-83.1,2.881,0.608
4800650,A2,0.360,-82.7,2.879,0.608
4800770,A3,3.690,-82.0,2.879,0.632
4800790,A1,2.850,-83.6,2.828,0.584
4800800,A2,0.340,-82.7,2.830,0.584
4800920,A3,3.690,-82.7,2.830,0.584
4800940,A1,2.870,-83.6,2.851,0.603
4800950,A2,0.380,-82.6,2.845,0.603
4801070,A3,3.670,-82.4,2.845,0.628
4801090,A1,2.840,-83.7,2.815,0.599
4801100,A2,0.420,-82.5,2.809,0.599
4801220,A3,3.680,-83.6,2.809,0.587
4801240,A1,2.850,-83.8,2.819,0.597
4801250,A2,0.330,-82.6,2.831,0.597
4801370,A3,3.690,-83.4,2.831,0.584
4801390,A1,2.830,-83.9,2.811,0.565
4801400,A2,0.350,-83.3,2.808,0.565
4801520,A3,3.690,-82.9,2.808,0.565
4801540,A1,2.890,-83.5,2.870,0.623
4801550,A2,0.330,-82.5,2.873,0.623
4801670,A3,3.700,-82.5,2.873,0.610
4801690,A1,2.840,-83.6,2.821,0.563
4801700,A2,0.350,-82.6,2.819,0.563
4801820,A3,3.680,-82.0,2.819,0.587
4801840,A1,2.830,-83.3,2.808,0.578
4801850,A2,0.350,-82.7,2.808,0.578
4801970,A3,3.720,-82.4,2.808,0.528
4801990,A1,2.840,-83.7,2.819,0.538
4802000,A2,0.360,-81.9,2.817,0.538
4802120,A3,3.710,-81.6,2.817,0.550
4802140,A1,2.860,-83.5,2.838,0.569
4802150,A2,0.350,-82.4,2.839,0.569
4802270,A3,3.710,-82.0,2.839,0.569
4802290,A1,2.900,-84.1,2.881,0.608
4802300,A2,0.350,-82.8,2.881,0.608
4802420,A3,3.690,-81.6,2.881,0.632
4802440,A1,2.880,-83.6,2.860,0.613
4802450,A2,0.340,-82.0,2.861,0.613
4802570,A3,3.690,-81.9,2.861,0.613
4802590,A1,2.870,-83.4,2.851,0.603
4802600,A2,0.360,-82.7,2.848,0.603
4802720,A3,3.680,-82.2,2.848,0.616
4802740,A1,2.830,-83.9,2.807,0.578
4802750,A2,0.370,-82.6,2.806,0.578
4802870,A3,3.680,-81.7,2.806,0.578
4802890,A1,2.840,-83.9,2.816,0.587
4802900,A2,0.350,-82.3,2.819,0.587
4803170,A3,3.720,-81.6,2.819,0.538
4803200,A2,0.340,-83.2,2.820,0.538
4803350,A2,0.330,-82.2,2.821,0.538
4803470,A3,3.660,-82.3,2.821,0.612
4803490,A1,2.810,-83.8,2.791,0.583
4803500,A2,0.350,-82.2,2.788,0.583
4803620,A3,3.690,-81.9,2.788,0.547
4803640,A1,2.820,-83.8,2.798,0.556
4803650,A2,0.320,-83.2,2.802,0.556
4803770,A3,3.680,-81.6,2.802,0.568
4803790,A1,2.830,-84.0,2.812,0.578
4803800,A2,0.370,-83.0,2.806,0.578
4803920,A3,3.700,-81.9,2.806,0.553
4803940,A1,2.810,-84.7,2.786,0.534
4803950,A2,0.330,-82.5,2.791,0.534
4804070,A3,3.690,-82.6,2.791,0.547
4804090,A1,2.820,-83.4,2.801,0.556
4804100,A2,0.320,-82.5,2.802,0.556
4804220,A3,3.700,-82.7,2.802,0.544
4804240,A1,2.880,-84.8,2.863,0.601
4804250,A2,0.370,-82.1,2.857,0.601
4804370,A3,3.690,-82.4,2.857,0.613
4804390,A1,2.850,-83.2,2.826,0.584
4804400,A2,0.330,-82.6,2.831,0.584
4804520,A3,3.710,-81.9,2.831,0.560
4804540,A1,2.860,-84.2,2.842,0.569
4804550,A2,0.370,-82.2,2.837,0.569
4804670,A3,3.690,-81.8,2.837,0.594
4804690,A1,2.820,-84.1,2.796,0.556
4804700,A2,0.350,-82.0,2.798,0.556
4804820,A3,3.690,-82.6,2.798,0.556
4804840,A1,2.830,-84.2,2.808,0.565
4804850,A2,0.380,-82.4,2.804,0.565
4804970,A3,3.680,-82.0,2.804,0.578
4804990,A1,2.880,-83.9,2.856,0.625
4805000,A2,0.350,-82.3,2.860,0.625
4805120,A3,3.700,-82.3,2.860,0.601
4805140,A1,2.830,-83.4,2.808,0.553
4805150,A2,0.410,-82.4,2.800,0.553
4805270,A3,3.670,-82.3,2.800,0.590
4805290,A1,2.890,-83.6,2.862,0.647
4805300,A2,0.360,-82.8,2.869,0.647
4805420,A3,3.700,-85.9,2.869,0.610
4805440,A1,2.890,-85.2,2.869,0.610
4805450,A2,0.350,-82.2,2.870,0.610
4805570,A3,3.700,-82.7,2.870,0.610
4805590,A1,2.870,-83.4,2.849,0.591
4805600,A2,0.350,-83.2,2.849,0.591
4805720,A3,3.670,-82.6,2.849,0.628
4805740,A1,2.860,-84.2,2.839,0.618
4805750,A2,0.350,-82.7,2.839,0.618
4805870,A3,3.680,-82.4,2.839,0.606
4805890,A1,2.890,-84.1,2.870,0.635
4805900,A2,0.340,-83.1,2.871,0.635
4806020,A3,3.630,-82.0,2.871,0.696
4806040,A1,2.890,-83.8,2.871,0.696
4806050,A2,0.360,-82.1,2.869,0.696
4806320,A3,3.690,-83.2,2.869,0.623
4806340,A1,2.840,-83.9,2.817,0.575
4806350,A2,0.360,-81.8,2.817,0.575
4806490,A1,2.880,-83.8,2.858,0.613
4806500,A2,0.330,-82.7,2.862,0.613
4806640,A1,2.850,-83.4,2.831,0.584
4806650,A2,0.330,-82.8,2.831,0.584
4806770,A3,3.710,-81.9,2.831,0.560
4806790,A1,2.910,-84.0,2.893,0.617
4806800,A2,0.400,-82.6,2.884,0.617
4806920,A3,3.730,-82.0,2.884,0.593
4806940,A1,2.820,-83.6,2.792,0.507
4806950,A2,0.350,-81.7,2.798,0.507
4807070,A3,3.710,-82.2,2.798,0.531
4807090,A1,2.850,-83.9,2.829,0.560
4807100,A2,0.350,-81.8,2.829,0.560
4807220,A3,3.700,-82.1,2.829,0.572
4807240,A1,2.910,-84.1,2.891,0.630
4807250,A2,0.380,-82.5,2.887,0.630
4807370,A3,3.670,-81.6,2.887,0.667
4807390,A1,2.900,-83.2,2.877,0.657
4807400,A2,0.340,-82.9,2.882,0.657
4807520,A3,3.710,-81.5,2.882,0.608
4807540,A1,2.890,-83.3,2.871,0.598
4807550,A2,0.340,-83.3,2.871,0.598
4807670,A3,3.710,-82.3,2.871,0.598
4807690,A1,2.890,-83.2,2.871,0.598
4807700,A2,0.350,-81.9,2.870,0.598
4807820,A3,3.710,-81.5,2.870,0.598
4807840,A1,2.900,-83.4,2.881,0.608
4807850,A2,0.370,-82.8,2.878,0.608
4807970,A3,3.720,-81.7,2.878,0.595
4807990,A1,2.860,-83.2,2.837,0.557
4808000,A2,0.370,-82.1,2.837,0.557
4808120,A3,3.700,-82.0,2.837,0.582
4808140,A1,2.890,-83.0,2.868,0.610
4808150,A2,0.340,-82.8,2.871,0.610
4808270,A3,3.690,-81.7,2.871,0.623
4808290,A1,2.880,-83.4,2.861,0.613
4808300,A2,0.340,-82.7,2.861,0.613
4808420,A3,3.670,-81.8,2.861,0.638
4808440,A1,2.880,-83.6,2.861,0.638
4808450,A2,0.360,-82.1,2.858,0.638
4808570,A3,3.690,-82.0,2.858,0.613
4808590,A1,2.860,-83.6,2.838,0.594
4808600,A2,0.350,-82.1,2.839,0.594
4808720,A3,3.670,-82.2,2.839,0.618
4808740,A1,2.860,-84.0,2.839,0.618
4808750,A2,0.350,-82.2,2.839,0.618
4808870,A3,3.670,-82.5,2.839,0.618
4808890,A1,2.850,-83.9,2.829,0.609
4808900,A2,0.350,-82.5,2.829,0.609
4809020,A3,3.710,-81.9,2.829,0.560
4809040,A1,2.860,-84.3,2.839,0.569
4809050,A2,0.330,-82.5,2.842,0.569
4809170,A3,3.700,-82.2,2.842,0.582
4809190,A1,2.820,-84.1,2.801,0.544
4809200,A2,0.360,-82.0,2.797,0.544
4809470,A3,3.710,-82.0,2.797,0.531
4809490,A1,2.870,-83.2,2.848,0.579
4809500,A2,0.360,-81.9,2.848,0.579
4809640,A1,2.820,-84.2,2.797,0.531
4809650,A2,0.380,-82.7,2.794,0.531
4809790,A1,2.830,-83.8,2.804,0.541
4809800,A2,0.340,-82.9,2.810,0.541
4809920,A3,3.690,-82.5,2.810,0.565
4809940,A1,2.860,-84.8,2.840,0.594
4809950,A2,0.340,-82.7,2.840,0.594
4810070,A3,3.650,-82.1,2.840,0.643
4810090,A1,2.860,-84.4,2.840,0.643
4810100,A2,0.350,-83.0,2.839,0.643
4810220,A3,3.700,-82.3,2.839,0.582
4810240,A1,2.840,-84.6,2.819,0.563
4810250,A2,0.350,-81.9,2.819,0.563
4810370,A3,3.700,-82.4,2.819,0.563
4810390,A1,2.830,-84.2,2.808,0.553
4810400,A2,0.330,-82.2,2.811,0.553
4810520,A3,3.680,-82.4,2.811,0.578
4810540,A1,2.890,-84.1,2.873,0.635
4810550,A2,0.360,-83.3,2.869,0.635
4810670,A3,3.690,-82.2,2.869,0.623
4810690,A1,2.840,-84.4,2.817,0.575
4810700,A2,0.360,-82.7,2.817,0.575
4810820,A3,3.680,-82.2,2.817,0.587
4810840,A1,2.830,-84.4,2.807,0.578
4810850,A2,0.350,-82.8,2.808,0.578
4810970,A3,3.690,-82.5,2.808,0.565
4810990,A1,2.880,-83.9,2.860,0.613
4811000,A2,0.350,-82.2,2.860,0.613
4811120,A3,3.690,-82.6,2.860,0.613
4811140,A1,2.820,-84.2,2.798,0.556
4811150,A2,0.340,-82.5,2.799,0.556
4811270,A3,3.670,-82.8,2.799,0.581
4811290,A1,2.890,-83.5,2.871,0.647
4811300,A2,0.350,-82.0,2.870,0.647
4811420,A3,3.670,-81.7,2.870,0.647
4811440,A1,2.870,-83.4,2.849,0.628
4811450,A2,0.350,-82.8,2.849,0.628
4811570,A3,3.710,-82.6,2.849,0.579
4811590,A1,2.840,-83.8,2.819,0.550
4811600,A2,0.360,-81.8,2.817,0.550
4811720,A3,3.720,-82.5,2.817,0.538
4811740,A1,2.850,-84.1,2.828,0.547
4811750,A2,0.350,-82.4,2.829,0.547
4811870,A3,3.680,-82.2,2.829,0.597
4811890,A1,2.860,-83.8,2.839,0.606
4811900,A2,0.330,-83.0,2.842,0.606
4812020,A3,3.710,-82.7,2.842,0.569
4812040,A1,2.900,-83.9,2.883,0.608
4812050,A2,0.370,-82.3,2.878,0.608
4812170,A3,3.670,-82.1,2.878,0.657
4812190,A1,2.840,-84.4,2.816,0.599
4812200,A2,0.340,-82.8,2.820,0.599
4812320,A3,3.670,-82.0,2.820,0.599
4812340,A1,2.880,-84.2,2.861,0.638
4812350,A2,0.350,-82.0,2.860,0.638
4812620,A3,3.700,-82.1,2.860,0.601
4812640,A1,2.850,-84.1,2.829,0.572
4812650,A2,0.370,-82.6,2.826,0.572
4812770,A3,3.670,-82.1,2.826,0.609
4812790,A1,2.880,-84.5,2.857,0.638
4812800,A2,0.320,-82.3,2.863,0.638
4812920,A3,3.690,-82.0,2.863,0.613
4812940,A1,2.860,-84.4,2.843,0.594
4812950,A2,0.360,-82.2,2.838,0.594
4813070,A3,3.690,-82.3,2.838,0.594
4813090,A1,2.820,-83.9,2.797,0.556
4813100,A2,0.350,-82.4,2.798,0.556
4813220,A3,3.680,-82.8,2.798,0.568
4813240,A1,2.850,-84.0,2.829,0.597
4813250,A2,0.340,-82.2,2.830,0.597
4813370,A3,3.730,-82.3,2.830,0.535
4813390,A1,2.870,-84.4,2.851,0.554
4813400,A2,0.360,-82.1,2.848,0.554
4813520,A3,3.680,-81.9,2.848,0.616
4813540,A1,2.890,-84.1,2.869,0.635
4813550,A2,0.380,-81.6,2.866,0.635
4813670,A3,3.700,-82.7,2.866,0.610
4813690,A1,2.860,-84.0,2.835,0.582
4813700,A2,0.320,-82.6,2.843,0.582
4813820,A3,3.710,-82.4,2.843,0.569
4813840,A1,2.870,-84.0,2.853,0.579
4813850,A2,0.350,-82.7,2.849,0.579
4813970,A3,3.700,-82.2,2.849,0.591
4813990,A1,2.840,-84.2,2.819,0.563
4814000,A2,0.340,-82.1,2.820,0.563
4814120,A3,3.670,-82.2,2.820,0.599
4814140,A1,2.870,-84.2,2.851,0.628
4814150,A2,0.360,-81.9,2.848,0.628
4814270,A3,3.700,-82.5,2.848,0.591
4814290,A1,2.910,-84.2,2.890,0.630
4814300,A2,0.360,-82.9,2.890,0.630
4814420,A3,3.700,-82.9,2.890,0.630
4814440,A1,2.880,-84.4,2.858,0.601
4814450,A2,0.350,-82.7,2.860,0.601
4814570,A3,3.700,-82.4,2.860,0.601
4814590,A1,2.830,-84.2,2.808,0.553
4814600,A2,0.360,-82.6,2.807,0.553
4814720,A3,3.700,-82.8,2.807,0.553
4814740,A1,2.920,-83.9,2.900,0.639
4814750,A2,0.350,-82.2,2.901,0.639
4814870,A3,3.680,-82.1,2.901,0.664
4814890,A1,2.840,-84.0,2.819,0.587
4814900,A2,0.350,-82.7,2.819,0.587
4815020,A3,3.680,-82.5,2.819,0.587
4815040,A1,2.890,-84.2,2.870,0.635
4815050,A2,0.330,-82.6,2.873,0.635
4815170,A3,3.690,-82.1,2.873,0.623
4815190,A1,2.870,-83.9,2.852,0.603
4815200,A2,0.350,-82.5,2.849,0.603
4815320,A3,3.700,-82.4,2.849,0.591
4815340,A1,2.810,-84.1,2.788,0.534
4815350,A2,0.360,-82.0,2.787,0.534
4815470,A3,3.670,-82.8,2.787,0.571
4815490,A1,2.860,-84.2,2.838,0.618
4815500,A2,0.370,-82.0,2.837,0.618
4815770,A3,3.700,-82.2,2.837,0.582
4815790,A1,2.880,-84.1,2.857,0.601
4815800,A2,0.350,-82.5,2.860,0.601
4815920,A3,3.680,-82.1,2.860,0.625
4815940,A1,2.890,-84.2,2.870,0.635
4815950,A2,0.330,-82.0,2.873,0.635
4816070,A3,3.700,-83.7,2.873,0.610
4816090,A1,2.860,-84.5,2.842,0.582
4816100,A2,0.350,-82.5,2.839,0.582
4816220,A3,3.680,-82.3,2.839,0.606
4816240,A1,2.840,-84.4,2.819,0.587
4816250,A2,0.350,-82.6,2.819,0.587
4816370,A3,3.690,-82.5,2.819,0.575
4816390,A1,2.870,-84.2,2.849,0.603
4816400,A2,0.420,-82.9,2.840,0.603
4816520,A3,3.720,-82.3,2.840,0.566
4816540,A1,2.860,-83.9,2.829,0.557
4816550,A2,0.370,-82.3,2.837,0.557
4816670,A3,3.670,-82.2,2.837,0.618
4816690,A1,2.850,-83.9,2.826,0.609
4816700,A2,0.370,-82.7,2.826,0.609
4816820,A3,3.670,-82.2,2.826,0.609
4816840,A1,2.850,-84.3,2.826,0.609
4816850,A2,0.420,-83.1,2.819,0.609
4816970,A3,3.690,-82.7,2.819,0.584
4816990,A1,2.880,-84.0,2.850,0.613
4817000,A2,0.360,-81.8,2.858,0.613
4817120,A3,3.680,-82.0,2.858,0.625
4817140,A1,2.880,-84.2,2.858,0.625
4817150,A2,0.350,-82.7,2.860,0.625
4817270,A3,3.680,-82.9,2.860,0.625
4817290,A1,2.900,-84.5,2.881,0.645
4817300,A2,0.350,-82.7,2.881,0.645
4817420,A3,3.700,-82.3,2.881,0.620
4817440,A1,2.830,-84.6,2.808,0.553
4817450,A2,0.330,-82.9,2.811,0.553
4817570,A3,3.700,-81.7,2.811,0.553
4817590,A1,2.910,-84.4,2.893,0.630
4817600,A2,0.340,-82.7,2.892,0.630
4817720,A3,3.680,-82.1,2.892,0.654
4817740,A1,2.870,-84.1,2.851,0.616
4817750,A2,0.350,-82.6,2.849,0.616
4817870,A3,3.690,-82.5,2.849,0.603
4817890,A1,2.910,-84.3,2.891,0.642
4817900,A2,0.350,-82.5,2.891,0.642
4818020,A3,3.670,-82.1,2.891,0.667
4818040,A1,2.840,-83.8,2.819,0.599
4818050,A2,0.350,-82.1,2.819,0.599
4818170,A3,3.700,-82.2,2.819,0.563
4818190,A1,2.880,-84.3,2.860,0.601
4818200,A2,0.350,-82.7,2.860,0.601
4818320,A3,3.730,-82.4,2.860,0.564
4818340,A1,2.880,-84.0,2.860,0.564
4818350,A2,0.330,-82.6,2.862,0.564
4818470,A3,3.700,-82.1,2.862,0.601
4818490,A1,2.830,-83.7,2.811,0.553
4818500,A2,0.370,-82.5,2.806,0.553
4818620,A3,3.700,-81.7,2.806,0.553
4818640,A1,2.870,-83.7,2.847,0.591
4818650,A2,0.340,-82.6,2.851,0.591
4818940,A1,2.870,-83.8,2.851,0.591
4818950,A2,0.360,-82.4,2.848,0.591
4819090,A1,2.860,-83.7,2.838,0.582
4819100,A2,0.360,-83.2,2.838,0.582
4819220,A3,3.700,-82.3,2.838,0.582
4819240,A1,2.890,-84.2,2.869,0.610
4819250,A2,0.360,-82.2,2.869,0.610
4819370,A3,3.680,-82.3,2.869,0.635
4819390,A1,2.860,-84.5,2.838,0.606
4819400,A2,0.350,-82.0,2.839,0.606
4819520,A3,3.720,-82.3,2.839,0.557
4819540,A1,2.860,-84.2,2.839,0.557
4819550,A2,0.360,-82.4,2.838,0.557
4819670,A3,3.710,-82.0,2.838,0.569
4819690,A1,2.890,-84.0,2.869,0.598
4819700,A2,0.370,-81.8,2.868,0.598
4819820,A3,3.660,-82.2,2.868,0.659
4819840,A1,2.840,-84.4,2.816,0.612
4819850,A2,0.350,-82.4,2.819,0.612
4819970,A3,3.720,-82.2,2.819,0.538
4819990,A1,2.870,-84.3,2.849,0.566
4820000,A2,0.370,-83.2,2.847,0.566
4820120,A3,3.670,-82.5,2.847,0.628
4820140,A1,2.840,-84.1,2.816,0.599
4820150,A2,0.350,-82.0,2.819,0.599
4820270,A3,3.690,-82.5,2.819,0.575
4820290,A1,2.840,-84.6,2.819,0.575
4820300,A2,0.340,-82.2,2.820,0.575
4820420,A3,3.680,-82.4,2.820,0.587
4820440,A1,2.830,-84.1,2.810,0.578
4820450,A2,0.360,-82.9,2.807,0.578
4820570,A3,3.700,-82.8,2.807,0.553
4820590,A1,2.910,-84.2,2.890,0.630
4820600,A2,0.340,-83.2,2.892,0.630
4820720,A3,3.670,-82.5,2.892,0.667
4820740,A1,2.910,-83.8,2.892,0.667
4820750,A2,0.340,-82.2,2.892,0.667
4820870,A3,3.700,-82.2,2.892,0.630
4820890,A1,2.860,-83.8,2.840,0.582
4820900,A2,0.340,-82.6,2.840,0.582
4821020,A3,3.680,-82.6,2.840,0.606
4821040,A1,2.860,-84.2,2.840,0.606
4821050,A2,0.340,-82.0,2.840,0.606
4821170,A3,3.680,-82.7,2.840,0.606
4821190,A1,2.910,-84.3,2.892,0.654
4821200,A2,0.390,-82.8,2.886,0.654
4821320,A3,3.680,-82.9,2.886,0.654
4821340,A1,2.840,-84.1,2.813,0.587
4821350,A2,0.360,-82.6,2.817,0.587
4821470,A3,3.710,-81.9,2.817,0.550
4821490,A1,2.870,-84.4,2.848,0.579
4821500,A2,0.380,-82.8,2.845,0.579
4821620,A3,3.680,-82.2,2.845,0.616
4821640,A1,2.850,-84.1,2.825,0.597
4821650,A2,0.330,-82.8,2.831,0.597
4821770,A3,3.680,-82.3,2.831,0.597
4821790,A1,2.890,-83.8,2.873,0.635
4821800,A2,0.340,-82.6,2.871,0.635
4822070,A3,3.690,-82.4,2.871,0.623
4822090,A1,2.840,-84.2,2.820,0.575
4822370,A3,3.720,-82.7,2.820,0.538
4822390,A1,2.820,-84.2,2.799,0.519
4822400,A2,0.320,-82.0,2.802,0.519
4822520,A3,3.700,-82.4,2.802,0.544
4822540,A1,2.910,-84.1,2.895,0.630
4822550,A2,0.350,-82.6,2.891,0.630
4822670,A3,3.700,-82.1,2.891,0.630
4822690,A1,2.840,-84.4,2.819,0.563
4822700,A2,0.340,-82.8,2.820,0.563
4822820,A3,3.690,-82.5,2.820,0.575
4822840,A1,2.900,-84.4,2.882,0.632
4822850,A2,0.350,-81.9,2.881,0.632
4822970,A3,3.690,-82.3,2.881,0.632
4822990,A1,2.900,-83.9,2.881,0.632
4823000,A2,0.350,-81.9,2.881,0.632
4823120,A3,3.680,-82.2,2.881,0.645
4823140,A1,2.820,-84.1,2.798,0.568
4823150,A2,0.350,-82.3,2.798,0.568
4823270,A3,3.710,-82.7,2.798,0.531
4823290,A1,2.860,-84.0,2.839,0.569
4823300,A2,0.370,-82.9,2.837,0.569
4823420,A3,3.670,-82.2,2.837,0.618
4823440,A1,2.840,-84.0,2.816,0.599
4823450,A2,0.340,-81.9,2.820,0.599
4823570,A3,3.700,-82.8,2.820,0.563
4823590,A1,2.850,-84.0,2.830,0.572
4823600,A2,0.340,-82.4,2.830,0.572
4823720,A3,3.700,-82.6,2.830,0.572
4823740,A1,2.840,-84.1,2.820,0.563
4823750,A2,0.340,-82.3,2.820,0.563
4823870,A3,3.700,-82.4,2.820,0.563
4823890,A1,2.880,-83.9,2.861,0.601
4823900,A2,0.340,-82.4,2.861,0.601
4824020,A3,3.690,-82.5,2.861,0.613
4824040,A1,2.820,-84.2,2.799,0.556
4824050,A2,0.340,-82.6,2.799,0.556
4824170,A3,3.690,-82.5,2.799,0.556
4824190,A1,2.890,-83.9,2.871,0.623
4824200,A2,0.370,-82.7,2.868,0.623
4824320,A3,3.680,-82.5,2.868,0.635
4824340,A1,2.850,-84.3,2.826,0.597
4824350,A2,0.350,-82.6,2.829,0.597
4824470,A3,3.690,-82.4,2.829,0.584
4824490,A1,2.890,-84.0,2.870,0.623
4824500,A2,0.360,-82.1,2.869,0.623
4824620,A3,3.690,-82.3,2.869,0.623
4824640,A1,2.850,-84.0,2.828,0.584
4824650,A2,0.350,-82.3,2.829,0.584
4824770,A3,3.700,-82.3,2.829,0.572
4824790,A1,2.910,-84.0,2.891,0.630
4824800,A2,0.360,-82.5,2.890,0.630
4824920,A3,3.660,-82.6,2.890,0.679
4824940,A1,2.850,-84.2,2.828,0.621
4824950,A2,0.360,-82.6,2.828,0.621
4825220,A3,3.690,-82.1,2.828,0.584
4825240,A1,2.890,-83.7,2.869,0.623
4825250,A2,0.370,-82.4,2.868,0.623
4825370,A3,3.670,-82.1,2.868,0.647
4825390,A1,2.840,-84.2,2.816,0.599
4825400,A2,0.360,-82.0,2.817,0.599
4825520,A3,3.690,-82.9,2.817,0.575
4825540,A1,2.910,-84.0,2.890,0.642
4825550,A2,0.330,-82.8,2.893,0.642
4825670,A3,3.670,-82.8,2.893,0.667
4825690,A1,2.830,-83.9,2.811,0.590
4825700,A2,0.350,-83.0,2.808,0.590
4825820,A3,3.700,-82.2,2.808,0.553
4825840,A1,2.860,-83.9,2.839,0.582
4825850,A2,0.350,-82.8,2.839,0.582
4825970,A3,3.690,-82.8,2.839,0.594
4825990,A1,2.880,-84.1,2.860,0.613
4826000,A2,0.350,-82.3,2.860,0.613
4826120,A3,3.700,-83.0,2.860,0.601
4826140,A1,2.830,-84.4,2.808,0.553
4826150,A2,0.320,-82.3,2.812,0.553
4826270,A3,3.690,-82.8,2.812,0.565
4826290,A1,2.850,-84.4,2.832,0.584
4826300,A2,0.330,-82.6,2.831,0.584
4826420,A3,3.670,-82.2,2.831,0.609
4826440,A1,2.860,-83.9,2.842,0.618
4826450,A2,0.340,-82.2,2.840,0.618
4826570,A3,3.700,-82.7,2.840,0.582
4826590,A1,2.850,-84.2,2.830,0.572
4826600,A2,0.360,-82.7,2.828,0.572
4826720,A3,3.720,-82.8,2.828,0.547
4826740,A1,2.890,-83.8,2.869,0.586
4826750,A2,0.370,-82.8,2.868,0.586
4826870,A3,3.690,-82.0,2.868,0.623
4826890,A1,2.840,-84.1,2.816,0.575
4826900,A2,0.370,-83.2,2.816,0.575
4827020,A3,3.690,-82.3,2.816,0.575
4827040,A1,2.900,-84.4,2.878,0.632
4827050,A2,0.340,-82.0,2.882,0.632
4827170,A3,3.710,-82.4,2.882,0.608
4827190,A1,2.860,-84.5,2.840,0.569
4827200,A2,0.340,-82.3,2.840,0.569
4827320,A3,3.680,-82.8,2.840,0.606
4827340,A1,2.890,-84.2,2.871,0.635
4827350,A2,0.340,-82.7,2.871,0.635
4827470,A3,3.690,-82.5,2.871,0.623
4827490,A1,2.840,-84.2,2.820,0.575
4827500,A2,0.380,-82.9,2.815,0.575
4827620,A3,3.690,-82.8,2.815,0.575
4827640,A1,2.870,-84.3,2.845,0.603
4827650,A2,0.360,-82.8,2.848,0.603
4827770,A3,3.660,-82.5,2.848,0.640
4827790,A1,2.890,-84.1,2.869,0.659
4827800,A2,0.350,-83.2,2.870,0.659
4827920,A3,3.690,-82.8,2.870,0.623
4827940,A1,2.820,-84.3,2.798,0.556
4827950,A2,0.370,-82.1,2.796,0.556
4828070,A3,3.710,-81.9,2.796,0.531
4828090,A1,2.910,-84.2,2.888,0.617
4828100,A2,0.350,-82.1,2.891,0.617
4828370,A3,3.670,-82.2,2.891,0.667
4828390,A1,2.850,-84.4,2.829,0.609
4828400,A2,0.340,-82.3,2.830,0.609
4828520,A3,3.680,-82.8,2.830,0.597
4828540,A1,2.860,-84.4,2.840,0.606
4828550,A2,0.340,-82.0,2.840,0.606
4828670,A3,3.680,-82.2,2.840,0.606
4828690,A1,2.870,-84.4,2.851,0.616
4828700,A2,0.350,-82.1,2.849,0.616
4828820,A3,3.700,-82.3,2.849,0.591
4828840,A1,2.930,-84.2,2.912,0.649
4828850,A2,0.390,-83.4,2.907,0.649
4828970,A3,3.700,-82.2,2.907,0.649
4828990,A1,2.900,-83.9,2.875,0.620
4829000,A2,0.360,-82.8,2.879,0.620
4829120,A3,3.690,-82.7,2.879,0.632
4829140,A1,2.850,-84.5,2.828,0.584
4829150,A2,0.320,-81.9,2.832,0.584
4829270,A3,3.650,-82.3,2.832,0.633
4829290,A1,2.890,-84.4,2.874,0.672
4829300,A2,0.350,-82.1,2.870,0.672
4829420,A3,3.690,-82.2,2.870,0.623
4829440,A1,2.820,-84.1,2.798,0.556
4829450,A2,0.330,-81.9,2.801,0.556
4829570,A3,3.700,-82.3,2.801,0.544
4829590,A1,2.900,-84.3,2.883,0.620
4829600,A2,0.340,-82.8,2.882,0.620
4829720,A3,3.670,-82.4,2.882,0.657
4829740,A1,2.880,-84.3,2.861,0.638
4829750,A2,0.350,-82.0,2.860,0.638
4829870,A3,3.690,-82.4,2.860,0.613
4829890,A1,2.850,-84.3,2.829,0.584
4829900,A2,0.340,-82.7,2.830,0.584
4830020,A3,3.700,-82.7,2.830,0.572
4830040,A1,2.910,-84.1,2.892,0.630
4830050,A2,0.360,-82.5,2.890,0.630
4830170,A3,3.680,-82.1,2.890,0.654
4830190,A1,2.820,-84.2,2.797,0.568
4830200,A2,0.340,-82.0,2.799,0.568
4830340,A1,2.860,-84.0,2.840,0.606
4830350,A2,0.310,-82.6,2.844,0.606
4830490,A1,2.850,-84.3,2.834,0.597
4830500,A2,0.360,-82.4,2.828,0.597
4830620,A3,3.670,-83.0,2.828,0.609
4830640,A1,2.860,-84.2,2.838,0.618
4830650,A2,0.340,-82.6,2.840,0.618
4830770,A3,3.680,-82.6,2.840,0.606
4830790,A1,2.920,-84.6,2.903,0.664
4830800,A2,0.340,-82.1,2.903,0.664
4830920,A3,3.710,-82.8,2.903,0.627
4830940,A1,2.830,-83.9,2.810,0.541
4830950,A2,0.330,-82.6,2.811,0.541
4831070,A3,3.740,-81.9,2.811,0.504
4831090,A1,2.890,-84.2,2.873,0.561
4831100,A2,0.330,-82.5,2.873,0.561
4831220,A3,3.690,-82.3,2.873,0.623
4831240,A1,2.890,-84.0,2.873,0.623
4831250,A2,0.390,-82.3,2.865,0.623
4831520,A3,3.720,-82.8,2.865,0.586
4831540,A1,2.860,-84.4,2.834,0.557
4831820,A3,3.680,-82.1,2.834,0.606
4831840,A1,2.850,-84.3,2.824,0.597
4831850,A2,0.360,-82.8,2.828,0.597
4831970,A3,3.700,-82.2,2.828,0.572
4831990,A1,2.830,-84.4,2.807,0.553
4832000,A2,0.350,-82.2,2.808,0.553
4832140,A1,2.850,-84.2,2.829,0.572
4832150,A2,0.330,-82.0,2.831,0.572
4832290,A1,2.870,-84.1,2.852,0.591
4832300,A2,0.360,-82.9,2.848,0.591
4832420,A3,3.700,-82.5,2.848,0.591
4832440,A1,2.850,-84.1,2.828,0.572
4832450,A2,0.360,-82.1,2.828,0.572
4832570,A3,3.690,-82.0,2.828,0.584
4832590,A1,2.870,-84.3,2.848,0.603
4832600,A2,0.360,-82.8,2.848,0.603
4832720,A3,3.700,-82.0,2.848,0.591
4832740,A1,2.890,-84.4,2.869,0.610
4832750,A2,0.350,-82.5,2.870,0.610
4832870,A3,3.690,-82.1,2.870,0.623
4832890,A1,2.860,-84.5,2.839,0.594
4832900,A2,0.330,-83.0,2.842,0.594
4833020,A3,3.700,-82.0,2.842,0.582
4833040,A1,2.840,-84.0,2.821,0.563
4833050,A2,0.320,-82.9,2.822,0.563
4833170,A3,3.700,-83.3,2.822,0.563
4833190,A1,2.830,-85.1,2.812,0.553
4833200,A2,0.360,-81.9,2.807,0.553
4833320,A3,3.680,-82.8,2.807,0.578
4833340,A1,2.820,-83.7,2.797,0.568
4833350,A2,0.340,-82.1,2.799,0.568
4833470,A3,3.700,-81.7,2.799,0.544
4833490,A1,2.890,-84.1,2.871,0.610
4833500,A2,0.370,-82.5,2.868,0.610
4833620,A3,3.690,-82.5,2.868,0.623
4833640,A1,2.840,-83.8,2.816,0.575
4833650,A2,0.340,-82.0,2.820,0.575
4833770,A3,3.680,-82.2,2.820,0.587
4833790,A1,2.890,-83.9,2.871,0.635
4833800,A2,0.350,-81.8,2.870,0.635
4833920,A3,3.720,-81.8,2.870,0.586
4833940,A1,2.890,-84.0,2.870,0.586
4833950,A2,0.380,-82.2,2.866,0.586
4834070,A3,3.700,-82.8,2.866,0.610
4834090,A1,2.870,-84.6,2.845,0.591
4834100,A2,0.340,-82.6,2.851,0.591
4834220,A3,3.700,-81.7,2.851,0.591
4834240,A1,2.830,-84.0,2.810,0.553
4834250,A2,0.360,-82.5,2.807,0.553
4834390,A1,2.840,-84.1,2.817,0.563
4834400,A2,0.350,-82.2,2.819,0.563
4834670,A3,3.710,-82.2,2.819,0.550
4834690,A1,2.870,-84.5,2.849,0.579
4834700,A2,0.360,-82.0,2.848,0.579
4834820,A3,3.660,-82.0,2.848,0.640
4834840,A1,2.820,-84.2,2.797,0.593
4834850,A2,0.340,-82.8,2.799,0.593
4834970,A3,3.710,-82.4,2.799,0.531
4834990,A1,2.840,-84.1,2.820,0.550
4835000,A2,0.330,-81.9,2.821,0.550
4835120,A3,3.700,-86.1,2.821,0.563
4835140,A1,2.840,-85.4,2.821,0.563
4835150,A2,0.350,-82.7,2.819,0.563
4835270,A3,3.690,-82.6,2.819,0.575
4835290,A1,2.870,-84.3,2.849,0.603
4835300,A2,0.340,-82.4,2.851,0.603
4835420,A3,3.670,-82.1,2.851,0.628
4835440,A1,2.820,-84.2,2.799,0.581
4835450,A2,0.350,-82.0,2.798,0.581
4835570,A3,3.730,-82.4,2.798,0.507
4835590,A1,2.850,-84.2,2.829,0.535
4835600,A2,0.370,-82.2,2.826,0.535
4835720,A3,3.690,-82.1,2.826,0.584
4835740,A1,2.910,-84.4,2.888,0.642
4835750,A2,0.330,-82.5,2.893,0.642
4835870,A3,3.700,-82.3,2.893,0.630
4835890,A1,2.850,-83.9,2.831,0.572
4835900,A2,0.350,-82.0,2.829,0.572
4836020,A3,3.700,-82.7,2.829,0.572
4836040,A1,2.880,-84.2,2.860,0.601
4836050,A2,0.400,-82.2,2.853,0.601
4836170,A3,3.700,-81.7,2.853,0.601
4836190,A1,2.850,-84.5,2.822,0.572
4836200,A2,0.370,-82.0,2.826,0.572
4836320,A3,3.680,-82.4,2.826,0.597
4836340,A1,2.860,-84.4,2.837,0.606
4836350,A2,0.340,-82.0,2.840,0.606
4836470,A3,3.680,-82.8,2.840,0.606
4836490,A1,2.900,-84.1,2.882,0.645
4836500,A2,0.360,-82.7,2.879,0.645
4836620,A3,3.700,-82.5,2.879,0.620
4836640,A1,2.830,-84.5,2.807,0.553
4836650,A2,0.370,-82.0,2.806,0.553
4836770,A3,3.690,-82.8,2.806,0.565
4836790,A1,2.870,-84.2,2.847,0.603
4836800,A2,0.370,-82.2,2.847,0.603
4836920,A3,3.700,-82.3,2.847,0.591
4836940,A1,2.830,-84.2,2.806,0.553
4836950,A2,0.360,-82.8,2.807,0.553
4837070,A3,3.710,-82.0,2.807,0.541
4837090,A1,2.830,-84.1,2.807,0.541
4837100,A2,0.350,-82.6,2.808,0.541
4837220,A3,3.700,-82.8,2.808,0.553
4837240,A1,2.920,-83.9,2.901,0.639
4837250,A2,0.400,-83.5,2.895,0.639
4837370,A3,3.700,-82.2,2.895,0.639
4837390,A1,2.830,-84.1,2.802,0.553
4837400,A2,0.360,-82.2,2.807,0.553
4837520,A3,3.700,-82.8,2.807,0.553
4837540,A1,2.860,-84.2,2.838,0.582
4837550,A2,0.330,-82.2,2.842,0.582
4837820,A3,3.680,-82.3,2.842,0.606
4837840,A1,2.890,-84.1,2.873,0.635
4837850,A2,0.370,-82.1,2.868,0.635
4837970,A3,3.700,-82.0,2.868,0.610
4837990,A1,2.850,-84.4,2.826,0.572
4838000,A2,0.340,-82.4,2.830,0.572
4838120,A3,3.680,-82.2,2.830,0.597
4838140,A1,2.860,-83.8,2.840,0.606
4838150,A2,0.380,-82.2,2.835,0.606
4838270,A3,3.670,-82.2,2.835,0.618
4838290,A1,2.840,-84.3,2.815,0.599
4838300,A2,0.380,-82.3,2.815,0.599
4838420,A3,3.690,-82.0,2.815,0.575
4838440,A1,2.890,-84.2,2.866,0.623
4838450,A2,0.340,-82.6,2.871,0.623
4838570,A3,3.720,-82.4,2.871,0.586
4838590,A1,2.870,-84.0,2.851,0.566
4838600,A2,0.330,-82.1,2.852,0.566
4838720,A3,3.690,-82.0,2.852,0.603
4838740,A1,2.870,-84.1,2.852,0.603
4838750,A2,0.340,-82.0,2.851,0.603
4838870,A3,3.670,-82.4,2.851,0.628
4838890,A1,2.870,-84.2,2.851,0.628
4838900,A2,0.330,-82.2,2.852,0.628
4839020,A3,3.690,-82.3,2.852,0.603
4839040,A1,2.870,-83.9,2.852,0.603
4839050,A2,0.360,-82.8,2.848,0.603
4839170,A3,3.720,-82.3,2.848,0.566
4839190,A1,2.850,-84.4,2.828,0.547
4839200,A2,0.330,-82.7,2.831,0.547
4839320,A3,3.710,-82.1,2.831,0.560
4839340,A1,2.900,-84.0,2.883,0.608
4839350,A2,0.330,-82.3,2.883,0.608
4839470,A3,3.700,-82.4,2.883,0.620
4839490,A1,2.870,-84.0,2.852,0.591
4839500,A2,0.340,-82.8,2.851,0.591
4839620,A3,3.690,-82.9,2.851,0.603
4839640,A1,2.890,-84.3,2.871,0.623
4839650,A2,0.340,-82.8,2.871,0.623
4839770,A3,3.690,-81.9,2.871,0.623
4839790,A1,2.880,-84.6,2.861,0.613
4839800,A2,0.340,-82.9,2.861,0.613
4839920,A3,3.690,-82.3,2.861,0.613
4839940,A1,2.840,-84.3,2.820,0.575
4839950,A2,0.330,-82.4,2.821,0.575
4840070,A3,3.710,-82.8,2.821,0.550
4840090,A1,2.860,-84.5,2.842,0.569
4840100,A2,0.310,-82.7,2.844,0.569
4840220,A3,3.680,-82.2,2.844,0.606
4840240,A1,2.920,-84.2,2.906,0.664
4840250,A2,0.370,-81.8,2.899,0.664
4840370,A3,3.680,-82.4,2.899,0.664
4840390,A1,2.830,-84.5,2.806,0.578
4840400,A2,0.360,-82.9,2.807,0.578
4840520,A3,3.710,-82.5,2.807,0.541
4840540,A1,2.890,-84.1,2.869,0.598
4840550,A2,0.360,-82.7,2.869,0.598
4840670,A3,3.700,-82.2,2.869,0.610
4840690,A1,2.820,-84.1,2.797,0.544
4840700,A2,0.350,-82.2,2.798,0.544
4840970,A3,3.690,-81.9,2.798,0.556
4840990,A1,2.890,-84.7,2.870,0.623
4841000,A2,0.350,-82.3,2.870,0.623
4841120,A3,3.720,-82.3,2.870,0.586
4841140,A1,2.860,-83.8,2.839,0.557
4841150,A2,0.320,-82.7,2.843,0.557
4841270,A3,3.690,-81.7,2.843,0.594
4841290,A1,2.880,-84.1,2.863,0.613
4841300,A2,0.350,-82.5,2.860,0.613
4841420,A3,3.670,-81.9,2.860,0.638
4841440,A1,2.890,-84.4,2.870,0.647
4841450,A2,0.350,-82.4,2.870,0.647
4841570,A3,3.710,-82.2,2.870,0.598
4841590,A1,2.870,-84.4,2.849,0.579
4841600,A2,0.350,-82.2,2.849,0.579
4841720,A3,3.730,-81.9,2.849,0.554
4841740,A1,2.860,-84.3,2.839,0.544
4841750,A2,0.350,-82.3,2.839,0.544
4841870,A3,3.650,-82.1,2.839,0.643
4841890,A1,2.890,-84.1,2.870,0.672
4841900,A2,0.320,-82.7,2.874,0.672
4842020,A3,3.710,-82.3,2.874,0.598
4842040,A1,2.860,-84.4,2.843,0.569
4842050,A2,0.340,-83.1,2.840,0.569
4842170,A3,3.670,-82.3,2.840,0.618
4842190,A1,2.860,-84.1,2.840,0.618
4842200,A2,0.370,-82.9,2.837,0.618
4842320,A3,3.690,-82.2,2.837,0.594
4842340,A1,2.800,-83.9,2.775,0.537
4842350,A2,0.350,-82.5,2.778,0.537
4842470,A3,3.690,-82.6,2.778,0.537
4842490,A1,2.850,-84.3,2.829,0.584
4842500,A2,0.370,-82.1,2.826,0.584
4842620,A3,3.700,-82.5,2.826,0.572
4842640,A1,2.890,-84.1,2.868,0.610
4842650,A2,0.370,-82.5,2.868,0.610
4842770,A3,3.690,-82.6,2.868,0.623
4842790,A1,2.840,-84.6,2.816,0.575
4842800,A2,0.320,-82.0,2.822,0.575
4842920,A3,3.670,-82.1,2.822,0.599
4842940,A1,2.890,-84.3,2.874,0.647
4842950,A2,0.350,-82.4,2.870,0.647
4843070,A3,3.700,-82.7,2.870,0.610
4843090,A1,2.820,-83.8,2.798,0.544
4843100,A2,0.360,-82.5,2.797,0.544
4843220,A3,3.690,-82.4,2.797,0.556
4843240,A1,2.870,-84.2,2.848,0.603
4843250,A2,0.360,-83.0,2.848,0.603
4843370,A3,3.690,-82.4,2.848,0.603
4843390,A1,2.830,-84.3,2.807,0.565
4843400,A2,0.330,-82.9,2.811,0.565
4843520,A3,3.700,-82.2,2.811,0.553
4843540,A1,2.830,-84.6,2.811,0.553
4843550,A2,0.360,-83.2,2.807,0.553
4843670,A3,3.660,-82.7,2.807,0.602
4843690,A1,2.900,-84.3,2.879,0.669
4843700,A2,0.330,-82.7,2.883,0.669
4843820,A3,3.680,-84.6,2.883,0.645
4843840,A1,2.910,-85.4,2.893,0.654
4843850,A2,0.340,-83.2,2.892,0.654
4844120,A3,3.730,-82.2,2.892,0.593
4844140,A1,2.890,-84.4,2.871,0.573
4844150,A2,0.330,-82.6,2.873,0.573
4844270,A3,3.710,-82.8,2.873,0.598
4844290,A1,2.880,-84.4,2.862,0.588
4844300,A2,0.340,-82.4,2.861,0.588
4844420,A3,3.680,-82.1,2.861,0.625
4844440,A1,2.890,-84.1,2.871,0.635
4844450,A2,0.350,-82.0,2.870,0.635
4844570,A3,3.700,-82.1,2.870,0.610
4844590,A1,2.860,-84.4,2.839,0.582
4844600,A2,0.360,-82.2,2.838,0.582
4844720,A3,3.700,-82.9,2.838,0.582
4844740,A1,2.860,-84.4,2.838,0.582
4844750,A2,0.340,-82.3,2.840,0.582
4844870,A3,3.660,-82.3,2.840,0.631
4844890,A1,2.870,-84.3,2.851,0.640
4844900,A2,0.370,-82.9,2.847,0.640
4845020,A3,3.690,-82.1,2.847,0.603
4845040,A1,2.860,-83.9,2.837,0.594
4845050,A2,0.370,-82.8,2.837,0.594
4845170,A3,3.680,-82.7,2.837,0.606
4845190,A1,2.850,-84.1,2.826,0.597
4845200,A2,0.430,-82.7,2.818,0.597
4845320,A3,3.700,-82.3,2.818,0.572
4845340,A1,2.880,-84.1,2.849,0.601
4845350,A2,0.350,-83.3,2.860,0.601
4845470,A3,3.670,-82.3,2.860,0.638
4845490,A1,2.820,-84.2,2.798,0.581
4845500,A2,0.420,-82.5,2.789,0.581
4845620,A3,3.700,-82.1,2.789,0.544
4845640,A1,2.880,-84.3,2.850,0.601
4845650,A2,0.340,-82.5,2.861,0.601
4845770,A3,3.690,-82.2,2.861,0.613
4845790,A1,2.910,-83.9,2.892,0.642
4845800,A2,0.340,-82.2,2.892,0.642
4845920,A3,3.660,-82.1,2.892,0.679
4845940,A1,2.860,-84.2,2.840,0.631
4845950,A2,0.340,-82.4,2.840,0.631
4846070,A3,3.700,-83.0,2.840,0.582
4846090,A1,2.900,-84.6,2.882,0.620
4846100,A2,0.360,-82.6,2.879,0.620
4846220,A3,3.690,-82.1,2.879,0.632
4846240,A1,2.870,-84.4,2.848,0.603
4846250,A2,0.360,-82.1,2.848,0.603
4846370,A3,3.670,-82.3,2.848,0.628
4846390,A1,2.890,-84.7,2.869,0.647
4846400,A2,0.350,-81.9,2.870,0.647
4846520,A3,3.670,-82.4,2.870,0.647
4846540,A1,2.820,-84.3,2.798,0.581
4846550,A2,0.380,-82.1,2.794,0.581
4846670,A3,3.670,-82.0,2.794,0.581
4846690,A1,2.900,-84.5,2.877,0.657
4846700,A2,0.330,-82.7,2.883,0.657
4846820,A3,3.700,-82.2,2.883,0.620
4846840,A1,2.850,-84.1,2.831,0.572
4846850,A2,0.330,-82.6,2.831,0.572
4846970,A3,3.680,-82.2,2.831,0.597
4846990,A1,2.880,-84.2,2.862,0.625
4847000,A2,0.360,-82.8,2.858,0.625
4847270,A3,3.670,-82.3,2.858,0.638
4847290,A1,2.830,-84.4,2.807,0.590
4847300,A2,0.350,-82.8,2.808,0.590
4847420,A3,3.690,-82.9,2.808,0.565
4847440,A1,2.850,-84.3,2.829,0.584
4847450,A2,0.360,-82.0,2.828,0.584
4847570,A3,3.700,-82.7,2.828,0.572
4847590,A1,2.880,-84.2,2.858,0.601
4847600,A2,0.380,-83.3,2.856,0.601
4847720,A3,3.710,-82.5,2.856,0.588
4847740,A1,2.860,-84.1,2.835,0.569
4847750,A2,0.380,-83.0,2.835,0.569
4847870,A3,3.690,-82.8,2.835,0.594
4847890,A1,2.840,-84.0,2.815,0.575
4847900,A2,0.370,-82.8,2.816,0.575
4848020,A3,3.700,-82.1,2.816,0.563
4848040,A1,2.840,-84.5,2.816,0.563
4848050,A2,0.330,-82.7,2.821,0.563
4848170,A3,3.700,-82.2,2.821,0.563
4848190,A1,2.880,-83.9,2.862,0.601
4848200,A2,0.360,-82.1,2.858,0.601
4848320,A3,3.670,-82.5,2.858,0.638
4848340,A1,2.830,-84.0,2.807,0.590
4848350,A2,0.360,-82.2,2.807,0.590
4848620,A3,3.700,-82.0,2.807,0.553
4848640,A1,2.850,-84.4,2.828,0.572
4848650,A2,0.380,-82.2,2.825,0.572
4848770,A3,3.680,-82.1,2.825,0.597
4848790,A1,2.880,-84.0,2.856,0.625
4848800,A2,0.380,-82.3,2.856,0.625
4848920,A3,3.690,-81.8,2.856,0.613
4848940,A1,2.840,-84.4,2.815,0.575
4848950,A2,0.430,-82.3,2.807,0.575
4849070,A3,3.720,-81.9,2.807,0.538
4849090,A1,2.890,-84.4,2.859,0.586
4849100,A2,0.360,-82.1,2.869,0.586
4849220,A3,3.700,-82.2,2.869,0.610
4849240,A1,2.840,-84.6,2.817,0.563
4849250,A2,0.330,-83.1,2.821,0.563
4849370,A3,3.680,-81.9,2.821,0.587
4849390,A1,2.860,-84.5,2.842,0.606
4849400,A2,0.340,-82.3,2.840,0.606
4849520,A3,3.710,-82.2,2.840,0.569
4849540,A1,2.850,-84.7,2.830,0.560
4849550,A2,0.340,-82.0,2.830,0.560
4849670,A3,3.680,-81.7,2.830,0.597
4849690,A1,2.860,-84.0,2.840,0.606
4849700,A2,0.380,-82.3,2.835,0.606
4849820,A3,3.660,-82.8,2.835,0.631
4849840,A1,2.950,-84.2,2.929,0.718
4849850,A2,0.350,-82.1,2.933,0.718
4849970,A3,3.700,-82.6,2.933,0.669
4849990,A1,2.870,-83.8,2.849,0.591
4850000,A2,0.360,-82.1,2.848,0.591
4850120,A3,3.710,-82.9,2.848,0.579
4850140,A1,2.880,-84.1,2.858,0.588
4850150,A2,0.360,-82.3,2.858,0.588
4850420,A3,3.690,-82.9,2.858,0.613
4850440,A1,2.860,-84.7,2.838,0.594
4850450,A2,0.340,-81.9,2.840,0.594
4850570,A3,3.690,-82.2,2.840,0.594
4850590,A1,2.860,-84.2,2.840,0.594
4850600,A2,0.360,-82.6,2.838,0.594
4850720,A3,3.680,-82.2,2.838,0.606
4850740,A1,2.850,-84.3,2.828,0.597
4850750,A2,0.360,-81.7,2.828,0.597
4850870,A3,3.700,-82.3,2.828,0.572
4850890,A1,2.840,-84.5,2.817,0.563
4850900,A2,0.340,-82.9,2.820,0.563
4851020,A3,3.710,-82.4,2.820,0.550
4851040,A1,2.890,-84.2,2.871,0.598
4851050,A2,0.340,-82.6,2.871,0.598
4851170,A3,3.690,-82.8,2.871,0.623
4851190,A1,2.880,-84.1,2.861,0.613
4851200,A2,0.340,-81.9,2.861,0.613
4851320,A3,3.680,-82.6,2.861,0.625
4851340,A1,2.840,-84.2,2.820,0.587
4851350,A2,0.330,-82.5,2.821,0.587
4851470,A3,3.700,-82.4,2.821,0.563
4851490,A1,2.870,-83.9,2.852,0.591
4851500,A2,0.360,-82.1,2.848,0.591
4851620,A3,3.680,-82.2,2.848,0.616
4851640,A1,2.840,-84.3,2.817,0.587
4851650,A2,0.350,-81.9,2.819,0.587
4851770,A3,3.690,-82.9,2.819,0.575
4851790,A1,2.880,-83.8,2.860,0.613
4851800,A2,0.340,-82.7,2.861,0.613
4851920,A3,3.700,-82.7,2.861,0.601
4851940,A1,2.910,-84.2,2.892,0.630
4851950,A2,0.330,-83.0,2.893,0.630
4852070,A3,3.710,-82.0,2.893,0.617
4852090,A1,2.820,-83.9,2.801,0.531
4852100,A2,0.360,-82.8,2.797,0.531
4852220,A3,3.690,-82.5,2.797,0.556
4852240,A1,2.880,-84.0,2.858,0.613
4852250,A2,0.340,-81.8,2.861,0.613
4852370,A3,3.680,-82.8,2.861,0.625
4852390,A1,2.840,-84.2,2.820,0.587
4852400,A2,0.350,-81.8,2.819,0.587
4852520,A3,3.690,-82.1,2.819,0.575
4852540,A1,2.870,-84.1,2.849,0.603
4852550,A2,0.380,-83.4,2.845,0.603
4852670,A3,3.670,-82.9,2.845,0.628
4852690,A1,2.840,-84.5,2.815,0.599
4852700,A2,0.350,-82.2,2.819,0.599
4852820,A3,3.670,-82.2,2.819,0.599
4852840,A1,2.840,-84.4,2.819,0.599
4852850,A2,0.360,-82.1,2.817,0.599
4852970,A3,3.730,-82.0,2.817,0.525
4852990,A1,2.850,-84.5,2.828,0.535
4853000,A2,0.340,-82.4,2.830,0.535
4853120,A3,3.670,-82.1,2.830,0.609
4853140,A1,2.860,-84.7,2.840,0.618
4853150,A2,0.360,-82.6,2.838,0.618
4853270,A3,3.680,-82.3,2.838,0.606
4853290,A1,2.850,-84.5,2.828,0.597
4853300,A2,0.360,-82.4,2.828,0.597
4853570,A3,3.700,-81.7,2.828,0.572
4853590,A1,2.860,-84.2,2.838,0.582
4853600,A2,0.360,-83.2,2.838,0.582
4853720,A3,3.690,-82.6,2.838,0.594
4853740,A1,2.870,-84.6,2.848,0.603
4853750,A2,0.340,-82.0,2.851,0.603
4853870,A3,3.710,-82.2,2.851,0.579
4853890,A1,2.850,-84.2,2.830,0.560
4853900,A2,0.350,-83.1,2.829,0.560
4854020,A3,3.680,-82.0,2.829,0.597
4854040,A1,2.870,-84.3,2.849,0.616
4854050,A2,0.360,-82.9,2.848,0.616
4854170,A3,3.680,-82.6,2.848,0.616
4854190,A1,2.890,-84.8,2.869,0.635
4854200,A2,0.360,-82.0,2.869,0.635
4854320,A3,3.710,-82.1,2.869,0.598
4854340,A1,2.860,-84.6,2.838,0.569
4854350,A2,0.340,-81.9,2.840,0.569
4854470,A3,3.710,-84.6,2.840,0.569
4854490,A1,2.880,-85.2,2.861,0.588
4854500,A2,0.350,-83.3,2.860,0.588
4854620,A3,3.690,-82.8,2.860,0.613
4854640,A1,2.830,-84.6,2.808,0.565
4854650,A2,0.370,-82.2,2.806,0.565
4854770,A3,3.730,-82.3,2.806,0.516
4854790,A1,2.900,-84.6,2.878,0.583
4854800,A2,0.350,-83.1,2.881,0.583
4854920,A3,3.700,-82.5,2.881,0.620
4854940,A1,2.870,-84.6,2.849,0.591
4854950,A2,0.350,-82.1,2.849,0.591
4855070,A3,3.680,-82.4,2.849,0.616
4855090,A1,2.830,-84.0,2.808,0.578
4855100,A2,0.360,-82.5,2.807,0.578
4855220,A3,3.690,-82.7,2.807,0.565
4855240,A1,2.870,-84.2,2.848,0.603
4855250,A2,0.360,-83.2,2.848,0.603
4855370,A3,3.700,-82.5,2.848,0.591
4855390,A1,2.840,-84.4,2.817,0.563
4855400,A2,0.360,-82.7,2.817,0.563
4855520,A3,3.670,-82.6,2.817,0.599
4855540,A1,2.890,-84.2,2.869,0.647
4855550,A2,0.350,-82.3,2.870,0.647
4855670,A3,3.690,-82.2,2.870,0.623
4855690,A1,2.840,-84.4,2.819,0.575
4855700,A2,0.360,-81.8,2.817,0.575
4855820,A3,3.720,-81.8,2.817,0.538
4855840,A1,2.840,-84.3,2.817,0.538
4855850,A2,0.350,-82.5,2.819,0.538
4855970,A3,3.660,-82.3,2.819,0.612
4855990,A1,2.860,-84.2,2.839,0.631
4856000,A2,0.330,-82.6,2.842,0.631
4856120,A3,3.700,-81.7,2.842,0.582
4856140,A1,2.830,-83.9,2.811,0.553
4856150,A2,0.360,-83.1,2.807,0.553
4856270,A3,3.690,-82.1,2.807,0.565
4856290,A1,2.900,-83.4,2.879,0.632
4856300,A2,0.340,-82.3,2.882,0.632
4856420,A3,3.690,-82.3,2.882,0.632
4856440,A1,2.890,-83.8,2.871,0.623
4856450,A2,0.310,-82.4,2.875,0.623
4856720,A3,3.710,-81.4,2.875,0.598
4856740,A1,2.860,-83.5,2.844,0.569
4856750,A2,0.330,-83.3,2.842,0.569
4856870,A3,3.730,-81.8,2.842,0.544
4856890,A1,2.920,-83.9,2.904,0.602
4856900,A2,0.340,-82.5,2.903,0.602
4857020,A3,3.690,-82.0,2.903,0.652
4857040,A1,2.870,-84.2,2.851,0.603
4857050,A2,0.370,-82.4,2.847,0.603
4857170,A3,3.690,-81.8,2.847,0.603
4857190,A1,2.870,-83.6,2.847,0.603
4857200,A2,0.350,-82.2,2.849,0.603
4857320,A3,3.710,-81.9,2.849,0.579
4857340,A1,2.880,-83.7,2.860,0.588
4857350,A2,0.360,-81.9,2.858,0.588
4857470,A3,3.690,-82.7,2.858,0.613
4857490,A1,2.840,-84.0,2.817,0.575
4857500,A2,0.370,-83.2,2.816,0.575
4857620,A3,3.680,-82.4,2.816,0.587
4857640,A1,2.890,-84.2,2.868,0.635
4857650,A2,0.340,-82.3,2.871,0.635
4857770,A3,3.700,-82.5,2.871,0.610
4857790,A1,2.880,-84.4,2.861,0.601
4857800,A2,0.340,-82.7,2.861,0.601
4857920,A3,3.700,-82.2,2.861,0.601
4857940,A1,2.800,-84.2,2.779,0.525
4857950,A2,0.380,-83.3,2.774,0.525
4858070,A3,3.700,-81.4,2.774,0.525
4858090,A1,2.870,-84.2,2.845,0.591
4858100,A2,0.350,-82.3,2.849,0.591
4858220,A3,3.720,-82.1,2.849,0.566
4858240,A1,2.840,-83.5,2.819,0.538
4858250,A2,0.340,-82.2,2.820,0.538
4858370,A3,3.710,-81.5,2.820,0.550
4858390,A1,2.810,-83.4,2.789,0.522
4858400,A2,0.340,-82.4,2.789,0.522
4858520,A3,3.700,-81.9,2.789,0.534
4858540,A1,2.880,-83.9,2.861,0.601
4858550,A2,0.360,-82.7,2.858,0.601
4858670,A3,3.710,-82.1,2.858,0.588
4858690,A1,2.820,-84.1,2.797,0.531
4858700,A2,0.320,-82.0,2.802,0.531
4858820,A3,3.690,-82.7,2.802,0.556
4858840,A1,2.830,-83.7,2.812,0.565
4858850,A2,0.360,-82.0,2.807,0.565
4858970,A3,3.680,-82.2,2.807,0.578
4858990,A1,2.840,-84.0,2.817,0.587
4859000,A2,0.340,-81.7,2.820,0.587
4859120,A3,3.680,-82.0,2.820,0.587
4859140,A1,2.840,-84.3,2.820,0.587
4859150,A2,0.360,-82.7,2.817,0.587
4859270,A3,3.710,-81.9,2.817,0.550
4859290,A1,2.780,-84.4,2.757,0.494
4859300,A2,0.370,-82.0,2.755,0.494
4859420,A3,3.700,-82.1,2.755,0.506
4859440,A1,2.810,-83.7,2.786,0.534
4859450,A2,0.330,-83.2,2.791,0.534
4859570,A3,3.710,-81.7,2.791,0.522
4859590,A1,2.790,-84.7,2.770,0.503
4859600,A2,0.340,-82.9,2.769,0.503
4859870,A3,3.690,-81.3,2.769,0.528
4859890,A1,2.860,-84.3,2.840,0.594
4859900,A2,0.360,-82.4,2.838,0.594
4860020,A3,3.700,-81.9,2.838,0.582
4860040,A1,2.830,-84.3,2.807,0.553
4860050,A2,0.350,-83.0,2.808,0.553
4860170,A3,3.680,-81.6,2.808,0.578
4860190,A1,2.870,-84.8,2.849,0.616
4860200,A2,0.350,-82.1,2.849,0.616
4860320,A3,3.680,-82.2,2.849,0.616
4860340,A1,2.820,-84.3,2.798,0.568
4860350,A2,0.350,-83.1,2.798,0.568
4860470,A3,3.720,-81.7,2.798,0.519
4860490,A1,2.900,-84.2,2.881,0.595
4860500,A2,0.330,-81.9,2.883,0.595
4860620,A3,3.720,-81.7,2.883,0.595
4860640,A1,2.840,-84.0,2.821,0.538
4860650,A2,0.360,-82.2,2.817,0.538
4860770,A3,3.680,-81.9,2.817,0.587
4860790,A1,2.870,-84.4,2.848,0.616
4860800,A2,0.350,-82.4,2.849,0.616
4860920,A3,3.700,-81.7,2.849,0.591
4860940,A1,2.810,-83.7,2.788,0.534
4860950,A2,0.360,-82.7,2.787,0.534
4861070,A3,3.700,-82.2,2.787,0.534
4861090,A1,2.820,-83.9,2.797,0.544
4861100,A2,0.350,-82.8,2.798,0.544
4861220,A3,3.690,-82.1,2.798,0.556
4861240,A1,2.900,-83.8,2.881,0.632
4861250,A2,0.360,-82.4,2.879,0.632
4861370,A3,3.690,-81.6,2.879,0.632
4861390,A1,2.860,-84.4,2.838,0.594
4861400,A2,0.340,-82.0,2.840,0.594
4861520,A3,3.710,-81.3,2.840,0.569
4861540,A1,2.790,-84.3,2.769,0.503
4861550,A2,0.340,-82.3,2.769,0.503
4861670,A3,3.690,-81.5,2.769,0.528
4861690,A1,2.850,-84.2,2.830,0.584
4861700,A2,0.340,-82.4,2.830,0.584
4861820,A3,3.710,-81.5,2.830,0.560
4861840,A1,2.860,-84.2,2.840,0.569
4861850,A2,0.340,-82.7,2.840,0.569
4861970,A3,3.720,-82.1,2.840,0.557
4861990,A1,2.820,-84.4,2.799,0.519
4862000,A2,0.360,-82.4,2.797,0.519
4862120,A3,3.660,-82.2,2.797,0.593
4862140,A1,2.800,-84.2,2.777,0.574
4862150,A2,0.400,-82.8,2.771,0.574
4862270,A3,3.710,-81.8,2.771,0.513
4862290,A1,2.820,-84.2,2.792,0.531
4862300,A2,0.360,-82.9,2.797,0.531
4862420,A3,3.710,-82.0,2.797,0.531
4862440,A1,2.800,-84.4,2.777,0.513
4862450,A2,0.350,-82.3,2.778,0.513
4862570,A3,3.720,-82.0,2.778,0.500
4862590,A1,2.820,-83.9,2.798,0.519
4862600,A2,0.350,-82.1,2.798,0.519
4862720,A3,3.730,-81.2,2.798,0.507
4862740,A1,2.800,-84.3,2.778,0.488
4862750,A2,0.360,-82.2,2.777,0.488
4863020,A3,3.730,-81.6,2.777,0.488
4863040,A1,2.790,-83.7,2.767,0.479
4863050,A2,0.360,-82.2,2.767,0.479
4863170,A3,3.700,-81.4,2.767,0.516
4863190,A1,2.800,-84.8,2.777,0.525
4863200,A2,0.330,-82.5,2.780,0.525
4863320,A3,3.730,-81.5,2.780,0.488
4863340,A1,2.840,-84.7,2.821,0.525
4863350,A2,0.350,-83.2,2.819,0.525
4863470,A3,3.700,-82.1,2.819,0.563
4863490,A1,2.820,-84.6,2.798,0.544
4863500,A2,0.400,-82.9,2.792,0.544
4863620,A3,3.710,-81.8,2.792,0.531
4863640,A1,2.840,-84.8,2.812,0.550
4863650,A2,0.350,-83.0,2.819,0.550
4863770,A3,3.720,-81.8,2.819,0.538
4863790,A1,2.850,-84.8,2.829,0.547
4863800,A2,0.340,-82.3,2.830,0.547
4863920,A3,3.680,-81.6,2.830,0.597
4863940,A1,2.820,-84.8,2.799,0.568
4863950,A2,0.360,-82.5,2.797,0.568
4864070,A3,3.720,-82.2,2.797,0.519
4864090,A1,2.890,-83.9,2.869,0.586
4864100,A2,0.370,-82.9,2.868,0.586
4864220,A3,3.700,-81.8,2.868,0.610
4864240,A1,2.830,-84.4,2.806,0.553
4864250,A2,0.370,-82.6,2.806,0.553
4864370,A3,3.700,-81.7,2.806,0.553
4864390,A1,2.840,-84.7,2.816,0.563
4864400,A2,0.320,-82.3,2.822,0.563
4864520,A3,3.680,-82.2,2.822,0.587
4864540,A1,2.860,-84.8,2.843,0.606
4864550,A2,0.330,-83.0,2.842,0.606
4864670,A3,3.690,-82.1,2.842,0.594
4864690,A1,2.770,-84.4,2.750,0.509
4864970,A3,3.680,-82.5,2.750,0.522
4864990,A1,2.780,-83.6,2.760,0.531
4865000,A2,0.360,-82.2,2.757,0.531
4865120,A3,3.720,-83.1,2.757,0.482
4865140,A1,2.810,-83.5,2.787,0.510
4865150,A2,0.350,-82.5,2.788,0.510
4865270,A3,3.700,-82.1,2.788,0.534
4865290,A1,2.820,-84.4,2.798,0.544
4865300,A2,0.360,-82.6,2.797,0.544
4865420,A3,3.670,-81.7,2.797,0.581
4865440,A1,2.870,-83.7,2.848,0.628
4865450,A2,0.350,-81.9,2.849,0.628
4865570,A3,3.730,-81.8,2.849,0.554
4865590,A1,2.790,-83.8,2.768,0.479
4865600,A2,0.410,-82.2,2.760,0.479
4865720,A3,3.700,-81.5,2.760,0.516
4865740,A1,2.870,-83.0,2.841,0.591
4865750,A2,0.360,-82.8,2.848,0.591
4865870,A3,3.730,-81.3,2.848,0.554
4865890,A1,2.810,-83.3,2.787,0.497
4865900,A2,0.340,-83.2,2.789,0.497
4866170,A3,3.710,-81.8,2.789,0.522
4866190,A1,2.820,-83.3,2.799,0.531
4866200,A2,0.370,-82.1,2.796,0.531
4866320,A3,3.750,-81.6,2.796,0.482
4866340,A1,2.790,-83.4,2.765,0.454
4866350,A2,0.320,-83.2,2.772,0.454
4866470,A3,3.690,-82.4,2.772,0.528
4866490,A1,2.810,-83.8,2.792,0.547
4866500,A2,0.350,-82.5,2.788,0.547
4866620,A3,3.700,-81.9,2.788,0.534
4866640,A1,2.840,-87.3,2.819,0.563
4866650,A2,0.350,-82.2,2.819,0.563
4866770,A3,3.710,-81.3,2.819,0.550
4866790,A1,2.850,-83.1,2.829,0.560
4866800,A2,0.330,-82.6,2.831,0.560
4866920,A3,3.700,-81.9,2.831,0.572
4866940,A1,2.880,-83.9,2.862,0.601
4866950,A2,0.360,-83.3,2.858,0.601
4867070,A3,3.720,-81.2,2.858,0.576
4867090,A1,2.800,-84.0,2.777,0.500
4867100,A2,0.380,-82.4,2.774,0.500
4867220,A3,3.710,-81.3,2.774,0.513
4867240,A1,2.830,-83.6,2.804,0.541
4867250,A2,0.340,-82.4,2.810,0.541
4867370,A3,3.700,-81.4,2.810,0.553
4867390,A1,2.820,-83.7,2.799,0.544
4867400,A2,0.350,-82.3,2.798,0.544
4867520,A3,3.730,-81.3,2.798,0.507
4867540,A1,2.790,-83.5,2.768,0.479
4867550,A2,0.340,-82.8,2.769,0.479
4867670,A3,3.710,-81.8,2.769,0.503
4867690,A1,2.810,-83.0,2.789,0.522
4867700,A2,0.330,-82.1,2.791,0.522
4867820,A3,3.700,-82.1,2.791,0.534
4867840,A1,2.880,-83.2,2.862,0.601
4867850,A2,0.360,-81.9,2.858,0.601
4867970,A3,3.710,-82.0,2.858,0.588
4867990,A1,2.850,-83.9,2.828,0.560
4868000,A2,0.340,-83.2,2.830,0.560
4868120,A3,3.700,-82.2,2.830,0.572
4868140,A1,2.810,-83.8,2.789,0.534
4868150,A2,0.350,-82.6,2.788,0.534
4868270,A3,3.700,-81.7,2.788,0.534
4868290,A1,2.840,-83.9,2.819,0.563
4868300,A2,0.380,-83.4,2.815,0.563
4868420,A3,3.710,-81.7,2.815,0.550
4868440,A1,2.860,-83.4,2.835,0.569
4868450,A2,0.340,-82.5,2.840,0.569
4868570,A3,3.690,-82.5,2.840,0.594
4868590,A1,2.800,-83.5,2.779,0.537
4868600,A2,0.370,-82.3,2.775,0.537
4868720,A3,3.720,-82.2,2.775,0.500
4868740,A1,2.880,-84.0,2.857,0.576
4868750,A2,0.360,-82.5,2.858,0.576
4868870,A3,3.680,-81.8,2.858,0.625
4868890,A1,2.820,-83.6,2.797,0.568
4868900,A2,0.360,-82.3,2.797,0.568
4869020,A3,3.680,-81.9,2.797,0.568
4869040,A1,2.880,-83.7,2.858,0.625
4869050,A2,0.340,-82.0,2.861,0.625
4869320,A3,3.720,-81.6,2.861,0.576
4869340,A1,2.880,-83.5,2.861,0.576
4869350,A2,0.330,-81.9,2.862,0.576
4869470,A3,3.690,-82.0,2.862,0.613
4869490,A1,2.840,-83.8,2.821,0.575
4869500,A2,0.330,-82.4,2.821,0.575
4869620,A3,3.690,-81.8,2.821,0.575
4869640,A1,2.850,-83.4,2.831,0.584
4869650,A2,0.320,-82.6,2.832,0.584
4869770,A3,3.720,-81.7,2.832,0.547
4869790,A1,2.840,-83.8,2.822,0.538
4869800,A2,0.370,-82.0,2.816,0.538
4869920,A3,3.690,-82.3,2.816,0.575
4869940,A1,2.850,-83.8,2.826,0.584
4869950,A2,0.360,-82.7,2.828,0.584
4870070,A3,3.720,-82.1,2.828,0.547
4870090,A1,2.860,-83.3,2.838,0.557
4870100,A2,0.360,-82.0,2.838,0.557
4870220,A3,3.730,-81.5,2.838,0.544
4870240,A1,2.830,-83.3,2.807,0.516
4870250,A2,0.360,-82.0,2.807,0.516
4870370,A3,3.700,-82.0,2.807,0.553
4870390,A1,2.790,-83.4,2.767,0.516
4870400,A2,0.350,-82.4,2.768,0.516
4870520,A3,3.700,-81.8,2.768,0.516
4870540,A1,2.900,-84.4,2.881,0.620
4870550,A2,0.340,-82.5,2.882,0.620
4870670,A3,3.720,-81.4,2.882,0.595
4870690,A1,2.820,-84.0,2.799,0.519
4870700,A2,0.350,-83.3,2.798,0.519
4870820,A3,3.700,-81.5,2.798,0.544
4870850,A2,0.360,-82.0,2.797,0.544
4871000,A2,0.330,-82.2,2.801,0.544
4871120,A3,3.700,-82.1,2.801,0.544
4871140,A1,2.830,-83.5,2.811,0.553
4871150,A2,0.330,-82.7,2.811,0.553
4871270,A3,3.710,-81.4,2.811,0.541
4871290,A1,2.800,-83.6,2.780,0.513
4871300,A2,0.360,-82.0,2.777,0.513
4871420,A3,3.710,-81.4,2.777,0.513
4871440,A1,2.830,-83.4,2.807,0.541
4871450,A2,0.350,-82.3,2.808,0.541
4871570,A3,3.690,-82.5,2.808,0.565
4871590,A1,2.810,-83.4,2.788,0.547
4871600,A2,0.340,-83.3,2.789,0.547
4871720,A3,3.690,-81.4,2.789,0.547
4871740,A1,2.850,-84.0,2.830,0.584
4871750,A2,0.330,-82.0,2.831,0.584
4871870,A3,3.710,-81.8,2.831,0.560
4871890,A1,2.850,-83.7,2.831,0.560
4871900,A2,0.360,-83.1,2.828,0.560
4872020,A3,3.720,-81.8,2.828,0.547
4872040,A1,2.850,-83.5,2.828,0.547
4872050,A2,0.320,-83.2,2.832,0.547
4872170,A3,3.710,-81.4,2.832,0.560
