timestamp_ms,anchor,distance_m,rxPower_dBm,x_calculated_m,y_calculated_m
3915040,A1,0.710,-81.3,0.586,0.114
3915050,A2,2.180,-84.2,0.626,0.114
3915170,A3,2.930,-81.4,0.626,0.153
3915190,A1,0.690,-81.5,0.621,0.149
3915200,A2,2.220,-84.6,0.589,0.149
3915320,A3,2.970,-81.3,0.589,0.109
3915340,A1,0.700,-81.1,0.592,0.112
3915350,A2,2.200,-83.8,0.608,0.112
3915470,A3,2.960,-81.9,0.608,0.121
3915490,A1,0.690,-81.2,0.605,0.119
3915500,A2,2.220,-83.9,0.589,0.119
3915620,A3,2.960,-81.3,0.589,0.119
3915640,A1,0.710,-81.3,0.594,0.124
3915650,A2,2.220,-83.6,0.594,0.124
3915770,A3,2.970,-81.2,0.594,0.114
3915790,A1,0.700,-81.3,0.592,0.112
3915800,A2,2.210,-83.6,0.600,0.112
3915920,A3,2.930,-81.1,0.600,0.151
3915940,A1,0.740,-81.4,0.610,0.160
3915950,A2,2.240,-83.7,0.586,0.160
3916070,A3,2.950,-83.2,0.586,0.141
3916090,A1,0.690,-81.3,0.573,0.129
3916100,A2,2.230,-84.3,0.581,0.129
3916220,A3,2.970,-80.9,0.581,0.109
3916240,A1,0.720,-80.9,0.589,0.116
3916250,A2,2.210,-84.0,0.605,0.116
3916390,A1,0.700,-81.2,0.600,0.112
3916400,A2,2.210,-84.1,0.600,0.112
3916540,A1,0.720,-81.3,0.605,0.116
3916550,A2,2.210,-83.8,0.605,0.116
3916670,A3,2.950,-81.0,0.605,0.136
3916690,A1,0.700,-81.2,0.600,0.131
3916700,A2,2.190,-83.8,0.616,0.131
3916820,A3,2.960,-81.6,0.616,0.121
3916840,A1,0.730,-81.0,0.623,0.129
3916850,A2,2.230,-83.6,0.591,0.129
3916970,A3,3.000,-81.2,0.591,0.089
3916990,A1,0.700,-81.2,0.584,0.082
3917000,A2,2.250,-83.8,0.568,0.082
3917120,A3,2.940,-80.8,0.568,0.141
3917140,A1,0.690,-81.1,0.565,0.139
3917150,A2,2.240,-83.9,0.573,0.139
3917270,A3,2.920,-81.7,0.573,0.158
3917290,A1,0.690,-80.9,0.573,0.158
3917300,A2,2.210,-83.8,0.597,0.158
3917420,A3,2.940,-82.3,0.597,0.139
3917440,A1,0.720,-81.2,0.605,0.146
3917450,A2,2.200,-83.7,0.613,0.146
3917570,A3,2.940,-81.7,0.613,0.146
3917590,A1,0.700,-81.1,0.608,0.141
3917600,A2,2.210,-83.6,0.600,0.141
3917720,A3,2.940,-82.0,0.600,0.141
3917740,A1,0.720,-81.2,0.605,0.146
3917750,A2,2.210,-83.9,0.605,0.146
3918020,A3,2.940,-81.5,0.605,0.146
3918040,A1,0.720,-80.6,0.605,0.146
3918050,A2,2.210,-84.8,0.605,0.146
3918170,A3,2.940,-81.8,0.605,0.146
3918190,A1,0.710,-81.2,0.602,0.143
3918200,A2,2.230,-84.1,0.586,0.143
3918320,A3,2.960,-82.0,0.586,0.124
3918340,A1,0.720,-80.7,0.589,0.126
3918350,A2,2.220,-84.2,0.597,0.126
3918470,A3,2.970,-82.8,0.597,0.116
3918490,A1,0.720,-80.8,0.597,0.116
3918500,A2,2.210,-84.3,0.605,0.116
3918620,A3,2.940,-82.4,0.605,0.146
3918640,A1,0.700,-81.4,0.600,0.141
3918650,A2,2.180,-83.8,0.623,0.141
3918770,A3,2.960,-81.3,0.623,0.121
3918790,A1,0.700,-80.9,0.623,0.121
3918800,A2,2.240,-84.2,0.576,0.121
3918920,A3,2.910,-81.3,0.576,0.170
3918940,A1,0.670,-81.2,0.568,0.163
3918950,A2,2.210,-84.7,0.592,0.163
3919070,A3,2.980,-81.0,0.592,0.095
3919090,A1,0.720,-81.4,0.605,0.106
3919100,A2,2.240,-84.0,0.581,0.106
3919220,A3,2.960,-81.3,0.581,0.126
3919240,A1,0.680,-81.4,0.571,0.117
3919250,A2,2.200,-83.9,0.603,0.117
3919370,A3,2.930,-81.3,0.603,0.146
3919390,A1,0.700,-81.6,0.608,0.151
3919400,A2,2.210,-84.6,0.600,0.151
3919520,A3,2.940,-81.2,0.600,0.141
3919540,A1,0.650,-81.8,0.588,0.130
3919550,A2,2.240,-83.9,0.564,0.130
3919670,A3,2.960,-82.5,0.564,0.110
3919690,A1,0.710,-81.2,0.578,0.124
3919700,A2,2.220,-83.8,0.594,0.124
3919820,A3,2.950,-81.4,0.594,0.134
3919840,A1,0.700,-81.0,0.592,0.131
3919850,A2,2.190,-84.2,0.616,0.131
3919970,A3,3.000,-81.2,0.616,0.082
3919990,A1,0.680,-81.4,0.611,0.077
3920000,A2,2.190,-84.4,0.611,0.077
3920120,A3,2.960,-81.1,0.611,0.117
3920140,A1,0.710,-81.2,0.618,0.124
3920150,A2,2.190,-84.0,0.618,0.124
3920270,A3,2.960,-81.3,0.618,0.124
3920300,A2,2.200,-83.9,0.610,0.124
3920450,A2,2.220,-83.7,0.594,0.124
3920570,A3,2.940,-82.0,0.594,0.143
3920590,A1,0.720,-81.2,0.597,0.146
3920600,A2,2.250,-84.0,0.573,0.146
3920720,A3,2.950,-81.8,0.573,0.136
3920740,A1,0.720,-81.2,0.573,0.136
3920750,A2,2.230,-84.8,0.589,0.136
3920870,A3,2.940,-81.1,0.589,0.146
3920890,A1,0.720,-81.4,0.589,0.146
3920900,A2,2.190,-83.6,0.621,0.146
3921170,A3,2.960,-81.7,0.621,0.126
3921190,A1,0.670,-81.2,0.608,0.115
3921200,A2,2.200,-83.5,0.600,0.115
3921320,A3,2.950,-82.0,0.600,0.124
3921340,A1,0.680,-81.1,0.603,0.127
3921350,A2,2.190,-84.0,0.611,0.127
3921470,A3,2.980,-81.0,0.611,0.097
3921490,A1,0.660,-81.6,0.606,0.093
3921500,A2,2.260,-83.7,0.550,0.093
3921620,A3,2.930,-81.1,0.550,0.142
3921640,A1,0.720,-81.4,0.565,0.156
3921650,A2,2.210,-84.2,0.605,0.156
3921770,A3,2.970,-81.8,0.605,0.116
3921790,A1,0.670,-81.3,0.592,0.105
3921800,A2,2.240,-84.1,0.568,0.105
3921920,A3,2.950,-81.1,0.568,0.124
3921940,A1,0.710,-81.2,0.578,0.134
3921950,A2,2.190,-83.9,0.618,0.134
3922070,A3,2.980,-80.9,0.618,0.104
3922090,A1,0.710,-81.6,0.618,0.104
3922100,A2,2.230,-84.2,0.586,0.104
3922220,A3,2.950,-81.2,0.586,0.134
3922250,A2,2.230,-84.1,0.586,0.134
3922400,A2,2.220,-83.6,0.594,0.134
3922520,A3,2.940,-81.6,0.594,0.143
3922540,A1,0.720,-81.4,0.597,0.146
3922550,A2,2.190,-83.8,0.621,0.146
3922670,A3,2.940,-81.4,0.621,0.146
3922690,A1,0.700,-81.4,0.616,0.141
3922700,A2,2.180,-83.8,0.623,0.141
3922820,A3,2.950,-81.6,0.623,0.131
3922840,A1,0.720,-81.7,0.628,0.136
3922850,A2,2.190,-84.2,0.621,0.136
3922970,A3,2.920,-81.2,0.621,0.165
3923000,A2,2.220,-83.8,0.597,0.165
3923150,A2,2.230,-84.1,0.589,0.165
3923270,A3,2.960,-81.4,0.589,0.126
3923290,A1,0.690,-81.8,0.581,0.119
3923300,A2,2.230,-84.0,0.581,0.119
3923420,A3,2.920,-81.9,0.581,0.158
3923440,A1,0.690,-81.2,0.581,0.158
3923450,A2,2.200,-83.7,0.605,0.158
3923570,A3,3.000,-81.5,0.605,0.079
3923590,A1,0.690,-81.6,0.605,0.079
3923600,A2,2.230,-83.9,0.581,0.079
3923720,A3,2.950,-81.1,0.581,0.129
3923740,A1,0.690,-81.5,0.581,0.129
3923750,A2,2.230,-84.0,0.581,0.129
3923870,A3,2.980,-82.0,0.581,0.099
3923890,A1,0.720,-81.5,0.589,0.106
3923900,A2,2.210,-84.1,0.605,0.106
3924020,A3,2.940,-81.9,0.605,0.146
3924040,A1,0.690,-81.3,0.597,0.139
3924050,A2,2.240,-84.5,0.573,0.139
3924320,A3,2.930,-80.9,0.573,0.149
3924340,A1,0.680,-81.6,0.571,0.146
3924350,A2,2.210,-84.2,0.595,0.146
3924470,A3,2.940,-81.9,0.595,0.136
3924490,A1,0.680,-81.3,0.595,0.136
3924500,A2,2.240,-83.6,0.571,0.136
3924620,A3,2.960,-81.8,0.571,0.117
3924640,A1,0.710,-81.3,0.578,0.124
3924650,A2,2.200,-84.2,0.610,0.124
3924770,A3,2.950,-81.0,0.610,0.134
3924790,A1,0.710,-81.6,0.610,0.134
3924800,A2,2.200,-84.1,0.610,0.134
3924920,A3,2.930,-81.8,0.610,0.153
3924940,A1,0.700,-81.3,0.608,0.151
3924950,A2,2.230,-84.0,0.584,0.151
3925070,A3,2.970,-81.2,0.584,0.112
3925090,A1,0.700,-81.2,0.584,0.112
3925100,A2,2.230,-83.7,0.584,0.112
3925220,A3,2.950,-81.9,0.584,0.131
3925240,A1,0.690,-81.5,0.581,0.129
3925250,A2,2.240,-84.1,0.573,0.129
3925370,A3,2.950,-81.9,0.573,0.129
3925390,A1,0.680,-81.7,0.571,0.127
3925400,A2,2.230,-83.7,0.579,0.127
3925520,A3,2.960,-81.8,0.579,0.117
3925540,A1,0.670,-81.2,0.576,0.115
3925550,A2,2.230,-84.0,0.576,0.115
3925670,A3,2.970,-81.6,0.576,0.105
3925690,A1,0.670,-81.6,0.576,0.105
3925700,A2,2.240,-84.4,0.568,0.105
3925820,A3,2.920,-81.1,0.568,0.154
3925840,A1,0.710,-81.7,0.578,0.163
3925850,A2,2.210,-84.6,0.602,0.163
3925970,A3,2.960,-81.5,0.602,0.124
3925990,A1,0.680,-81.4,0.595,0.117
3926000,A2,2.220,-83.7,0.587,0.117
3926120,A3,2.930,-81.6,0.587,0.146
3926140,A1,0.700,-81.6,0.592,0.151
3926150,A2,2.240,-84.3,0.576,0.151
3926270,A3,3.000,-81.3,0.576,0.082
3926290,A1,0.710,-81.3,0.578,0.084
3926300,A2,2.200,-84.0,0.610,0.084
3926420,A3,2.990,-80.8,0.610,0.094
3926440,A1,0.680,-81.6,0.603,0.087
3926450,A2,2.260,-84.3,0.555,0.087
3926570,A3,2.930,-81.7,0.555,0.146
3926590,A1,0.670,-81.5,0.552,0.144
3926600,A2,2.230,-83.7,0.576,0.144
3926720,A3,2.970,-84.5,0.576,0.105
3926740,A1,0.710,-81.6,0.586,0.114
3926750,A2,2.200,-84.7,0.610,0.114
3926870,A3,2.950,-81.0,0.610,0.134
3926890,A1,0.720,-81.4,0.613,0.136
3926900,A2,2.250,-84.1,0.573,0.136
3927020,A3,2.950,-80.8,0.573,0.136
3927040,A1,0.690,-81.2,0.565,0.129
3927050,A2,2.230,-83.8,0.581,0.129
3927170,A3,3.020,-81.0,0.581,0.059
3927190,A1,0.660,-81.4,0.574,0.053
3927200,A2,2.220,-83.9,0.582,0.053
3927470,A3,3.010,-82.0,0.582,0.063
3927490,A1,0.680,-81.4,0.587,0.067
3927500,A2,2.190,-83.6,0.611,0.067
3927620,A3,2.960,-81.1,0.611,0.117
3927640,A1,0.700,-81.5,0.616,0.121
3927650,A2,2.230,-84.0,0.584,0.121
3927770,A3,2.930,-80.6,0.584,0.151
3927790,A1,0.720,-81.5,0.589,0.156
3927800,A2,2.230,-84.2,0.589,0.156
3927920,A3,2.930,-81.6,0.589,0.156
3927940,A1,0.700,-81.6,0.584,0.151
3927950,A2,2.230,-83.8,0.584,0.151
3928070,A3,2.990,-81.7,0.584,0.092
3928090,A1,0.680,-81.2,0.579,0.087
3928100,A2,2.240,-83.8,0.571,0.087
3928220,A3,2.920,-81.2,0.571,0.156
3928240,A1,0.700,-81.3,0.576,0.161
3928250,A2,2.220,-83.5,0.592,0.161
3928370,A3,2.960,-81.3,0.592,0.121
3928390,A1,0.690,-81.4,0.589,0.119
3928400,A2,2.240,-83.9,0.573,0.119
3928520,A3,2.960,-81.6,0.573,0.119
3928540,A1,0.680,-81.4,0.571,0.117
3928550,A2,2.240,-84.1,0.571,0.117
3928670,A3,3.000,-81.8,0.571,0.077
3928690,A1,0.700,-81.4,0.576,0.082
3928700,A2,2.190,-83.9,0.616,0.082
3928820,A3,2.960,-81.1,0.616,0.121
3928840,A1,0.710,-81.6,0.618,0.124
3928850,A2,2.180,-83.6,0.626,0.124
3928990,A1,0.700,-81.4,0.623,0.121
3929000,A2,2.240,-84.2,0.576,0.121
3929140,A1,0.700,-81.6,0.576,0.121
3929150,A2,2.210,-84.3,0.600,0.121
3929270,A3,3.000,-81.7,0.600,0.082
3929290,A1,0.710,-81.5,0.602,0.084
3929300,A2,2.250,-83.9,0.570,0.084
3929420,A3,2.970,-81.7,0.570,0.114
3929440,A1,0.690,-81.5,0.565,0.109
3929450,A2,2.200,-84.0,0.605,0.109
3929570,A3,2.980,-81.2,0.605,0.099
3929590,A1,0.690,-81.3,0.605,0.099
3929600,A2,2.210,-84.0,0.597,0.099
3929720,A3,2.960,-81.0,0.597,0.119
3929740,A1,0.720,-81.2,0.605,0.126
3929750,A2,2.240,-84.0,0.581,0.126
3929870,A3,2.930,-82.1,0.581,0.156
3929890,A1,0.690,-81.1,0.573,0.149
3929900,A2,2.230,-83.9,0.581,0.149
3930020,A3,2.980,-81.6,0.581,0.099
3930040,A1,0.720,-81.1,0.589,0.106
3930050,A2,2.220,-84.0,0.597,0.106
3930170,A3,2.960,-82.5,0.597,0.126
3930190,A1,0.700,-81.6,0.592,0.121
3930200,A2,2.200,-84.1,0.608,0.121
3930320,A3,2.920,-82.0,0.608,0.161
3930340,A1,0.680,-81.2,0.603,0.156
3930350,A2,2.200,-84.2,0.603,0.156
3930620,A3,2.940,-82.3,0.603,0.136
3930640,A1,0.680,-81.4,0.603,0.136
3930650,A2,2.240,-83.8,0.571,0.136
3930770,A3,2.930,-83.0,0.571,0.146
3930790,A1,0.690,-81.3,0.573,0.149
3930800,A2,2.210,-84.6,0.597,0.149
3930920,A3,2.900,-82.2,0.597,0.178
3930940,A1,0.690,-81.4,0.597,0.178
3930950,A2,2.180,-83.9,0.621,0.178
3931070,A3,2.970,-82.7,0.621,0.109
3931090,A1,0.680,-81.0,0.618,0.107
3931100,A2,2.200,-83.8,0.603,0.107
3931220,A3,2.950,-83.4,0.603,0.127
3931240,A1,0.690,-80.2,0.605,0.129
3931250,A2,2.200,-83.8,0.605,0.129
3931370,A3,2.920,-82.9,0.605,0.158
3931390,A1,0.690,-80.8,0.605,0.158
3931400,A2,2.240,-84.2,0.573,0.158
3931540,A1,0.730,-80.7,0.583,0.168
3931550,A2,2.220,-84.1,0.599,0.168
3931690,A1,0.710,-80.9,0.594,0.163
3931700,A2,2.200,-83.9,0.610,0.163
3931820,A3,2.930,-82.3,0.610,0.153
3931840,A1,0.740,-80.4,0.618,0.160
3931850,A2,2.230,-83.6,0.594,0.160
3931970,A3,2.930,-82.7,0.594,0.160
3931990,A1,0.730,-81.1,0.591,0.158
3932000,A2,2.210,-84.2,0.607,0.158
3932120,A3,2.910,-82.2,0.607,0.177
3932140,A1,0.700,-81.0,0.600,0.170
3932150,A2,2.240,-83.8,0.576,0.170
3932270,A3,2.950,-82.0,0.576,0.131
3932290,A1,0.690,-81.1,0.573,0.129
3932300,A2,2.210,-83.6,0.597,0.129
3932420,A3,2.930,-81.6,0.597,0.149
3932440,A1,0.710,-81.1,0.602,0.153
3932450,A2,2.200,-84.1,0.610,0.153
3932570,A3,2.960,-81.5,0.610,0.124
3932590,A1,0.730,-81.4,0.615,0.129
3932600,A2,2.260,-84.3,0.567,0.129
3932720,A3,2.960,-81.2,0.567,0.129
3932740,A1,0.680,-80.8,0.555,0.117
3932750,A2,2.230,-84.4,0.579,0.117
3932870,A3,2.960,-81.9,0.579,0.117
3932890,A1,0.730,-81.3,0.591,0.129
3932900,A2,2.220,-84.2,0.599,0.129
3933020,A3,2.940,-82.4,0.599,0.148
3933040,A1,0.680,-81.0,0.587,0.136
3933050,A2,2.240,-84.2,0.571,0.136
3933170,A3,2.940,-82.2,0.571,0.136
3933190,A1,0.680,-81.3,0.571,0.136
3933200,A2,2.220,-83.9,0.587,0.136
3933320,A3,2.960,-81.5,0.587,0.117
3933340,A1,0.670,-81.4,0.584,0.115
3933350,A2,2.240,-84.0,0.568,0.115
3933470,A3,2.940,-82.3,0.568,0.134
3933490,A1,0.690,-80.8,0.573,0.139
3933500,A2,2.260,-84.5,0.557,0.139
3933770,A3,2.930,-82.2,0.557,0.149
3933790,A1,0.690,-81.2,0.557,0.149
3933800,A2,2.190,-84.1,0.613,0.149
3933920,A3,2.940,-81.7,0.613,0.139
3933940,A1,0.710,-81.5,0.618,0.143
3933950,A2,2.200,-84.2,0.610,0.143
3934070,A3,2.940,-81.7,0.610,0.143
3934090,A1,0.670,-81.3,0.600,0.134
3934100,A2,2.200,-83.9,0.600,0.134
3934220,A3,2.940,-81.9,0.600,0.134
3934240,A1,0.690,-81.1,0.605,0.139
3934250,A2,2.240,-84.3,0.573,0.139
3934370,A3,2.970,-81.5,0.573,0.109
3934390,A1,0.700,-81.4,0.576,0.112
3934400,A2,2.240,-83.9,0.576,0.112
3934520,A3,2.940,-81.7,0.576,0.141
3934540,A1,0.710,-80.8,0.578,0.143
3934550,A2,2.190,-84.1,0.618,0.143
3934670,A3,2.940,-83.3,0.618,0.143
3934690,A1,0.700,-81.5,0.616,0.141
3934700,A2,2.230,-84.0,0.584,0.141
3934820,A3,2.940,-81.7,0.584,0.141
3934840,A1,0.680,-81.2,0.579,0.136
3934850,A2,2.200,-84.4,0.603,0.136
3934970,A3,2.960,-82.5,0.603,0.117
3934990,A1,0.680,-80.8,0.603,0.117
3935000,A2,2.240,-84.5,0.571,0.117
3935120,A3,2.940,-82.0,0.571,0.136
3935140,A1,0.670,-81.3,0.568,0.134
3935150,A2,2.210,-84.0,0.592,0.134
3935270,A3,2.940,-82.5,0.592,0.134
3935290,A1,0.700,-80.8,0.600,0.141
3935300,A2,2.190,-84.4,0.616,0.141
3935420,A3,2.940,-81.8,0.616,0.141
3935440,A1,0.720,-81.3,0.621,0.146
3935450,A2,2.250,-84.1,0.573,0.146
3935570,A3,2.950,-82.1,0.573,0.136
3935590,A1,0.700,-81.4,0.568,0.131
3935600,A2,2.240,-83.3,0.576,0.131
3935720,A3,2.940,-82.0,0.576,0.141
3935740,A1,0.690,-81.0,0.573,0.139
3935750,A2,2.250,-83.5,0.565,0.139
3935870,A3,2.940,-81.6,0.565,0.139
3935890,A1,0.700,-81.0,0.568,0.141
3935900,A2,2.240,-83.8,0.576,0.141
3936020,A3,2.930,-82.3,0.576,0.151
3936040,A1,0.720,-81.6,0.581,0.156
3936050,A2,2.240,-83.6,0.581,0.156
3936170,A3,2.960,-81.6,0.581,0.126
3936190,A1,0.690,-80.8,0.573,0.119
3936200,A2,2.230,-83.7,0.581,0.119
3936320,A3,2.970,-82.4,0.581,0.109
3936340,A1,0.700,-81.0,0.584,0.112
3936350,A2,2.200,-83.6,0.608,0.112
3936470,A3,2.930,-81.9,0.608,0.151
3936490,A1,0.690,-81.1,0.605,0.149
3936500,A2,2.220,-84.8,0.589,0.149
3936620,A3,2.960,-82.7,0.589,0.119
3936640,A1,0.680,-81.4,0.587,0.117
3936650,A2,2.240,-83.8,0.571,0.117
3936920,A3,2.910,-81.8,0.571,0.166
3936940,A1,0.710,-81.3,0.578,0.173
3936950,A2,2.190,-83.7,0.618,0.173
3937070,A3,2.950,-81.9,0.618,0.134
3937090,A1,0.700,-81.3,0.616,0.131
3937100,A2,2.200,-83.9,0.608,0.131
3937220,A3,2.920,-81.8,0.608,0.161
3937240,A1,0.710,-81.5,0.610,0.163
3937250,A2,2.230,-84.2,0.586,0.163
3937370,A3,2.930,-85.3,0.586,0.153
3937390,A1,0.700,-81.3,0.584,0.151
3937400,A2,2.210,-84.4,0.600,0.151
3937520,A3,2.940,-82.1,0.600,0.141
3937540,A1,0.680,-81.3,0.595,0.136
3937550,A2,2.200,-84.2,0.603,0.136
3937670,A3,2.930,-81.4,0.603,0.146
3937690,A1,0.680,-81.5,0.603,0.146
3937700,A2,2.240,-83.7,0.571,0.146
3937820,A3,2.940,-81.7,0.571,0.136
3937840,A1,0.710,-81.4,0.578,0.143
3937850,A2,2.220,-83.8,0.594,0.143
3937970,A3,2.940,-81.6,0.594,0.143
3937990,A1,0.690,-80.8,0.589,0.139
3938000,A2,2.200,-84.4,0.605,0.139
3938120,A3,2.960,-82.5,0.605,0.119
3938140,A1,0.710,-81.2,0.610,0.124
3938150,A2,2.250,-84.6,0.570,0.124
3938270,A3,2.970,-81.9,0.570,0.114
3938290,A1,0.690,-81.3,0.565,0.109
3938300,A2,2.220,-83.9,0.589,0.109
3938420,A3,2.920,-83.0,0.589,0.158
3938440,A1,0.680,-81.2,0.587,0.156
3938450,A2,2.170,-83.8,0.626,0.156
3938570,A3,2.940,-81.5,0.626,0.136
3938590,A1,0.700,-81.0,0.631,0.141
3938600,A2,2.190,-84.0,0.616,0.141
3938720,A3,2.940,-82.1,0.616,0.141
3938740,A1,0.680,-81.3,0.611,0.136
3938750,A2,2.210,-83.8,0.595,0.136
3938870,A3,2.950,-81.1,0.595,0.127
3938890,A1,0.710,-80.8,0.602,0.134
3938900,A2,2.220,-83.7,0.594,0.134
3939020,A3,2.940,-82.2,0.594,0.143
3939040,A1,0.720,-81.3,0.597,0.146
3939050,A2,2.230,-83.9,0.589,0.146
3939170,A3,2.920,-81.9,0.589,0.165
3939190,A1,0.700,-81.4,0.584,0.161
3939200,A2,2.250,-84.0,0.568,0.161
3939320,A3,2.910,-82.0,0.568,0.170
3939340,A1,0.720,-81.3,0.573,0.175
3939350,A2,2.210,-84.4,0.605,0.175
3939470,A3,2.920,-82.4,0.605,0.165
3939490,A1,0.670,-81.1,0.592,0.154
3939500,A2,2.210,-83.6,0.592,0.154
3939620,A3,2.920,-82.2,0.592,0.154
3939640,A1,0.700,-81.5,0.600,0.161
3939650,A2,2.240,-84.1,0.576,0.161
3939770,A3,2.920,-81.9,0.576,0.161
3939790,A1,0.720,-81.3,0.581,0.165
3939800,A2,2.170,-83.9,0.636,0.165
3940070,A3,2.940,-82.1,0.636,0.146
3940090,A1,0.700,-81.2,0.631,0.141
3940100,A2,2.200,-83.9,0.608,0.141
3940220,A3,2.920,-81.8,0.608,0.161
3940240,A1,0.720,-81.0,0.613,0.165
3940250,A2,2.200,-83.7,0.613,0.165
3940370,A3,2.910,-81.8,0.613,0.175
3940390,A1,0.680,-81.3,0.603,0.166
3940400,A2,2.210,-84.6,0.595,0.166
3940520,A3,2.930,-81.8,0.595,0.146
3940540,A1,0.700,-81.2,0.600,0.151
3940550,A2,2.230,-83.8,0.584,0.151
3940670,A3,2.960,-82.5,0.584,0.121
3940690,A1,0.720,-81.3,0.589,0.126
3940700,A2,2.210,-84.1,0.605,0.126
3940820,A3,2.910,-83.2,0.605,0.175
3940840,A1,0.700,-81.2,0.600,0.170
3940850,A2,2.240,-83.9,0.576,0.170
3940970,A3,2.910,-83.5,0.576,0.170
3940990,A1,0.690,-81.6,0.573,0.168
3941000,A2,2.200,-84.4,0.605,0.168
3941120,A3,2.910,-82.8,0.605,0.168
3941140,A1,0.720,-81.2,0.613,0.175
3941150,A2,2.210,-84.4,0.605,0.175
3941270,A3,2.940,-81.8,0.605,0.146
3941290,A1,0.690,-80.9,0.597,0.139
3941300,A2,2.210,-83.8,0.597,0.139
3941420,A3,2.950,-81.2,0.597,0.129
3941440,A1,0.710,-81.2,0.602,0.134
3941450,A2,2.230,-83.6,0.586,0.134
3941570,A3,2.930,-81.2,0.586,0.153
3941590,A1,0.710,-81.3,0.586,0.153
3941600,A2,2.220,-84.0,0.594,0.153
3941720,A3,2.960,-81.4,0.594,0.124
3941740,A1,0.690,-81.2,0.589,0.119
3941750,A2,2.210,-83.6,0.597,0.119
3941870,A3,2.940,-81.4,0.597,0.139
3941890,A1,0.700,-81.2,0.600,0.141
3941900,A2,2.200,-83.8,0.608,0.141
3942020,A3,2.970,-81.6,0.608,0.112
3942040,A1,0.700,-81.3,0.608,0.112
3942050,A2,2.220,-83.5,0.592,0.112
3942170,A3,2.960,-81.4,0.592,0.121
3942190,A1,0.680,-81.4,0.587,0.117
3942200,A2,2.240,-83.4,0.571,0.117
3942320,A3,2.960,-81.5,0.571,0.117
3942340,A1,0.680,-81.5,0.571,0.117
3942350,A2,2.210,-83.6,0.595,0.117
3942470,A3,2.960,-81.4,0.595,0.117
3942490,A1,0.700,-81.1,0.600,0.121
3942500,A2,2.180,-83.6,0.623,0.121
3942620,A3,2.940,-81.5,0.623,0.141
3942640,A1,0.700,-81.0,0.623,0.141
3942650,A2,2.250,-83.6,0.568,0.141
3942770,A3,2.940,-81.7,0.568,0.141
3942790,A1,0.700,-81.4,0.568,0.141
3942800,A2,2.210,-84.1,0.600,0.141
3942920,A3,2.960,-81.4,0.600,0.121
3942940,A1,0.690,-81.2,0.597,0.119
3942950,A2,2.230,-83.9,0.581,0.119
3943220,A3,2.930,-81.9,0.581,0.149
3943240,A1,0.700,-81.4,0.584,0.151
3943250,A2,2.210,-84.0,0.600,0.151
3943370,A3,2.930,-82.6,0.600,0.151
3943390,A1,0.700,-81.5,0.600,0.151
3943400,A2,2.180,-84.3,0.623,0.151
3943520,A3,2.910,-82.2,0.623,0.170
3943540,A1,0.670,-81.5,0.616,0.163
3943550,A2,2.250,-84.3,0.560,0.163
3943670,A3,2.960,-81.4,0.560,0.115
3943690,A1,0.650,-80.8,0.555,0.110
3943700,A2,2.230,-83.7,0.572,0.110
3943820,A3,2.940,-81.5,0.572,0.130
3943840,A1,0.710,-81.2,0.586,0.143
3943850,A2,2.210,-84.3,0.602,0.143
3943970,A3,2.930,-81.8,0.602,0.153
3943990,A1,0.670,-81.0,0.592,0.144
3944000,A2,2.260,-84.2,0.552,0.144
3944120,A3,2.930,-81.6,0.552,0.144
3944140,A1,0.720,-81.2,0.565,0.156
3944150,A2,2.240,-83.5,0.581,0.156
3944270,A3,2.940,-81.9,0.581,0.146
3944290,A1,0.690,-81.4,0.573,0.139
3944300,A2,2.220,-83.9,0.589,0.139
3944420,A3,2.930,-81.7,0.589,0.149
3944440,A1,0.730,-81.2,0.599,0.158
3944450,A2,2.210,-83.8,0.607,0.158
3944570,A3,2.940,-81.9,0.607,0.148
3944590,A1,0.680,-81.2,0.595,0.136
3944600,A2,2.210,-84.2,0.595,0.136
3944720,A3,2.940,-81.5,0.595,0.136
3944740,A1,0.720,-81.0,0.605,0.146
3944750,A2,2.240,-83.4,0.581,0.146
3944870,A3,2.940,-81.6,0.581,0.146
3944890,A1,0.730,-80.8,0.583,0.148
3944900,A2,2.230,-83.6,0.591,0.148
3945020,A3,2.940,-82.0,0.591,0.148
3945040,A1,0.700,-80.8,0.584,0.141
3945050,A2,2.230,-84.0,0.584,0.141
3945170,A3,2.910,-82.3,0.584,0.170
3945190,A1,0.680,-81.3,0.579,0.166
3945200,A2,2.200,-83.5,0.603,0.166
3945320,A3,2.940,-82.5,0.603,0.136
3945340,A1,0.690,-81.1,0.605,0.139
3945350,A2,2.210,-83.8,0.597,0.139
3945470,A3,2.910,-82.8,0.597,0.168
3945490,A1,0.690,-81.5,0.597,0.168
3945500,A2,2.230,-83.8,0.581,0.168
3945620,A3,2.910,-83.4,0.581,0.168
3945640,A1,0.730,-81.0,0.591,0.177
3945650,A2,2.200,-84.1,0.615,0.177
3945770,A3,2.920,-83.3,0.615,0.168
3945790,A1,0.690,-81.2,0.605,0.158
3945800,A2,2.230,-83.8,0.581,0.158
3945920,A3,2.930,-82.7,0.581,0.149
3945940,A1,0.690,-81.2,0.581,0.149
3945950,A2,2.210,-83.7,0.597,0.149
3946070,A3,2.930,-82.2,0.597,0.149
3946090,A1,0.720,-81.2,0.605,0.156
3946100,A2,2.220,-83.6,0.597,0.156
3946370,A3,2.940,-82.3,0.597,0.146
3946390,A1,0.710,-81.2,0.594,0.143
3946400,A2,2.240,-83.9,0.578,0.143
3946520,A3,2.910,-82.3,0.578,0.173
3946540,A1,0.740,-80.9,0.586,0.180
3946550,A2,2.260,-84.0,0.570,0.180
3946670,A3,2.930,-82.9,0.570,0.160
3946690,A1,0.690,-81.2,0.557,0.149
3946700,A2,2.240,-83.7,0.573,0.149
3946840,A1,0.670,-81.7,0.568,0.144
3947120,A3,2.930,-82.7,0.568,0.144
3947140,A1,0.680,-81.4,0.571,0.146
3947150,A2,2.240,-83.8,0.571,0.146
3947270,A3,2.910,-83.4,0.571,0.166
3947290,A1,0.730,-81.4,0.583,0.177
3947300,A2,2.220,-84.3,0.599,0.177
3947420,A3,2.900,-83.4,0.599,0.187
3947440,A1,0.630,-81.6,0.575,0.164
3947450,A2,2.240,-84.2,0.559,0.164
3947570,A3,2.930,-83.4,0.559,0.135
3947590,A1,0.710,-81.1,0.578,0.153
3947600,A2,2.220,-84.5,0.594,0.153
3947720,A3,2.920,-83.6,0.594,0.163
3947740,A1,0.700,-81.4,0.592,0.161
3947750,A2,2.220,-83.6,0.592,0.161
3947870,A3,2.900,-83.5,0.592,0.180
3947890,A1,0.710,-81.5,0.594,0.182
3947900,A2,2.200,-84.2,0.610,0.182
3948020,A3,2.920,-84.4,0.610,0.163
3948040,A1,0.650,-81.7,0.595,0.149
3948050,A2,2.240,-84.1,0.564,0.149
3948170,A3,2.910,-83.1,0.564,0.159
3948190,A1,0.680,-81.2,0.571,0.166
3948200,A2,2.250,-84.5,0.563,0.166
3948320,A3,2.940,-83.3,0.563,0.136
3948340,A1,0.710,-81.5,0.570,0.143
3948350,A2,2.220,-83.8,0.594,0.143
3948470,A3,2.920,-83.3,0.594,0.163
3948490,A1,0.690,-81.3,0.589,0.158
3948500,A2,2.220,-84.0,0.589,0.158
3948620,A3,2.950,-83.1,0.589,0.129
3948640,A1,0.700,-81.5,0.592,0.131
3948650,A2,2.190,-83.7,0.616,0.131
3948770,A3,2.890,-82.6,0.616,0.190
3948790,A1,0.720,-81.7,0.621,0.194
3948800,A2,2.240,-84.2,0.581,0.194
3948920,A3,2.920,-82.6,0.581,0.165
3948940,A1,0.710,-81.3,0.578,0.163
3948950,A2,2.190,-84.2,0.618,0.163
3949070,A3,2.940,-82.1,0.618,0.143
3949090,A1,0.680,-81.6,0.611,0.136
3949100,A2,2.240,-84.3,0.571,0.136
3949220,A3,2.900,-82.5,0.571,0.175
3949240,A1,0.710,-81.6,0.578,0.182
3949250,A2,2.210,-84.4,0.602,0.182
3949520,A3,2.910,-82.4,0.602,0.173
3949540,A1,0.730,-81.1,0.607,0.177
3949550,A2,2.200,-84.5,0.615,0.177
3949670,A3,2.950,-81.9,0.615,0.138
3949690,A1,0.710,-81.6,0.610,0.134
3949700,A2,2.230,-84.1,0.586,0.134
3949820,A3,2.910,-82.5,0.586,0.173
3949840,A1,0.700,-81.6,0.584,0.170
3949850,A2,2.240,-84.0,0.576,0.170
3949970,A3,2.910,-82.4,0.576,0.170
3949990,A1,0.720,-81.5,0.581,0.175
3950000,A2,2.240,-84.0,0.581,0.175
3950120,A3,2.930,-82.5,0.581,0.156
3950140,A1,0.730,-81.3,0.583,0.158
3950150,A2,2.230,-83.8,0.591,0.158
3950290,A1,0.700,-81.1,0.584,0.151
3950300,A2,2.230,-84.0,0.584,0.151
3950440,A1,0.700,-81.4,0.584,0.151
3950450,A2,2.250,-84.5,0.568,0.151
3950570,A3,2.930,-82.4,0.568,0.151
3950590,A1,0.680,-81.5,0.563,0.146
3950600,A2,2.210,-84.4,0.595,0.146
3950720,A3,2.930,-82.2,0.595,0.146
3950740,A1,0.710,-81.1,0.602,0.153
3950750,A2,2.190,-83.9,0.618,0.153
3950870,A3,2.930,-82.1,0.618,0.153
3950890,A1,0.700,-81.3,0.616,0.151
3950900,A2,2.240,-84.2,0.576,0.151
3951020,A3,2.940,-82.1,0.576,0.141
3951040,A1,0.710,-81.4,0.578,0.143
3951050,A2,2.190,-84.4,0.618,0.143
3951170,A3,2.940,-81.9,0.618,0.143
3951190,A1,0.700,-81.4,0.616,0.141
3951200,A2,2.230,-84.1,0.584,0.141
3951320,A3,2.950,-82.3,0.584,0.131
3951340,A1,0.700,-81.4,0.584,0.131
3951350,A2,2.200,-83.8,0.608,0.131
3951470,A3,2.940,-82.1,0.608,0.141
3951490,A1,0.730,-81.7,0.615,0.148
3951500,A2,2.230,-84.2,0.591,0.148
3951620,A3,2.910,-82.4,0.591,0.177
3951640,A1,0.680,-81.2,0.579,0.166
3951650,A2,2.240,-84.1,0.571,0.166
3951770,A3,2.920,-82.4,0.571,0.156
3951790,A1,0.690,-81.6,0.573,0.158
3951800,A2,2.210,-83.8,0.597,0.158
3951920,A3,2.910,-82.7,0.597,0.168
3951940,A1,0.680,-81.6,0.595,0.166
3951950,A2,2.190,-83.7,0.611,0.166
3952070,A3,2.920,-82.4,0.611,0.156
3952090,A1,0.690,-81.7,0.613,0.158
3952100,A2,2.220,-83.8,0.589,0.158
3952220,A3,2.940,-82.6,0.589,0.139
3952240,A1,0.690,-81.7,0.589,0.139
3952250,A2,2.210,-84.1,0.597,0.139
3952370,A3,2.940,-82.3,0.597,0.139
3952390,A1,0.680,-81.5,0.595,0.136
3952400,A2,2.190,-83.7,0.611,0.136
3952670,A3,2.920,-82.5,0.611,0.156
3952690,A1,0.680,-81.5,0.611,0.156
3952700,A2,2.250,-83.6,0.563,0.156
3952820,A3,2.940,-81.5,0.563,0.136
3952840,A1,0.680,-81.4,0.563,0.136
3952850,A2,2.190,-83.4,0.611,0.136
3952970,A3,2.930,-81.4,0.611,0.146
3952990,A1,0.680,-81.6,0.611,0.146
3953000,A2,2.230,-83.8,0.579,0.146
3953120,A3,2.930,-82.0,0.579,0.146
3953140,A1,0.740,-81.4,0.594,0.160
3953150,A2,2.240,-83.8,0.586,0.160
3953270,A3,2.970,-81.9,0.586,0.121
3953290,A1,0.710,-81.0,0.578,0.114
3953300,A2,2.210,-84.2,0.602,0.114
3953570,A3,2.900,-82.7,0.602,0.182
3953590,A1,0.710,-81.4,0.602,0.182
3953600,A2,2.240,-83.9,0.578,0.182
3953720,A3,2.950,-82.1,0.578,0.134
3953740,A1,0.710,-81.2,0.578,0.134
3953750,A2,2.190,-83.7,0.618,0.134
3953870,A3,2.940,-82.3,0.618,0.143
3953890,A1,0.690,-81.4,0.613,0.139
3953900,A2,2.230,-83.9,0.581,0.139
3954020,A3,2.950,-81.9,0.581,0.129
3954040,A1,0.690,-81.6,0.581,0.129
3954050,A2,2.190,-84.4,0.613,0.129
3954170,A3,2.960,-81.5,0.613,0.119
3954190,A1,0.700,-81.3,0.616,0.121
3954200,A2,2.230,-83.8,0.584,0.121
3954320,A3,2.960,-81.8,0.584,0.121
3954340,A1,0.690,-81.2,0.581,0.119
3954350,A2,2.240,-84.1,0.573,0.119
3954470,A3,2.900,-82.3,0.573,0.178
3954490,A1,0.700,-81.1,0.576,0.180
3954500,A2,2.210,-83.8,0.600,0.180
3954620,A3,2.950,-81.6,0.600,0.131
3954640,A1,0.710,-81.4,0.602,0.134
3954650,A2,2.200,-83.9,0.610,0.134
3954770,A3,2.960,-81.7,0.610,0.124
3954790,A1,0.710,-80.6,0.610,0.124
3954800,A2,2.210,-83.6,0.602,0.124
3954920,A3,2.950,-82.2,0.602,0.134
3954940,A1,0.700,-81.2,0.600,0.131
3954950,A2,2.180,-84.1,0.623,0.131
3955070,A3,2.960,-81.8,0.623,0.121
3955090,A1,0.690,-81.1,0.621,0.119
3955100,A2,2.190,-83.7,0.613,0.119
3955220,A3,2.920,-82.5,0.613,0.158
3955240,A1,0.680,-81.1,0.611,0.156
3955250,A2,2.210,-83.8,0.595,0.156
3955370,A3,2.930,-81.4,0.595,0.146
3955390,A1,0.690,-81.3,0.597,0.149
3955400,A2,2.240,-84.0,0.573,0.149
3955520,A3,2.940,-81.2,0.573,0.139
3955540,A1,0.710,-81.2,0.578,0.143
3955550,A2,2.230,-83.7,0.586,0.143
3955820,A3,2.930,-81.9,0.586,0.153
3955840,A1,0.710,-81.3,0.586,0.153
3955850,A2,2.190,-84.3,0.618,0.153
3955970,A3,2.940,-82.6,0.618,0.143
3955990,A1,0.700,-81.2,0.616,0.141
3956000,A2,2.190,-84.2,0.616,0.141
3956120,A3,2.930,-81.7,0.616,0.151
3956140,A1,0.700,-81.7,0.616,0.151
3956150,A2,2.210,-84.0,0.600,0.151
3956270,A3,2.940,-81.7,0.600,0.141
3956290,A1,0.680,-81.8,0.595,0.136
3956300,A2,2.260,-83.7,0.555,0.136
3956420,A3,2.940,-82.1,0.555,0.136
3956440,A1,0.690,-81.2,0.557,0.139
3956450,A2,2.210,-83.4,0.597,0.139
3956570,A3,2.930,-82.0,0.597,0.149
3956590,A1,0.710,-80.7,0.602,0.153
3956600,A2,2.220,-83.6,0.594,0.153
3956720,A3,2.930,-81.1,0.594,0.153
3956740,A1,0.700,-81.4,0.592,0.151
3956750,A2,2.210,-84.6,0.600,0.151
3956870,A3,2.940,-83.2,0.600,0.141
3956890,A1,0.700,-81.3,0.600,0.141
3956900,A2,2.240,-84.0,0.576,0.141
3957020,A3,2.930,-82.2,0.576,0.151
3957040,A1,0.700,-81.3,0.576,0.151
3957050,A2,2.210,-84.0,0.600,0.151
3957170,A3,2.930,-81.2,0.600,0.151
3957190,A1,0.690,-81.4,0.597,0.149
3957200,A2,2.240,-84.3,0.573,0.149
3957320,A3,2.930,-81.2,0.573,0.149
3957340,A1,0.700,-80.8,0.576,0.151
3957350,A2,2.230,-83.5,0.584,0.151
3957470,A3,2.940,-83.1,0.584,0.141
3957490,A1,0.700,-81.6,0.584,0.141
3957500,A2,2.220,-84.2,0.592,0.141
3957620,A3,2.920,-81.7,0.592,0.161
3957640,A1,0.700,-81.3,0.592,0.161
3957650,A2,2.180,-84.3,0.623,0.161
3957770,A3,2.930,-81.9,0.623,0.151
3957790,A1,0.690,-81.1,0.621,0.149
3957800,A2,2.210,-83.9,0.597,0.149
3957920,A3,2.950,-81.7,0.597,0.129
3957940,A1,0.700,-81.3,0.600,0.131
3957950,A2,2.180,-83.9,0.623,0.131
3958070,A3,2.940,-81.2,0.623,0.141
3958090,A1,0.690,-81.2,0.621,0.139
3958100,A2,2.190,-84.4,0.613,0.139
3958220,A3,2.940,-81.5,0.613,0.139
3958240,A1,0.720,-81.2,0.621,0.146
3958250,A2,2.230,-83.7,0.589,0.146
3958390,A1,0.710,-81.4,0.586,0.143
3958400,A2,2.230,-84.1,0.586,0.143
3958540,A1,0.700,-81.3,0.584,0.141
3958550,A2,2.250,-84.4,0.568,0.141
3958670,A3,2.920,-81.3,0.568,0.161
3958690,A1,0.700,-81.0,0.568,0.161
3958700,A2,2.210,-84.2,0.600,0.161
3958970,A3,2.960,-81.4,0.600,0.121
3958990,A1,0.690,-81.2,0.597,0.119
3959000,A2,2.240,-84.0,0.573,0.119
3959120,A3,2.970,-81.7,0.573,0.109
3959140,A1,0.710,-81.5,0.578,0.114
3959150,A2,2.210,-84.5,0.602,0.114
3959270,A3,2.920,-81.6,0.602,0.163
3959290,A1,0.710,-81.1,0.602,0.163
3959300,A2,2.210,-84.0,0.602,0.163
3959420,A3,2.960,-81.8,0.602,0.124
3959440,A1,0.700,-80.8,0.600,0.121
3959450,A2,2.200,-83.9,0.608,0.121
3959570,A3,2.950,-81.6,0.608,0.131
3959590,A1,0.700,-80.9,0.608,0.131
3959600,A2,2.250,-83.8,0.568,0.131
3959720,A3,2.940,-81.5,0.568,0.141
3959740,A1,0.710,-80.9,0.570,0.143
3959750,A2,2.210,-83.8,0.602,0.143
3959870,A3,2.940,-81.9,0.602,0.143
3959890,A1,0.700,-81.2,0.600,0.141
3959900,A2,2.240,-83.5,0.576,0.141
3960020,A3,2.950,-82.9,0.576,0.131
3960040,A1,0.680,-81.7,0.571,0.127
3960050,A2,2.230,-84.3,0.579,0.127
3960170,A3,2.920,-82.9,0.579,0.156
3960190,A1,0.690,-81.0,0.581,0.158
3960200,A2,2.250,-84.2,0.565,0.158
3960320,A3,2.920,-83.1,0.565,0.158
3960340,A1,0.710,-81.3,0.570,0.163
3960350,A2,2.240,-83.8,0.578,0.163
3960470,A3,2.940,-83.4,0.578,0.143
3960490,A1,0.700,-81.9,0.576,0.141
3960500,A2,2.210,-83.6,0.600,0.141
3960620,A3,2.920,-83.2,0.600,0.161
3960640,A1,0.660,-81.6,0.590,0.152
3960650,A2,2.210,-83.7,0.590,0.152
3960770,A3,2.920,-83.3,0.590,0.152
3960790,A1,0.680,-81.8,0.595,0.156
3960800,A2,2.210,-84.4,0.595,0.156
3960920,A3,2.940,-83.5,0.595,0.136
3960940,A1,0.680,-81.9,0.595,0.136
3960950,A2,2.210,-83.9,0.595,0.136
3961070,A3,2.910,-83.1,0.595,0.166
3961090,A1,0.680,-81.8,0.595,0.166
3961100,A2,2.210,-84.5,0.595,0.166
3961220,A3,2.910,-83.4,0.595,0.166
3961240,A1,0.680,-81.6,0.595,0.166
3961250,A2,2.200,-83.7,0.603,0.166
3961370,A3,2.910,-83.2,0.603,0.166
3961390,A1,0.700,-81.5,0.608,0.170
3961400,A2,2.210,-84.2,0.600,0.170
3961520,A3,2.930,-83.5,0.600,0.151
3961540,A1,0.700,-81.5,0.600,0.151
3961820,A3,2.930,-83.4,0.600,0.151
3961840,A1,0.650,-81.4,0.588,0.140
3961850,A2,2.200,-84.4,0.595,0.140
3962120,A3,2.930,-83.3,0.595,0.140
3962140,A1,0.670,-81.7,0.600,0.144
3962150,A2,2.220,-84.0,0.584,0.144
3962270,A3,2.910,-83.5,0.584,0.163
3962290,A1,0.710,-81.7,0.594,0.173
3962300,A2,2.240,-83.9,0.578,0.173
3962420,A3,2.900,-83.0,0.578,0.182
3962440,A1,0.670,-81.8,0.568,0.173
3962450,A2,2.240,-83.7,0.568,0.173
3962570,A3,2.940,-83.1,0.568,0.134
3962590,A1,0.690,-81.7,0.573,0.139
3962600,A2,2.210,-83.9,0.597,0.139
3962720,A3,2.930,-83.5,0.597,0.149
3962740,A1,0.670,-81.8,0.592,0.144
3962750,A2,2.220,-83.8,0.584,0.144
3962870,A3,2.920,-83.2,0.584,0.154
3962890,A1,0.680,-81.8,0.587,0.156
3962900,A2,2.220,-84.0,0.587,0.156
3963020,A3,2.920,-82.9,0.587,0.156
3963040,A1,0.690,-81.8,0.589,0.158
3963050,A2,2.230,-84.3,0.581,0.158
3963170,A3,2.900,-83.5,0.581,0.178
3963190,A1,0.690,-81.8,0.581,0.178
3963200,A2,2.210,-84.0,0.597,0.178
3963320,A3,2.920,-82.9,0.597,0.158
3963340,A1,0.680,-81.4,0.595,0.156
3963350,A2,2.220,-84.0,0.587,0.156
3963470,A3,2.900,-83.4,0.587,0.175
3963490,A1,0.690,-81.8,0.589,0.178
3963500,A2,2.200,-83.7,0.605,0.178
3963620,A3,2.940,-83.2,0.605,0.139
3963640,A1,0.700,-81.7,0.608,0.141
3963650,A2,2.190,-84.3,0.616,0.141
3963770,A3,2.910,-83.4,0.616,0.170
3963790,A1,0.700,-81.6,0.616,0.170
3963800,A2,2.210,-84.0,0.600,0.170
3963920,A3,2.940,-83.1,0.600,0.141
3963940,A1,0.700,-81.6,0.600,0.141
3963950,A2,2.180,-84.2,0.623,0.141
3964070,A3,2.940,-83.0,0.623,0.141
3964090,A1,0.690,-81.6,0.621,0.139
3964100,A2,2.200,-83.8,0.605,0.139
3964220,A3,2.930,-83.0,0.605,0.149
3964240,A1,0.710,-81.7,0.610,0.153
3964250,A2,2.230,-84.2,0.586,0.153
3964370,A3,2.930,-83.0,0.586,0.153
3964390,A1,0.690,-81.5,0.581,0.149
3964400,A2,2.230,-83.8,0.581,0.149
3964520,A3,2.880,-83.5,0.581,0.197
3964540,A1,0.710,-81.2,0.586,0.202
3964550,A2,2.200,-83.6,0.610,0.202
3964670,A3,2.910,-83.3,0.610,0.173
3964690,A1,0.700,-81.4,0.608,0.170
3964700,A2,2.260,-83.6,0.559,0.170
3964820,A3,2.910,-82.9,0.559,0.170
3964840,A1,0.680,-81.3,0.555,0.166
3964850,A2,2.200,-83.7,0.603,0.166
3964970,A3,2.930,-82.7,0.603,0.146
3964990,A1,0.700,-81.4,0.608,0.151
3965000,A2,2.250,-83.8,0.568,0.151
3965270,A3,2.920,-82.2,0.568,0.161
3965290,A1,0.700,-81.7,0.568,0.161
3965300,A2,2.240,-84.2,0.576,0.161
3965420,A3,2.930,-82.1,0.576,0.151
3965440,A1,0.680,-81.2,0.571,0.146
3965450,A2,2.260,-83.4,0.555,0.146
3965590,A1,0.710,-81.1,0.562,0.153
3965600,A2,2.260,-83.6,0.562,0.153
3965740,A1,0.690,-81.1,0.557,0.149
3965750,A2,2.220,-84.0,0.589,0.149
3965870,A3,2.940,-82.1,0.589,0.139
3965890,A1,0.680,-80.9,0.587,0.136
3965900,A2,2.210,-84.0,0.595,0.136
3966020,A3,2.920,-81.8,0.595,0.156
3966040,A1,0.700,-81.5,0.600,0.161
3966050,A2,2.190,-83.9,0.616,0.161
3966170,A3,2.930,-82.0,0.616,0.151
3966190,A1,0.690,-81.7,0.613,0.149
3966200,A2,2.200,-84.0,0.605,0.149
3966320,A3,2.920,-81.9,0.605,0.158
3966340,A1,0.710,-81.4,0.610,0.163
3966620,A3,2.950,-81.8,0.610,0.134
3966640,A1,0.710,-81.3,0.610,0.134
3966650,A2,2.230,-83.1,0.586,0.134
3966770,A3,2.950,-82.1,0.586,0.134
3966790,A1,0.710,-81.4,0.586,0.134
3966800,A2,2.220,-83.9,0.594,0.134
3966920,A3,2.940,-81.5,0.594,0.143
3966940,A1,0.700,-81.2,0.592,0.141
3966950,A2,2.240,-83.9,0.576,0.141
3967070,A3,2.930,-81.1,0.576,0.151
3967090,A1,0.710,-81.1,0.578,0.153
3967100,A2,2.220,-83.7,0.594,0.153
3967220,A3,2.970,-81.4,0.594,0.114
3967240,A1,0.690,-80.8,0.589,0.109
3967250,A2,2.220,-84.0,0.589,0.109
3967370,A3,2.970,-81.4,0.589,0.109
3967390,A1,0.710,-80.9,0.594,0.114
3967400,A2,2.230,-83.8,0.586,0.114
3967520,A3,2.930,-81.5,0.586,0.153
3967540,A1,0.710,-81.6,0.586,0.153
3967550,A2,2.220,-84.2,0.594,0.153
3967670,A3,2.950,-81.5,0.594,0.134
3967690,A1,0.700,-81.3,0.592,0.131
3967700,A2,2.250,-83.7,0.568,0.131
3967820,A3,2.940,-81.4,0.568,0.141
3967840,A1,0.700,-81.4,0.568,0.141
3967850,A2,2.190,-83.8,0.616,0.141
3967970,A3,2.970,-81.3,0.616,0.112
3967990,A1,0.720,-81.0,0.621,0.116
3968000,A2,2.230,-83.7,0.589,0.116
3968120,A3,2.940,-81.6,0.589,0.146
3968140,A1,0.710,-81.3,0.586,0.143
3968150,A2,2.210,-83.8,0.602,0.143
3968420,A3,2.930,-81.7,0.602,0.153
3968440,A1,0.680,-81.2,0.595,0.146
3968450,A2,2.210,-83.4,0.595,0.146
3968570,A3,2.960,-81.3,0.595,0.117
3968590,A1,0.720,-80.9,0.605,0.126
3968600,A2,2.230,-83.6,0.589,0.126
3968720,A3,2.910,-81.7,0.589,0.175
3968740,A1,0.690,-81.3,0.581,0.168
3968750,A2,2.220,-83.7,0.589,0.168
3968870,A3,2.950,-82.1,0.589,0.129
3968890,A1,0.720,-80.7,0.597,0.136
3968900,A2,2.230,-83.4,0.589,0.136
3969020,A3,2.940,-81.9,0.589,0.146
3969040,A1,0.710,-80.8,0.586,0.143
3969050,A2,2.240,-83.6,0.578,0.143
3969170,A3,2.950,-81.5,0.578,0.134
3969190,A1,0.730,-81.1,0.583,0.138
3969200,A2,2.220,-83.7,0.599,0.138
3969320,A3,2.940,-81.9,0.599,0.148
3969340,A1,0.690,-81.2,0.589,0.139
3969350,A2,2.180,-83.7,0.621,0.139
3969470,A3,2.970,-81.3,0.621,0.109
3969490,A1,0.690,-80.8,0.621,0.109
3969500,A2,2.210,-83.7,0.597,0.109
3969620,A3,2.960,-81.3,0.597,0.119
3969640,A1,0.690,-80.9,0.597,0.119
3969650,A2,2.220,-83.7,0.589,0.119
3969770,A3,2.950,-81.2,0.589,0.129
3969790,A1,0.710,-80.9,0.594,0.134
3969800,A2,2.210,-83.3,0.602,0.134
3969920,A3,2.950,-81.2,0.602,0.134
3969940,A1,0.710,-80.8,0.602,0.134
3969950,A2,2.200,-83.8,0.610,0.134
3970070,A3,2.960,-81.0,0.610,0.124
3970090,A1,0.740,-81.2,0.618,0.131
3970100,A2,2.230,-83.8,0.594,0.131
3970220,A3,2.970,-81.2,0.594,0.121
3970240,A1,0.730,-81.1,0.591,0.119
3970250,A2,2.240,-83.8,0.583,0.119
3970370,A3,2.930,-81.0,0.583,0.158
3970390,A1,0.700,-81.1,0.576,0.151
3970400,A2,2.230,-83.5,0.584,0.151
3970520,A3,2.980,-81.8,0.584,0.102
3970540,A1,0.710,-81.2,0.586,0.104
3970550,A2,2.210,-83.9,0.602,0.104
3970670,A3,2.940,-81.8,0.602,0.143
3970690,A1,0.730,-81.4,0.607,0.148
3970700,A2,2.190,-83.7,0.623,0.148
3970820,A3,2.950,-81.6,0.623,0.138
3970840,A1,0.710,-81.0,0.618,0.134
3970850,A2,2.220,-83.5,0.594,0.134
3970970,A3,2.930,-82.1,0.594,0.153
3970990,A1,0.710,-81.2,0.594,0.153
3971000,A2,2.230,-84.0,0.586,0.153
3971120,A3,2.930,-82.3,0.586,0.153
3971140,A1,0.670,-81.1,0.576,0.144
3971150,A2,2.250,-84.2,0.560,0.144
3971270,A3,2.960,-81.8,0.560,0.115
3971290,A1,0.690,-80.9,0.565,0.119
3971300,A2,2.220,-84.2,0.589,0.119
3971570,A3,2.940,-81.7,0.589,0.139
3971590,A1,0.690,-81.0,0.589,0.139
3971600,A2,2.230,-84.0,0.581,0.139
3971720,A3,2.940,-81.8,0.581,0.139
3971740,A1,0.680,-80.9,0.579,0.136
3971750,A2,2.230,-83.4,0.579,0.136
3971870,A3,2.950,-82.5,0.579,0.127
3971890,A1,0.720,-80.7,0.589,0.136
3971900,A2,2.220,-84.5,0.597,0.136
3972020,A3,2.940,-81.9,0.597,0.146
3972040,A1,0.680,-80.5,0.587,0.136
3972050,A2,2.210,-83.9,0.595,0.136
3972170,A3,2.950,-81.9,0.595,0.127
3972190,A1,0.690,-81.2,0.597,0.129
3972200,A2,2.220,-83.9,0.589,0.129
3972320,A3,2.930,-82.2,0.589,0.149
3972340,A1,0.690,-81.0,0.589,0.149
3972350,A2,2.200,-84.0,0.605,0.149
3972470,A3,2.920,-82.9,0.605,0.158
3972490,A1,0.710,-81.3,0.610,0.163
3972500,A2,2.230,-84.3,0.586,0.163
3972620,A3,2.950,-81.2,0.586,0.134
3972640,A1,0.680,-81.4,0.579,0.127
3972650,A2,2.200,-84.2,0.603,0.127
3972770,A3,2.950,-81.9,0.603,0.127
3972790,A1,0.690,-81.2,0.605,0.129
3972800,A2,2.230,-83.7,0.581,0.129
3972920,A3,2.940,-82.2,0.581,0.139
3972940,A1,0.710,-81.6,0.586,0.143
3972950,A2,2.210,-83.6,0.602,0.143
3973070,A3,2.960,-82.0,0.602,0.124
3973090,A1,0.730,-81.4,0.607,0.129
3973100,A2,2.170,-84.0,0.639,0.129
3973220,A3,2.920,-81.8,0.639,0.168
3973240,A1,0.720,-81.6,0.636,0.165
3973250,A2,2.210,-83.9,0.605,0.165
3973370,A3,2.910,-82.0,0.605,0.175
3973390,A1,0.680,-81.2,0.595,0.166
3973400,A2,2.220,-84.0,0.587,0.166
3973520,A3,2.950,-81.8,0.587,0.127
3973540,A1,0.730,-81.3,0.599,0.138
3973550,A2,2.210,-84.2,0.607,0.138
3973670,A3,2.940,-81.8,0.607,0.148
3973690,A1,0.690,-81.6,0.597,0.139
3973700,A2,2.200,-84.2,0.605,0.139
3973820,A3,2.940,-81.3,0.605,0.139
3973840,A1,0.740,-81.9,0.618,0.151
3973850,A2,2.180,-83.2,0.634,0.151
3973970,A3,2.970,-81.5,0.634,0.121
3973990,A1,0.680,-81.1,0.618,0.107
3974000,A2,2.250,-83.0,0.563,0.107
3974120,A3,2.910,-81.7,0.563,0.166
3974140,A1,0.690,-81.5,0.565,0.168
3974150,A2,2.230,-83.2,0.581,0.168
3974270,A3,2.940,-81.1,0.581,0.139
3974290,A1,0.730,-82.0,0.591,0.148
3974300,A2,2.200,-83.8,0.615,0.148
3974420,A3,2.940,-82.4,0.615,0.148
3974440,A1,0.690,-80.7,0.605,0.139
3974450,A2,2.240,-84.3,0.573,0.139
3974720,A3,2.950,-82.0,0.573,0.129
3974740,A1,0.680,-81.5,0.571,0.127
3974750,A2,2.210,-83.7,0.595,0.127
3974870,A3,2.900,-81.8,0.595,0.175
3974890,A1,0.660,-81.2,0.590,0.171
3974900,A2,2.210,-83.8,0.590,0.171
3975020,A3,2.930,-81.9,0.590,0.142
3975040,A1,0.700,-81.2,0.600,0.151
3975050,A2,2.240,-83.6,0.576,0.151
3975170,A3,2.920,-82.6,0.576,0.161
3975190,A1,0.680,-81.3,0.571,0.156
3975200,A2,2.220,-83.5,0.587,0.156
3975320,A3,2.920,-82.7,0.587,0.156
3975340,A1,0.680,-81.8,0.587,0.156
3975350,A2,2.190,-83.6,0.611,0.156
3975470,A3,2.910,-83.5,0.611,0.166
3975490,A1,0.630,-81.7,0.599,0.155
3975500,A2,2.230,-83.3,0.567,0.155
3975620,A3,2.930,-82.2,0.567,0.135
3975640,A1,0.720,-81.9,0.589,0.156
3975920,A3,2.920,-81.6,0.589,0.165
3975940,A1,0.730,-81.0,0.591,0.168
3975950,A2,2.220,-84.2,0.599,0.168
3976070,A3,2.930,-82.5,0.599,0.158
3976090,A1,0.720,-81.3,0.597,0.156
3976370,A3,2.950,-81.5,0.597,0.136
3976390,A1,0.720,-81.1,0.597,0.136
3976400,A2,2.210,-83.6,0.605,0.136
3976520,A3,2.950,-81.3,0.605,0.136
3976540,A1,0.730,-81.2,0.607,0.138
3976550,A2,2.230,-83.4,0.591,0.138
3976670,A3,2.940,-81.0,0.591,0.148
3976690,A1,0.670,-81.1,0.576,0.134
3976700,A2,2.240,-83.2,0.568,0.134
3976820,A3,2.970,-81.4,0.568,0.105
3976840,A1,0.730,-81.1,0.583,0.119
3976850,A2,2.230,-83.3,0.591,0.119
3976970,A3,2.940,-81.2,0.591,0.148
3976990,A1,0.670,-81.1,0.576,0.134
3977000,A2,2.210,-83.6,0.592,0.134
3977120,A3,2.940,-81.8,0.592,0.134
3977140,A1,0.700,-81.2,0.600,0.141
3977150,A2,2.230,-83.4,0.584,0.141
3977270,A3,2.950,-82.7,0.584,0.131
3977290,A1,0.710,-81.1,0.586,0.134
3977300,A2,2.210,-83.5,0.602,0.134
3977420,A3,2.940,-82.2,0.602,0.143
3977440,A1,0.740,-81.0,0.610,0.151
3977450,A2,2.210,-84.1,0.610,0.151
3977570,A3,2.950,-81.2,0.610,0.141
3977590,A1,0.730,-80.8,0.607,0.138
3977600,A2,2.180,-84.4,0.631,0.138
3977870,A3,2.920,-81.9,0.631,0.168
3977890,A1,0.740,-81.0,0.634,0.170
3977900,A2,2.210,-83.7,0.610,0.170
3978020,A3,2.930,-81.6,0.610,0.160
3978040,A1,0.720,-80.7,0.605,0.156
3978050,A2,2.220,-83.9,0.597,0.156
3978170,A3,2.950,-81.4,0.597,0.136
3978190,A1,0.720,-81.0,0.597,0.136
3978200,A2,2.200,-84.4,0.613,0.136
3978320,A3,2.940,-81.9,0.613,0.146
3978340,A1,0.700,-80.5,0.608,0.141
3978350,A2,2.220,-83.9,0.592,0.141
3978470,A3,2.940,-81.8,0.592,0.141
3978490,A1,0.700,-81.2,0.592,0.141
3978500,A2,2.240,-83.8,0.576,0.141
3978620,A3,2.950,-81.8,0.576,0.131
3978640,A1,0.710,-81.0,0.578,0.134
3978650,A2,2.210,-83.8,0.602,0.134
3978770,A3,2.950,-81.4,0.602,0.134
3978790,A1,0.690,-80.9,0.597,0.129
3978800,A2,2.210,-83.9,0.597,0.129
3978920,A3,2.930,-81.2,0.597,0.149
3978940,A1,0.720,-81.4,0.605,0.156
3978950,A2,2.230,-84.3,0.589,0.156
3979070,A3,2.930,-81.7,0.589,0.156
3979090,A1,0.720,-81.3,0.589,0.156
3979100,A2,2.210,-84.2,0.605,0.156
3979220,A3,2.940,-81.4,0.605,0.146
3979240,A1,0.680,-81.0,0.595,0.136
3979250,A2,2.190,-84.2,0.611,0.136
3979370,A3,2.930,-81.4,0.611,0.146
3979390,A1,0.720,-81.4,0.621,0.156
3979400,A2,2.220,-83.7,0.597,0.156
3979520,A3,2.960,-81.4,0.597,0.126
3979540,A1,0.750,-80.9,0.605,0.133
3979550,A2,2.200,-84.1,0.621,0.133
3979670,A3,2.900,-81.3,0.621,0.192
3979690,A1,0.720,-81.3,0.613,0.185
3979700,A2,2.220,-83.8,0.597,0.185
3979820,A3,2.940,-81.7,0.597,0.146
3979840,A1,0.680,-81.0,0.587,0.136
3979850,A2,2.230,-84.0,0.579,0.136
3979970,A3,2.930,-81.3,0.579,0.146
3980000,A2,2.210,-84.1,0.595,0.146
3980150,A2,2.220,-84.0,0.587,0.146
3980270,A3,2.930,-81.3,0.587,0.146
3980290,A1,0.750,-80.9,0.605,0.163
3980300,A2,2.210,-83.9,0.613,0.163
3980420,A3,2.950,-81.6,0.613,0.143
3980450,A2,2.220,-84.4,0.605,0.143
3980600,A2,2.230,-84.3,0.597,0.143
3980720,A3,2.970,-81.3,0.597,0.124
3980740,A1,0.710,-81.1,0.586,0.114
3980750,A2,2.190,-84.3,0.618,0.114
3981020,A3,2.940,-81.6,0.618,0.143
3981050,A2,2.180,-84.0,0.626,0.143
3981200,A2,2.210,-84.6,0.602,0.143
3981320,A3,2.950,-81.2,0.602,0.134
3981340,A1,0.720,-81.0,0.605,0.136
3981350,A2,2.220,-83.8,0.597,0.136
3981470,A3,2.940,-81.6,0.597,0.146
3981490,A1,0.710,-81.1,0.594,0.143
3981500,A2,2.190,-83.8,0.618,0.143
3981620,A3,2.950,-81.8,0.618,0.134
3981640,A1,0.720,-80.8,0.621,0.136
3981650,A2,2.220,-84.0,0.597,0.136
3981770,A3,2.960,-81.4,0.597,0.126
3981790,A1,0.720,-81.2,0.597,0.126
3981800,A2,2.210,-84.2,0.605,0.126
3982070,A3,2.930,-81.6,0.605,0.156
3982090,A1,0.710,-80.8,0.602,0.153
3982100,A2,2.210,-84.0,0.602,0.153
3982220,A3,2.950,-81.3,0.602,0.134
3982240,A1,0.730,-81.3,0.607,0.138
3982250,A2,2.210,-84.6,0.607,0.138
3982370,A3,2.950,-81.6,0.607,0.138
3982390,A1,0.700,-81.2,0.600,0.131
3982400,A2,2.210,-84.5,0.600,0.131
3982520,A3,2.950,-82.3,0.600,0.131
3982540,A1,0.680,-81.1,0.595,0.127
3982550,A2,2.210,-84.0,0.595,0.127
3982670,A3,2.900,-83.0,0.595,0.175
3982690,A1,0.720,-81.1,0.605,0.185
3982700,A2,2.240,-83.3,0.581,0.185
3982840,A1,0.720,-80.8,0.581,0.185
3982850,A2,2.240,-83.1,0.581,0.185
3982990,A1,0.720,-81.6,0.581,0.185
3983000,A2,2.220,-83.7,0.597,0.185
3983120,A3,2.940,-81.8,0.597,0.146
3983140,A1,0.710,-81.2,0.594,0.143
3983150,A2,2.230,-83.7,0.586,0.143
3983270,A3,2.910,-82.0,0.586,0.173
3983290,A1,0.700,-81.8,0.584,0.170
3983300,A2,2.200,-83.2,0.608,0.170
3983420,A3,2.920,-83.2,0.608,0.161
3983440,A1,0.710,-81.3,0.610,0.163
3983450,A2,2.210,-83.1,0.602,0.163
3983570,A3,2.900,-82.8,0.602,0.182
3983590,A1,0.680,-80.8,0.595,0.175
3983600,A2,2.210,-83.1,0.595,0.175
3983720,A3,2.950,-82.1,0.595,0.127
3983740,A1,0.740,-81.5,0.610,0.141
3983750,A2,2.250,-83.2,0.578,0.141
3983870,A3,2.930,-81.6,0.578,0.160
3983890,A1,0.720,-81.9,0.573,0.156
3983900,A2,2.230,-83.9,0.589,0.156
3984170,A3,2.930,-81.3,0.589,0.156
3984190,A1,0.680,-81.3,0.579,0.146
3984200,A2,2.190,-83.8,0.611,0.146
3984320,A3,2.930,-81.9,0.611,0.146
3984340,A1,0.680,-81.0,0.611,0.146
3984350,A2,2.230,-83.8,0.579,0.146
3984470,A3,2.920,-83.1,0.579,0.156
3984490,A1,0.720,-81.5,0.589,0.165
3984500,A2,2.220,-83.9,0.597,0.165
3984620,A3,2.950,-81.2,0.597,0.136
3984640,A1,0.700,-81.2,0.592,0.131
3984650,A2,2.210,-83.9,0.600,0.131
3984770,A3,2.910,-81.4,0.600,0.170
3984790,A1,0.700,-81.2,0.600,0.170
3984800,A2,2.210,-84.3,0.600,0.170
3984940,A1,0.740,-80.8,0.610,0.180
3984950,A2,2.230,-83.6,0.594,0.180
3985090,A1,0.700,-81.1,0.584,0.170
3985100,A2,2.210,-84.0,0.600,0.170
3985220,A3,2.930,-81.4,0.600,0.151
3985240,A1,0.710,-81.1,0.602,0.153
3985250,A2,2.230,-83.9,0.586,0.153
3985370,A3,2.930,-81.5,0.586,0.153
3985390,A1,0.700,-81.1,0.584,0.151
3985400,A2,2.220,-83.9,0.592,0.151
3985520,A3,2.940,-81.7,0.592,0.141
3985540,A1,0.660,-81.8,0.582,0.132
3985550,A2,2.210,-84.7,0.590,0.132
3985670,A3,2.930,-82.1,0.590,0.142
3985690,A1,0.690,-81.6,0.597,0.149
3985700,A2,2.230,-84.1,0.581,0.149
3985820,A3,2.930,-82.1,0.581,0.149
3985840,A1,0.670,-82.0,0.576,0.144
3985850,A2,2.200,-84.2,0.600,0.144
3985970,A3,2.920,-82.2,0.600,0.154
3985990,A1,0.680,-81.6,0.603,0.156
3986000,A2,2.240,-84.1,0.571,0.156
3986120,A3,2.910,-81.7,0.571,0.166
3986140,A1,0.710,-81.3,0.578,0.173
3986150,A2,2.220,-84.5,0.594,0.173
3986270,A3,2.950,-82.4,0.594,0.134
3986290,A1,0.680,-80.8,0.587,0.127
3986300,A2,2.190,-84.3,0.611,0.127
3986420,A3,2.940,-83.3,0.611,0.136
3986440,A1,0.730,-81.4,0.623,0.148
3986450,A2,2.210,-84.4,0.607,0.148
3986570,A3,2.910,-81.3,0.607,0.177
3986590,A1,0.690,-81.1,0.597,0.168
3986600,A2,2.230,-83.8,0.581,0.168
3986720,A3,2.930,-82.0,0.581,0.149
3986740,A1,0.700,-81.2,0.584,0.151
3986750,A2,2.240,-83.8,0.576,0.151
3986870,A3,2.930,-82.3,0.576,0.151
3986890,A1,0.660,-81.5,0.566,0.142
3986900,A2,2.240,-83.4,0.566,0.142
3987020,A3,2.920,-82.9,0.566,0.152
3987040,A1,0.680,-81.8,0.571,0.156
3987050,A2,2.260,-83.9,0.555,0.156
3987320,A3,2.930,-82.0,0.555,0.146
3987340,A1,0.660,-81.7,0.550,0.142
3987350,A2,2.220,-83.8,0.582,0.142
3987470,A3,2.920,-82.7,0.582,0.152
3987490,A1,0.640,-81.5,0.577,0.147
3987500,A2,2.220,-84.1,0.577,0.147
3987620,A3,2.940,-82.1,0.577,0.128
3987640,A1,0.700,-81.8,0.592,0.141
3987650,A2,2.220,-83.9,0.592,0.141
3987770,A3,2.940,-81.7,0.592,0.141
3987790,A1,0.690,-81.3,0.589,0.139
3987800,A2,2.210,-83.8,0.597,0.139
3987920,A3,2.950,-82.0,0.597,0.129
3987940,A1,0.710,-81.1,0.602,0.134
3987950,A2,2.200,-84.0,0.610,0.134
3988070,A3,2.900,-82.1,0.610,0.182
3988090,A1,0.720,-80.6,0.613,0.185
3988100,A2,2.220,-84.0,0.597,0.185
3988220,A3,2.960,-81.2,0.597,0.126
3988240,A1,0.680,-81.0,0.587,0.117
3988250,A2,2.210,-84.5,0.595,0.117
3988370,A3,2.940,-82.2,0.595,0.136
3988390,A1,0.680,-81.2,0.595,0.136
3988400,A2,2.210,-84.2,0.595,0.136
3988520,A3,2.940,-81.6,0.595,0.136
3988540,A1,0.690,-81.5,0.597,0.139
3988550,A2,2.210,-84.2,0.597,0.139
3988670,A3,2.920,-82.0,0.597,0.158
3988690,A1,0.710,-81.6,0.602,0.163
3988700,A2,2.220,-84.0,0.594,0.163
3988820,A3,2.930,-82.2,0.594,0.153
3988840,A1,0.710,-81.6,0.594,0.153
3988850,A2,2.170,-84.5,0.634,0.153
3988970,A3,2.920,-81.8,0.634,0.163
3988990,A1,0.720,-81.6,0.636,0.165
3989000,A2,2.200,-84.6,0.613,0.165
3989120,A3,2.930,-81.5,0.613,0.156
3989140,A1,0.730,-81.3,0.615,0.158
3989150,A2,2.210,-84.5,0.607,0.158
3989270,A3,2.940,-81.7,0.607,0.148
3989290,A1,0.700,-81.8,0.600,0.141
3989300,A2,2.250,-84.3,0.568,0.141
3989420,A3,2.950,-82.1,0.568,0.131
3989440,A1,0.740,-81.7,0.578,0.141
3989450,A2,2.250,-84.1,0.578,0.141
3989570,A3,2.920,-82.0,0.578,0.170
3989590,A1,0.670,-82.2,0.560,0.154
3989600,A2,2.240,-84.3,0.568,0.154
3989720,A3,2.930,-81.8,0.568,0.144
3989740,A1,0.690,-81.9,0.573,0.149
3989750,A2,2.230,-84.4,0.581,0.149
3989870,A3,2.950,-81.5,0.581,0.129
3989890,A1,0.690,-81.3,0.581,0.129
3989900,A2,2.180,-84.9,0.621,0.129
3990020,A3,2.940,-81.8,0.621,0.139
3990040,A1,0.720,-80.9,0.628,0.146
3990050,A2,2.190,-83.7,0.621,0.146
3990170,A3,2.920,-82.3,0.621,0.165
3990190,A1,0.700,-81.4,0.616,0.161
3990200,A2,2.250,-83.7,0.568,0.161
3990470,A3,2.900,-83.1,0.568,0.180
3990490,A1,0.710,-81.3,0.570,0.182
3990500,A2,2.240,-83.7,0.578,0.182
3990620,A3,2.940,-82.4,0.578,0.143
3990640,A1,0.700,-81.2,0.576,0.141
3990650,A2,2.210,-83.8,0.600,0.141
3990770,A3,2.920,-81.9,0.600,0.161
3990790,A1,0.720,-81.0,0.605,0.165
3990800,A2,2.220,-83.5,0.597,0.165
3990920,A3,2.950,-82.2,0.597,0.136
3990940,A1,0.700,-81.4,0.592,0.131
3990950,A2,2.220,-84.1,0.592,0.131
3991070,A3,2.930,-83.0,0.592,0.151
3991090,A1,0.710,-81.3,0.594,0.153
3991100,A2,2.240,-83.7,0.578,0.153
3991370,A3,2.910,-82.4,0.578,0.173
3991390,A1,0.680,-81.4,0.571,0.166
3991400,A2,2.230,-83.9,0.579,0.166
3991520,A3,2.920,-81.9,0.579,0.156
3991540,A1,0.720,-81.5,0.589,0.165
3991550,A2,2.200,-83.6,0.613,0.165
3991670,A3,2.940,-82.2,0.613,0.146
3991690,A1,0.700,-81.7,0.608,0.141
3991700,A2,2.220,-83.8,0.592,0.141
3991820,A3,2.930,-82.5,0.592,0.151
3991840,A1,0.690,-81.2,0.589,0.149
3991850,A2,2.220,-83.9,0.589,0.149
3991970,A3,2.940,-82.8,0.589,0.139
3991990,A1,0.710,-81.5,0.594,0.143
3992000,A2,2.230,-83.8,0.586,0.143
3992120,A3,2.930,-82.1,0.586,0.153
3992140,A1,0.740,-81.4,0.594,0.160
3992150,A2,2.240,-83.9,0.586,0.160
3992270,A3,2.950,-82.1,0.586,0.141
3992290,A1,0.670,-81.3,0.568,0.124
3992300,A2,2.230,-83.6,0.576,0.124
3992420,A3,2.940,-81.4,0.576,0.134
3992440,A1,0.690,-81.1,0.581,0.139
3992450,A2,2.240,-84.3,0.573,0.139
3992570,A3,2.950,-81.4,0.573,0.129
3992590,A1,0.730,-80.9,0.583,0.138
3992600,A2,2.220,-84.1,0.599,0.138
3992720,A3,2.910,-82.0,0.599,0.177
3992740,A1,0.680,-80.9,0.587,0.166
3992750,A2,2.200,-84.4,0.603,0.166
3992870,A3,2.930,-81.8,0.603,0.146
3992890,A1,0.730,-81.1,0.615,0.158
3992900,A2,2.220,-83.7,0.599,0.158
3993020,A3,2.940,-81.0,0.599,0.148
3993040,A1,0.680,-81.2,0.587,0.136
3993050,A2,2.250,-83.8,0.563,0.136
3993170,A3,2.930,-81.7,0.563,0.146
3993190,A1,0.740,-81.6,0.578,0.160
3993200,A2,2.200,-83.4,0.618,0.160
3993320,A3,2.930,-81.9,0.618,0.160
3993340,A1,0.710,-81.1,0.610,0.153
3993350,A2,2.200,-84.1,0.610,0.153
3993620,A3,2.940,-81.6,0.610,0.143
3993640,A1,0.710,-81.6,0.610,0.143
3993650,A2,2.260,-83.5,0.562,0.143
3993770,A3,2.940,-81.9,0.562,0.143
3993790,A1,0.710,-81.4,0.562,0.143
3993800,A2,2.220,-83.6,0.594,0.143
3993920,A3,2.940,-81.4,0.594,0.143
3993940,A1,0.710,-81.3,0.594,0.143
3993950,A2,2.210,-83.9,0.602,0.143
3994070,A3,2.970,-81.9,0.602,0.114
3994090,A1,0.680,-81.4,0.595,0.107
3994100,A2,2.230,-83.7,0.579,0.107
3994220,A3,2.930,-81.7,0.579,0.146
3994240,A1,0.690,-80.7,0.581,0.149
3994250,A2,2.210,-83.5,0.597,0.149
3994370,A3,2.950,-81.9,0.597,0.129
3994390,A1,0.710,-81.2,0.602,0.134
3994400,A2,2.210,-84.3,0.602,0.134
3994520,A3,2.940,-81.3,0.602,0.143
3994540,A1,0.700,-80.8,0.600,0.141
3994550,A2,2.250,-84.0,0.568,0.141
3994670,A3,2.950,-81.6,0.568,0.131
3994690,A1,0.720,-81.5,0.573,0.136
3994700,A2,2.240,-84.0,0.581,0.136
3994820,A3,2.930,-81.6,0.581,0.156
3994840,A1,0.710,-80.9,0.578,0.153
3994850,A2,2.210,-83.8,0.602,0.153
3994970,A3,2.960,-81.5,0.602,0.124
3994990,A1,0.720,-81.1,0.605,0.126
3995000,A2,2.230,-83.7,0.589,0.126
3995120,A3,2.900,-81.7,0.589,0.185
3995140,A1,0.690,-81.3,0.581,0.178
3995150,A2,2.220,-83.8,0.589,0.178
3995270,A3,2.930,-81.6,0.589,0.149
3995290,A1,0.740,-81.2,0.602,0.160
3995300,A2,2.230,-83.9,0.594,0.160
3995420,A3,2.930,-81.5,0.594,0.160
3995440,A1,0.670,-81.3,0.576,0.144
3995720,A3,2.920,-81.6,0.576,0.154
3995740,A1,0.700,-81.2,0.584,0.161
3995750,A2,2.250,-83.9,0.568,0.161
3995870,A3,2.930,-81.5,0.568,0.151
3995890,A1,0.690,-81.3,0.565,0.149
3995900,A2,2.220,-84.1,0.589,0.149
3996020,A3,2.910,-81.5,0.589,0.168
3996040,A1,0.710,-81.0,0.594,0.173
3996050,A2,2.210,-84.2,0.602,0.173
3996170,A3,2.930,-81.9,0.602,0.153
3996190,A1,0.720,-81.2,0.605,0.156
3996200,A2,2.240,-84.2,0.581,0.156
3996320,A3,2.940,-81.4,0.581,0.146
3996340,A1,0.730,-81.1,0.583,0.148
3996350,A2,2.220,-84.4,0.599,0.148
3996470,A3,2.950,-81.6,0.599,0.138
3996490,A1,0.690,-81.4,0.589,0.129
3996500,A2,2.240,-84.1,0.573,0.129
3996770,A3,2.930,-81.5,0.573,0.149
3996790,A1,0.700,-81.2,0.576,0.151
3996800,A2,2.200,-83.7,0.608,0.151
3996920,A3,2.930,-81.5,0.608,0.151
3996940,A1,0.720,-80.9,0.613,0.156
3996950,A2,2.210,-84.6,0.605,0.156
3997070,A3,2.920,-82.3,0.605,0.165
3997090,A1,0.720,-80.8,0.605,0.165
3997100,A2,2.200,-83.8,0.613,0.165
3997220,A3,2.940,-81.3,0.613,0.146
3997240,A1,0.700,-81.3,0.608,0.141
3997250,A2,2.220,-84.1,0.592,0.141
3997370,A3,2.930,-81.6,0.592,0.151
3997390,A1,0.700,-80.8,0.592,0.151
3997400,A2,2.230,-83.7,0.584,0.151
3997520,A3,2.950,-81.6,0.584,0.131
3997540,A1,0.720,-81.3,0.589,0.136
3997550,A2,2.210,-84.1,0.605,0.136
3997670,A3,2.910,-81.6,0.605,0.175
3997690,A1,0.700,-81.2,0.600,0.170
3997700,A2,2.220,-84.0,0.592,0.170
3997820,A3,2.920,-81.7,0.592,0.161
3997840,A1,0.700,-81.0,0.592,0.161
3997850,A2,2.220,-84.2,0.592,0.161
3997970,A3,2.920,-81.3,0.592,0.161
3997990,A1,0.700,-81.6,0.592,0.161
3998000,A2,2.230,-84.2,0.584,0.161
3998140,A1,0.680,-81.4,0.579,0.156
3998150,A2,2.200,-84.6,0.603,0.156
3998290,A1,0.720,-81.2,0.613,0.165
3998570,A3,2.970,-81.7,0.613,0.116
3998590,A1,0.700,-81.0,0.608,0.112
3998600,A2,2.210,-84.6,0.600,0.112
3998720,A3,2.940,-81.8,0.600,0.141
3998740,A1,0.700,-80.8,0.600,0.141
3998750,A2,2.210,-83.9,0.600,0.141
3998870,A3,2.950,-81.7,0.600,0.131
3998890,A1,0.690,-81.0,0.597,0.129
3998900,A2,2.220,-84.2,0.589,0.129
3999020,A3,2.940,-81.6,0.589,0.139
3999040,A1,0.720,-81.1,0.597,0.146
3999050,A2,2.210,-83.9,0.605,0.146
3999170,A3,2.930,-81.5,0.605,0.156
3999190,A1,0.720,-81.2,0.605,0.156
3999200,A2,2.210,-83.9,0.605,0.156
3999320,A3,2.910,-81.5,0.605,0.175
3999340,A1,0.720,-81.0,0.605,0.175
3999350,A2,2.220,-84.0,0.597,0.175
3999470,A3,2.950,-81.5,0.597,0.136
3999490,A1,0.710,-81.2,0.594,0.134
3999500,A2,2.210,-84.4,0.602,0.134
3999620,A3,2.950,-81.3,0.602,0.134
3999640,A1,0.670,-81.4,0.592,0.124
3999650,A2,2.210,-84.2,0.592,0.124
3999920,A3,2.890,-81.3,0.592,0.183
3999940,A1,0.730,-81.0,0.607,0.197
3999950,A2,2.220,-84.3,0.599,0.197
4000070,A3,2.920,-81.4,0.599,0.168
4000090,A1,0.690,-80.9,0.589,0.158
4000100,A2,2.210,-83.9,0.597,0.158
4000220,A3,2.900,-81.3,0.597,0.178
4000240,A1,0.700,-81.0,0.600,0.180
4000250,A2,2.230,-84.1,0.584,0.180
4000390,A1,0.680,-80.9,0.579,0.175
4000400,A2,2.230,-83.9,0.579,0.175
4000540,A1,0.710,-80.9,0.586,0.182
4000820,A3,2.930,-81.3,0.586,0.153
4000840,A1,0.700,-81.2,0.584,0.151
4000850,A2,2.200,-83.7,0.608,0.151
4000970,A3,2.960,-81.6,0.608,0.121
4000990,A1,0.720,-81.1,0.613,0.126
4001000,A2,2.200,-83.8,0.613,0.126
4001120,A3,2.910,-81.8,0.613,0.175
4001140,A1,0.720,-81.4,0.613,0.175
4001150,A2,2.200,-84.5,0.613,0.175
4001270,A3,2.950,-81.3,0.613,0.136
4001290,A1,0.700,-81.2,0.608,0.131
4001300,A2,2.210,-84.6,0.600,0.131
4001420,A3,2.910,-81.6,0.600,0.170
4001440,A1,0.690,-81.2,0.597,0.168
4001450,A2,2.220,-84.6,0.589,0.168
4001570,A3,2.950,-81.7,0.589,0.129
4001590,A1,0.710,-80.9,0.594,0.134
4001600,A2,2.220,-83.8,0.594,0.134
4001720,A3,2.960,-81.3,0.594,0.124
4001740,A1,0.710,-81.0,0.594,0.124
4001750,A2,2.210,-84.6,0.602,0.124
4001870,A3,2.940,-81.6,0.602,0.143
4001890,A1,0.720,-81.3,0.605,0.146
4001900,A2,2.220,-84.1,0.597,0.146
4002020,A3,2.950,-81.5,0.597,0.136
4002040,A1,0.710,-81.4,0.594,0.134
4002050,A2,2.230,-84.2,0.586,0.134
4002170,A3,2.950,-81.4,0.586,0.134
4002190,A1,0.720,-81.5,0.589,0.136
4002200,A2,2.210,-84.6,0.605,0.136
4002320,A3,2.930,-81.3,0.605,0.156
4002340,A1,0.680,-81.4,0.595,0.146
4002350,A2,2.220,-84.0,0.587,0.146
4002470,A3,2.970,-81.5,0.587,0.107
4002490,A1,0.680,-81.1,0.587,0.107
4002500,A2,2.210,-84.2,0.595,0.107
4002620,A3,2.930,-81.3,0.595,0.146
4002640,A1,0.710,-81.0,0.602,0.153
4002650,A2,2.190,-84.1,0.618,0.153
4002770,A3,2.940,-81.7,0.618,0.143
4002790,A1,0.730,-81.4,0.623,0.148
4002800,A2,2.230,-84.0,0.591,0.148
4003070,A3,2.910,-81.8,0.591,0.177
4003090,A1,0.720,-81.4,0.589,0.175
4003100,A2,2.180,-83.9,0.628,0.175
4003220,A3,2.910,-81.7,0.628,0.175
4003240,A1,0.720,-80.8,0.628,0.175
4003250,A2,2.230,-83.7,0.589,0.175
4003370,A3,2.930,-81.6,0.589,0.156
4003390,A1,0.720,-81.2,0.589,0.156
4003400,A2,2.220,-83.9,0.597,0.156
4003520,A3,2.910,-82.0,0.597,0.175
4003540,A1,0.690,-81.2,0.589,0.168
4003840,A1,0.750,-81.1,0.605,0.182
4003850,A2,2.200,-83.7,0.621,0.182
4003970,A3,2.940,-81.5,0.621,0.153
4003990,A1,0.690,-81.4,0.605,0.139
4004000,A2,2.190,-84.0,0.613,0.139
4004120,A3,2.930,-81.8,0.613,0.149
4004140,A1,0.710,-81.2,0.618,0.153
4004150,A2,2.200,-84.1,0.610,0.153
4004270,A3,2.930,-81.6,0.610,0.153
4004290,A1,0.720,-80.9,0.613,0.156
4004300,A2,2.220,-84.2,0.597,0.156
4004420,A3,2.930,-81.5,0.597,0.156
4004440,A1,0.680,-80.9,0.587,0.146
4004450,A2,2.230,-84.3,0.579,0.146
4004570,A3,2.920,-81.7,0.579,0.156
4004590,A1,0.680,-80.9,0.579,0.156
4004600,A2,2.220,-84.3,0.587,0.156
4004720,A3,2.930,-81.7,0.587,0.146
4004740,A1,0.740,-81.1,0.602,0.160
4004750,A2,2.210,-84.3,0.610,0.160
4004870,A3,2.950,-81.6,0.610,0.141
4004890,A1,0.710,-81.0,0.602,0.134
4004900,A2,2.210,-84.4,0.602,0.134
4005020,A3,2.950,-81.4,0.602,0.134
4005040,A1,0.700,-81.0,0.600,0.131
4005320,A3,2.960,-81.5,0.600,0.121
4005340,A1,0.720,-80.8,0.605,0.126
4005350,A2,2.210,-83.6,0.605,0.126
4005470,A3,2.940,-81.3,0.605,0.146
4005490,A1,0.700,-81.2,0.600,0.141
4005500,A2,2.210,-83.7,0.600,0.141
4005620,A3,2.930,-81.5,0.600,0.151
4005640,A1,0.700,-81.0,0.600,0.151
4005650,A2,2.250,-84.6,0.568,0.151
4005770,A3,2.940,-81.4,0.568,0.141
4005790,A1,0.690,-80.9,0.565,0.139
4005800,A2,2.210,-84.1,0.597,0.139
4005920,A3,2.910,-81.2,0.597,0.168
4005940,A1,0.700,-80.8,0.600,0.170
4005950,A2,2.220,-84.3,0.592,0.170
4006220,A3,2.950,-81.4,0.592,0.131
4006240,A1,0.690,-81.1,0.589,0.129
4006250,A2,2.200,-84.1,0.605,0.129
4006370,A3,2.930,-81.5,0.605,0.149
4006390,A1,0.700,-81.1,0.608,0.151
4006400,A2,2.240,-84.1,0.576,0.151
4006520,A3,2.960,-81.6,0.576,0.121
4006540,A1,0.710,-81.1,0.578,0.124
4006550,A2,2.210,-84.4,0.602,0.124
4006670,A3,2.930,-81.6,0.602,0.153
4006690,A1,0.710,-81.3,0.602,0.153
4006700,A2,2.190,-84.1,0.618,0.153
4006820,A3,2.920,-81.7,0.618,0.163
4006840,A1,0.710,-81.5,0.618,0.163
4006850,A2,2.230,-84.5,0.586,0.163
4006970,A3,2.900,-81.7,0.586,0.182
4006990,A1,0.700,-80.9,0.584,0.180
4007000,A2,2.200,-83.7,0.608,0.180
4007120,A3,2.930,-81.6,0.608,0.151
4007140,A1,0.690,-81.1,0.605,0.149
4007150,A2,2.240,-83.9,0.573,0.149
4007270,A3,2.920,-81.7,0.573,0.158
4007290,A1,0.710,-81.3,0.578,0.163
4007300,A2,2.240,-83.9,0.578,0.163
4007420,A3,2.930,-81.4,0.578,0.153
4007440,A1,0.710,-81.4,0.578,0.153
4007450,A2,2.210,-84.8,0.602,0.153
4007570,A3,2.940,-81.4,0.602,0.143
4007590,A1,0.680,-80.9,0.595,0.136
4007600,A2,2.230,-84.4,0.579,0.136
4007720,A3,2.930,-81.5,0.579,0.146
4007740,A1,0.710,-81.3,0.586,0.153
4007750,A2,2.210,-83.8,0.602,0.153
4007870,A3,2.950,-81.5,0.602,0.134
4007890,A1,0.730,-81.1,0.607,0.138
4007900,A2,2.210,-83.9,0.607,0.138
4008020,A3,2.950,-81.6,0.607,0.138
4008040,A1,0.720,-81.0,0.605,0.136
4008050,A2,2.230,-84.3,0.589,0.136
4008170,A3,2.940,-81.3,0.589,0.146
4008190,A1,0.720,-81.2,0.589,0.146
4008200,A2,2.220,-83.9,0.597,0.146
4008320,A3,2.930,-81.4,0.597,0.156
4008340,A1,0.690,-81.1,0.589,0.149
4008350,A2,2.210,-84.0,0.597,0.149
4008470,A3,2.930,-81.5,0.597,0.149
4008490,A1,0.700,-81.5,0.600,0.151
4008500,A2,2.220,-84.0,0.592,0.151
4008620,A3,2.930,-81.3,0.592,0.151
4008640,A1,0.700,-80.8,0.592,0.151
4008650,A2,2.210,-84.3,0.600,0.151
4008770,A3,2.920,-81.5,0.600,0.161
4008790,A1,0.710,-80.9,0.602,0.163
4008800,A2,2.210,-84.4,0.602,0.163
4008920,A3,2.910,-81.4,0.602,0.173
4008940,A1,0.710,-80.9,0.602,0.173
4008950,A2,2.210,-84.2,0.602,0.173
4009070,A3,2.920,-81.7,0.602,0.163
4009090,A1,0.700,-81.1,0.600,0.161
4009100,A2,2.210,-84.1,0.600,0.161
4009370,A3,2.910,-81.5,0.600,0.170
4009390,A1,0.710,-81.4,0.602,0.173
4009400,A2,2.210,-84.3,0.602,0.173
4009520,A3,2.960,-81.2,0.602,0.124
4009540,A1,0.710,-81.1,0.602,0.124
4009550,A2,2.220,-84.5,0.594,0.124
4009670,A3,2.940,-81.7,0.594,0.143
4009690,A1,0.700,-81.1,0.592,0.141
4009700,A2,2.210,-84.1,0.600,0.141
4009820,A3,2.930,-81.6,0.600,0.151
4009840,A1,0.700,-81.0,0.600,0.151
4009850,A2,2.210,-84.5,0.600,0.151
4009970,A3,2.960,-81.6,0.600,0.121
4009990,A1,0.710,-81.3,0.602,0.124
4010000,A2,2.220,-84.2,0.594,0.124
4010120,A3,2.930,-81.6,0.594,0.153
4010140,A1,0.690,-80.9,0.589,0.149
4010150,A2,2.220,-83.8,0.589,0.149
4010270,A3,2.930,-81.4,0.589,0.149
4010290,A1,0.700,-80.9,0.592,0.151
4010300,A2,2.220,-84.3,0.592,0.151
4010420,A3,2.940,-81.3,0.592,0.141
4010440,A1,0.680,-81.2,0.587,0.136
4010450,A2,2.230,-84.3,0.579,0.136
4010570,A3,2.940,-81.6,0.579,0.136
4010590,A1,0.720,-81.1,0.589,0.146
4010600,A2,2.220,-83.7,0.597,0.146
4010720,A3,2.910,-81.4,0.597,0.175
4010740,A1,0.690,-81.0,0.589,0.168
4010750,A2,2.220,-83.9,0.589,0.168
4010870,A3,2.910,-81.2,0.589,0.168
4010890,A1,0.710,-80.9,0.594,0.173
4010900,A2,2.220,-83.7,0.594,0.173
4011020,A3,2.920,-81.4,0.594,0.163
4011040,A1,0.700,-81.2,0.592,0.161
4011050,A2,2.210,-84.8,0.600,0.161
4011170,A3,2.940,-81.6,0.600,0.141
4011190,A1,0.700,-81.4,0.600,0.141
4011200,A2,2.220,-84.0,0.592,0.141
4011320,A3,2.960,-81.7,0.592,0.121
4011340,A1,0.710,-80.9,0.594,0.124
4011350,A2,2.220,-84.3,0.594,0.124
4011470,A3,2.930,-81.2,0.594,0.153
4011490,A1,0.710,-81.1,0.594,0.153
4011500,A2,2.220,-84.2,0.594,0.153
4011620,A3,2.950,-81.5,0.594,0.134
4011640,A1,0.720,-81.2,0.597,0.136
4011650,A2,2.220,-84.3,0.597,0.136
4011770,A3,2.950,-81.5,0.597,0.136
4011790,A1,0.690,-81.2,0.589,0.129
4011800,A2,2.220,-83.9,0.589,0.129
4011920,A3,2.920,-81.7,0.589,0.158
4011940,A1,0.700,-81.3,0.592,0.161
4011950,A2,2.200,-83.7,0.608,0.161
4012070,A3,2.950,-81.8,0.608,0.131
4012090,A1,0.700,-81.5,0.608,0.131
4012100,A2,2.210,-84.3,0.600,0.131
4012220,A3,2.930,-81.7,0.600,0.151
4012240,A1,0.700,-81.2,0.600,0.151
4012250,A2,2.200,-84.4,0.608,0.151
4012520,A3,2.920,-81.2,0.608,0.161
4012540,A1,0.700,-81.1,0.608,0.161
4012550,A2,2.180,-84.1,0.623,0.161
4012670,A3,2.930,-81.3,0.623,0.151
4012690,A1,0.730,-81.4,0.631,0.158
4012700,A2,2.220,-84.4,0.599,0.158
4012820,A3,2.920,-81.4,0.599,0.168
4012840,A1,0.710,-81.4,0.594,0.163
4012850,A2,2.210,-84.0,0.602,0.163
4012970,A3,2.950,-81.7,0.602,0.134
4012990,A1,0.730,-81.5,0.607,0.138
4013000,A2,2.220,-84.4,0.599,0.138
4013120,A3,2.930,-81.6,0.599,0.158
4013140,A1,0.710,-81.2,0.594,0.153
4013150,A2,2.230,-84.3,0.586,0.153
4013270,A3,2.920,-81.5,0.586,0.163
4013290,A1,0.690,-81.2,0.581,0.158
4013300,A2,2.200,-84.2,0.605,0.158
4013420,A3,2.930,-81.9,0.605,0.149
4013440,A1,0.720,-81.6,0.613,0.156
4013450,A2,2.240,-84.1,0.581,0.156
4013570,A3,2.960,-81.5,0.581,0.126
4013590,A1,0.720,-81.0,0.581,0.126
4013600,A2,2.220,-84.3,0.597,0.126
4013720,A3,2.930,-81.8,0.597,0.156
4013740,A1,0.700,-81.3,0.592,0.151
4013750,A2,2.210,-84.2,0.600,0.151
4013870,A3,2.930,-81.2,0.600,0.151
4013890,A1,0.710,-81.5,0.602,0.153
4013900,A2,2.210,-84.2,0.602,0.153
4014020,A3,2.930,-81.3,0.602,0.153
4014040,A1,0.690,-81.5,0.597,0.149
4014050,A2,2.200,-83.9,0.605,0.149
4014170,A3,2.960,-83.8,0.605,0.119
4014190,A1,0.710,-81.9,0.610,0.124
4014200,A2,2.230,-84.2,0.586,0.124
4014320,A3,2.930,-81.5,0.586,0.153
4014340,A1,0.690,-81.5,0.581,0.149
4014350,A2,2.220,-84.0,0.589,0.149
4014470,A3,2.930,-81.7,0.589,0.149
4014490,A1,0.680,-81.1,0.587,0.146
4014500,A2,2.210,-84.4,0.595,0.146
4014620,A3,2.920,-81.6,0.595,0.156
4014640,A1,0.700,-80.8,0.600,0.161
4015070,A3,2.960,-81.3,0.600,0.121
4015090,A1,0.710,-81.0,0.602,0.124
4015100,A2,2.210,-84.6,0.602,0.124
4015220,A3,2.890,-81.7,0.602,0.192
4015240,A1,0.710,-81.4,0.602,0.192
4015250,A2,2.190,-84.7,0.618,0.192
4015370,A3,2.970,-81.8,0.618,0.114
4015390,A1,0.680,-80.8,0.611,0.107
4015400,A2,2.250,-83.8,0.563,0.107
4015670,A3,2.930,-81.3,0.563,0.146
4015690,A1,0.710,-81.0,0.570,0.153
4015700,A2,2.210,-84.1,0.602,0.153
4015820,A3,2.920,-81.6,0.602,0.163
4015840,A1,0.700,-81.2,0.600,0.161
4015850,A2,2.210,-84.3,0.600,0.161
4015970,A3,2.910,-81.7,0.600,0.170
4015990,A1,0.690,-81.0,0.597,0.168
4016000,A2,2.220,-84.5,0.589,0.168
4016120,A3,2.950,-81.6,0.589,0.129
4016140,A1,0.710,-81.5,0.594,0.134
4016150,A2,2.220,-84.3,0.594,0.134
4016270,A3,2.940,-81.8,0.594,0.143
4016290,A1,0.690,-81.2,0.589,0.139
4016300,A2,2.240,-84.5,0.573,0.139
4016420,A3,2.930,-81.6,0.573,0.149
4016440,A1,0.720,-81.5,0.581,0.156
4016450,A2,2.210,-83.9,0.605,0.156
4016570,A3,2.940,-81.8,0.605,0.146
4016590,A1,0.730,-81.2,0.607,0.148
4016600,A2,2.220,-84.0,0.599,0.148
4016720,A3,2.940,-81.4,0.599,0.148
4016740,A1,0.710,-81.6,0.594,0.143
4016750,A2,2.230,-84.4,0.586,0.143
4016870,A3,2.900,-81.5,0.586,0.182
4016890,A1,0.740,-81.0,0.594,0.190
4016900,A2,2.210,-84.2,0.610,0.190
4017020,A3,2.910,-81.4,0.610,0.180
4017040,A1,0.700,-81.0,0.600,0.170
4017050,A2,2.210,-84.2,0.600,0.170
4017170,A3,2.910,-81.6,0.600,0.170
4017190,A1,0.690,-81.1,0.597,0.168
4017200,A2,2.230,-84.5,0.581,0.168
4017320,A3,2.980,-81.6,0.581,0.099
4017340,A1,0.710,-80.7,0.586,0.104
4017350,A2,2.220,-84.3,0.594,0.104
4017470,A3,2.920,-81.6,0.594,0.163
4017490,A1,0.720,-81.2,0.597,0.165
4017500,A2,2.210,-84.2,0.605,0.165
4017620,A3,2.910,-81.3,0.605,0.175
4017640,A1,0.700,-80.9,0.600,0.170
4017650,A2,2.210,-84.1,0.600,0.170
4017770,A3,2.910,-81.6,0.600,0.170
4017790,A1,0.700,-81.1,0.600,0.170
4017800,A2,2.220,-83.8,0.592,0.170
4017920,A3,2.940,-81.8,0.592,0.141
4017940,A1,0.690,-80.9,0.589,0.139
4017950,A2,2.210,-84.0,0.597,0.139
4018070,A3,2.940,-82.0,0.597,0.139
4018090,A1,0.700,-80.9,0.600,0.141
4018100,A2,2.210,-83.7,0.600,0.141
4018220,A3,2.930,-81.6,0.600,0.151
4018240,A1,0.710,-81.3,0.602,0.153
4018250,A2,2.210,-84.4,0.602,0.153
4018370,A3,2.930,-81.9,0.602,0.153
4018390,A1,0.730,-81.1,0.607,0.158
4018400,A2,2.210,-84.2,0.607,0.158
4018520,A3,2.970,-81.6,0.607,0.119
4018540,A1,0.690,-81.1,0.597,0.109
4018550,A2,2.200,-84.0,0.605,0.109
4018820,A3,2.940,-81.3,0.605,0.139
4018840,A1,0.730,-81.2,0.615,0.148
4018850,A2,2.230,-84.1,0.591,0.148
4018970,A3,2.950,-81.5,0.591,0.138
4018990,A1,0.690,-80.8,0.581,0.129
4019000,A2,2.210,-84.2,0.597,0.129
4019120,A3,2.940,-81.5,0.597,0.139
4019140,A1,0.720,-81.2,0.605,0.146
4019150,A2,2.190,-84.2,0.621,0.146
4019270,A3,2.920,-81.6,0.621,0.165
4019290,A1,0.720,-81.1,0.621,0.165
4019300,A2,2.210,-84.3,0.605,0.165
4019420,A3,2.940,-81.9,0.605,0.146
4019440,A1,0.720,-81.4,0.605,0.146
4019450,A2,2.220,-84.0,0.597,0.146
4019570,A3,2.940,-81.5,0.597,0.146
4019590,A1,0.690,-81.2,0.589,0.139
4019600,A2,2.220,-84.2,0.589,0.139
4019720,A3,2.900,-81.5,0.589,0.178
4019740,A1,0.730,-81.0,0.599,0.187
4019750,A2,2.230,-84.6,0.591,0.187
4019870,A3,2.920,-81.2,0.591,0.168
4019890,A1,0.730,-81.2,0.591,0.168
4019900,A2,2.210,-84.8,0.607,0.168
4020020,A3,2.930,-81.8,0.607,0.158
4020040,A1,0.700,-81.2,0.600,0.151
4020050,A2,2.210,-84.0,0.600,0.151
4020170,A3,2.950,-81.3,0.600,0.131
4020190,A1,0.710,-81.0,0.602,0.134
4020200,A2,2.230,-84.1,0.586,0.134
4020320,A3,2.940,-81.7,0.586,0.143
4020340,A1,0.700,-81.1,0.584,0.141
4020350,A2,2.210,-83.9,0.600,0.141
4020470,A3,2.940,-81.5,0.600,0.141
4020490,A1,0.720,-81.1,0.605,0.146
4020500,A2,2.220,-84.3,0.597,0.146
4020620,A3,2.910,-81.5,0.597,0.175
4020640,A1,0.690,-81.3,0.589,0.168
4020650,A2,2.230,-84.2,0.581,0.168
4020770,A3,2.930,-81.5,0.581,0.149
4020790,A1,0.700,-81.1,0.584,0.151
4020800,A2,2.210,-84.2,0.600,0.151
4020920,A3,2.910,-82.0,0.600,0.170
4020940,A1,0.710,-80.9,0.602,0.173
4020950,A2,2.200,-84.4,0.610,0.173
4021070,A3,2.930,-81.6,0.610,0.153
4021090,A1,0.720,-81.2,0.613,0.156
4021100,A2,2.230,-84.2,0.589,0.156
4021220,A3,2.940,-81.7,0.589,0.146
4021240,A1,0.710,-81.1,0.586,0.143
4021250,A2,2.230,-84.0,0.586,0.143
4021370,A3,2.930,-81.9,0.586,0.153
4021390,A1,0.690,-81.0,0.581,0.149
4021400,A2,2.240,-83.9,0.573,0.149
4021520,A3,2.920,-81.3,0.573,0.158
4021540,A1,0.700,-80.6,0.576,0.161
4021550,A2,2.210,-84.4,0.600,0.161
4021670,A3,2.910,-81.2,0.600,0.170
4021690,A1,0.730,-81.2,0.607,0.177
4021700,A2,2.220,-84.6,0.599,0.177
4021970,A3,2.930,-81.5,0.599,0.158
4021990,A1,0.720,-81.3,0.597,0.156
4022000,A2,2.220,-83.9,0.597,0.156
4022120,A3,2.960,-81.8,0.597,0.126
4022140,A1,0.710,-80.7,0.594,0.124
4022150,A2,2.210,-83.9,0.602,0.124
4022270,A3,2.930,-81.8,0.602,0.153
4022290,A1,0.690,-81.0,0.597,0.149
4022300,A2,2.220,-84.0,0.589,0.149
4022420,A3,2.960,-81.8,0.589,0.119
4022440,A1,0.710,-80.9,0.594,0.124
4022450,A2,2.220,-84.4,0.594,0.124
4022570,A3,2.950,-81.8,0.594,0.134
4022590,A1,0.690,-81.3,0.589,0.129
4022600,A2,2.230,-84.5,0.581,0.129
4022720,A3,2.930,-81.4,0.581,0.149
4022740,A1,0.700,-80.8,0.584,0.151
4022750,A2,2.210,-84.0,0.600,0.151
4022870,A3,2.930,-81.7,0.600,0.151
4022890,A1,0.700,-80.9,0.600,0.151
4022900,A2,2.220,-83.8,0.592,0.151
4023020,A3,2.940,-81.7,0.592,0.141
4023040,A1,0.710,-81.1,0.594,0.143
4023050,A2,2.220,-84.5,0.594,0.143
4023170,A3,2.950,-81.8,0.594,0.134
4023190,A1,0.700,-80.7,0.592,0.131
4023200,A2,2.230,-84.1,0.584,0.131
4023320,A3,2.940,-81.6,0.584,0.141
4023340,A1,0.740,-81.0,0.594,0.151
4023350,A2,2.220,-84.4,0.602,0.151
4023470,A3,2.930,-81.3,0.602,0.160
4023490,A1,0.700,-81.4,0.592,0.151
4023500,A2,2.210,-84.0,0.600,0.151
4023620,A3,2.940,-81.1,0.600,0.141
4023640,A1,0.700,-81.4,0.600,0.141
4023650,A2,2.190,-84.3,0.616,0.141
4023770,A3,2.920,-81.3,0.616,0.161
4023790,A1,0.690,-81.0,0.613,0.158
4023800,A2,2.220,-84.1,0.589,0.158
4023920,A3,2.930,-81.5,0.589,0.149
4023940,A1,0.690,-81.0,0.589,0.149
4023950,A2,2.210,-83.9,0.597,0.149
4024070,A3,2.950,-81.5,0.597,0.129
4024090,A1,0.720,-81.0,0.605,0.136
4024100,A2,2.220,-83.9,0.597,0.136
4024220,A3,2.930,-81.6,0.597,0.156
4024240,A1,0.680,-81.0,0.587,0.146
4024250,A2,2.240,-83.9,0.571,0.146
4024370,A3,2.930,-81.4,0.571,0.146
4024390,A1,0.750,-81.3,0.589,0.163
4024400,A2,2.190,-84.8,0.629,0.163
4024520,A3,2.890,-82.0,0.629,0.202
4024540,A1,0.710,-81.4,0.618,0.192
4024550,A2,2.220,-84.0,0.594,0.192
4024670,A3,2.920,-81.6,0.594,0.163
4024690,A1,0.700,-81.4,0.592,0.161
4024700,A2,2.230,-84.4,0.584,0.161
4024820,A3,2.920,-84.1,0.584,0.161
4024840,A1,0.750,-81.3,0.597,0.173
4024850,A2,2.210,-84.1,0.613,0.173
4025120,A3,2.940,-81.7,0.613,0.153
4025140,A1,0.710,-81.6,0.602,0.143
4025150,A2,2.220,-83.9,0.594,0.143
4025270,A3,2.940,-81.8,0.594,0.143
4025290,A1,0.690,-81.0,0.589,0.139
4025300,A2,2.230,-84.0,0.581,0.139
4025420,A3,2.930,-81.8,0.581,0.149
4025440,A1,0.700,-81.3,0.584,0.151
4025450,A2,2.220,-83.9,0.592,0.151
4025570,A3,2.950,-81.9,0.592,0.131
4025590,A1,0.710,-81.2,0.594,0.134
4025600,A2,2.220,-84.4,0.594,0.134
4025720,A3,2.930,-81.4,0.594,0.153
4025740,A1,0.710,-81.1,0.594,0.153
4025750,A2,2.230,-84.3,0.586,0.153
4025870,A3,2.950,-82.0,0.586,0.134
4025890,A1,0.720,-81.0,0.589,0.136
4025900,A2,2.220,-84.5,0.597,0.136
4026020,A3,2.930,-81.8,0.597,0.156
4026040,A1,0.680,-80.9,0.587,0.146
4026050,A2,2.190,-83.9,0.611,0.146
4026170,A3,2.900,-82.0,0.611,0.175
4026190,A1,0.720,-81.2,0.621,0.185
4026200,A2,2.210,-83.9,0.605,0.185
4026320,A3,2.920,-82.0,0.605,0.165
4026340,A1,0.700,-81.2,0.600,0.161
4026350,A2,2.190,-84.6,0.616,0.161
4026470,A3,2.940,-81.5,0.616,0.141
4026490,A1,0.690,-80.8,0.613,0.139
4026500,A2,2.210,-83.9,0.597,0.139
4026620,A3,2.940,-82.0,0.597,0.139
4026640,A1,0.730,-80.9,0.607,0.148
4026650,A2,2.220,-84.4,0.599,0.148
4026770,A3,2.940,-81.8,0.599,0.148
4026790,A1,0.720,-81.2,0.597,0.146
4026800,A2,2.230,-84.1,0.589,0.146
4026920,A3,2.910,-81.6,0.589,0.175
4026940,A1,0.700,-81.1,0.584,0.170
4026950,A2,2.220,-84.3,0.592,0.170
4027070,A3,2.950,-81.4,0.592,0.131
4027090,A1,0.720,-80.9,0.597,0.136
4027100,A2,2.200,-83.8,0.613,0.136
4027220,A3,2.920,-81.8,0.613,0.165
4027240,A1,0.700,-80.8,0.608,0.161
4027250,A2,2.240,-83.9,0.576,0.161
4027370,A3,2.920,-81.4,0.576,0.161
4027390,A1,0.690,-81.2,0.573,0.158
4027400,A2,2.210,-84.2,0.597,0.158
4027520,A3,2.960,-81.6,0.597,0.119
4027540,A1,0.700,-80.8,0.600,0.121
4027550,A2,2.230,-83.9,0.584,0.121
4027670,A3,2.900,-81.5,0.584,0.180
4027690,A1,0.710,-81.0,0.586,0.182
4027700,A2,2.210,-83.9,0.602,0.182
4027820,A3,2.910,-81.2,0.602,0.173
4027840,A1,0.720,-80.8,0.605,0.175
4027850,A2,2.240,-84.3,0.581,0.175
4027970,A3,2.910,-81.5,0.581,0.175
4027990,A1,0.700,-80.7,0.576,0.170
4028000,A2,2.240,-84.0,0.576,0.170
4028270,A3,2.940,-81.6,0.576,0.141
4028290,A1,0.700,-81.0,0.576,0.141
4028300,A2,2.200,-84.2,0.608,0.141
4028420,A3,2.970,-81.6,0.608,0.112
4028440,A1,0.710,-81.1,0.610,0.114
4028450,A2,2.210,-84.2,0.602,0.114
4028570,A3,2.930,-81.5,0.602,0.153
4028590,A1,0.690,-81.2,0.597,0.149
4028600,A2,2.230,-84.3,0.581,0.149
4028720,A3,2.930,-81.4,0.581,0.149
4028740,A1,0.700,-81.1,0.584,0.151
4028750,A2,2.210,-83.8,0.600,0.151
4028870,A3,2.920,-82.1,0.600,0.161
4028890,A1,0.710,-80.9,0.602,0.163
4028900,A2,2.210,-83.8,0.602,0.163
4029020,A3,2.890,-81.6,0.602,0.192
4029040,A1,0.730,-81.2,0.607,0.197
4029050,A2,2.190,-84.1,0.623,0.197
4029170,A3,2.940,-81.7,0.623,0.148
4029190,A1,0.740,-81.1,0.626,0.151
4029200,A2,2.210,-84.3,0.610,0.151
4029320,A3,2.940,-81.9,0.610,0.151
4029340,A1,0.690,-81.0,0.597,0.139
4029350,A2,2.210,-83.9,0.597,0.139
4029470,A3,2.930,-81.9,0.597,0.149
4029490,A1,0.700,-81.3,0.600,0.151
4029500,A2,2.240,-84.1,0.576,0.151
4029620,A3,2.950,-81.6,0.576,0.131
4029640,A1,0.720,-81.2,0.581,0.136
4029650,A2,2.220,-84.3,0.597,0.136
4029770,A3,2.940,-81.9,0.597,0.146
4029790,A1,0.700,-81.3,0.592,0.141
4029800,A2,2.210,-83.8,0.600,0.141
4029920,A3,2.930,-81.6,0.600,0.151
4029940,A1,0.710,-81.0,0.602,0.153
4029950,A2,2.220,-84.3,0.594,0.153
4030070,A3,2.910,-81.9,0.594,0.173
4030090,A1,0.700,-81.1,0.592,0.170
4030100,A2,2.200,-84.3,0.608,0.170
4030220,A3,2.890,-81.8,0.608,0.190
4030240,A1,0.700,-80.9,0.608,0.190
4030250,A2,2.220,-84.3,0.592,0.190
4030370,A3,2.940,-81.6,0.592,0.141
4030390,A1,0.730,-81.0,0.599,0.148
4030400,A2,2.230,-84.5,0.591,0.148
4030520,A3,2.920,-81.7,0.591,0.168
4030540,A1,0.730,-81.2,0.591,0.168
4030550,A2,2.210,-84.2,0.607,0.168
4030670,A3,2.920,-81.5,0.607,0.168
4030690,A1,0.720,-81.1,0.605,0.165
4030700,A2,2.240,-84.0,0.581,0.165
4030820,A3,2.910,-81.6,0.581,0.175
4030840,A1,0.700,-81.2,0.576,0.170
4030850,A2,2.250,-84.0,0.568,0.170
4030970,A3,2.950,-81.8,0.568,0.131
4030990,A1,0.700,-81.2,0.568,0.131
4031000,A2,2.210,-84.3,0.600,0.131
4031120,A3,2.950,-81.8,0.600,0.131
4031140,A1,0.690,-81.0,0.597,0.129
4031150,A2,2.200,-84.0,0.605,0.129
4031420,A3,2.950,-81.6,0.605,0.129
4031440,A1,0.710,-80.9,0.610,0.134
4031450,A2,2.210,-84.4,0.602,0.134
4031570,A3,2.910,-81.9,0.602,0.173
4031590,A1,0.730,-80.7,0.607,0.177
4031600,A2,2.220,-84.0,0.599,0.177
4031720,A3,2.900,-82.0,0.599,0.187
4031740,A1,0.690,-80.9,0.589,0.178
4031750,A2,2.190,-84.4,0.613,0.178
4031870,A3,2.910,-81.7,0.613,0.168
4031900,A2,2.200,-84.6,0.605,0.168
4032050,A2,2.200,-84.1,0.605,0.168
4032170,A3,2.930,-82.1,0.605,0.149
4032190,A1,0.720,-81.0,0.613,0.156
4032200,A2,2.210,-84.0,0.605,0.156
4032320,A3,2.930,-82.0,0.605,0.156
4032340,A1,0.710,-81.2,0.602,0.153
4032350,A2,2.230,-84.4,0.586,0.153
4032470,A3,2.920,-81.4,0.586,0.163
4032490,A1,0.710,-81.2,0.586,0.163
4032500,A2,2.220,-84.2,0.594,0.163
4032620,A3,2.930,-81.6,0.594,0.153
4032640,A1,0.710,-81.2,0.594,0.153
4032650,A2,2.210,-84.7,0.602,0.153
4032770,A3,2.940,-81.8,0.602,0.143
4032790,A1,0.700,-81.1,0.600,0.141
4032800,A2,2.230,-84.4,0.584,0.141
4032920,A3,2.920,-82.2,0.584,0.161
4032940,A1,0.720,-81.4,0.589,0.165
4032950,A2,2.220,-84.4,0.597,0.165
4033070,A3,2.910,-81.6,0.597,0.175
4033090,A1,0.710,-81.0,0.594,0.173
4033100,A2,2.240,-84.0,0.578,0.173
4033220,A3,2.940,-81.7,0.578,0.143
4033240,A1,0.700,-81.4,0.576,0.141
4033250,A2,2.200,-84.1,0.608,0.141
4033370,A3,2.910,-81.7,0.608,0.170
4033390,A1,0.710,-81.1,0.610,0.173
4033400,A2,2.210,-84.5,0.602,0.173
4033520,A3,2.960,-81.8,0.602,0.124
4033540,A1,0.720,-81.4,0.605,0.126
4033550,A2,2.240,-84.1,0.581,0.126
4033670,A3,2.930,-81.7,0.581,0.156
4033690,A1,0.750,-81.1,0.589,0.163
4033700,A2,2.230,-84.0,0.597,0.163
4033820,A3,2.920,-81.8,0.597,0.173
4033840,A1,0.730,-80.9,0.591,0.168
4033850,A2,2.210,-84.0,0.607,0.168
4033970,A3,2.950,-81.4,0.607,0.138
4033990,A1,0.730,-81.1,0.607,0.138
4034000,A2,2.180,-84.1,0.631,0.138
4034120,A3,2.970,-81.6,0.631,0.119
4034140,A1,0.720,-81.2,0.628,0.116
4034150,A2,2.200,-83.8,0.613,0.116
4034270,A3,2.960,-81.4,0.613,0.126
4034290,A1,0.720,-80.8,0.613,0.126
4034300,A2,2.210,-84.0,0.605,0.126
4034570,A3,2.930,-81.5,0.605,0.156
4034590,A1,0.720,-81.1,0.605,0.156
4034600,A2,2.240,-84.1,0.581,0.156
4034720,A3,2.930,-81.5,0.581,0.156
4034740,A1,0.700,-81.2,0.576,0.151
4034750,A2,2.210,-84.5,0.600,0.151
4034870,A3,2.920,-81.5,0.600,0.161
4034890,A1,0.710,-80.8,0.602,0.163
4034900,A2,2.200,-84.2,0.610,0.163
4035020,A3,2.940,-81.5,0.610,0.143
4035040,A1,0.710,-81.2,0.610,0.143
4035050,A2,2.210,-84.0,0.602,0.143
4035170,A3,2.930,-81.8,0.602,0.153
4035190,A1,0.690,-81.2,0.597,0.149
4035200,A2,2.210,-83.8,0.597,0.149
4035320,A3,2.940,-81.9,0.597,0.139
4035340,A1,0.710,-80.8,0.602,0.143
4035350,A2,2.210,-83.9,0.602,0.143
4035470,A3,2.940,-83.1,0.602,0.143
4035490,A1,0.690,-81.1,0.597,0.139
4035500,A2,2.220,-84.4,0.589,0.139
4035620,A3,2.910,-81.7,0.589,0.168
4035640,A1,0.710,-81.4,0.594,0.173
4035650,A2,2.200,-83.9,0.610,0.173
4035770,A3,2.940,-81.8,0.610,0.143
4035790,A1,0.710,-81.1,0.610,0.143
4035800,A2,2.230,-83.9,0.586,0.143
4035920,A3,2.920,-82.2,0.586,0.163
4035940,A1,0.700,-81.0,0.584,0.161
4036220,A3,2.920,-81.6,0.584,0.161
4036240,A1,0.730,-81.0,0.591,0.168
4036250,A2,2.240,-84.1,0.583,0.168
4036370,A3,2.940,-81.7,0.583,0.148
4036390,A1,0.740,-81.4,0.586,0.151
4036400,A2,2.210,-84.0,0.610,0.151
4036520,A3,2.930,-81.6,0.610,0.160
4036540,A1,0.710,-81.0,0.602,0.153
4036550,A2,2.210,-83.9,0.602,0.153
4036670,A3,2.910,-81.7,0.602,0.173
4036690,A1,0.720,-81.1,0.605,0.175
4036700,A2,2.210,-84.0,0.605,0.175
4036820,A3,2.940,-82.0,0.605,0.146
4036840,A1,0.710,-81.2,0.602,0.143
4036850,A2,2.210,-84.1,0.602,0.143
4036970,A3,2.930,-81.8,0.602,0.153
4036990,A1,0.690,-81.2,0.597,0.149
4037000,A2,2.200,-83.9,0.605,0.149
4037120,A3,2.900,-81.7,0.605,0.178
4037140,A1,0.720,-81.4,0.613,0.185
4037150,A2,2.210,-84.2,0.605,0.185
4037270,A3,2.920,-82.2,0.605,0.165
4037290,A1,0.700,-81.2,0.600,0.161
4037300,A2,2.240,-84.0,0.576,0.161
4037420,A3,2.920,-81.9,0.576,0.161
4037440,A1,0.700,-81.1,0.576,0.161
4037450,A2,2.230,-83.7,0.584,0.161
4037720,A3,2.930,-81.8,0.584,0.151
4037740,A1,0.700,-81.3,0.584,0.151
4037750,A2,2.210,-83.9,0.600,0.151
4037870,A3,2.950,-81.6,0.600,0.131
4037890,A1,0.730,-81.0,0.607,0.138
4037900,A2,2.210,-84.0,0.607,0.138
4038020,A3,2.900,-81.6,0.607,0.187
4038040,A1,0.690,-81.2,0.597,0.178
4038050,A2,2.210,-84.3,0.597,0.178
4038170,A3,2.940,-81.8,0.597,0.139
4038190,A1,0.690,-81.1,0.597,0.139
4038200,A2,2.200,-84.0,0.605,0.139
4038340,A1,0.720,-81.1,0.613,0.146
4038350,A2,2.230,-83.9,0.589,0.146
4038490,A1,0.700,-80.7,0.584,0.141
4038500,A2,2.210,-83.9,0.600,0.141
4038620,A3,2.930,-81.8,0.600,0.151
4038640,A1,0.700,-81.0,0.600,0.151
4038650,A2,2.230,-84.3,0.584,0.151
4038770,A3,2.950,-81.6,0.584,0.131
4038790,A1,0.710,-81.3,0.586,0.134
4038800,A2,2.220,-83.8,0.594,0.134
4038920,A3,2.940,-81.7,0.594,0.143
4038940,A1,0.700,-81.1,0.592,0.141
4038950,A2,2.230,-84.4,0.584,0.141
4039070,A3,2.950,-81.7,0.584,0.131
4039090,A1,0.710,-81.1,0.586,0.134
4039100,A2,2.220,-84.1,0.594,0.134
4039220,A3,2.970,-81.8,0.594,0.114
4039240,A1,0.710,-81.2,0.594,0.114
4039250,A2,2.210,-83.8,0.602,0.114
4039370,A3,2.920,-81.7,0.602,0.163
4039390,A1,0.690,-81.2,0.597,0.158
4039400,A2,2.210,-84.1,0.597,0.158
4039520,A3,2.960,-81.8,0.597,0.119
4039540,A1,0.710,-80.9,0.602,0.124
4039550,A2,2.210,-83.8,0.602,0.124
4039670,A3,2.910,-81.7,0.602,0.173
4039690,A1,0.700,-80.7,0.600,0.170
4039700,A2,2.230,-84.0,0.584,0.170
4039820,A3,2.920,-81.6,0.584,0.161
4039840,A1,0.710,-80.7,0.586,0.163
4039850,A2,2.220,-83.8,0.594,0.163
4039970,A3,2.940,-81.7,0.594,0.143
4039990,A1,0.710,-80.8,0.594,0.143
4040000,A2,2.240,-83.9,0.578,0.143
4040120,A3,2.950,-81.9,0.578,0.134
4040140,A1,0.690,-80.8,0.573,0.129
4040150,A2,2.210,-83.9,0.597,0.129
4040270,A3,2.900,-81.5,0.597,0.178
4040290,A1,0.710,-81.0,0.602,0.182
4040300,A2,2.210,-84.4,0.602,0.182
4040420,A3,2.930,-81.5,0.602,0.153
4040440,A1,0.720,-81.1,0.605,0.156
4040450,A2,2.220,-84.4,0.597,0.156
4040570,A3,2.930,-81.4,0.597,0.156
4040590,A1,0.720,-81.1,0.597,0.156
4040600,A2,2.220,-84.4,0.597,0.156
4040870,A3,2.940,-81.7,0.597,0.146
4040890,A1,0.720,-81.2,0.597,0.146
4040900,A2,2.230,-84.0,0.589,0.146
4041020,A3,2.960,-81.8,0.589,0.126
4041040,A1,0.710,-81.6,0.586,0.124
4041050,A2,2.220,-84.5,0.594,0.124
4041170,A3,2.950,-81.5,0.594,0.134
4041190,A1,0.740,-80.6,0.602,0.141
4041200,A2,2.210,-83.9,0.610,0.141
4041320,A3,2.940,-81.4,0.610,0.151
4041340,A1,0.690,-81.1,0.597,0.139
4041350,A2,2.200,-84.1,0.605,0.139
4041470,A3,2.930,-81.5,0.605,0.149
4041490,A1,0.710,-80.9,0.610,0.153
4041500,A2,2.230,-84.2,0.586,0.153
4041620,A3,2.920,-81.7,0.586,0.163
4041640,A1,0.720,-81.1,0.589,0.165
4041650,A2,2.220,-83.8,0.597,0.165
4041770,A3,2.930,-81.6,0.597,0.156
4041790,A1,0.710,-80.9,0.594,0.153
4041800,A2,2.230,-83.9,0.586,0.153
4041920,A3,2.930,-81.8,0.586,0.153
4041940,A1,0.720,-80.8,0.589,0.156
4041950,A2,2.230,-84.0,0.589,0.156
4042070,A3,2.940,-81.6,0.589,0.146
4042090,A1,0.720,-81.1,0.589,0.146
4042100,A2,2.210,-84.1,0.605,0.146
4042220,A3,2.930,-81.8,0.605,0.156
4042240,A1,0.700,-80.9,0.600,0.151
4042250,A2,2.230,-84.0,0.584,0.151
4042370,A3,2.930,-81.8,0.584,0.151
4042390,A1,0.720,-81.0,0.589,0.156
4042400,A2,2.220,-84.3,0.597,0.156
4042520,A3,2.930,-81.6,0.597,0.156
4042540,A1,0.710,-80.8,0.594,0.153
4042550,A2,2.200,-83.8,0.610,0.153
4042670,A3,2.900,-81.4,0.610,0.182
4042690,A1,0.730,-80.9,0.615,0.187
4042700,A2,2.230,-84.0,0.591,0.187
4042820,A3,2.950,-81.5,0.591,0.138
4042840,A1,0.740,-81.3,0.594,0.141
4042850,A2,2.230,-84.7,0.594,0.141
4042970,A3,2.960,-81.6,0.594,0.131
4042990,A1,0.710,-81.4,0.586,0.124
4043000,A2,2.210,-83.8,0.602,0.124
4043120,A3,2.940,-81.4,0.602,0.143
4043140,A1,0.700,-81.0,0.600,0.141
4043150,A2,2.200,-84.6,0.608,0.141
4043270,A3,2.940,-81.5,0.608,0.141
4043290,A1,0.720,-81.0,0.613,0.146
4043300,A2,2.220,-83.9,0.597,0.146
4043420,A3,2.930,-81.4,0.597,0.156
4043440,A1,0.690,-80.8,0.589,0.149
4043450,A2,2.200,-84.3,0.605,0.149
4043570,A3,2.960,-81.5,0.605,0.119
4043590,A1,0.690,-81.1,0.605,0.119
4043600,A2,2.220,-84.3,0.589,0.119
4043720,A3,2.920,-81.6,0.589,0.158
4043740,A1,0.700,-80.8,0.592,0.161
4043750,A2,2.230,-83.9,0.584,0.161
4044020,A3,2.910,-81.6,0.584,0.170
4044040,A1,0.700,-81.2,0.584,0.170
4044050,A2,2.210,-84.0,0.600,0.170
4044170,A3,2.920,-81.5,0.600,0.161
4044190,A1,0.690,-81.3,0.597,0.158
4044200,A2,2.240,-83.9,0.573,0.158
4044320,A3,2.920,-81.8,0.573,0.158
4044340,A1,0.710,-81.0,0.578,0.163
4044350,A2,2.220,-84.1,0.594,0.163
4044470,A3,2.940,-81.5,0.594,0.143
4044490,A1,0.710,-81.0,0.594,0.143
4044500,A2,2.230,-84.1,0.586,0.143
4044620,A3,2.970,-81.4,0.586,0.114
4044640,A1,0.750,-81.0,0.597,0.124
4044650,A2,2.210,-83.8,0.613,0.124
4044770,A3,2.940,-81.6,0.613,0.153
4044790,A1,0.730,-80.9,0.607,0.148
4044800,A2,2.200,-84.4,0.615,0.148
4044920,A3,2.920,-81.6,0.615,0.168
4044940,A1,0.730,-80.9,0.615,0.168
4044950,A2,2.230,-84.1,0.591,0.168
4045070,A3,2.950,-81.7,0.591,0.138
4045090,A1,0.710,-81.4,0.586,0.134
4045100,A2,2.220,-84.1,0.594,0.134
4045220,A3,2.930,-81.5,0.594,0.153
4045240,A1,0.730,-81.6,0.599,0.158
4045250,A2,2.220,-84.2,0.599,0.158
4045370,A3,2.960,-81.4,0.599,0.129
4045390,A1,0.730,-81.1,0.599,0.129
4045400,A2,2.220,-83.9,0.599,0.129
4045520,A3,2.960,-81.9,0.599,0.129
4045540,A1,0.700,-80.8,0.592,0.121
4045550,A2,2.190,-84.5,0.616,0.121
4045670,A3,2.930,-81.4,0.616,0.151
4045690,A1,0.690,-81.1,0.613,0.149
4045700,A2,2.200,-83.9,0.605,0.149
4045820,A3,2.960,-81.2,0.605,0.119
4045840,A1,0.710,-81.2,0.610,0.124
4045850,A2,2.230,-84.0,0.586,0.124
4045970,A3,2.930,-81.8,0.586,0.153
4045990,A1,0.690,-81.1,0.581,0.149
4046000,A2,2.240,-84.0,0.573,0.149
4046120,A3,2.940,-81.6,0.573,0.139
4046140,A1,0.720,-80.9,0.581,0.146
4046150,A2,2.210,-84.4,0.605,0.146
4046270,A3,2.940,-81.8,0.605,0.146
4046290,A1,0.690,-81.2,0.597,0.139
4046570,A3,2.940,-81.8,0.597,0.139
4046590,A1,0.700,-81.0,0.600,0.141
4046600,A2,2.200,-84.1,0.608,0.141
4046720,A3,2.960,-81.4,0.608,0.121
4046740,A1,0.700,-81.1,0.608,0.121
4046750,A2,2.220,-84.4,0.592,0.121
4046870,A3,2.910,-81.9,0.592,0.170
4046890,A1,0.710,-81.1,0.594,0.173
4046900,A2,2.210,-83.9,0.602,0.173
4047170,A3,2.910,-81.6,0.602,0.173
4047190,A1,0.690,-81.2,0.597,0.168
4047200,A2,2.210,-84.6,0.597,0.168
4047320,A3,2.920,-81.8,0.597,0.158
4047340,A1,0.690,-80.9,0.597,0.158
4047350,A2,2.240,-84.0,0.573,0.158
4047470,A3,2.930,-81.6,0.573,0.149
4047490,A1,0.720,-81.0,0.581,0.156
4047770,A3,2.910,-81.8,0.581,0.175
4047790,A1,0.730,-81.0,0.583,0.177
4047800,A2,2.240,-84.3,0.583,0.177
4047920,A3,2.930,-81.5,0.583,0.158
4047940,A1,0.720,-81.2,0.581,0.156
4047950,A2,2.240,-83.8,0.581,0.156
4048070,A3,2.930,-81.6,0.581,0.156
4048090,A1,0.710,-80.8,0.578,0.153
4048100,A2,2.210,-84.3,0.602,0.153
4048220,A3,2.920,-81.9,0.602,0.163
4048240,A1,0.700,-81.3,0.600,0.161
4048250,A2,2.220,-84.1,0.592,0.161
4048370,A3,2.920,-81.9,0.592,0.161
4048390,A1,0.710,-81.2,0.594,0.163
4048400,A2,2.200,-84.3,0.610,0.163
4048520,A3,2.910,-82.0,0.610,0.173
4048540,A1,0.700,-81.2,0.608,0.170
4048550,A2,2.200,-83.9,0.608,0.170
4048670,A3,2.920,-81.4,0.608,0.161
4048690,A1,0.730,-81.3,0.615,0.168
4048700,A2,2.240,-84.0,0.583,0.168
4048820,A3,2.930,-81.8,0.583,0.158
4048840,A1,0.700,-81.1,0.576,0.151
4048850,A2,2.210,-84.5,0.600,0.151
4048970,A3,2.950,-81.8,0.600,0.131
4048990,A1,0.710,-80.9,0.602,0.134
4049000,A2,2.200,-84.1,0.610,0.134
4049120,A3,2.960,-81.9,0.610,0.124
4049140,A1,0.680,-80.9,0.603,0.117
4049150,A2,2.210,-84.1,0.595,0.117
4049270,A3,2.930,-81.6,0.595,0.146
4049290,A1,0.710,-81.3,0.602,0.153
4049300,A2,2.190,-84.5,0.618,0.153
4049420,A3,2.940,-81.4,0.618,0.143
4049440,A1,0.690,-81.2,0.613,0.139
4049450,A2,2.210,-84.7,0.597,0.139
4049570,A3,2.920,-81.8,0.597,0.158
4049590,A1,0.690,-81.1,0.597,0.158
4049600,A2,2.210,-83.9,0.597,0.158
4049720,A3,2.940,-81.5,0.597,0.139
4049740,A1,0.700,-81.3,0.600,0.141
4049750,A2,2.240,-84.1,0.576,0.141
4049870,A3,2.940,-81.6,0.576,0.141
4049890,A1,0.700,-80.8,0.576,0.141
4049900,A2,2.220,-84.3,0.592,0.141
4050020,A3,2.930,-81.4,0.592,0.151
4050040,A1,0.710,-81.1,0.594,0.153
4050050,A2,2.230,-84.0,0.586,0.153
4050320,A3,2.940,-81.9,0.586,0.143
4050340,A1,0.720,-81.1,0.589,0.146
4050350,A2,2.210,-83.8,0.605,0.146
4050470,A3,2.960,-81.5,0.605,0.126
4050490,A1,0.720,-81.2,0.605,0.126
4050500,A2,2.210,-84.2,0.605,0.126
4050620,A3,2.880,-81.4,0.605,0.204
4050640,A1,0.720,-80.8,0.605,0.204
4050650,A2,2.220,-84.1,0.597,0.204
4050770,A3,2.930,-81.8,0.597,0.156
4050790,A1,0.730,-81.4,0.599,0.158
4050800,A2,2.210,-84.2,0.607,0.158
4050920,A3,2.930,-81.4,0.607,0.158
4050940,A1,0.710,-80.7,0.602,0.153
4050950,A2,2.220,-83.8,0.594,0.153
4051070,A3,2.920,-81.8,0.594,0.163
4051090,A1,0.710,-81.0,0.594,0.163
4051100,A2,2.230,-83.8,0.586,0.163
4051220,A3,2.940,-81.4,0.586,0.143
4051240,A1,0.710,-80.9,0.586,0.143
4051250,A2,2.180,-84.1,0.626,0.143
4051370,A3,2.920,-81.8,0.626,0.163
4051390,A1,0.720,-80.8,0.628,0.165
4051400,A2,2.210,-84.3,0.605,0.165
4051520,A3,2.930,-81.7,0.605,0.156
4051540,A1,0.690,-80.9,0.597,0.149
4051550,A2,2.230,-83.8,0.581,0.149
4051670,A3,2.920,-81.7,0.581,0.158
4051690,A1,0.730,-80.7,0.591,0.168
4051700,A2,2.210,-84.3,0.607,0.168
4051820,A3,2.950,-81.3,0.607,0.138
4051840,A1,0.720,-80.9,0.605,0.136
4051850,A2,2.230,-84.2,0.589,0.136
4051970,A3,2.940,-81.9,0.589,0.146
4051990,A1,0.700,-80.9,0.584,0.141
4052000,A2,2.230,-84.2,0.584,0.141
4052120,A3,2.930,-81.9,0.584,0.151
4052140,A1,0.710,-80.6,0.586,0.153
4052150,A2,2.200,-84.2,0.610,0.153
4052270,A3,2.940,-81.4,0.610,0.143
4052290,A1,0.710,-80.8,0.610,0.143
4052300,A2,2.220,-84.5,0.594,0.143
4052420,A3,2.920,-81.8,0.594,0.163
4052440,A1,0.680,-80.8,0.587,0.156
4052450,A2,2.210,-84.0,0.595,0.156
4052570,A3,2.960,-83.1,0.595,0.117
4052590,A1,0.720,-80.8,0.605,0.126
4052600,A2,2.210,-84.3,0.605,0.126
4052720,A3,2.940,-81.6,0.605,0.146
4052740,A1,0.730,-81.1,0.607,0.148
4052750,A2,2.200,-83.8,0.615,0.148
4052870,A3,2.960,-81.7,0.615,0.129
4052890,A1,0.690,-81.1,0.605,0.119
4052900,A2,2.220,-83.8,0.589,0.119
4053020,A3,2.920,-81.5,0.589,0.158
4053040,A1,0.700,-81.1,0.592,0.161
4053050,A2,2.190,-83.7,0.616,0.161
4053170,A3,2.920,-81.9,0.616,0.161
4053190,A1,0.700,-81.1,0.616,0.161
4053200,A2,2.230,-84.3,0.584,0.161
4053470,A3,2.940,-81.4,0.584,0.141
4053490,A1,0.710,-81.2,0.586,0.143
4053500,A2,2.210,-84.1,0.602,0.143
4053620,A3,2.890,-81.7,0.602,0.192
4053640,A1,0.740,-81.3,0.610,0.199
4053650,A2,2.210,-84.7,0.610,0.199
4053770,A3,2.910,-81.8,0.610,0.180
4053790,A1,0.720,-80.8,0.605,0.175
4053800,A2,2.210,-84.0,0.605,0.175
4053920,A3,2.930,-81.6,0.605,0.156
4053940,A1,0.680,-80.7,0.595,0.146
4053950,A2,2.240,-84.5,0.571,0.146
4054070,A3,2.920,-81.8,0.571,0.156
4054090,A1,0.680,-81.0,0.571,0.156
4054100,A2,2.210,-84.2,0.595,0.156
4054220,A3,2.930,-81.6,0.595,0.146
4054240,A1,0.700,-81.1,0.600,0.151
4054250,A2,2.230,-84.3,0.584,0.151
4054370,A3,2.940,-81.4,0.584,0.141
4054390,A1,0.700,-81.6,0.584,0.141
4054400,A2,2.220,-84.5,0.592,0.141
4054520,A3,2.970,-81.7,0.592,0.112
4054540,A1,0.720,-80.8,0.597,0.116
4054550,A2,2.220,-84.4,0.597,0.116
4054670,A3,2.930,-81.9,0.597,0.156
4054690,A1,0.690,-81.1,0.589,0.149
4054700,A2,2.210,-84.8,0.597,0.149
4054820,A3,2.940,-81.8,0.597,0.139
4054840,A1,0.710,-81.5,0.602,0.143
4054850,A2,2.220,-84.3,0.594,0.143
4054970,A3,2.940,-81.5,0.594,0.143
4054990,A1,0.710,-81.2,0.594,0.143
4055000,A2,2.210,-83.9,0.602,0.143
4055120,A3,2.960,-81.7,0.602,0.124
4055140,A1,0.720,-81.5,0.605,0.126
4055150,A2,2.220,-84.2,0.597,0.126
4055270,A3,2.970,-81.3,0.597,0.116
4055290,A1,0.710,-80.9,0.594,0.114
4055300,A2,2.230,-84.5,0.586,0.114
4055420,A3,2.940,-81.9,0.586,0.143
4055440,A1,0.710,-81.0,0.586,0.143
4055450,A2,2.220,-84.4,0.594,0.143
4055570,A3,2.950,-81.5,0.594,0.134
4055590,A1,0.710,-81.2,0.594,0.134
4055600,A2,2.210,-84.1,0.602,0.134
4055720,A3,2.950,-81.9,0.602,0.134
4055740,A1,0.700,-81.0,0.600,0.131
4055750,A2,2.230,-84.1,0.584,0.131
4055870,A3,2.940,-81.9,0.584,0.141
4055890,A1,0.720,-81.3,0.589,0.146
4055900,A2,2.210,-84.9,0.605,0.146
4056020,A3,2.930,-81.9,0.605,0.156
4056040,A1,0.710,-81.0,0.602,0.153
4056050,A2,2.220,-84.2,0.594,0.153
4056170,A3,2.940,-81.4,0.594,0.143
4056190,A1,0.700,-80.9,0.592,0.141
4056200,A2,2.220,-84.0,0.592,0.141
4056320,A3,2.950,-81.9,0.592,0.131
4056340,A1,0.710,-80.7,0.594,0.134
4056350,A2,2.200,-84.1,0.610,0.134
4056620,A3,2.900,-81.5,0.610,0.182
4056640,A1,0.700,-81.4,0.608,0.180
4056650,A2,2.210,-84.2,0.600,0.180
4056770,A3,2.920,-82.0,0.600,0.161
4056790,A1,0.700,-81.1,0.600,0.161
4056800,A2,2.210,-84.0,0.600,0.161
4056920,A3,2.920,-81.9,0.600,0.161
4056940,A1,0.700,-81.1,0.600,0.161
4056950,A2,2.210,-84.1,0.600,0.161
4057070,A3,2.940,-82.0,0.600,0.141
4057090,A1,0.680,-81.3,0.595,0.136
4057100,A2,2.190,-84.2,0.611,0.136
4057220,A3,2.970,-81.4,0.611,0.107
4057240,A1,0.700,-80.9,0.616,0.112
4057250,A2,2.220,-84.1,0.592,0.112
4057370,A3,2.940,-81.6,0.592,0.141
4057390,A1,0.700,-81.4,0.592,0.141
4057400,A2,2.220,-84.0,0.592,0.141
4057520,A3,2.940,-81.7,0.592,0.141
4057540,A1,0.710,-81.2,0.594,0.143
4057550,A2,2.230,-84.6,0.586,0.143
4057670,A3,2.950,-81.3,0.586,0.134
4057690,A1,0.690,-81.1,0.581,0.129
4057700,A2,2.220,-84.3,0.589,0.129
4057840,A1,0.720,-81.6,0.597,0.136
4057850,A2,2.210,-84.3,0.605,0.136
4057990,A1,0.720,-81.6,0.605,0.136
4058000,A2,2.210,-84.4,0.605,0.136
4058120,A3,2.950,-81.6,0.605,0.136
4058140,A1,0.660,-81.1,0.590,0.122
4058150,A2,2.220,-84.2,0.582,0.122
4058270,A3,2.950,-81.4,0.582,0.122
4058290,A1,0.710,-81.2,0.594,0.134
4058300,A2,2.210,-84.4,0.602,0.134
4058420,A3,2.950,-81.8,0.602,0.134
4058440,A1,0.720,-81.3,0.605,0.136
4058450,A2,2.210,-84.2,0.605,0.136
4058570,A3,2.950,-81.6,0.605,0.136
4058590,A1,0.720,-80.8,0.605,0.136
4058600,A2,2.210,-84.0,0.605,0.136
4058720,A3,2.930,-81.8,0.605,0.156
4058740,A1,0.660,-81.0,0.590,0.142
4058750,A2,2.230,-84.4,0.574,0.142
4058870,A3,2.950,-81.8,0.574,0.122
4058890,A1,0.710,-81.5,0.586,0.134
4058900,A2,2.210,-84.6,0.602,0.134
4059020,A3,2.940,-81.9,0.602,0.143
4059040,A1,0.670,-81.2,0.592,0.134
4059050,A2,2.210,-84.1,0.592,0.134
4059170,A3,2.930,-82.1,0.592,0.144
4059190,A1,0.690,-81.3,0.597,0.149
4059200,A2,2.230,-83.9,0.581,0.149
4059320,A3,2.970,-80.9,0.581,0.109
4059340,A1,0.680,-81.4,0.579,0.107
4059350,A2,2.210,-84.9,0.595,0.107
4059470,A3,2.970,-81.8,0.595,0.107
4059490,A1,0.710,-81.0,0.602,0.114
4059500,A2,2.230,-83.9,0.586,0.114
4059770,A3,2.950,-81.3,0.586,0.134
4059790,A1,0.690,-81.2,0.581,0.129
4059800,A2,2.210,-84.2,0.597,0.129
4059920,A3,2.950,-81.5,0.597,0.129
4059940,A1,0.710,-80.9,0.602,0.134
4059950,A2,2.220,-84.3,0.594,0.134
4060070,A3,2.960,-81.2,0.594,0.124
4060090,A1,0.700,-81.0,0.592,0.121
4060100,A2,2.210,-83.9,0.600,0.121
4060220,A3,2.950,-81.6,0.600,0.131
4060240,A1,0.720,-81.1,0.605,0.136
4060250,A2,2.220,-84.0,0.597,0.136
4060370,A3,2.950,-81.2,0.597,0.136
4060390,A1,0.720,-80.8,0.597,0.136
4060400,A2,2.220,-83.8,0.597,0.136
4060520,A3,2.960,-81.3,0.597,0.126
4060540,A1,0.700,-81.3,0.592,0.121
4060550,A2,2.210,-84.0,0.600,0.121
4060670,A3,2.930,-81.8,0.600,0.151
4060690,A1,0.690,-81.2,0.597,0.149
4060700,A2,2.210,-83.9,0.597,0.149
4060820,A3,2.960,-81.6,0.597,0.119
4060840,A1,0.700,-81.2,0.600,0.121
4060850,A2,2.220,-84.5,0.592,0.121
4060970,A3,2.950,-82.1,0.592,0.131
4060990,A1,0.690,-80.9,0.589,0.129
4061000,A2,2.220,-83.8,0.589,0.129
4061120,A3,2.960,-81.7,0.589,0.119
4061140,A1,0.720,-81.1,0.597,0.126
4061150,A2,2.240,-84.2,0.581,0.126
4061270,A3,2.960,-82.0,0.581,0.126
4061290,A1,0.730,-81.2,0.583,0.129
4061300,A2,2.210,-84.7,0.607,0.129
4061420,A3,2.950,-82.0,0.607,0.138
4061440,A1,0.710,-80.7,0.602,0.134
4061450,A2,2.210,-84.0,0.602,0.134
4061570,A3,2.950,-82.1,0.602,0.134
4061590,A1,0.700,-81.3,0.600,0.131
4061600,A2,2.220,-84.0,0.592,0.131
4061720,A3,2.920,-82.0,0.592,0.161
4061740,A1,0.720,-81.2,0.597,0.165
4061750,A2,2.210,-84.5,0.605,0.165
4061870,A3,2.930,-82.2,0.605,0.156
4061890,A1,0.720,-81.4,0.605,0.156
4061900,A2,2.220,-83.8,0.597,0.156
4062020,A3,2.940,-80.9,0.597,0.146
4062040,A1,0.710,-81.0,0.594,0.143
4062050,A2,2.190,-84.4,0.618,0.143
4062170,A3,2.960,-81.0,0.618,0.124
4062190,A1,0.720,-81.2,0.621,0.126
4062200,A2,2.190,-84.4,0.621,0.126
4062320,A3,2.970,-81.3,0.621,0.116
4062340,A1,0.720,-81.2,0.621,0.116
4062350,A2,2.230,-84.2,0.589,0.116
4062470,A3,2.970,-81.3,0.589,0.116
4062490,A1,0.690,-81.4,0.581,0.109
4062500,A2,2.210,-84.3,0.597,0.109
4062620,A3,2.960,-81.4,0.597,0.119
4062640,A1,0.710,-80.9,0.602,0.124
4062650,A2,2.210,-83.7,0.602,0.124
4062920,A3,2.900,-81.3,0.602,0.182
4062940,A1,0.710,-80.7,0.602,0.182
4062950,A2,2.210,-84.1,0.602,0.182
4063070,A3,2.950,-81.5,0.602,0.134
4063090,A1,0.720,-80.9,0.605,0.136
4063100,A2,2.220,-83.8,0.597,0.136
4063220,A3,2.960,-84.3,0.597,0.126
4063240,A1,0.720,-81.8,0.597,0.126
4063250,A2,2.230,-83.9,0.589,0.126
4063370,A3,2.930,-82.0,0.589,0.156
4063390,A1,0.670,-81.3,0.576,0.144
4063400,A2,2.220,-83.8,0.584,0.144
4063520,A3,2.910,-81.1,0.584,0.163
4063540,A1,0.720,-81.0,0.597,0.175
4063550,A2,2.200,-83.2,0.613,0.175
4063670,A3,2.990,-81.1,0.613,0.096
4063690,A1,0.710,-80.6,0.610,0.094
4063700,A2,2.230,-83.7,0.586,0.094
4063820,A3,2.970,-81.9,0.586,0.114
4063840,A1,0.710,-81.1,0.586,0.114
4063850,A2,2.240,-83.4,0.578,0.114
4063970,A3,2.970,-81.7,0.578,0.114
4063990,A1,0.720,-81.1,0.581,0.116
4064000,A2,2.210,-84.3,0.605,0.116
4064120,A3,2.950,-81.4,0.605,0.136
4064140,A1,0.740,-81.3,0.610,0.141
4064150,A2,2.230,-84.1,0.594,0.141
4064270,A3,2.970,-81.8,0.594,0.121
4064290,A1,0.720,-81.2,0.589,0.116
4064300,A2,2.200,-84.0,0.613,0.116
4064420,A3,2.920,-81.6,0.613,0.165
4064440,A1,0.710,-81.2,0.610,0.163
4064450,A2,2.210,-83.7,0.602,0.163
4064570,A3,2.970,-81.6,0.602,0.114
4064590,A1,0.690,-81.3,0.597,0.109
4064600,A2,2.210,-84.5,0.597,0.109
4064720,A3,2.950,-81.5,0.597,0.129
4064740,A1,0.710,-80.8,0.602,0.134
4064750,A2,2.230,-84.2,0.586,0.134
4064870,A3,2.940,-81.9,0.586,0.143
4064890,A1,0.690,-81.3,0.581,0.139
4064900,A2,2.210,-83.8,0.597,0.139
4065020,A3,2.960,-81.6,0.597,0.119
4065040,A1,0.700,-80.8,0.600,0.121
4065050,A2,2.210,-83.5,0.600,0.121
4065170,A3,2.980,-81.6,0.600,0.102
4065190,A1,0.690,-81.2,0.597,0.099
4065200,A2,2.220,-84.2,0.589,0.099
4065320,A3,2.960,-81.8,0.589,0.119
4065340,A1,0.690,-80.9,0.589,0.119
4065620,A3,2.920,-83.3,0.589,0.158
4065640,A1,0.670,-81.9,0.584,0.154
4065650,A2,2.220,-83.9,0.584,0.154
4065770,A3,2.920,-81.7,0.584,0.154
4065790,A1,0.710,-81.3,0.594,0.163
4065800,A2,2.230,-84.2,0.586,0.163
4066070,A3,2.910,-82.8,0.586,0.173
4066090,A1,0.720,-81.2,0.589,0.175
4066100,A2,2.200,-83.9,0.613,0.175
4066220,A3,2.900,-82.2,0.613,0.185
4066240,A1,0.690,-81.9,0.605,0.178
4066250,A2,2.210,-84.0,0.597,0.178
4066370,A3,2.920,-81.9,0.597,0.158
4066390,A1,0.710,-81.7,0.602,0.163
4066400,A2,2.200,-83.7,0.610,0.163
4066520,A3,2.920,-82.7,0.610,0.163
4066540,A1,0.690,-81.2,0.605,0.158
4066550,A2,2.240,-84.5,0.573,0.158
4066670,A3,2.920,-82.5,0.573,0.158
4066690,A1,0.710,-81.2,0.578,0.163
4066700,A2,2.240,-84.8,0.578,0.163
4066820,A3,2.960,-81.7,0.578,0.124
4066840,A1,0.690,-81.4,0.573,0.119
4066850,A2,2.240,-84.4,0.573,0.119
4066970,A3,2.950,-81.8,0.573,0.129
4066990,A1,0.710,-80.8,0.578,0.134
4067000,A2,2.220,-84.3,0.594,0.134
4067120,A3,2.970,-81.2,0.594,0.114
4067140,A1,0.710,-81.3,0.594,0.114
4067150,A2,2.210,-84.0,0.602,0.114
4067270,A3,2.940,-81.6,0.602,0.143
4067290,A1,0.710,-81.4,0.602,0.143
4067300,A2,2.230,-84.1,0.586,0.143
4067420,A3,2.890,-83.0,0.586,0.192
4067440,A1,0.690,-81.1,0.581,0.187
4067450,A2,2.210,-84.3,0.597,0.187
4067570,A3,2.950,-81.6,0.597,0.129
4067590,A1,0.710,-81.1,0.602,0.134
4067600,A2,2.210,-83.9,0.602,0.134
4067720,A3,2.970,-82.9,0.602,0.114
4067740,A1,0.660,-81.7,0.590,0.102
4067750,A2,2.220,-83.8,0.582,0.102
4067870,A3,2.950,-82.4,0.582,0.122
4067890,A1,0.660,-81.7,0.582,0.122
4067900,A2,2.230,-84.1,0.574,0.122
4068020,A3,2.910,-82.7,0.574,0.161
4068040,A1,0.670,-81.6,0.576,0.163
4068050,A2,2.230,-84.2,0.576,0.163
4068170,A3,2.910,-82.7,0.576,0.163
4068190,A1,0.660,-81.6,0.574,0.161
4068200,A2,2.220,-83.8,0.582,0.161
4068320,A3,2.920,-82.1,0.582,0.152
4068340,A1,0.660,-81.8,0.582,0.152
4068350,A2,2.240,-83.8,0.566,0.152
4068470,A3,2.900,-82.0,0.566,0.171
4068490,A1,0.670,-82.1,0.568,0.173
4068500,A2,2.210,-84.0,0.592,0.173
4068620,A3,2.910,-82.4,0.592,0.163
4068640,A1,0.680,-81.4,0.595,0.166
4068650,A2,2.230,-84.1,0.579,0.166
4068770,A3,2.940,-82.3,0.579,0.136
4068790,A1,0.680,-81.3,0.579,0.136
4068800,A2,2.240,-84.1,0.571,0.136
4068920,A3,2.940,-82.4,0.571,0.136
4068940,A1,0.690,-81.6,0.573,0.139
4068950,A2,2.210,-83.8,0.597,0.139
4069220,A3,2.920,-81.5,0.597,0.158
4069240,A1,0.710,-81.3,0.602,0.163
4069250,A2,2.220,-84.3,0.594,0.163
4069370,A3,2.960,-82.2,0.594,0.124
4069390,A1,0.720,-80.8,0.597,0.126
4069400,A2,2.220,-84.0,0.597,0.126
4069520,A3,2.930,-81.9,0.597,0.156
4069540,A1,0.730,-80.6,0.599,0.158
4069550,A2,2.210,-84.1,0.607,0.158
4069670,A3,2.940,-81.5,0.607,0.148
4069690,A1,0.730,-80.9,0.607,0.148
4069700,A2,2.220,-84.1,0.599,0.148
4069820,A3,2.950,-81.2,0.599,0.138
4069840,A1,0.720,-81.1,0.597,0.136
4069850,A2,2.210,-85.0,0.605,0.136
4069970,A3,2.930,-81.8,0.605,0.156
4069990,A1,0.690,-81.3,0.597,0.149
4070000,A2,2.200,-84.2,0.605,0.149
4070120,A3,2.940,-81.9,0.605,0.139
4070140,A1,0.680,-81.8,0.603,0.136
4070150,A2,2.210,-84.1,0.595,0.136
4070270,A3,2.930,-83.4,0.595,0.146
4070290,A1,0.690,-81.1,0.597,0.149
4070300,A2,2.210,-83.9,0.597,0.149
4070420,A3,2.930,-82.2,0.597,0.149
4070440,A1,0.700,-80.8,0.600,0.151
4070450,A2,2.220,-84.6,0.592,0.151
4070570,A3,2.930,-82.4,0.592,0.151
4070590,A1,0.710,-81.1,0.594,0.153
4070600,A2,2.230,-84.1,0.586,0.153
4070720,A3,2.920,-82.8,0.586,0.163
4070740,A1,0.700,-81.4,0.584,0.161
4070750,A2,2.240,-83.6,0.576,0.161
4070870,A3,2.960,-82.2,0.576,0.121
4070890,A1,0.680,-81.4,0.571,0.117
4070900,A2,2.210,-83.9,0.595,0.117
4071020,A3,2.930,-82.9,0.595,0.146
4071040,A1,0.670,-81.4,0.592,0.144
4071050,A2,2.220,-83.4,0.584,0.144
4071170,A3,2.930,-82.8,0.584,0.144
4071190,A1,0.690,-81.4,0.589,0.149
4071200,A2,2.210,-84.2,0.597,0.149
4071320,A3,2.910,-82.7,0.597,0.168
4071340,A1,0.680,-81.1,0.595,0.166
4071350,A2,2.230,-84.0,0.579,0.166
4071470,A3,2.930,-83.4,0.579,0.146
4071490,A1,0.680,-81.2,0.579,0.146
4071500,A2,2.210,-83.8,0.595,0.146
4071620,A3,2.930,-83.4,0.595,0.146
4071640,A1,0.680,-81.6,0.595,0.146
4071650,A2,2.200,-84.0,0.603,0.146
4071770,A3,2.940,-82.9,0.603,0.136
4071790,A1,0.710,-81.5,0.610,0.143
4071800,A2,2.230,-84.5,0.586,0.143
4071920,A3,2.910,-83.1,0.586,0.173
4071940,A1,0.680,-81.8,0.579,0.166
4071950,A2,2.230,-84.2,0.579,0.166
4072070,A3,2.940,-81.5,0.579,0.136
4072090,A1,0.680,-81.4,0.579,0.136
4072100,A2,2.210,-83.9,0.595,0.136
4072370,A3,2.920,-81.8,0.595,0.156
4072390,A1,0.730,-81.5,0.607,0.168
4072400,A2,2.190,-83.2,0.623,0.168
4072520,A3,2.950,-81.4,0.623,0.138
4072540,A1,0.680,-81.3,0.611,0.127
4072550,A2,2.220,-83.7,0.587,0.127
4072670,A3,2.940,-81.5,0.587,0.136
4072690,A1,0.710,-81.3,0.594,0.143
4072700,A2,2.220,-83.8,0.594,0.143
4072820,A3,2.940,-81.7,0.594,0.143
4072840,A1,0.690,-81.7,0.589,0.139
4072850,A2,2.210,-84.2,0.597,0.139
4072970,A3,2.940,-81.4,0.597,0.139
4072990,A1,0.680,-81.2,0.595,0.136
4073000,A2,2.240,-83.8,0.571,0.136
4073120,A3,2.930,-81.2,0.571,0.146
4073140,A1,0.720,-81.4,0.581,0.156
4073420,A3,2.930,-81.9,0.581,0.156
4073440,A1,0.690,-81.2,0.573,0.149
4073450,A2,2.200,-84.3,0.605,0.149
4073570,A3,2.930,-81.8,0.605,0.149
4073590,A1,0.670,-81.4,0.600,0.144
4073600,A2,2.220,-83.6,0.584,0.144
4073720,A3,2.950,-81.2,0.584,0.124
4073740,A1,0.720,-81.0,0.597,0.136
4073750,A2,2.230,-84.2,0.589,0.136
4073870,A3,2.930,-84.5,0.589,0.156
4073890,A1,0.680,-81.8,0.579,0.146
4073900,A2,2.240,-84.0,0.571,0.146
4074020,A3,2.960,-81.1,0.571,0.117
4074040,A1,0.690,-81.3,0.573,0.119
4074050,A2,2.240,-84.0,0.573,0.119
4074170,A3,2.900,-81.5,0.573,0.178
4074190,A1,0.710,-81.2,0.578,0.182
4074200,A2,2.230,-84.1,0.586,0.182
4074320,A3,2.920,-81.1,0.586,0.163
4074340,A1,0.680,-81.4,0.579,0.156
4074350,A2,2.200,-83.9,0.603,0.156
4074470,A3,2.920,-81.7,0.603,0.156
4074490,A1,0.690,-81.4,0.605,0.158
4074500,A2,2.220,-83.9,0.589,0.158
4074620,A3,2.930,-81.7,0.589,0.149
4074640,A1,0.720,-81.2,0.597,0.156
4074650,A2,2.220,-83.7,0.597,0.156
4074770,A3,2.970,-81.8,0.597,0.116
4074790,A1,0.700,-81.3,0.592,0.112
4074800,A2,2.210,-84.3,0.600,0.112
4074920,A3,2.950,-82.0,0.600,0.131
4074940,A1,0.680,-81.5,0.595,0.127
4074950,A2,2.220,-83.9,0.587,0.127
4075070,A3,2.890,-81.3,0.587,0.185
4075090,A1,0.700,-81.1,0.592,0.190
4075100,A2,2.220,-84.0,0.592,0.190
4075220,A3,2.930,-81.6,0.592,0.151
4075240,A1,0.710,-81.6,0.594,0.153
4075250,A2,2.210,-83.9,0.602,0.153
4075520,A3,2.980,-81.4,0.602,0.104
4075540,A1,0.700,-81.4,0.600,0.102
4075550,A2,2.190,-84.5,0.616,0.102
4075670,A3,2.950,-81.5,0.616,0.131
4075690,A1,0.680,-81.5,0.611,0.127
4075700,A2,2.220,-83.8,0.587,0.127
4075820,A3,2.940,-82.0,0.587,0.136
4075840,A1,0.700,-81.6,0.592,0.141
4075850,A2,2.220,-84.6,0.592,0.141
4075970,A3,2.930,-81.9,0.592,0.151
4075990,A1,0.690,-81.7,0.589,0.149
4076000,A2,2.220,-84.5,0.589,0.149
4076120,A3,2.960,-82.0,0.589,0.119
4076140,A1,0.680,-81.4,0.587,0.117
4076150,A2,2.210,-84.4,0.595,0.117
4076270,A3,2.920,-82.1,0.595,0.156
4076290,A1,0.690,-81.3,0.597,0.158
4076300,A2,2.220,-84.4,0.589,0.158
4076420,A3,2.910,-82.0,0.589,0.168
4076440,A1,0.710,-81.4,0.594,0.173
4076450,A2,2.210,-84.0,0.602,0.173
4076570,A3,2.930,-82.1,0.602,0.153
4076590,A1,0.680,-81.6,0.595,0.146
4076600,A2,2.220,-83.8,0.587,0.146
4076720,A3,2.950,-81.4,0.587,0.127
4076740,A1,0.710,-81.4,0.594,0.134
4076750,A2,2.220,-84.3,0.594,0.134
4076870,A3,2.970,-81.9,0.594,0.114
4076890,A1,0.710,-81.3,0.594,0.114
4076900,A2,2.230,-83.9,0.586,0.114
4077020,A3,2.940,-81.8,0.586,0.143
4077040,A1,0.700,-81.6,0.584,0.141
4077050,A2,2.210,-84.4,0.600,0.141
4077170,A3,2.940,-81.6,0.600,0.141
4077190,A1,0.680,-81.3,0.595,0.136
4077200,A2,2.230,-83.9,0.579,0.136
4077320,A3,2.960,-81.3,0.579,0.117
4077340,A1,0.700,-81.3,0.584,0.121
4077350,A2,2.220,-84.1,0.592,0.121
4077470,A3,2.960,-81.2,0.592,0.121
4077490,A1,0.720,-81.0,0.597,0.126
4077500,A2,2.200,-83.8,0.613,0.126
4077620,A3,2.970,-81.3,0.613,0.116
4077640,A1,0.670,-81.5,0.600,0.105
4077650,A2,2.200,-83.9,0.600,0.105
4077770,A3,2.970,-81.8,0.600,0.105
4077790,A1,0.680,-81.4,0.603,0.107
4077800,A2,2.220,-83.9,0.587,0.107
4077920,A3,2.950,-81.7,0.587,0.127
4077940,A1,0.720,-81.6,0.597,0.136
4077950,A2,2.220,-83.7,0.597,0.136
4078070,A3,2.930,-81.3,0.597,0.156
4078090,A1,0.690,-81.5,0.589,0.149
4078100,A2,2.200,-84.2,0.605,0.149
4078220,A3,2.940,-81.7,0.605,0.139
4078240,A1,0.690,-81.4,0.605,0.139
4078670,A3,2.950,-81.7,0.605,0.129
4078690,A1,0.710,-81.6,0.610,0.134
4078700,A2,2.210,-84.0,0.602,0.134
4078820,A3,2.950,-81.7,0.602,0.134
4078840,A1,0.680,-81.6,0.595,0.127
4078850,A2,2.200,-83.9,0.603,0.127
4078970,A3,2.960,-81.4,0.603,0.117
4078990,A1,0.720,-81.4,0.613,0.126
4079000,A2,2.210,-84.0,0.605,0.126
4079120,A3,2.980,-81.8,0.605,0.106
4079140,A1,0.710,-81.2,0.602,0.104
4079150,A2,2.220,-84.8,0.594,0.104
4079270,A3,2.950,-82.0,0.594,0.134
4079290,A1,0.700,-81.4,0.592,0.131
4079300,A2,2.210,-83.8,0.600,0.131
4079420,A3,2.950,-81.5,0.600,0.131
4079440,A1,0.700,-81.6,0.600,0.131
4079450,A2,2.200,-84.2,0.608,0.131
4079570,A3,2.920,-81.5,0.608,0.161
4079590,A1,0.680,-81.4,0.603,0.156
4079600,A2,2.250,-84.1,0.563,0.156
4079720,A3,2.920,-81.9,0.563,0.156
4079740,A1,0.720,-81.4,0.573,0.165
4079750,A2,2.220,-84.1,0.597,0.165
4079870,A3,2.940,-81.6,0.597,0.146
4079890,A1,0.690,-81.7,0.589,0.139
4079900,A2,2.200,-84.3,0.605,0.139
4080020,A3,2.980,-82.1,0.605,0.099
4080040,A1,0.720,-81.2,0.613,0.106
4080050,A2,2.210,-84.3,0.605,0.106
4080170,A3,2.950,-82.0,0.605,0.136
4080200,A2,2.240,-83.9,0.581,0.136
4080350,A2,2.220,-84.0,0.597,0.136
4080470,A3,2.930,-82.0,0.597,0.156
4080490,A1,0.690,-81.3,0.589,0.149
4080500,A2,2.210,-84.4,0.597,0.149
4080620,A3,2.960,-81.4,0.597,0.119
4080650,A2,2.210,-83.6,0.597,0.119
4080800,A2,2.220,-84.5,0.589,0.119
4080920,A3,2.960,-81.7,0.589,0.119
4080940,A1,0.730,-81.5,0.599,0.129
4080950,A2,2.210,-84.3,0.607,0.129
4081070,A3,2.950,-82.0,0.607,0.138
4081090,A1,0.710,-81.4,0.602,0.134
4081100,A2,2.210,-84.2,0.602,0.134
4081220,A3,2.950,-81.7,0.602,0.134
4081240,A1,0.720,-81.4,0.605,0.136
4081250,A2,2.230,-83.9,0.589,0.136
4081370,A3,2.930,-82.3,0.589,0.156
4081390,A1,0.710,-81.4,0.586,0.153
4081820,A3,2.950,-82.0,0.586,0.134
4081840,A1,0.690,-81.4,0.581,0.129
4081850,A2,2.220,-83.3,0.589,0.129
4081970,A3,2.930,-81.3,0.589,0.149
4081990,A1,0.710,-81.6,0.594,0.153
4082000,A2,2.180,-83.8,0.626,0.153
4082120,A3,2.940,-82.4,0.626,0.143
4082140,A1,0.730,-81.2,0.631,0.148
4082150,A2,2.220,-84.1,0.599,0.148
4082270,A3,2.970,-81.6,0.599,0.119
4082290,A1,0.690,-81.4,0.589,0.109
4082300,A2,2.230,-83.7,0.581,0.109
4082420,A3,2.960,-81.8,0.581,0.119
4082440,A1,0.700,-81.5,0.584,0.121
4082450,A2,2.210,-83.4,0.600,0.121
4082570,A3,2.950,-82.5,0.600,0.131
4082590,A1,0.710,-81.6,0.602,0.134
4082600,A2,2.210,-83.8,0.602,0.134
4082720,A3,2.960,-81.6,0.602,0.124
4082740,A1,0.700,-81.3,0.600,0.121
4082750,A2,2.210,-83.8,0.600,0.121
4082870,A3,2.960,-81.6,0.600,0.121
4082890,A1,0.690,-81.4,0.597,0.119
4082900,A2,2.200,-83.6,0.605,0.119
4083020,A3,2.940,-82.4,0.605,0.139
4083040,A1,0.670,-81.5,0.600,0.134
4083050,A2,2.200,-84.2,0.600,0.134
4083170,A3,2.950,-81.5,0.600,0.124
4083190,A1,0.690,-81.1,0.605,0.129
4083200,A2,2.230,-84.4,0.581,0.129
4083320,A3,2.940,-82.2,0.581,0.139
4083340,A1,0.720,-81.1,0.589,0.146
4083350,A2,2.210,-84.6,0.605,0.146
4083470,A3,2.950,-81.3,0.605,0.136
4083490,A1,0.670,-81.4,0.592,0.124
4083500,A2,2.220,-84.3,0.584,0.124
4083620,A3,2.930,-81.4,0.584,0.144
4083640,A1,0.710,-81.6,0.594,0.153
4083650,A2,2.240,-84.1,0.578,0.153
4083770,A3,2.920,-81.5,0.578,0.163
4083790,A1,0.720,-81.2,0.581,0.165
4083800,A2,2.230,-84.0,0.589,0.165
4083920,A3,2.920,-82.1,0.589,0.165
4083940,A1,0.680,-81.9,0.579,0.156
4083950,A2,2.200,-84.1,0.603,0.156
4084070,A3,2.960,-81.8,0.603,0.117
4084090,A1,0.680,-81.6,0.603,0.117
4084100,A2,2.210,-84.1,0.595,0.117
4084220,A3,2.950,-81.1,0.595,0.127
4084240,A1,0.700,-81.7,0.600,0.131
4084250,A2,2.220,-85.0,0.592,0.131
4084370,A3,2.950,-82.2,0.592,0.131
4084390,A1,0.690,-81.6,0.589,0.129
4084400,A2,2.250,-84.3,0.565,0.129
4084520,A3,2.910,-83.5,0.565,0.168
4084540,A1,0.680,-81.9,0.563,0.166
4084550,A2,2.220,-84.5,0.587,0.166
4084670,A3,2.910,-81.6,0.587,0.166
4084690,A1,0.680,-81.4,0.587,0.166
4084700,A2,2.240,-84.0,0.571,0.166
4084970,A3,2.920,-82.6,0.571,0.156
4084990,A1,0.700,-81.5,0.576,0.161
4085000,A2,2.200,-84.6,0.608,0.161
4085120,A3,2.920,-81.9,0.608,0.161
4085140,A1,0.660,-81.5,0.598,0.152
4085150,A2,2.210,-84.3,0.590,0.152
4085270,A3,2.950,-81.4,0.590,0.122
4085290,A1,0.690,-81.2,0.597,0.129
4085300,A2,2.240,-84.1,0.573,0.129
4085420,A3,2.910,-82.2,0.573,0.168
4085440,A1,0.720,-81.0,0.581,0.175
4085450,A2,2.210,-84.4,0.605,0.175
4085570,A3,2.950,-82.4,0.605,0.136
4085590,A1,0.660,-80.9,0.590,0.122
4085600,A2,2.210,-85.0,0.590,0.122
4085720,A3,2.920,-82.2,0.590,0.152
4085740,A1,0.720,-80.8,0.605,0.165
4085750,A2,2.190,-84.9,0.621,0.165
4085870,A3,2.900,-81.9,0.621,0.185
4085890,A1,0.690,-81.4,0.613,0.178
4085900,A2,2.210,-84.8,0.597,0.178
4086020,A3,2.940,-81.5,0.597,0.139
4086040,A1,0.690,-81.1,0.597,0.139
4086050,A2,2.230,-84.9,0.581,0.139
4086170,A3,2.940,-81.6,0.581,0.139
4086190,A1,0.700,-81.4,0.584,0.141
4086200,A2,2.200,-84.5,0.608,0.141
4086320,A3,2.970,-82.1,0.608,0.112
4086340,A1,0.680,-81.7,0.603,0.107
4086350,A2,2.210,-84.4,0.595,0.107
4086470,A3,2.930,-81.4,0.595,0.146
4086490,A1,0.710,-81.4,0.602,0.153
4086500,A2,2.220,-83.9,0.594,0.153
4086620,A3,2.920,-81.8,0.594,0.163
4086640,A1,0.710,-81.1,0.594,0.163
4086650,A2,2.200,-84.5,0.610,0.163
4086770,A3,2.940,-81.6,0.610,0.143
4086790,A1,0.660,-81.2,0.598,0.132
4086800,A2,2.190,-84.2,0.606,0.132
4086920,A3,2.910,-81.4,0.606,0.161
4086940,A1,0.680,-81.5,0.611,0.166
4086950,A2,2.210,-84.5,0.595,0.166
4087070,A3,2.970,-81.5,0.595,0.107
4087090,A1,0.700,-81.4,0.600,0.112
4087100,A2,2.220,-84.6,0.592,0.112
4087220,A3,2.930,-81.8,0.592,0.151
4087240,A1,0.690,-81.7,0.589,0.149
4087250,A2,2.200,-84.6,0.605,0.149
4087370,A3,2.940,-81.2,0.605,0.139
4087390,A1,0.710,-81.2,0.610,0.143
4087400,A2,2.220,-84.3,0.594,0.143
4087520,A3,2.910,-81.9,0.594,0.173
4087540,A1,0.690,-81.4,0.589,0.168
4087550,A2,2.210,-84.6,0.597,0.168
4087670,A3,2.970,-81.6,0.597,0.109
4087690,A1,0.710,-81.4,0.602,0.114
4087700,A2,2.200,-84.8,0.610,0.114
4087820,A3,2.950,-81.7,0.610,0.134
4087840,A1,0.710,-81.3,0.610,0.134
4087850,A2,2.210,-84.3,0.602,0.134
4088120,A3,2.950,-81.4,0.602,0.134
4088140,A1,0.710,-81.2,0.602,0.134
4088150,A2,2.200,-84.4,0.610,0.134
4088270,A3,2.950,-81.8,0.610,0.134
4088290,A1,0.680,-81.3,0.603,0.127
4088300,A2,2.210,-84.1,0.595,0.127
4088420,A3,2.950,-81.6,0.595,0.127
4088440,A1,0.670,-81.1,0.592,0.124
4088450,A2,2.200,-84.7,0.600,0.124
4088570,A3,2.940,-81.9,0.600,0.134
4088590,A1,0.730,-81.3,0.615,0.148
4088600,A2,2.220,-84.9,0.599,0.148
4088720,A3,2.920,-81.3,0.599,0.168
4088740,A1,0.710,-81.4,0.594,0.163
4088750,A2,2.190,-84.8,0.618,0.163
4088870,A3,2.950,-81.8,0.618,0.134
4088890,A1,0.700,-81.0,0.616,0.131
4088900,A2,2.220,-84.4,0.592,0.131
4089020,A3,2.960,-81.4,0.592,0.121
4089040,A1,0.700,-81.0,0.592,0.121
4089050,A2,2.190,-84.5,0.616,0.121
4089170,A3,2.930,-81.9,0.616,0.151
4089190,A1,0.690,-81.5,0.613,0.149
4089200,A2,2.220,-84.4,0.589,0.149
4089320,A3,2.940,-81.8,0.589,0.139
4089340,A1,0.680,-81.2,0.587,0.136
4089350,A2,2.200,-84.2,0.603,0.136
4089470,A3,2.970,-81.8,0.603,0.107
4089490,A1,0.700,-81.5,0.608,0.112
4089500,A2,2.220,-84.9,0.592,0.112
4089620,A3,2.920,-81.7,0.592,0.161
4089640,A1,0.670,-81.4,0.584,0.154
4089650,A2,2.190,-84.7,0.608,0.154
4089770,A3,2.930,-81.7,0.608,0.144
4089790,A1,0.690,-81.2,0.613,0.149
4089800,A2,2.190,-84.7,0.613,0.149
4089920,A3,2.950,-81.4,0.613,0.129
4089940,A1,0.690,-81.3,0.613,0.129
4089950,A2,2.210,-84.6,0.597,0.129
4090070,A3,2.970,-81.6,0.597,0.109
4090090,A1,0.680,-81.0,0.595,0.107
4090100,A2,2.210,-84.2,0.595,0.107
4090220,A3,2.970,-81.4,0.595,0.107
4090240,A1,0.720,-81.5,0.605,0.116
4090250,A2,2.220,-84.3,0.597,0.116
4090370,A3,2.920,-81.9,0.597,0.165
4090390,A1,0.670,-81.3,0.584,0.154
4090400,A2,2.210,-84.7,0.592,0.154
4090520,A3,2.940,-81.6,0.592,0.134
4090540,A1,0.710,-81.3,0.602,0.143
4090550,A2,2.200,-84.2,0.610,0.143
4090670,A3,2.940,-81.3,0.610,0.143
4090690,A1,0.700,-81.2,0.608,0.141
4090700,A2,2.210,-84.3,0.600,0.141
4090820,A3,2.940,-81.5,0.600,0.141
4090840,A1,0.680,-81.5,0.595,0.136
4090850,A2,2.200,-84.9,0.603,0.136
4090970,A3,2.910,-81.6,0.603,0.166
4090990,A1,0.700,-81.1,0.608,0.170
4091000,A2,2.210,-84.9,0.600,0.170
4091270,A3,2.970,-81.4,0.600,0.112
4091290,A1,0.700,-81.3,0.600,0.112
4091300,A2,2.210,-84.3,0.600,0.112
4091420,A3,2.920,-82.1,0.600,0.161
4091440,A1,0.700,-81.0,0.600,0.161
4091450,A2,2.220,-84.5,0.592,0.161
4091570,A3,2.950,-81.9,0.592,0.131
4091590,A1,0.710,-80.9,0.594,0.134
4091600,A2,2.210,-84.3,0.602,0.134
4091720,A3,2.940,-81.8,0.602,0.143
4091740,A1,0.690,-81.4,0.597,0.139
4091750,A2,2.210,-84.8,0.597,0.139
4091870,A3,2.950,-81.6,0.597,0.129
4091890,A1,0.700,-81.3,0.600,0.131
4091900,A2,2.220,-84.4,0.592,0.131
4092020,A3,2.920,-81.7,0.592,0.161
4092040,A1,0.690,-81.1,0.589,0.158
4092050,A2,2.210,-84.2,0.597,0.158
4092170,A3,2.960,-81.7,0.597,0.119
4092190,A1,0.690,-81.1,0.597,0.119
4092200,A2,2.210,-84.2,0.597,0.119
4092320,A3,2.960,-81.5,0.597,0.119
4092340,A1,0.690,-81.3,0.597,0.119
4092350,A2,2.200,-84.6,0.605,0.119
4092470,A3,2.890,-81.8,0.605,0.187
4092490,A1,0.700,-81.3,0.608,0.190
4092500,A2,2.230,-84.3,0.584,0.190
4092620,A3,2.930,-81.8,0.584,0.151
4092640,A1,0.690,-81.3,0.581,0.149
4092650,A2,2.210,-84.5,0.597,0.149
4092770,A3,2.940,-81.4,0.597,0.139
4092790,A1,0.680,-81.3,0.595,0.136
4092800,A2,2.210,-84.5,0.595,0.136
4092920,A3,2.960,-81.3,0.595,0.117
4092940,A1,0.720,-81.1,0.605,0.126
4092950,A2,2.210,-83.9,0.605,0.126
4093070,A3,2.950,-81.4,0.605,0.136
4093090,A1,0.680,-81.6,0.595,0.127
4093100,A2,2.200,-84.3,0.603,0.127
4093220,A3,2.940,-81.6,0.603,0.136
4093240,A1,0.710,-81.0,0.610,0.143
4093250,A2,2.200,-84.4,0.610,0.143
4093370,A3,2.940,-81.7,0.610,0.143
4093390,A1,0.700,-81.1,0.608,0.141
4093400,A2,2.210,-84.2,0.600,0.141
4093520,A3,2.940,-81.6,0.600,0.141
4093540,A1,0.690,-81.5,0.597,0.139
4093550,A2,2.210,-84.5,0.597,0.139
4093670,A3,2.960,-81.7,0.597,0.119
4093690,A1,0.700,-81.4,0.600,0.121
4093700,A2,2.200,-84.2,0.608,0.121
4093820,A3,2.960,-81.3,0.608,0.121
4093840,A1,0.650,-81.3,0.595,0.110
4093850,A2,2.210,-84.3,0.588,0.110
4093970,A3,2.950,-81.6,0.588,0.120
4093990,A1,0.710,-81.2,0.602,0.134
4094000,A2,2.210,-84.4,0.602,0.134
4094120,A3,2.910,-81.5,0.602,0.173
4094140,A1,0.690,-81.1,0.597,0.168
4094150,A2,2.210,-84.1,0.597,0.168
4094440,A1,0.690,-81.0,0.597,0.168
4094450,A2,2.220,-84.2,0.589,0.168
4094590,A1,0.680,-81.1,0.587,0.166
4094600,A2,2.200,-84.7,0.603,0.166
4094720,A3,2.970,-81.1,0.603,0.107
4094740,A1,0.700,-81.2,0.608,0.112
4094750,A2,2.220,-84.8,0.592,0.112
4094870,A3,2.940,-81.5,0.592,0.141
4094890,A1,0.690,-81.0,0.589,0.139
4094900,A2,2.210,-84.9,0.597,0.139
4095020,A3,2.970,-81.5,0.597,0.109
4095040,A1,0.710,-81.0,0.602,0.114
4095050,A2,2.210,-84.5,0.602,0.114
4095170,A3,2.930,-81.6,0.602,0.153
4095190,A1,0.680,-81.2,0.595,0.146
4095200,A2,2.190,-84.5,0.611,0.146
4095320,A3,2.970,-81.3,0.611,0.107
4095340,A1,0.720,-81.6,0.621,0.116
4095350,A2,2.210,-84.3,0.605,0.116
4095470,A3,2.940,-81.2,0.605,0.146
4095490,A1,0.690,-81.1,0.597,0.139
4095500,A2,2.210,-84.0,0.597,0.139
4095620,A3,2.970,-81.6,0.597,0.109
4095640,A1,0.700,-81.2,0.600,0.112
4095650,A2,2.210,-84.4,0.600,0.112
4095770,A3,2.940,-81.5,0.600,0.141
4095790,A1,0.710,-81.1,0.602,0.143
4095800,A2,2.200,-84.7,0.610,0.143
4095920,A3,2.960,-81.2,0.610,0.124
4095940,A1,0.730,-81.1,0.615,0.129
4095950,A2,2.230,-84.3,0.591,0.129
4096070,A3,2.920,-81.7,0.591,0.168
4096090,A1,0.690,-81.5,0.581,0.158
4096100,A2,2.210,-84.2,0.597,0.158
4096220,A3,2.950,-81.6,0.597,0.129
4096240,A1,0.700,-81.1,0.600,0.131
4096250,A2,2.210,-85.2,0.600,0.131
4096370,A3,2.940,-81.2,0.600,0.141
4096390,A1,0.710,-81.3,0.602,0.143
4096400,A2,2.210,-84.5,0.602,0.143
4096520,A3,2.950,-81.3,0.602,0.134
4096540,A1,0.700,-81.1,0.600,0.131
4096550,A2,2.220,-84.4,0.592,0.131
4096670,A3,2.930,-81.7,0.592,0.151
4096690,A1,0.700,-81.1,0.592,0.151
4096700,A2,2.210,-84.0,0.600,0.151
4096820,A3,2.960,-81.8,0.600,0.121
4096840,A1,0.670,-81.5,0.592,0.115
4096850,A2,2.210,-84.6,0.592,0.115
4096970,A3,2.940,-81.7,0.592,0.134
4096990,A1,0.700,-81.0,0.600,0.141
4097000,A2,2.210,-84.0,0.600,0.141
4097120,A3,2.950,-81.6,0.600,0.131
4097140,A1,0.680,-81.3,0.595,0.127
4097150,A2,2.210,-84.6,0.595,0.127
4097270,A3,2.970,-81.5,0.595,0.107
4097290,A1,0.680,-81.0,0.595,0.107
4097300,A2,2.190,-84.3,0.611,0.107
4097570,A3,2.980,-81.4,0.611,0.097
4097590,A1,0.680,-81.1,0.611,0.097
4097600,A2,2.210,-84.3,0.595,0.097
4097720,A3,2.940,-81.7,0.595,0.136
4097740,A1,0.690,-81.5,0.597,0.139
4097750,A2,2.220,-84.4,0.589,0.139
4097870,A3,2.950,-81.6,0.589,0.129
4097890,A1,0.720,-81.4,0.597,0.136
4097900,A2,2.220,-84.2,0.597,0.136
4098020,A3,2.960,-81.4,0.597,0.126
4098040,A1,0.720,-81.1,0.597,0.126
4098050,A2,2.210,-84.8,0.605,0.126
4098170,A3,2.950,-81.3,0.605,0.136
4098190,A1,0.680,-81.1,0.595,0.127
4098200,A2,2.210,-85.0,0.595,0.127
4098320,A3,2.980,-81.4,0.595,0.097
4098340,A1,0.710,-80.9,0.602,0.104
4098350,A2,2.220,-84.8,0.594,0.104
4098470,A3,2.930,-81.3,0.594,0.153
4098490,A1,0.690,-81.5,0.589,0.149
4098500,A2,2.210,-84.3,0.597,0.149
4098620,A3,2.930,-82.2,0.597,0.149
4098640,A1,0.710,-81.1,0.602,0.153
4098650,A2,2.220,-84.0,0.594,0.153
4098770,A3,2.930,-81.8,0.594,0.153
4098790,A1,0.720,-81.3,0.597,0.156
4098800,A2,2.200,-84.9,0.613,0.156
4098920,A3,2.940,-82.0,0.613,0.146
4098940,A1,0.700,-80.8,0.608,0.141
4098950,A2,2.220,-84.1,0.592,0.141
4099070,A3,2.950,-81.9,0.592,0.131
4099090,A1,0.710,-81.2,0.594,0.134
4099100,A2,2.210,-83.9,0.602,0.134
4099220,A3,2.970,-81.3,0.602,0.114
4099240,A1,0.690,-81.0,0.597,0.109
4099250,A2,2.210,-84.2,0.597,0.109
4099370,A3,2.950,-81.3,0.597,0.129
4099390,A1,0.700,-81.2,0.600,0.131
4099400,A2,2.190,-84.5,0.616,0.131
4099520,A3,2.960,-81.8,0.616,0.121
4099540,A1,0.700,-81.5,0.616,0.121
4099550,A2,2.200,-85.1,0.608,0.121
4099670,A3,2.950,-81.1,0.608,0.131
4099690,A1,0.680,-81.5,0.603,0.127
4099700,A2,2.210,-85.0,0.595,0.127
4099820,A3,2.920,-81.5,0.595,0.156
4099840,A1,0.710,-81.3,0.602,0.163
4099850,A2,2.200,-84.4,0.610,0.163
4099970,A3,2.960,-81.7,0.610,0.124
4099990,A1,0.660,-81.4,0.598,0.112
4100000,A2,2.200,-84.2,0.598,0.112
4100120,A3,2.970,-81.4,0.598,0.102
4100140,A1,0.720,-81.3,0.613,0.116
4100150,A2,2.210,-84.5,0.605,0.116
4100270,A3,2.960,-81.8,0.605,0.126
4100290,A1,0.700,-81.4,0.600,0.121
4100300,A2,2.210,-84.6,0.600,0.121
4100420,A3,2.940,-81.3,0.600,0.141
4100440,A1,0.710,-81.6,0.602,0.143
4100450,A2,2.210,-84.6,0.602,0.143
4100720,A3,2.910,-81.4,0.602,0.173
4100740,A1,0.710,-81.3,0.602,0.173
4100750,A2,2.220,-84.2,0.594,0.173
4100870,A3,2.930,-81.9,0.594,0.153
4100890,A1,0.680,-81.3,0.587,0.146
4100900,A2,2.180,-84.8,0.618,0.146
4101020,A3,2.960,-81.9,0.618,0.117
4101040,A1,0.680,-81.3,0.618,0.117
4101050,A2,2.220,-84.2,0.587,0.117
4101170,A3,2.940,-81.7,0.587,0.136
4101190,A1,0.690,-81.1,0.589,0.139
4101200,A2,2.210,-84.4,0.597,0.139
4101320,A3,2.920,-81.4,0.597,0.158
4101340,A1,0.710,-80.9,0.602,0.163
4101350,A2,2.200,-84.0,0.610,0.163
4101620,A3,2.970,-83.1,0.610,0.114
4101640,A1,0.730,-81.1,0.615,0.119
4101650,A2,2.210,-84.5,0.607,0.119
4101770,A3,2.940,-81.9,0.607,0.148
4101790,A1,0.700,-81.2,0.600,0.141
4101800,A2,2.210,-84.8,0.600,0.141
4101920,A3,2.930,-81.4,0.600,0.151
4101940,A1,0.690,-81.0,0.597,0.149
4101950,A2,2.220,-84.6,0.589,0.149
4102070,A3,2.940,-81.3,0.589,0.139
4102090,A1,0.690,-81.3,0.589,0.139
4102100,A2,2.210,-84.0,0.597,0.139
4102220,A3,2.910,-81.5,0.597,0.168
4102240,A1,0.700,-81.0,0.600,0.170
4102250,A2,2.220,-84.0,0.592,0.170
4102370,A3,2.930,-81.3,0.592,0.151
4102390,A1,0.700,-81.4,0.592,0.151
4102400,A2,2.190,-84.5,0.616,0.151
4102520,A3,2.950,-81.2,0.616,0.131
4102540,A1,0.680,-81.4,0.611,0.127
4102550,A2,2.190,-84.4,0.611,0.127
4102670,A3,2.960,-81.5,0.611,0.117
4102690,A1,0.710,-80.9,0.618,0.124
4102700,A2,2.210,-84.1,0.602,0.124
4102820,A3,2.940,-81.7,0.602,0.143
4102840,A1,0.630,-80.9,0.583,0.126
4102850,A2,2.210,-84.1,0.583,0.126
4102970,A3,2.960,-81.6,0.583,0.106
4102990,A1,0.720,-80.8,0.605,0.126
4103000,A2,2.230,-84.6,0.589,0.126
4103120,A3,2.900,-81.7,0.589,0.185
4103140,A1,0.700,-81.3,0.584,0.180
4103150,A2,2.190,-84.2,0.616,0.180
4103270,A3,2.960,-81.6,0.616,0.121
4103290,A1,0.690,-81.2,0.613,0.119
4103300,A2,2.210,-84.0,0.597,0.119
4103420,A3,2.920,-81.7,0.597,0.158
4103440,A1,0.710,-81.4,0.602,0.163
4103450,A2,2.220,-84.2,0.594,0.163
4103570,A3,2.940,-81.7,0.594,0.143
4103590,A1,0.700,-81.6,0.592,0.141
4103600,A2,2.180,-84.6,0.623,0.141
4103870,A3,2.950,-81.5,0.623,0.131
4103890,A1,0.700,-81.4,0.623,0.131
4103900,A2,2.200,-84.9,0.608,0.131
4104020,A3,2.950,-81.2,0.608,0.131
4104040,A1,0.680,-81.1,0.603,0.127
4104050,A2,2.180,-84.4,0.618,0.127
4104170,A3,2.960,-81.5,0.618,0.117
4104190,A1,0.700,-81.1,0.623,0.121
4104200,A2,2.200,-84.5,0.608,0.121
4104320,A3,2.960,-81.5,0.608,0.121
4104340,A1,0.690,-81.2,0.605,0.119
4104350,A2,2.220,-84.4,0.589,0.119
4104470,A3,2.950,-81.2,0.589,0.129
4104490,A1,0.690,-81.3,0.589,0.129
4104500,A2,2.200,-84.1,0.605,0.129
4104620,A3,2.990,-81.7,0.605,0.089
4104640,A1,0.710,-81.1,0.610,0.094
4104650,A2,2.200,-84.3,0.610,0.094
4104770,A3,2.940,-81.1,0.610,0.143
4104790,A1,0.680,-81.3,0.603,0.136
4104800,A2,2.220,-84.5,0.587,0.136
4104920,A3,2.940,-81.2,0.587,0.136
4104940,A1,0.700,-81.2,0.592,0.141
4104950,A2,2.200,-83.9,0.608,0.141
4105070,A3,2.940,-81.2,0.608,0.141
4105090,A1,0.690,-81.1,0.605,0.139
4105100,A2,2.200,-84.6,0.605,0.139
4105220,A3,2.940,-81.6,0.605,0.139
4105240,A1,0.710,-81.2,0.610,0.143
4105250,A2,2.230,-84.2,0.586,0.143
4105370,A3,2.950,-81.3,0.586,0.134
4105390,A1,0.660,-80.9,0.574,0.122
4105400,A2,2.200,-84.2,0.598,0.122
4105520,A3,2.950,-81.4,0.598,0.122
4105540,A1,0.700,-81.4,0.608,0.131
4105550,A2,2.230,-84.4,0.584,0.131
4105670,A3,2.930,-81.7,0.584,0.151
4105690,A1,0.700,-81.1,0.584,0.151
4105700,A2,2.220,-84.6,0.592,0.151
4105820,A3,2.930,-81.1,0.592,0.151
4105840,A1,0.680,-81.4,0.587,0.146
4105850,A2,2.190,-85.0,0.611,0.146
4105970,A3,2.940,-81.7,0.611,0.136
4105990,A1,0.700,-81.2,0.616,0.141
4106000,A2,2.190,-84.4,0.616,0.141
4106120,A3,2.900,-81.7,0.616,0.180
4106140,A1,0.670,-81.4,0.608,0.173
4106150,A2,2.220,-84.4,0.584,0.173
4106270,A3,2.970,-81.5,0.584,0.105
4106290,A1,0.700,-80.9,0.592,0.112
4106300,A2,2.190,-84.4,0.616,0.112
4106420,A3,2.970,-81.3,0.616,0.112
4106440,A1,0.690,-81.1,0.613,0.109
4106450,A2,2.230,-84.4,0.581,0.109
4106570,A3,2.910,-81.5,0.581,0.168
4106590,A1,0.700,-81.2,0.584,0.170
4106600,A2,2.170,-84.5,0.631,0.170
4106720,A3,2.940,-81.0,0.631,0.141
4106740,A1,0.700,-81.0,0.631,0.141
4106750,A2,2.230,-84.1,0.584,0.141
4107170,A3,2.940,-81.7,0.584,0.141
4107190,A1,0.690,-81.2,0.581,0.139
4107200,A2,2.210,-84.2,0.597,0.139
4107320,A3,2.950,-81.7,0.597,0.129
4107340,A1,0.710,-81.3,0.602,0.134
4107350,A2,2.200,-84.5,0.610,0.134
4107620,A3,2.960,-81.7,0.610,0.124
4107640,A1,0.710,-81.2,0.610,0.124
4107650,A2,2.210,-84.6,0.602,0.124
4107770,A3,2.950,-81.2,0.602,0.134
4107790,A1,0.690,-81.2,0.597,0.129
4107800,A2,2.190,-84.7,0.613,0.129
4107920,A3,2.940,-81.2,0.613,0.139
4107940,A1,0.710,-81.4,0.618,0.143
4107950,A2,2.230,-84.1,0.586,0.143
4108070,A3,2.930,-81.3,0.586,0.153
4108090,A1,0.680,-81.3,0.579,0.146
4108100,A2,2.210,-84.4,0.595,0.146
4108220,A3,2.960,-81.9,0.595,0.117
4108240,A1,0.700,-81.6,0.600,0.121
4108250,A2,2.220,-84.7,0.592,0.121
4108370,A3,2.910,-81.7,0.592,0.170
4108390,A1,0.690,-81.4,0.589,0.168
4108400,A2,2.180,-84.3,0.621,0.168
4108520,A3,2.930,-81.4,0.621,0.149
4108540,A1,0.700,-81.4,0.623,0.151
4108550,A2,2.210,-84.4,0.600,0.151
4108670,A3,2.910,-82.1,0.600,0.170
4108690,A1,0.680,-80.8,0.595,0.166
4108700,A2,2.210,-84.6,0.595,0.166
4108820,A3,2.940,-81.9,0.595,0.136
4108840,A1,0.690,-81.1,0.597,0.139
4108850,A2,2.210,-84.8,0.597,0.139
4108970,A3,2.930,-81.6,0.597,0.149
4108990,A1,0.700,-81.2,0.600,0.151
4109000,A2,2.210,-84.5,0.600,0.151
4109270,A3,2.950,-81.5,0.600,0.131
4109290,A1,0.720,-81.0,0.605,0.136
4109300,A2,2.210,-84.5,0.605,0.136
4109420,A3,2.950,-81.4,0.605,0.136
4109440,A1,0.700,-81.3,0.600,0.131
4109450,A2,2.220,-84.2,0.592,0.131
4109570,A3,2.980,-81.3,0.592,0.102
4109590,A1,0.700,-80.8,0.592,0.102
4109600,A2,2.220,-84.4,0.592,0.102
4109720,A3,2.970,-81.2,0.592,0.112
4109740,A1,0.660,-81.3,0.582,0.102
4109750,A2,2.210,-84.7,0.590,0.102
4109870,A3,2.930,-82.1,0.590,0.142
4109890,A1,0.690,-81.5,0.597,0.149
4109900,A2,2.200,-84.3,0.605,0.149
4110170,A3,2.940,-81.7,0.605,0.139
4110190,A1,0.710,-81.2,0.610,0.143
4110200,A2,2.220,-84.1,0.594,0.143
4110320,A3,2.940,-81.6,0.594,0.143
4110340,A1,0.710,-81.0,0.594,0.143
4110350,A2,2.210,-84.6,0.602,0.143
4110470,A3,2.930,-81.4,0.602,0.153
4110490,A1,0.680,-81.3,0.595,0.146
4110500,A2,2.200,-84.4,0.603,0.146
4110620,A3,2.970,-81.4,0.603,0.107
4110640,A1,0.670,-81.4,0.600,0.105
4110650,A2,2.210,-83.7,0.592,0.105
4110770,A3,2.920,-82.0,0.592,0.154
4110790,A1,0.720,-81.2,0.605,0.165
4110800,A2,2.210,-84.2,0.605,0.165
4110920,A3,2.940,-81.2,0.605,0.146
4110940,A1,0.670,-81.1,0.592,0.134
4110950,A2,2.220,-84.5,0.584,0.134
4111070,A3,2.930,-81.9,0.584,0.144
4111090,A1,0.720,-81.4,0.597,0.156
4111100,A2,2.220,-84.2,0.597,0.156
4111220,A3,2.910,-81.8,0.597,0.175
4111240,A1,0.690,-81.3,0.589,0.168
4111250,A2,2.210,-84.1,0.597,0.168
4111370,A3,2.940,-81.3,0.597,0.139
4111390,A1,0.710,-81.4,0.602,0.143
4111400,A2,2.230,-84.3,0.586,0.143
4111520,A3,2.940,-81.5,0.586,0.143
4111540,A1,0.670,-81.0,0.576,0.134
4111550,A2,2.210,-84.7,0.592,0.134
4111670,A3,2.950,-81.6,0.592,0.124
4111700,A2,2.230,-84.2,0.576,0.124
4111850,A2,2.220,-84.6,0.584,0.124
4111970,A3,2.930,-81.3,0.584,0.144
4111990,A1,0.690,-81.0,0.589,0.149
4112000,A2,2.210,-85.1,0.597,0.149
4112120,A3,2.930,-82.0,0.597,0.149
4112140,A1,0.690,-81.1,0.597,0.149
4112150,A2,2.200,-84.1,0.605,0.149
4112270,A3,2.940,-84.5,0.605,0.139
4112290,A1,0.690,-81.7,0.605,0.139
4112300,A2,2.220,-84.8,0.589,0.139
4112420,A3,2.930,-81.8,0.589,0.149
4112440,A1,0.660,-81.1,0.582,0.142
4112450,A2,2.190,-84.2,0.606,0.142
4112570,A3,2.950,-81.8,0.606,0.122
4112590,A1,0.720,-81.0,0.621,0.136
4112600,A2,2.210,-84.5,0.605,0.136
4112720,A3,2.940,-81.9,0.605,0.146
4112740,A1,0.680,-81.2,0.595,0.136
4112750,A2,2.190,-84.4,0.611,0.136
4112870,A3,2.950,-81.8,0.611,0.127
4112890,A1,0.710,-80.9,0.618,0.134
4112900,A2,2.220,-84.2,0.594,0.134
4113020,A3,2.940,-81.5,0.594,0.143
4113040,A1,0.700,-81.2,0.592,0.141
4113050,A2,2.200,-84.5,0.608,0.141
4113320,A3,2.950,-81.4,0.608,0.131
4113340,A1,0.670,-81.4,0.600,0.124
4113350,A2,2.180,-84.6,0.616,0.124
4113470,A3,2.930,-81.4,0.616,0.144
4113490,A1,0.730,-81.5,0.631,0.158
4113500,A2,2.210,-84.0,0.607,0.158
4113620,A3,2.940,-81.6,0.607,0.148
4113640,A1,0.710,-81.4,0.602,0.143
4113650,A2,2.210,-84.6,0.602,0.143
4113770,A3,2.950,-81.7,0.602,0.134
4113790,A1,0.690,-81.2,0.597,0.129
4113800,A2,2.190,-84.5,0.613,0.129
4113920,A3,2.950,-82.0,0.613,0.129
4113940,A1,0.720,-81.1,0.621,0.136
4113950,A2,2.210,-84.7,0.605,0.136
4114070,A3,2.920,-81.7,0.605,0.165
4114090,A1,0.690,-80.9,0.597,0.158
4114100,A2,2.210,-84.4,0.597,0.158
4114220,A3,2.920,-81.1,0.597,0.158
4114240,A1,0.720,-81.0,0.605,0.165
4114250,A2,2.190,-84.7,0.621,0.165
4114370,A3,2.940,-81.5,0.621,0.146
4114390,A1,0.700,-81.1,0.616,0.141
4114400,A2,2.190,-84.7,0.616,0.141
4114520,A3,2.970,-81.7,0.616,0.112
4114540,A1,0.700,-81.4,0.616,0.112
4114550,A2,2.220,-84.3,0.592,0.112
4114670,A3,2.930,-81.9,0.592,0.151
4114690,A1,0.690,-81.1,0.589,0.149
4114700,A2,2.240,-84.1,0.573,0.149
4114820,A3,2.950,-81.3,0.573,0.129
4114840,A1,0.720,-81.0,0.581,0.136
4114850,A2,2.200,-84.9,0.613,0.136
4114970,A3,2.930,-81.6,0.613,0.156
4114990,A1,0.690,-81.5,0.605,0.149
4115000,A2,2.220,-84.0,0.589,0.149
4115120,A3,2.900,-81.3,0.589,0.178
4115140,A1,0.700,-81.3,0.592,0.180
4115150,A2,2.220,-84.3,0.592,0.180
4115270,A3,2.970,-81.6,0.592,0.112
4115290,A1,0.670,-81.1,0.584,0.105
4115300,A2,2.210,-84.2,0.592,0.105
4115420,A3,2.950,-81.4,0.592,0.124
4115440,A1,0.710,-81.1,0.602,0.134
4115450,A2,2.190,-84.8,0.618,0.134
4115570,A3,2.960,-81.9,0.618,0.124
4115590,A1,0.720,-81.3,0.621,0.126
4115600,A2,2.240,-84.1,0.581,0.126
4115720,A3,2.950,-81.3,0.581,0.136
4115740,A1,0.660,-81.4,0.566,0.122
4115750,A2,2.220,-84.2,0.582,0.122
4115870,A3,2.950,-81.5,0.582,0.122
4115890,A1,0.710,-81.3,0.594,0.134
4115900,A2,2.170,-83.9,0.634,0.134
4116020,A3,2.960,-81.4,0.634,0.124
4116040,A1,0.710,-81.0,0.634,0.124
4116050,A2,2.190,-84.1,0.618,0.124
4116170,A3,2.950,-81.2,0.618,0.134
4116200,A2,2.200,-84.2,0.610,0.134
4116470,A3,2.930,-81.3,0.610,0.153
4116490,A1,0.660,-81.2,0.598,0.142
4116500,A2,2.190,-84.6,0.606,0.142
4116620,A3,2.950,-81.6,0.606,0.122
4116640,A1,0.730,-81.5,0.623,0.138
4116650,A2,2.220,-84.3,0.599,0.138
4116770,A3,2.950,-81.0,0.599,0.138
4116790,A1,0.740,-80.9,0.602,0.141
4116800,A2,2.220,-84.9,0.602,0.141
4116920,A3,2.940,-81.9,0.602,0.151
4116940,A1,0.730,-81.2,0.599,0.148
4116950,A2,2.200,-84.3,0.615,0.148
4117070,A3,2.970,-81.7,0.615,0.119
4117090,A1,0.680,-81.3,0.603,0.107
4117100,A2,2.210,-84.6,0.595,0.107
4117220,A3,2.960,-81.2,0.595,0.117
4117240,A1,0.690,-81.4,0.597,0.119
4117250,A2,2.200,-84.0,0.605,0.119
4117370,A3,2.960,-81.4,0.605,0.119
4117390,A1,0.710,-81.2,0.610,0.124
4117400,A2,2.210,-84.6,0.602,0.124
4117520,A3,2.970,-81.7,0.602,0.114
4117540,A1,0.640,-81.2,0.585,0.098
4117550,A2,2.230,-84.3,0.569,0.098
4117670,A3,2.940,-81.3,0.569,0.128
4117690,A1,0.690,-81.3,0.581,0.139
4117700,A2,2.200,-84.5,0.605,0.139
4117820,A3,2.920,-81.2,0.605,0.158
4117840,A1,0.680,-81.1,0.603,0.156
4117850,A2,2.230,-84.5,0.579,0.156
4117970,A3,2.930,-81.6,0.579,0.146
4117990,A1,0.710,-81.4,0.586,0.153
4118000,A2,2.190,-84.1,0.618,0.153
4118120,A3,2.930,-81.9,0.618,0.153
4118140,A1,0.710,-80.7,0.618,0.153
4118150,A2,2.220,-84.2,0.594,0.153
4118270,A3,2.940,-81.6,0.594,0.143
4118300,A2,2.200,-84.9,0.610,0.143
4118450,A2,2.210,-84.7,0.602,0.143
4118570,A3,2.950,-81.5,0.602,0.134
4118590,A1,0.670,-80.9,0.592,0.124
4118600,A2,2.230,-84.6,0.576,0.124
4118720,A3,2.940,-81.7,0.576,0.134
4118740,A1,0.690,-81.4,0.581,0.139
4118750,A2,2.220,-84.6,0.589,0.139
4118870,A3,2.960,-81.7,0.589,0.119
4118890,A1,0.710,-80.9,0.594,0.124
4118900,A2,2.230,-84.4,0.586,0.124
4119020,A3,2.970,-81.5,0.586,0.114
4119040,A1,0.700,-81.0,0.584,0.112
4119050,A2,2.230,-84.2,0.584,0.112
4119170,A3,2.940,-81.4,0.584,0.141
4119190,A1,0.720,-81.3,0.589,0.146
4119200,A2,2.230,-84.1,0.589,0.146
4119320,A3,2.970,-81.5,0.589,0.116
4119340,A1,0.680,-81.5,0.579,0.107
4119350,A2,2.230,-84.3,0.579,0.107
4119620,A3,2.930,-81.3,0.579,0.146
4119640,A1,0.680,-81.3,0.579,0.146
4119650,A2,2.200,-84.9,0.603,0.146
4119770,A3,2.940,-81.3,0.603,0.136
4119790,A1,0.710,-81.3,0.610,0.143
4119800,A2,2.230,-84.2,0.586,0.143
4119920,A3,2.940,-81.4,0.586,0.143
4119940,A1,0.710,-81.4,0.586,0.143
4120220,A3,2.990,-81.6,0.586,0.094
4120240,A1,0.710,-81.3,0.586,0.094
4120250,A2,2.190,-84.0,0.618,0.094
4120370,A3,2.920,-81.8,0.618,0.163
4120390,A1,0.680,-81.3,0.611,0.156
4120400,A2,2.190,-84.1,0.611,0.156
4120520,A3,2.930,-81.4,0.611,0.146
4120540,A1,0.710,-81.2,0.618,0.153
4120550,A2,2.210,-84.1,0.602,0.153
4120670,A3,2.940,-81.1,0.602,0.143
4120690,A1,0.690,-81.3,0.597,0.139
4120700,A2,2.190,-85.1,0.613,0.139
4120820,A3,2.970,-81.1,0.613,0.109
4120840,A1,0.710,-81.0,0.618,0.114
4120850,A2,2.200,-84.6,0.610,0.114
4120970,A3,2.970,-81.3,0.610,0.114
4120990,A1,0.700,-81.5,0.608,0.112
4121000,A2,2.190,-84.6,0.616,0.112
4121120,A3,2.960,-81.0,0.616,0.121
4121140,A1,0.700,-81.2,0.616,0.121
4121150,A2,2.200,-84.6,0.608,0.121
4121270,A3,2.940,-81.6,0.608,0.141
4121290,A1,0.700,-81.4,0.608,0.141
4121300,A2,2.200,-84.4,0.608,0.141
4121420,A3,2.960,-81.3,0.608,0.121
4121440,A1,0.730,-81.0,0.615,0.129
4121450,A2,2.210,-84.2,0.607,0.129
4121570,A3,2.950,-81.7,0.607,0.138
4121590,A1,0.680,-81.2,0.595,0.127
4121600,A2,2.210,-84.1,0.595,0.127
4121720,A3,2.970,-81.7,0.595,0.107
4121740,A1,0.670,-81.0,0.592,0.105
4121750,A2,2.210,-84.9,0.592,0.105
4121870,A3,2.920,-81.4,0.592,0.154
4121890,A1,0.700,-81.5,0.600,0.161
4121900,A2,2.230,-84.4,0.584,0.161
4122020,A3,2.940,-81.7,0.584,0.141
4122040,A1,0.720,-80.9,0.589,0.146
4122050,A2,2.250,-84.3,0.573,0.146
4122170,A3,2.950,-81.7,0.573,0.136
4122190,A1,0.720,-81.3,0.573,0.136
4122200,A2,2.220,-84.4,0.597,0.136
4122320,A3,2.930,-81.9,0.597,0.156
4122340,A1,0.710,-81.3,0.594,0.153
4122350,A2,2.220,-84.6,0.594,0.153
4122470,A3,2.920,-81.2,0.594,0.163
4122490,A1,0.720,-81.2,0.597,0.165
4122500,A2,2.220,-84.8,0.597,0.165
4122770,A3,2.950,-81.7,0.597,0.136
4122790,A1,0.690,-81.3,0.589,0.129
4122800,A2,2.230,-84.3,0.581,0.129
4122920,A3,2.980,-83.9,0.581,0.099
4122940,A1,0.690,-81.1,0.581,0.099
4122950,A2,2.210,-85.0,0.597,0.099
4123070,A3,2.940,-81.8,0.597,0.139
4123090,A1,0.670,-81.1,0.592,0.134
4123100,A2,2.210,-84.7,0.592,0.134
4123220,A3,2.940,-81.4,0.592,0.134
4123240,A1,0.730,-80.9,0.607,0.148
4123250,A2,2.200,-84.1,0.615,0.148
4123370,A3,2.940,-81.8,0.615,0.148
4123390,A1,0.720,-81.6,0.613,0.146
4123400,A2,2.210,-84.4,0.605,0.146
4123520,A3,2.960,-81.7,0.605,0.126
4123540,A1,0.690,-81.0,0.597,0.119
4123550,A2,2.210,-84.2,0.597,0.119
4123670,A3,2.960,-81.8,0.597,0.119
4123690,A1,0.680,-81.1,0.595,0.117
4123700,A2,2.180,-85.1,0.618,0.117
4123820,A3,2.960,-81.1,0.618,0.117
4123840,A1,0.700,-81.3,0.623,0.121
4123850,A2,2.210,-84.2,0.600,0.121
4123970,A3,2.950,-81.7,0.600,0.131
4123990,A1,0.700,-81.4,0.600,0.131
4124000,A2,2.220,-84.3,0.592,0.131
4124120,A3,2.930,-81.2,0.592,0.151
4124140,A1,0.700,-81.1,0.592,0.151
4124150,A2,2.220,-84.3,0.592,0.151
4124270,A3,2.970,-81.8,0.592,0.112
4124290,A1,0.700,-81.4,0.592,0.112
4124300,A2,2.230,-83.9,0.584,0.112
4124420,A3,2.940,-81.1,0.584,0.141
4124440,A1,0.740,-80.9,0.594,0.151
4124450,A2,2.230,-84.3,0.594,0.151
4124570,A3,2.950,-81.4,0.594,0.141
4124590,A1,0.710,-81.1,0.586,0.134
4124600,A2,2.220,-84.4,0.594,0.134
4124720,A3,2.940,-81.6,0.594,0.143
4124740,A1,0.710,-81.3,0.594,0.143
4124750,A2,2.190,-84.2,0.618,0.143
4124870,A3,2.920,-81.9,0.618,0.163
4124890,A1,0.720,-81.4,0.621,0.165
4124900,A2,2.200,-84.2,0.613,0.165
4125020,A3,2.950,-81.7,0.613,0.136
4125040,A1,0.710,-81.2,0.610,0.134
4125050,A2,2.210,-84.6,0.602,0.134
4125170,A3,2.950,-81.3,0.602,0.134
4125190,A1,0.690,-81.5,0.597,0.129
4125200,A2,2.210,-84.3,0.597,0.129
4125320,A3,2.960,-81.2,0.597,0.119
4125340,A1,0.650,-81.0,0.588,0.110
4125350,A2,2.210,-84.5,0.588,0.110
4125470,A3,2.920,-81.5,0.588,0.149
4125490,A1,0.720,-81.1,0.605,0.165
4125500,A2,2.220,-84.3,0.597,0.165
4125620,A3,2.950,-81.8,0.597,0.136
4125640,A1,0.690,-81.2,0.589,0.129
4125650,A2,2.200,-84.0,0.605,0.129
4125920,A3,2.940,-81.7,0.605,0.139
4125940,A1,0.690,-81.1,0.605,0.139
4125950,A2,2.210,-84.1,0.597,0.139
4126070,A3,2.970,-81.8,0.597,0.109
4126090,A1,0.690,-81.4,0.597,0.109
4126100,A2,2.210,-84.3,0.597,0.109
4126220,A3,2.910,-81.2,0.597,0.168
4126240,A1,0.700,-81.0,0.600,0.170
4126250,A2,2.210,-84.2,0.600,0.170
4126370,A3,2.930,-81.4,0.600,0.151
4126390,A1,0.690,-80.9,0.597,0.149
4126400,A2,2.200,-84.5,0.605,0.149
4126520,A3,2.950,-81.4,0.605,0.129
4126540,A1,0.710,-80.8,0.610,0.134
4126550,A2,2.220,-84.5,0.594,0.134
4126670,A3,2.950,-81.6,0.594,0.134
4126690,A1,0.690,-81.3,0.589,0.129
4126700,A2,2.220,-84.4,0.589,0.129
4126820,A3,2.960,-81.2,0.589,0.119
4126840,A1,0.730,-81.5,0.599,0.129
4126850,A2,2.210,-84.1,0.607,0.129
4126970,A3,2.950,-81.2,0.607,0.138
4126990,A1,0.670,-81.3,0.592,0.124
4127000,A2,2.220,-84.1,0.584,0.124
4127120,A3,2.930,-81.5,0.584,0.144
4127140,A1,0.700,-81.2,0.592,0.151
4127150,A2,2.220,-84.5,0.592,0.151
4127270,A3,2.940,-81.2,0.592,0.141
4127290,A1,0.700,-81.4,0.592,0.141
4127300,A2,2.190,-84.5,0.616,0.141
4127420,A3,2.940,-81.2,0.616,0.141
4127440,A1,0.680,-81.5,0.611,0.136
4127450,A2,2.200,-84.6,0.603,0.136
4127570,A3,2.930,-81.6,0.603,0.146
4127590,A1,0.680,-81.1,0.603,0.146
4127600,A2,2.200,-84.5,0.603,0.146
4127720,A3,2.940,-81.3,0.603,0.136
4127740,A1,0.710,-81.0,0.610,0.143
4127750,A2,2.220,-84.2,0.594,0.143
4127870,A3,2.920,-81.6,0.594,0.163
4127890,A1,0.710,-81.2,0.594,0.163
4127900,A2,2.180,-84.3,0.626,0.163
4128170,A3,2.970,-82.0,0.626,0.114
4128190,A1,0.680,-81.2,0.618,0.107
4128200,A2,2.210,-84.1,0.595,0.107
4128320,A3,2.940,-81.4,0.595,0.136
4128340,A1,0.720,-81.3,0.605,0.146
4128350,A2,2.190,-84.2,0.621,0.146
4128470,A3,2.930,-81.7,0.621,0.156
4128490,A1,0.700,-81.3,0.616,0.151
4128500,A2,2.210,-85.0,0.600,0.151
4128620,A3,2.920,-81.8,0.600,0.161
4128640,A1,0.700,-80.9,0.600,0.161
4128650,A2,2.220,-84.4,0.592,0.161
4128770,A3,2.920,-82.1,0.592,0.161
4128790,A1,0.710,-81.0,0.594,0.163
4128800,A2,2.220,-84.3,0.594,0.163
4129070,A3,2.950,-81.7,0.594,0.134
4129090,A1,0.710,-81.2,0.594,0.134
4129100,A2,2.200,-84.2,0.610,0.134
4129220,A3,2.940,-81.2,0.610,0.143
4129240,A1,0.720,-81.2,0.613,0.146
4129250,A2,2.210,-84.7,0.605,0.146
4129370,A3,2.920,-81.2,0.605,0.165
4129390,A1,0.720,-81.2,0.605,0.165
4129400,A2,2.220,-84.3,0.597,0.165
4129520,A3,2.990,-81.3,0.597,0.096
4129540,A1,0.720,-81.2,0.597,0.096
4129550,A2,2.210,-84.4,0.605,0.096
4129670,A3,2.950,-81.6,0.605,0.136
4129690,A1,0.700,-81.3,0.600,0.131
4129700,A2,2.200,-84.5,0.608,0.131
4129820,A3,2.950,-81.5,0.608,0.131
4129840,A1,0.700,-81.4,0.608,0.131
4129850,A2,2.190,-84.3,0.616,0.131
4129970,A3,2.960,-81.4,0.616,0.121
4129990,A1,0.690,-81.3,0.613,0.119
4130000,A2,2.200,-84.1,0.605,0.119
4130120,A3,2.960,-81.8,0.605,0.119
4130140,A1,0.710,-81.2,0.610,0.124
4130150,A2,2.220,-84.5,0.594,0.124
4130270,A3,2.970,-81.2,0.594,0.114
4130290,A1,0.690,-80.9,0.589,0.109
4130300,A2,2.210,-84.4,0.597,0.109
4130420,A3,2.930,-81.7,0.597,0.149
4130440,A1,0.680,-81.3,0.595,0.146
4130450,A2,2.200,-84.8,0.603,0.146
4130570,A3,2.940,-81.2,0.603,0.136
4130590,A1,0.680,-81.2,0.603,0.136
4130600,A2,2.210,-84.4,0.595,0.136
4130720,A3,2.930,-81.2,0.595,0.146
4130740,A1,0.660,-81.5,0.590,0.142
4130750,A2,2.220,-84.2,0.582,0.142
4130870,A3,2.960,-81.6,0.582,0.112
4130890,A1,0.670,-81.0,0.584,0.115
4130900,A2,2.190,-84.5,0.608,0.115
4131020,A3,2.950,-81.5,0.608,0.124
4131040,A1,0.680,-81.3,0.611,0.127
4131050,A2,2.210,-84.9,0.595,0.127
4131170,A3,2.970,-81.9,0.595,0.107
4131190,A1,0.710,-80.9,0.602,0.114
4131200,A2,2.210,-84.7,0.602,0.114
4131320,A3,2.930,-81.9,0.602,0.153
4131340,A1,0.700,-80.8,0.600,0.151
4131350,A2,2.240,-84.2,0.576,0.151
4131470,A3,2.930,-81.9,0.576,0.151
4131490,A1,0.710,-80.8,0.578,0.153
4131500,A2,2.240,-84.8,0.578,0.153
4131620,A3,2.940,-81.5,0.578,0.143
4131640,A1,0.710,-81.1,0.578,0.143
4131650,A2,2.230,-84.2,0.586,0.143
4131770,A3,2.950,-81.8,0.586,0.134
4131790,A1,0.700,-81.4,0.584,0.131
4131800,A2,2.240,-84.6,0.576,0.131
4131920,A3,2.930,-81.5,0.576,0.151
4131940,A1,0.680,-81.0,0.571,0.146
4131950,A2,2.230,-84.7,0.579,0.146
4132220,A3,2.950,-81.2,0.579,0.127
4132240,A1,0.710,-81.3,0.586,0.134
4132250,A2,2.190,-84.1,0.618,0.134
4132370,A3,2.930,-81.6,0.618,0.153
4132390,A1,0.710,-81.0,0.618,0.153
4132400,A2,2.190,-84.3,0.618,0.153
4132520,A3,2.950,-81.6,0.618,0.134
4132540,A1,0.680,-81.4,0.611,0.127
4132550,A2,2.210,-84.1,0.595,0.127
4132670,A3,2.930,-81.4,0.595,0.146
4132690,A1,0.710,-81.4,0.602,0.153
4132700,A2,2.270,-84.0,0.554,0.153
4132820,A3,2.940,-81.2,0.554,0.143
4132840,A1,0.720,-81.3,0.556,0.146
4132850,A2,2.190,-84.8,0.621,0.146
4132970,A3,2.960,-81.7,0.621,0.126
4132990,A1,0.700,-81.1,0.616,0.121
4133000,A2,2.190,-84.8,0.616,0.121
4133120,A3,2.950,-81.7,0.616,0.131
4133140,A1,0.700,-81.3,0.616,0.131
4133150,A2,2.240,-84.2,0.576,0.131
4133270,A3,2.950,-81.8,0.576,0.131
4133290,A1,0.690,-81.4,0.573,0.129
4133300,A2,2.200,-84.9,0.605,0.129
4133420,A3,2.970,-81.2,0.605,0.109
4133440,A1,0.680,-81.2,0.603,0.107
4133450,A2,2.220,-84.3,0.587,0.107
4133570,A3,2.960,-82.4,0.587,0.117
4133590,A1,0.660,-80.8,0.582,0.112
4133600,A2,2.240,-84.1,0.566,0.112
4133720,A3,2.970,-81.9,0.566,0.102
4133740,A1,0.660,-81.4,0.566,0.102
4133750,A2,2.210,-84.5,0.590,0.102
4133870,A3,2.950,-81.9,0.590,0.122
4133890,A1,0.700,-81.1,0.600,0.131
4133900,A2,2.180,-84.4,0.623,0.131
4134020,A3,2.940,-81.2,0.623,0.141
4134040,A1,0.710,-80.9,0.626,0.143
4134050,A2,2.190,-84.3,0.618,0.143
4134170,A3,2.930,-81.4,0.618,0.153
4134200,A2,2.180,-84.4,0.626,0.153
4134350,A2,2.180,-84.8,0.626,0.153
4134470,A3,2.950,-81.1,0.626,0.134
4134490,A1,0.720,-81.1,0.628,0.136
4134770,A3,2.930,-82.1,0.628,0.156
4134790,A1,0.700,-81.0,0.623,0.151
4134800,A2,2.220,-84.4,0.592,0.151
4134920,A3,2.930,-81.2,0.592,0.151
4134940,A1,0.680,-81.2,0.587,0.146
4134950,A2,2.190,-85.1,0.611,0.146
4135070,A3,2.960,-81.4,0.611,0.117
4135090,A1,0.710,-80.7,0.618,0.124
4135100,A2,2.200,-84.4,0.610,0.124
4135370,A3,2.940,-81.2,0.610,0.143
4135390,A1,0.700,-81.1,0.608,0.141
4135400,A2,2.210,-84.5,0.600,0.141
4135520,A3,2.940,-81.3,0.600,0.141
4135540,A1,0.710,-81.4,0.602,0.143
4135550,A2,2.220,-84.5,0.594,0.143
4135670,A3,2.970,-81.6,0.594,0.114
4135690,A1,0.690,-81.1,0.589,0.109
4135700,A2,2.210,-84.3,0.597,0.109
4135820,A3,2.940,-81.6,0.597,0.139
4135840,A1,0.680,-81.4,0.595,0.136
4135850,A2,2.220,-84.3,0.587,0.136
4135970,A3,2.950,-81.8,0.587,0.127
4135990,A1,0.720,-81.2,0.597,0.136
4136000,A2,2.200,-84.3,0.613,0.136
4136120,A3,2.950,-81.9,0.613,0.136
4136140,A1,0.700,-81.2,0.608,0.131
4136150,A2,2.200,-84.1,0.608,0.131
4136270,A3,2.950,-81.5,0.608,0.131
4136290,A1,0.710,-81.4,0.610,0.134
4136300,A2,2.210,-84.0,0.602,0.134
4136420,A3,2.940,-81.8,0.602,0.143
4136440,A1,0.700,-81.2,0.600,0.141
4136450,A2,2.220,-84.8,0.592,0.141
4136570,A3,2.940,-81.9,0.592,0.141
4136590,A1,0.730,-80.9,0.599,0.148
4136600,A2,2.220,-84.7,0.599,0.148
4136720,A3,2.960,-81.9,0.599,0.129
4136740,A1,0.690,-80.9,0.589,0.119
4136750,A2,2.230,-84.2,0.581,0.119
4136870,A3,2.950,-81.2,0.581,0.129
4136890,A1,0.710,-80.9,0.586,0.134
4136900,A2,2.210,-84.3,0.602,0.134
4137020,A3,2.930,-81.7,0.602,0.153
4137040,A1,0.710,-81.1,0.602,0.153
4137050,A2,2.210,-84.5,0.602,0.153
4137170,A3,2.940,-81.6,0.602,0.143
4137190,A1,0.710,-81.2,0.602,0.143
4137200,A2,2.220,-84.0,0.594,0.143
4137320,A3,2.970,-82.0,0.594,0.114
4137340,A1,0.680,-81.0,0.587,0.107
4137350,A2,2.240,-84.2,0.571,0.107
4137470,A3,2.940,-81.9,0.571,0.136
4137490,A1,0.680,-81.1,0.571,0.136
4137500,A2,2.210,-84.8,0.595,0.136
4137620,A3,2.940,-81.2,0.595,0.136
4137640,A1,0.700,-81.3,0.600,0.141
4137650,A2,2.210,-84.0,0.600,0.141
4137770,A3,2.950,-81.4,0.600,0.131
4137790,A1,0.700,-80.9,0.600,0.131
4137800,A2,2.230,-84.2,0.584,0.131
4137920,A3,2.960,-81.9,0.584,0.121
4137940,A1,0.690,-81.0,0.581,0.119
4137950,A2,2.200,-84.2,0.605,0.119
4138070,A3,2.900,-81.9,0.605,0.178
4138090,A1,0.670,-81.3,0.600,0.173
4138100,A2,2.210,-84.3,0.592,0.173
4138220,A3,2.970,-81.5,0.592,0.105
4138240,A1,0.680,-81.0,0.595,0.107
4138250,A2,2.200,-84.5,0.603,0.107
4138520,A3,2.930,-81.4,0.603,0.146
4138540,A1,0.680,-81.3,0.603,0.146
4138550,A2,2.220,-84.3,0.587,0.146
4138670,A3,2.950,-81.4,0.587,0.127
4138690,A1,0.680,-81.2,0.587,0.127
4138700,A2,2.210,-84.8,0.595,0.127
4138820,A3,2.940,-81.4,0.595,0.136
4138840,A1,0.700,-81.2,0.600,0.141
4138850,A2,2.200,-84.3,0.608,0.141
4138970,A3,2.920,-82.1,0.608,0.161
4138990,A1,0.710,-81.1,0.610,0.163
4139000,A2,2.210,-84.6,0.602,0.163
4139120,A3,2.970,-81.3,0.602,0.114
4139140,A1,0.710,-80.7,0.602,0.114
4139150,A2,2.210,-84.7,0.602,0.114
4139270,A3,2.940,-81.4,0.602,0.143
4139290,A1,0.700,-81.0,0.600,0.141
4139300,A2,2.210,-84.5,0.600,0.141
4139420,A3,2.930,-81.5,0.600,0.151
4139440,A1,0.730,-80.7,0.607,0.158
4139450,A2,2.200,-84.5,0.615,0.158
4139570,A3,2.930,-81.5,0.615,0.158
4139590,A1,0.700,-81.2,0.608,0.151
4139600,A2,2.210,-84.2,0.600,0.151
4139720,A3,2.960,-81.4,0.600,0.121
4139740,A1,0.700,-81.1,0.600,0.121
4139750,A2,2.200,-84.4,0.608,0.121
4139870,A3,2.940,-81.4,0.608,0.141
4139890,A1,0.690,-81.1,0.605,0.139
4139900,A2,2.220,-84.7,0.589,0.139
4140020,A3,2.950,-82.5,0.589,0.129
4140040,A1,0.710,-81.1,0.594,0.134
4140050,A2,2.190,-83.9,0.618,0.134
4140170,A3,2.920,-81.8,0.618,0.163
4140190,A1,0.670,-80.9,0.608,0.154
4140200,A2,2.220,-84.5,0.584,0.154
4140320,A3,2.930,-81.8,0.584,0.144
4140340,A1,0.690,-81.3,0.589,0.149
4140350,A2,2.220,-84.0,0.589,0.149
4140470,A3,2.950,-81.4,0.589,0.129
4140490,A1,0.670,-81.3,0.584,0.124
4140500,A2,2.190,-84.7,0.608,0.124
4140620,A3,2.940,-81.8,0.608,0.134
4140640,A1,0.690,-80.8,0.613,0.139
4140650,A2,2.220,-84.7,0.589,0.139
4140770,A3,2.940,-81.9,0.589,0.139
4140790,A1,0.660,-81.2,0.582,0.132
4140800,A2,2.260,-84.4,0.550,0.132
4140920,A3,2.930,-81.6,0.550,0.142
4140940,A1,0.700,-81.0,0.559,0.151
4140950,A2,2.200,-84.5,0.608,0.151
4141070,A3,2.930,-81.6,0.608,0.151
4141090,A1,0.700,-81.4,0.608,0.151
4141100,A2,2.210,-84.1,0.600,0.151
4141220,A3,2.960,-82.0,0.600,0.121
4141240,A1,0.730,-81.2,0.607,0.129
4141250,A2,2.210,-84.2,0.607,0.129
4141370,A3,2.950,-81.7,0.607,0.138
4141390,A1,0.690,-81.1,0.597,0.129
4141400,A2,2.190,-84.1,0.613,0.129
4141670,A3,2.950,-81.3,0.613,0.129
4141690,A1,0.680,-81.2,0.611,0.127
4141700,A2,2.230,-84.2,0.579,0.127
4141820,A3,2.930,-81.2,0.579,0.146
4141840,A1,0.710,-80.8,0.586,0.153
4141850,A2,2.200,-84.1,0.610,0.153
4141970,A3,2.950,-81.4,0.610,0.134
4141990,A1,0.670,-81.2,0.600,0.124
4142000,A2,2.240,-84.2,0.568,0.124
4142120,A3,2.950,-81.8,0.568,0.124
4142140,A1,0.700,-80.9,0.576,0.131
4142150,A2,2.200,-84.4,0.608,0.131
4142270,A3,2.960,-81.5,0.608,0.121
4142290,A1,0.710,-81.1,0.610,0.124
4142300,A2,2.200,-84.8,0.610,0.124
4142420,A3,2.960,-81.4,0.610,0.124
4142440,A1,0.700,-81.3,0.608,0.121
4142450,A2,2.230,-84.1,0.584,0.121
4142570,A3,2.940,-81.4,0.584,0.141
4142590,A1,0.700,-80.9,0.584,0.141
4142600,A2,2.230,-84.5,0.584,0.141
4142720,A3,2.930,-81.2,0.584,0.151
4142740,A1,0.720,-81.2,0.589,0.156
4142750,A2,2.210,-84.7,0.605,0.156
4142870,A3,2.920,-81.6,0.605,0.165
4142890,A1,0.740,-80.7,0.610,0.170
4142900,A2,2.210,-84.2,0.610,0.170
4143020,A3,2.940,-81.5,0.610,0.151
4143040,A1,0.700,-81.1,0.600,0.141
4143050,A2,2.190,-84.8,0.616,0.141
4143170,A3,2.940,-81.4,0.616,0.141
4143190,A1,0.710,-81.2,0.618,0.143
4143200,A2,2.230,-84.6,0.586,0.143
4143320,A3,2.960,-81.6,0.586,0.124
4143340,A1,0.710,-81.2,0.586,0.124
4143350,A2,2.220,-84.4,0.594,0.124
4143470,A3,2.930,-81.5,0.594,0.153
4143490,A1,0.710,-81.4,0.594,0.153
4143500,A2,2.210,-84.4,0.602,0.153
4143620,A3,2.940,-81.7,0.602,0.143
4143640,A1,0.710,-81.0,0.602,0.143
4143650,A2,2.200,-84.2,0.610,0.143
4143770,A3,2.960,-81.6,0.610,0.124
4143790,A1,0.680,-81.2,0.603,0.117
4143800,A2,2.190,-84.7,0.611,0.117
4143920,A3,2.950,-81.8,0.611,0.127
4143940,A1,0.690,-81.3,0.613,0.129
4143950,A2,2.170,-84.1,0.629,0.129
4144070,A3,2.920,-81.3,0.629,0.158
4144090,A1,0.670,-81.2,0.624,0.154
4144100,A2,2.170,-84.4,0.624,0.154
4144220,A3,2.930,-81.8,0.624,0.144
4144240,A1,0.670,-80.8,0.624,0.144
4144250,A2,2.210,-84.1,0.592,0.144
4144370,A3,2.930,-81.6,0.592,0.144
4144390,A1,0.670,-81.3,0.592,0.144
4144400,A2,2.220,-84.4,0.584,0.144
4144520,A3,2.940,-81.5,0.584,0.134
4144540,A1,0.700,-80.9,0.592,0.141
4144550,A2,2.220,-84.6,0.592,0.141
4144820,A3,2.920,-81.5,0.592,0.161
4144840,A1,0.710,-80.8,0.594,0.163
4144850,A2,2.250,-84.5,0.570,0.163
4144970,A3,2.970,-81.9,0.570,0.114
4144990,A1,0.680,-81.4,0.563,0.107
4145000,A2,2.230,-84.4,0.579,0.107
4145120,A3,2.920,-81.8,0.579,0.156
4145140,A1,0.700,-81.4,0.584,0.161
4145150,A2,2.210,-84.2,0.600,0.161
4145270,A3,2.950,-81.8,0.600,0.131
4145290,A1,0.690,-81.3,0.597,0.129
4145300,A2,2.210,-84.3,0.597,0.129
4145420,A3,2.930,-81.9,0.597,0.149
4145440,A1,0.690,-81.2,0.597,0.149
4145450,A2,2.230,-84.4,0.581,0.149
4145570,A3,2.940,-81.1,0.581,0.139
4145590,A1,0.690,-81.3,0.581,0.139
4145600,A2,2.190,-84.5,0.613,0.139
4145720,A3,2.960,-81.2,0.613,0.119
4145740,A1,0.700,-81.0,0.616,0.121
4145750,A2,2.220,-84.2,0.592,0.121
4145870,A3,2.930,-81.8,0.592,0.151
4145890,A1,0.710,-81.4,0.594,0.153
4145900,A2,2.190,-84.6,0.618,0.153
4146020,A3,2.930,-81.1,0.618,0.153
4146040,A1,0.700,-81.2,0.616,0.151
4146050,A2,2.210,-84.3,0.600,0.151
4146170,A3,2.950,-81.4,0.600,0.131
4146190,A1,0.710,-81.4,0.602,0.134
4146200,A2,2.200,-84.7,0.610,0.134
4146320,A3,2.950,-81.8,0.610,0.134
4146340,A1,0.720,-81.0,0.613,0.136
4146350,A2,2.220,-84.4,0.597,0.136
4146470,A3,2.950,-81.2,0.597,0.136
4146490,A1,0.720,-80.8,0.597,0.136
4146500,A2,2.230,-84.6,0.589,0.136
4146620,A3,2.940,-81.1,0.589,0.146
4146640,A1,0.710,-81.2,0.586,0.143
4146650,A2,2.220,-85.0,0.594,0.143
4146770,A3,2.950,-81.3,0.594,0.134
4146790,A1,0.710,-81.2,0.594,0.134
4146800,A2,2.210,-84.4,0.602,0.134
4146920,A3,2.940,-81.3,0.602,0.143
4146940,A1,0.700,-81.2,0.600,0.141
4146950,A2,2.200,-84.3,0.608,0.141
4147070,A3,2.950,-81.4,0.608,0.131
4147090,A1,0.720,-81.4,0.613,0.136
4147100,A2,2.190,-84.1,0.621,0.136
4147220,A3,2.960,-81.6,0.621,0.126
4147240,A1,0.680,-81.3,0.611,0.117
4147250,A2,2.210,-84.0,0.595,0.117
4147370,A3,2.940,-81.8,0.595,0.136
4147390,A1,0.690,-81.3,0.597,0.139
4147400,A2,2.230,-84.2,0.581,0.139
4147520,A3,2.970,-81.1,0.581,0.109
4147540,A1,0.700,-80.8,0.584,0.112
4147550,A2,2.210,-84.6,0.600,0.112
4147670,A3,2.940,-81.6,0.600,0.141
4147690,A1,0.690,-81.4,0.597,0.139
4147700,A2,2.190,-84.2,0.613,0.139
4147970,A3,2.940,-81.4,0.613,0.139
4147990,A1,0.710,-81.4,0.618,0.143
4148000,A2,2.200,-84.7,0.610,0.143
4148120,A3,2.970,-81.8,0.610,0.114
4148140,A1,0.670,-81.3,0.600,0.105
4148150,A2,2.240,-84.3,0.568,0.105
4148270,A3,2.940,-81.4,0.568,0.134
4148290,A1,0.720,-81.6,0.581,0.146
4148300,A2,2.200,-84.0,0.613,0.146
4148420,A3,2.900,-81.2,0.613,0.185
4148440,A1,0.710,-81.1,0.610,0.182
4148450,A2,2.210,-84.3,0.602,0.182
4148570,A3,2.950,-81.3,0.602,0.134
4148590,A1,0.670,-81.3,0.592,0.124
4148600,A2,2.230,-84.8,0.576,0.124
4148720,A3,2.930,-81.2,0.576,0.144
4148740,A1,0.740,-81.5,0.594,0.160
4148750,A2,2.210,-84.9,0.610,0.160
4148870,A3,2.960,-81.2,0.610,0.131
4148890,A1,0.700,-81.4,0.600,0.121
4148900,A2,2.240,-84.8,0.576,0.121
4149020,A3,2.950,-81.7,0.576,0.131
4149040,A1,0.690,-81.7,0.573,0.129
4149050,A2,2.210,-84.2,0.597,0.129
4149170,A3,2.930,-81.1,0.597,0.149
4149200,A2,2.190,-83.9,0.613,0.149
4149350,A2,2.210,-84.6,0.597,0.149
4149470,A3,2.930,-82.2,0.597,0.149
4149490,A1,0.660,-81.5,0.590,0.142
4149500,A2,2.210,-84.8,0.590,0.142
4149620,A3,2.950,-82.0,0.590,0.122
4149640,A1,0.730,-81.3,0.607,0.138
4149650,A2,2.230,-85.0,0.591,0.138
4149770,A3,2.950,-81.7,0.591,0.138
4149790,A1,0.730,-80.8,0.591,0.138
4149800,A2,2.200,-85.0,0.615,0.138
4149920,A3,2.950,-81.8,0.615,0.138
4149940,A1,0.720,-81.3,0.613,0.136
4149950,A2,2.190,-84.8,0.621,0.136
4150070,A3,2.960,-81.7,0.621,0.126
4150090,A1,0.680,-81.5,0.611,0.117
4150100,A2,2.180,-84.2,0.618,0.117
4150220,A3,2.940,-81.3,0.618,0.136
4150240,A1,0.720,-81.5,0.628,0.146
4150250,A2,2.230,-84.4,0.589,0.146
4150370,A3,2.930,-81.7,0.589,0.156
4150390,A1,0.700,-81.3,0.584,0.151
4150400,A2,2.230,-84.9,0.584,0.151
4150520,A3,2.910,-81.0,0.584,0.170
4150540,A1,0.700,-81.1,0.584,0.170
4150550,A2,2.190,-84.2,0.616,0.170
4150670,A3,2.980,-83.4,0.616,0.102
4150690,A1,0.710,-81.5,0.618,0.104
4150700,A2,2.230,-84.5,0.586,0.104
4150820,A3,2.940,-81.2,0.586,0.143
4150840,A1,0.710,-81.3,0.586,0.143
4150850,A2,2.170,-84.2,0.634,0.143
4151120,A3,2.920,-81.3,0.634,0.163
4151140,A1,0.670,-81.5,0.624,0.154
4151150,A2,2.200,-84.3,0.600,0.154
4151270,A3,2.920,-81.8,0.600,0.154
4151290,A1,0.740,-81.6,0.618,0.170
4151300,A2,2.190,-84.6,0.626,0.170
4151420,A3,2.940,-81.8,0.626,0.151
4151440,A1,0.730,-81.7,0.623,0.148
4151450,A2,2.200,-85.0,0.615,0.148
4151570,A3,2.980,-81.2,0.615,0.109
4151590,A1,0.660,-81.2,0.598,0.093
4151600,A2,2.230,-83.8,0.574,0.093
4151720,A3,2.960,-81.3,0.574,0.112
4151740,A1,0.670,-81.1,0.576,0.115
4151750,A2,2.190,-84.3,0.608,0.115
4151870,A3,2.960,-81.4,0.608,0.115
4151890,A1,0.690,-80.9,0.613,0.119
4151900,A2,2.230,-84.4,0.581,0.119
4152020,A3,2.950,-82.0,0.581,0.129
4152040,A1,0.700,-81.4,0.584,0.131
4152050,A2,2.220,-84.3,0.592,0.131
4152170,A3,2.930,-81.3,0.592,0.151
4152190,A1,0.700,-81.1,0.592,0.151
4152200,A2,2.210,-84.8,0.600,0.151
4152320,A3,2.970,-81.8,0.600,0.112
4152340,A1,0.680,-81.3,0.595,0.107
4152350,A2,2.180,-84.4,0.618,0.107
4152470,A3,2.920,-81.7,0.618,0.156
4152490,A1,0.670,-81.4,0.616,0.154
4152500,A2,2.200,-84.5,0.600,0.154
4152620,A3,2.930,-81.4,0.600,0.144
4152640,A1,0.670,-81.3,0.600,0.144
4152650,A2,2.210,-84.2,0.592,0.144
4152770,A3,2.930,-81.3,0.592,0.144
4152790,A1,0.710,-81.6,0.602,0.153
4152800,A2,2.180,-84.8,0.626,0.153
4152920,A3,2.930,-81.5,0.626,0.153
4152940,A1,0.710,-81.4,0.626,0.153
4152950,A2,2.190,-84.5,0.618,0.153
4153070,A3,2.960,-81.7,0.618,0.124
4153090,A1,0.680,-81.2,0.611,0.117
4153100,A2,2.180,-84.6,0.618,0.117
4153220,A3,2.940,-81.9,0.618,0.136
4153240,A1,0.670,-81.3,0.616,0.134
4153250,A2,2.240,-84.3,0.568,0.134
4153370,A3,2.950,-82.1,0.568,0.124
4153390,A1,0.680,-81.3,0.571,0.127
4153400,A2,2.210,-84.6,0.595,0.127
4153520,A3,2.950,-81.2,0.595,0.127
4153540,A1,0.670,-81.4,0.592,0.124
4153550,A2,2.190,-84.4,0.608,0.124
4153670,A3,2.940,-81.6,0.608,0.134
4153690,A1,0.690,-80.9,0.613,0.139
4153700,A2,2.240,-84.6,0.573,0.139
4153820,A3,2.950,-81.7,0.573,0.129
4153840,A1,0.680,-81.3,0.571,0.127
4153850,A2,2.200,-84.7,0.603,0.127
4153970,A3,2.930,-81.4,0.603,0.146
4153990,A1,0.680,-81.3,0.603,0.146
4154000,A2,2.210,-84.6,0.595,0.146
4154270,A3,2.950,-81.2,0.595,0.127
4154290,A1,0.710,-80.8,0.602,0.134
4154300,A2,2.190,-84.0,0.618,0.134
4154420,A3,2.930,-82.0,0.618,0.153
4154440,A1,0.720,-81.6,0.621,0.156
4154450,A2,2.230,-84.2,0.589,0.156
4154570,A3,2.940,-81.4,0.589,0.146
4154590,A1,0.690,-81.1,0.581,0.139
4154600,A2,2.200,-84.3,0.605,0.139
4154720,A3,2.970,-81.8,0.605,0.109
4154740,A1,0.700,-80.9,0.608,0.112
4154750,A2,2.190,-84.4,0.616,0.112
4154870,A3,2.940,-81.8,0.616,0.141
4154890,A1,0.710,-81.4,0.618,0.143
4154900,A2,2.250,-84.5,0.570,0.143
4155020,A3,2.940,-81.8,0.570,0.143
4155040,A1,0.690,-81.3,0.565,0.139
4155050,A2,2.220,-84.4,0.589,0.139
4155170,A3,2.930,-81.3,0.589,0.149
4155190,A1,0.660,-81.4,0.582,0.142
4155200,A2,2.200,-84.5,0.598,0.142
4155320,A3,2.930,-82.0,0.598,0.142
4155340,A1,0.670,-81.2,0.600,0.144
4155350,A2,2.200,-84.5,0.600,0.144
4155470,A3,2.940,-81.4,0.600,0.134
4155490,A1,0.690,-81.2,0.605,0.139
4155500,A2,2.220,-84.1,0.589,0.139
4155620,A3,2.940,-81.5,0.589,0.139
4155640,A1,0.700,-80.9,0.592,0.141
4155650,A2,2.260,-84.1,0.559,0.141
4155770,A3,2.940,-82.1,0.559,0.141
4155790,A1,0.700,-80.9,0.559,0.141
4155800,A2,2.220,-85.0,0.592,0.141
4155920,A3,2.930,-80.9,0.592,0.151
4155940,A1,0.680,-81.1,0.587,0.146
4155950,A2,2.190,-84.5,0.611,0.146
4156070,A3,2.950,-82.0,0.611,0.127
4156090,A1,0.670,-81.4,0.608,0.124
4156100,A2,2.210,-84.3,0.592,0.124
4156220,A3,2.950,-81.7,0.592,0.124
4156240,A1,0.690,-81.5,0.597,0.129
4156250,A2,2.230,-85.0,0.581,0.129
4156370,A3,2.940,-81.6,0.581,0.139
4156390,A1,0.670,-81.5,0.576,0.134
4156670,A3,2.950,-81.2,0.576,0.124
4156690,A1,0.700,-81.1,0.584,0.131
4156700,A2,2.200,-84.4,0.608,0.131
4156820,A3,2.950,-81.2,0.608,0.131
4156840,A1,0.700,-81.1,0.608,0.131
4156850,A2,2.210,-84.9,0.600,0.131
4156970,A3,2.910,-81.0,0.600,0.170
4156990,A1,0.670,-81.4,0.592,0.163
4157000,A2,2.190,-84.2,0.608,0.163
4157120,A3,2.950,-81.4,0.608,0.124
4157140,A1,0.690,-81.3,0.613,0.129
4157150,A2,2.210,-84.5,0.597,0.129
4157420,A3,2.940,-81.5,0.597,0.139
4157440,A1,0.730,-81.2,0.607,0.148
4157720,A3,2.970,-81.4,0.607,0.119
4157740,A1,0.670,-81.2,0.592,0.105
4157750,A2,2.210,-84.4,0.592,0.105
4157870,A3,2.940,-81.3,0.592,0.134
4157890,A1,0.720,-81.3,0.605,0.146
4157900,A2,2.210,-84.3,0.605,0.146
4158020,A3,2.960,-82.1,0.605,0.126
4158040,A1,0.730,-81.0,0.607,0.129
4158050,A2,2.220,-84.8,0.599,0.129
4158170,A3,2.960,-81.6,0.599,0.129
4158190,A1,0.680,-81.3,0.587,0.117
4158200,A2,2.210,-84.4,0.595,0.117
4158320,A3,2.950,-81.5,0.595,0.127
4158340,A1,0.690,-81.3,0.597,0.129
4158350,A2,2.230,-84.4,0.581,0.129
4158470,A3,2.960,-81.2,0.581,0.119
4158490,A1,0.690,-81.3,0.581,0.119
4158500,A2,2.210,-84.2,0.597,0.119
4158620,A3,2.970,-81.8,0.597,0.109
4158640,A1,0.670,-81.3,0.592,0.105
4158650,A2,2.220,-84.7,0.584,0.105
4158770,A3,2.950,-81.8,0.584,0.124
4158790,A1,0.680,-81.3,0.587,0.127
4158800,A2,2.190,-84.3,0.611,0.127
4158920,A3,2.970,-81.8,0.611,0.107
4158940,A1,0.690,-81.1,0.613,0.109
4158950,A2,2.210,-84.2,0.597,0.109
4159070,A3,2.970,-81.6,0.597,0.109
4159090,A1,0.710,-81.1,0.602,0.114
4159100,A2,2.220,-84.8,0.594,0.114
4159220,A3,2.970,-81.8,0.594,0.114
4159240,A1,0.710,-81.2,0.594,0.114
4159250,A2,2.200,-85.1,0.610,0.114
4159370,A3,2.940,-81.2,0.610,0.143
4159390,A1,0.720,-81.3,0.613,0.146
4159400,A2,2.210,-84.7,0.605,0.146
4159520,A3,2.970,-81.5,0.605,0.116
4159540,A1,0.710,-81.1,0.602,0.114
4159550,A2,2.220,-84.6,0.594,0.114
4159670,A3,2.930,-81.4,0.594,0.153
4159690,A1,0.730,-80.8,0.599,0.158
4159700,A2,2.220,-84.2,0.599,0.158
4159820,A3,2.940,-81.5,0.599,0.148
4159840,A1,0.740,-81.1,0.602,0.151
4159850,A2,2.190,-84.6,0.626,0.151
4159970,A3,2.980,-81.7,0.626,0.111
4159990,A1,0.690,-81.1,0.613,0.099
4160000,A2,2.210,-84.2,0.597,0.099
4160120,A3,2.940,-81.5,0.597,0.139
4160140,A1,0.740,-81.2,0.610,0.151
4160150,A2,2.200,-84.4,0.618,0.151
4160270,A3,2.970,-81.8,0.618,0.121
4160290,A1,0.720,-80.9,0.613,0.116
4160300,A2,2.210,-84.6,0.605,0.116
4160570,A3,2.950,-81.4,0.605,0.136
4160590,A1,0.730,-81.6,0.607,0.138
4160600,A2,2.200,-84.7,0.615,0.138
4160720,A3,2.950,-81.2,0.615,0.138
4160740,A1,0.690,-81.3,0.605,0.129
4160750,A2,2.210,-84.3,0.597,0.129
4160870,A3,2.940,-81.4,0.597,0.139
4160890,A1,0.710,-81.1,0.602,0.143
4160900,A2,2.210,-84.6,0.602,0.143
4161020,A3,2.960,-81.4,0.602,0.124
4161040,A1,0.710,-81.2,0.602,0.124
4161050,A2,2.240,-84.2,0.578,0.124
4161170,A3,2.920,-81.9,0.578,0.163
4161190,A1,0.670,-81.4,0.568,0.154
4161200,A2,2.190,-84.7,0.608,0.154
4161320,A3,2.940,-84.5,0.608,0.134
4161340,A1,0.670,-81.8,0.608,0.134
4161350,A2,2.210,-85.2,0.592,0.134
4161470,A3,2.920,-81.9,0.592,0.154
4161490,A1,0.680,-81.4,0.595,0.156
4161500,A2,2.220,-84.3,0.587,0.156
4161620,A3,2.930,-81.8,0.587,0.146
4161640,A1,0.680,-81.0,0.587,0.146
4161650,A2,2.230,-84.3,0.579,0.146
4161770,A3,2.920,-81.1,0.579,0.156
4161790,A1,0.680,-81.3,0.579,0.156
4161800,A2,2.230,-84.2,0.579,0.156
4161920,A3,2.930,-81.3,0.579,0.146
4161940,A1,0.710,-80.9,0.586,0.153
4161950,A2,2.240,-84.2,0.578,0.153
4162070,A3,2.950,-81.0,0.578,0.134
4162090,A1,0.680,-81.4,0.571,0.127
4162100,A2,2.210,-84.8,0.595,0.127
4162220,A3,2.950,-81.0,0.595,0.127
4162240,A1,0.670,-81.2,0.592,0.124
4162250,A2,2.200,-84.5,0.600,0.124
4162370,A3,2.940,-81.7,0.600,0.134
4162390,A1,0.680,-81.2,0.603,0.136
4162400,A2,2.230,-84.2,0.579,0.136
4162520,A3,2.930,-81.1,0.579,0.146
4162540,A1,0.670,-81.2,0.576,0.144
4162550,A2,2.230,-84.4,0.576,0.144
4162670,A3,2.960,-81.9,0.576,0.115
4162690,A1,0.690,-81.4,0.581,0.119
4162700,A2,2.200,-84.0,0.605,0.119
4162820,A3,2.940,-81.9,0.605,0.139
4162840,A1,0.680,-81.3,0.603,0.136
4162850,A2,2.240,-84.8,0.571,0.136
4162970,A3,2.950,-81.8,0.571,0.127
4162990,A1,0.670,-81.0,0.568,0.124
4163000,A2,2.220,-84.3,0.584,0.124
4163120,A3,2.960,-81.1,0.584,0.115
4163140,A1,0.700,-81.4,0.592,0.121
4163150,A2,2.190,-84.9,0.616,0.121
4163270,A3,2.940,-81.3,0.616,0.141
4163290,A1,0.710,-80.9,0.618,0.143
4163300,A2,2.240,-84.2,0.578,0.143
4163420,A3,2.960,-81.8,0.578,0.124
4163440,A1,0.720,-81.3,0.581,0.126
4163450,A2,2.220,-84.1,0.597,0.126
4163720,A3,2.940,-81.4,0.597,0.146
4163740,A1,0.700,-81.0,0.592,0.141
4163750,A2,2.200,-84.5,0.608,0.141
4163870,A3,2.960,-81.6,0.608,0.121
4163890,A1,0.670,-81.4,0.600,0.115
4163900,A2,2.240,-84.6,0.568,0.115
4164020,A3,2.950,-81.3,0.568,0.124
4164040,A1,0.700,-81.2,0.576,0.131
4164050,A2,2.210,-84.7,0.600,0.131
4164170,A3,2.930,-81.7,0.600,0.151
4164190,A1,0.690,-81.4,0.597,0.149
4164200,A2,2.210,-84.7,0.597,0.149
4164320,A3,2.900,-81.3,0.597,0.178
4164340,A1,0.710,-81.4,0.602,0.182
4164350,A2,2.210,-84.7,0.602,0.182
4164470,A3,2.940,-81.2,0.602,0.143
4164490,A1,0.710,-81.3,0.602,0.143
4164500,A2,2.210,-84.9,0.602,0.143
4164620,A3,2.940,-81.2,0.602,0.143
4164640,A1,0.700,-81.3,0.600,0.141
4164650,A2,2.200,-84.9,0.608,0.141
4164770,A3,2.930,-81.4,0.608,0.151
4164790,A1,0.720,-81.3,0.613,0.156
4164800,A2,2.210,-84.2,0.605,0.156
4164920,A3,2.940,-81.9,0.605,0.146
4164940,A1,0.720,-80.9,0.605,0.146
4164950,A2,2.230,-84.5,0.589,0.146
4165070,A3,2.950,-81.2,0.589,0.136
4165090,A1,0.670,-80.9,0.576,0.124
4165100,A2,2.200,-84.6,0.600,0.124
4165220,A3,2.940,-81.3,0.600,0.134
4165240,A1,0.660,-81.4,0.598,0.132
4165250,A2,2.230,-84.3,0.574,0.132
4165370,A3,2.960,-81.2,0.574,0.112
4165390,A1,0.700,-80.9,0.584,0.121
4165400,A2,2.200,-84.7,0.608,0.121
4165520,A3,2.950,-82.1,0.608,0.131
4165540,A1,0.710,-80.9,0.610,0.134
4165550,A2,2.210,-84.4,0.602,0.134
4165670,A3,2.920,-81.8,0.602,0.163
4165690,A1,0.710,-81.2,0.602,0.163
4165700,A2,2.230,-84.8,0.586,0.163
4165820,A3,2.910,-81.4,0.586,0.173
4165840,A1,0.730,-80.9,0.591,0.177
4165850,A2,2.240,-83.9,0.583,0.177
4165970,A3,2.960,-81.3,0.583,0.129
4165990,A1,0.710,-81.3,0.578,0.124
4166000,A2,2.220,-84.4,0.594,0.124
4166120,A3,2.920,-81.2,0.594,0.163
4166140,A1,0.720,-81.5,0.597,0.165
4166150,A2,2.210,-84.7,0.605,0.165
4166270,A3,2.920,-81.2,0.605,0.165
4166290,A1,0.670,-81.3,0.592,0.154
4166300,A2,2.190,-84.0,0.608,0.154
4166420,A3,2.920,-81.0,0.608,0.154
4166440,A1,0.690,-81.4,0.613,0.158
4166450,A2,2.220,-84.2,0.589,0.158
4166570,A3,2.930,-81.2,0.589,0.149
4166590,A1,0.740,-81.0,0.602,0.160
4166600,A2,2.220,-84.8,0.602,0.160
4166870,A3,2.950,-81.2,0.602,0.141
4166890,A1,0.690,-81.3,0.589,0.129
4166900,A2,2.200,-84.5,0.605,0.129
4167020,A3,2.960,-81.3,0.605,0.119
4167040,A1,0.710,-81.5,0.610,0.124
4167050,A2,2.220,-84.5,0.594,0.124
4167170,A3,2.970,-81.2,0.594,0.114
4167190,A1,0.710,-81.0,0.594,0.114
4167200,A2,2.190,-84.4,0.618,0.114
4167320,A3,2.960,-81.6,0.618,0.124
4167340,A1,0.710,-81.4,0.618,0.124
4167350,A2,2.190,-84.6,0.618,0.124
4167470,A3,2.910,-81.6,0.618,0.173
4167490,A1,0.680,-81.4,0.611,0.166
4167500,A2,2.200,-84.0,0.603,0.166
4167620,A3,2.940,-81.6,0.603,0.136
4167640,A1,0.690,-81.1,0.605,0.139
4167650,A2,2.220,-84.7,0.589,0.139
4167770,A3,2.950,-80.9,0.589,0.129
4167790,A1,0.710,-81.3,0.594,0.134
4167800,A2,2.180,-84.5,0.626,0.134
4167920,A3,2.960,-81.3,0.626,0.124
4167940,A1,0.690,-81.1,0.621,0.119
4167950,A2,2.200,-84.4,0.605,0.119
4168070,A3,2.950,-81.6,0.605,0.129
4168090,A1,0.680,-81.3,0.603,0.127
4168100,A2,2.200,-84.2,0.603,0.127
4168220,A3,2.970,-81.4,0.603,0.107
4168240,A1,0.710,-81.1,0.610,0.114
4168250,A2,2.220,-84.6,0.594,0.114
4168370,A3,2.950,-81.7,0.594,0.134
4168390,A1,0.700,-80.9,0.592,0.131
4168400,A2,2.210,-84.3,0.600,0.131
4168520,A3,2.950,-81.3,0.600,0.131
4168540,A1,0.700,-81.1,0.600,0.131
4168550,A2,2.190,-84.5,0.616,0.131
4168670,A3,2.970,-81.3,0.616,0.112
4168690,A1,0.670,-81.3,0.608,0.105
4168700,A2,2.220,-84.0,0.584,0.105
4168820,A3,2.940,-81.8,0.584,0.134
4168840,A1,0.730,-80.8,0.599,0.148
4168850,A2,2.220,-84.6,0.599,0.148
4168970,A3,2.930,-81.7,0.599,0.158
4168990,A1,0.720,-80.9,0.597,0.156
4169000,A2,2.230,-84.2,0.589,0.156
4169120,A3,2.940,-81.5,0.589,0.146
4169140,A1,0.690,-81.3,0.581,0.139
4169150,A2,2.220,-84.4,0.589,0.139
4169270,A3,2.930,-81.7,0.589,0.149
4169290,A1,0.700,-81.3,0.592,0.151
4169300,A2,2.210,-84.7,0.600,0.151
4169420,A3,2.970,-80.9,0.600,0.112
4169440,A1,0.740,-81.1,0.610,0.121
4169450,A2,2.220,-84.4,0.602,0.121
4169570,A3,2.950,-81.4,0.602,0.141
4169590,A1,0.700,-81.4,0.592,0.131
4169600,A2,2.240,-84.1,0.576,0.131
4169720,A3,2.930,-81.7,0.576,0.151
4169740,A1,0.690,-81.2,0.573,0.149
4169750,A2,2.230,-84.4,0.581,0.149
4170020,A3,2.940,-81.3,0.581,0.139
4170040,A1,0.690,-80.7,0.581,0.139
4170050,A2,2.200,-84.4,0.605,0.139
4170170,A3,2.940,-81.7,0.605,0.139
4170190,A1,0.690,-80.9,0.605,0.139
4170200,A2,2.190,-84.4,0.613,0.139
4170320,A3,2.930,-81.4,0.613,0.149
4170340,A1,0.710,-80.9,0.618,0.153
4170350,A2,2.210,-84.5,0.602,0.153
4170470,A3,2.970,-81.2,0.602,0.114
4170490,A1,0.720,-81.2,0.605,0.116
4170500,A2,2.220,-84.3,0.597,0.116
4170620,A3,2.970,-81.4,0.597,0.116
4170640,A1,0.690,-81.0,0.589,0.109
4170650,A2,2.220,-84.5,0.589,0.109
4170770,A3,2.940,-81.5,0.589,0.139
4170790,A1,0.710,-81.0,0.594,0.143
4170800,A2,2.190,-84.6,0.618,0.143
4170920,A3,2.950,-81.2,0.618,0.134
4170940,A1,0.680,-81.2,0.611,0.127
4170950,A2,2.230,-84.5,0.579,0.127
4171070,A3,2.970,-81.6,0.579,0.107
4171090,A1,0.700,-81.2,0.584,0.112
4171100,A2,2.210,-84.5,0.600,0.112
4171220,A3,2.930,-81.7,0.600,0.151
4171240,A1,0.710,-81.3,0.602,0.153
4171250,A2,2.240,-84.3,0.578,0.153
4171370,A3,2.970,-81.4,0.578,0.114
4171390,A1,0.710,-80.9,0.578,0.114
4171400,A2,2.200,-84.2,0.610,0.114
4171520,A3,2.930,-81.8,0.610,0.153
4171540,A1,0.720,-81.2,0.613,0.156
4171550,A2,2.210,-84.8,0.605,0.156
4171670,A3,2.940,-81.8,0.605,0.146
4171690,A1,0.710,-80.9,0.602,0.143
4171700,A2,2.230,-84.2,0.586,0.143
4171820,A3,2.940,-81.7,0.586,0.143
4171840,A1,0.690,-81.0,0.581,0.139
4171850,A2,2.240,-84.4,0.573,0.139
4171970,A3,2.920,-83.3,0.573,0.158
4171990,A1,0.720,-81.0,0.581,0.165
4172000,A2,2.240,-84.8,0.581,0.165
4172120,A3,2.920,-81.2,0.581,0.165
4172140,A1,0.710,-81.1,0.578,0.163
4172150,A2,2.220,-84.4,0.594,0.163
4172270,A3,2.960,-81.3,0.594,0.124
4172290,A1,0.700,-81.2,0.592,0.121
4172300,A2,2.210,-84.2,0.600,0.121
4172420,A3,2.950,-81.2,0.600,0.131
4172440,A1,0.700,-81.2,0.600,0.131
4172450,A2,2.210,-84.2,0.600,0.131
4172570,A3,2.960,-81.7,0.600,0.121
4172590,A1,0.710,-81.2,0.602,0.124
4172600,A2,2.230,-84.5,0.586,0.124
4172720,A3,2.940,-81.2,0.586,0.143
4172740,A1,0.690,-81.2,0.581,0.139
4172750,A2,2.220,-84.5,0.589,0.139
4172870,A3,2.960,-81.9,0.589,0.119
4172890,A1,0.700,-81.2,0.592,0.121
4173170,A3,2.970,-81.3,0.592,0.112
4173190,A1,0.720,-81.4,0.597,0.116
4173200,A2,2.200,-84.3,0.613,0.116
4173320,A3,2.950,-81.6,0.613,0.136
4173340,A1,0.720,-81.3,0.613,0.136
4173350,A2,2.190,-85.1,0.621,0.136
4173470,A3,2.910,-81.8,0.621,0.175
4173490,A1,0.720,-81.4,0.621,0.175
4173500,A2,2.210,-84.6,0.605,0.175
4173620,A3,2.960,-81.5,0.605,0.126
4173640,A1,0.720,-81.6,0.605,0.126
4173650,A2,2.220,-84.4,0.597,0.126
4173770,A3,2.930,-81.3,0.597,0.156
4173790,A1,0.720,-80.8,0.597,0.156
4173800,A2,2.200,-84.6,0.613,0.156
4173920,A3,2.960,-81.5,0.613,0.126
4173940,A1,0.710,-81.2,0.610,0.124
4173950,A2,2.220,-84.5,0.594,0.124
4174070,A3,2.940,-81.7,0.594,0.143
4174090,A1,0.680,-81.0,0.587,0.136
4174100,A2,2.230,-84.2,0.579,0.136
4174220,A3,2.930,-81.1,0.579,0.146
4174240,A1,0.730,-81.2,0.591,0.158
4174250,A2,2.210,-84.6,0.607,0.158
4174370,A3,2.950,-81.5,0.607,0.138
4174390,A1,0.710,-81.1,0.602,0.134
4174400,A2,2.200,-84.5,0.610,0.134
4174520,A3,2.970,-81.3,0.610,0.114
4174540,A1,0.680,-81.2,0.603,0.107
4174550,A2,2.220,-84.2,0.587,0.107
4174670,A3,2.920,-81.6,0.587,0.156
4174690,A1,0.690,-81.2,0.589,0.158
4174700,A2,2.210,-84.3,0.597,0.158
4174820,A3,2.940,-81.1,0.597,0.139
4174840,A1,0.700,-81.4,0.600,0.141
4174850,A2,2.190,-84.6,0.616,0.141
4174970,A3,2.940,-81.9,0.616,0.141
4174990,A1,0.720,-81.3,0.621,0.146
4175000,A2,2.210,-84.7,0.605,0.146
4175120,A3,2.950,-81.3,0.605,0.136
4175140,A1,0.680,-81.2,0.595,0.127
4175150,A2,2.240,-84.2,0.571,0.127
4175270,A3,2.950,-81.3,0.571,0.127
4175290,A1,0.690,-81.1,0.573,0.129
4175300,A2,2.210,-84.6,0.597,0.129
4175420,A3,2.930,-81.3,0.597,0.149
4175440,A1,0.670,-81.3,0.592,0.144
4175450,A2,2.260,-84.4,0.552,0.144
4175570,A3,2.970,-81.2,0.552,0.105
4175590,A1,0.670,-81.3,0.552,0.105
4175600,A2,2.180,-84.3,0.616,0.105
4175720,A3,2.940,-81.3,0.616,0.134
4175740,A1,0.700,-81.3,0.623,0.141
4175750,A2,2.220,-84.7,0.592,0.141
4175890,A1,0.700,-81.2,0.592,0.141
4175900,A2,2.220,-84.3,0.592,0.141
4176040,A1,0.720,-81.4,0.597,0.146
4176050,A2,2.200,-84.2,0.613,0.146
4176320,A3,2.960,-81.2,0.613,0.126
4176340,A1,0.710,-81.5,0.610,0.124
4176350,A2,2.200,-84.4,0.610,0.124
4176470,A3,2.920,-81.5,0.610,0.163
4176490,A1,0.680,-80.8,0.603,0.156
4176500,A2,2.200,-85.0,0.603,0.156
4176620,A3,2.940,-81.4,0.603,0.136
4176640,A1,0.710,-81.3,0.610,0.143
4176650,A2,2.210,-84.4,0.602,0.143
4176770,A3,2.950,-81.3,0.602,0.134
4176790,A1,0.720,-81.1,0.605,0.136
4176800,A2,2.210,-84.5,0.605,0.136
4176920,A3,2.930,-81.7,0.605,0.156
4176940,A1,0.680,-81.4,0.595,0.146
4176950,A2,2.200,-84.5,0.603,0.146
4177070,A3,2.920,-81.2,0.603,0.156
4177090,A1,0.680,-81.2,0.603,0.156
4177100,A2,2.210,-84.8,0.595,0.156
4177220,A3,2.960,-81.8,0.595,0.117
4177240,A1,0.680,-81.5,0.595,0.117
4177250,A2,2.220,-84.7,0.587,0.117
4177370,A3,2.920,-81.2,0.587,0.156
4177390,A1,0.680,-81.2,0.587,0.156
4177400,A2,2.200,-84.3,0.603,0.156
4177520,A3,2.970,-81.1,0.603,0.107
4177540,A1,0.680,-81.4,0.603,0.107
4177550,A2,2.220,-84.3,0.587,0.107
4177670,A3,2.980,-81.4,0.587,0.097
4177690,A1,0.690,-81.3,0.589,0.099
4177700,A2,2.220,-84.3,0.589,0.099
4177820,A3,2.930,-81.4,0.589,0.149
4177840,A1,0.710,-81.0,0.594,0.153
4177850,A2,2.200,-84.8,0.610,0.153
4177970,A3,2.960,-81.6,0.610,0.124
4177990,A1,0.720,-81.0,0.613,0.126
4178000,A2,2.180,-84.5,0.628,0.126
4178120,A3,2.960,-81.3,0.628,0.126
4178140,A1,0.710,-81.3,0.626,0.124
4178150,A2,2.240,-84.3,0.578,0.124
4178270,A3,2.950,-81.4,0.578,0.134
4178290,A1,0.740,-81.6,0.586,0.141
4178300,A2,2.200,-84.3,0.618,0.141
4178420,A3,2.960,-81.6,0.618,0.131
4178440,A1,0.720,-81.0,0.613,0.126
4178450,A2,2.230,-84.1,0.589,0.126
4178570,A3,2.950,-81.5,0.589,0.136
4178590,A1,0.680,-81.5,0.579,0.127
4178600,A2,2.200,-84.1,0.603,0.127
4178720,A3,2.960,-81.5,0.603,0.117
4178740,A1,0.690,-81.4,0.605,0.119
4178750,A2,2.210,-84.2,0.597,0.119
4178870,A3,2.970,-81.7,0.597,0.109
4178890,A1,0.680,-81.0,0.595,0.107
4178900,A2,2.240,-84.5,0.571,0.107
4179020,A3,2.950,-81.8,0.571,0.127
4179040,A1,0.700,-81.1,0.576,0.131
4179050,A2,2.200,-84.6,0.608,0.131
4179170,A3,2.940,-81.8,0.608,0.141
4179190,A1,0.680,-81.2,0.603,0.136
4179200,A2,2.210,-84.2,0.595,0.136
4179470,A3,2.920,-81.4,0.595,0.156
4179490,A1,0.720,-81.2,0.605,0.165
4179500,A2,2.210,-84.1,0.605,0.165
4179620,A3,2.940,-81.0,0.605,0.146
4179640,A1,0.670,-81.1,0.592,0.134
4179650,A2,2.220,-83.9,0.584,0.134
4179770,A3,2.960,-81.8,0.584,0.115
4179790,A1,0.690,-81.4,0.589,0.119
4179800,A2,2.210,-84.3,0.597,0.119
4179920,A3,2.950,-81.3,0.597,0.129
4179940,A1,0.720,-81.4,0.605,0.136
4179950,A2,2.200,-84.9,0.613,0.136
4180070,A3,2.980,-81.4,0.613,0.106
4180090,A1,0.720,-81.4,0.613,0.106
4180100,A2,2.200,-84.7,0.613,0.106
4180220,A3,2.950,-81.3,0.613,0.136
4180240,A1,0.720,-81.4,0.613,0.136
4180250,A2,2.180,-84.0,0.628,0.136
4180370,A3,2.940,-81.3,0.628,0.146
4180390,A1,0.710,-81.2,0.626,0.143
4180400,A2,2.240,-84.5,0.578,0.143
4180520,A3,2.960,-81.6,0.578,0.124
4180540,A1,0.720,-81.6,0.581,0.126
4180550,A2,2.230,-85.0,0.589,0.126
4180670,A3,2.970,-81.3,0.589,0.116
4180690,A1,0.690,-81.0,0.581,0.109
4180700,A2,2.200,-84.7,0.605,0.109
4180820,A3,2.950,-81.8,0.605,0.129
4180840,A1,0.690,-81.4,0.605,0.129
4180850,A2,2.220,-84.4,0.589,0.129
4180970,A3,2.970,-81.4,0.589,0.109
4180990,A1,0.680,-81.4,0.587,0.107
4181000,A2,2.210,-84.2,0.595,0.107
4181120,A3,2.900,-81.7,0.595,0.175
4181140,A1,0.740,-81.5,0.610,0.190
4181150,A2,2.180,-84.8,0.634,0.190
4181270,A3,2.930,-81.6,0.634,0.160
4181290,A1,0.710,-81.4,0.626,0.153
4181300,A2,2.200,-84.4,0.610,0.153
4181420,A3,2.970,-81.6,0.610,0.114
4181440,A1,0.710,-81.2,0.610,0.114
4181450,A2,2.220,-84.8,0.594,0.114
4181570,A3,2.960,-81.4,0.594,0.124
4181590,A1,0.720,-80.8,0.597,0.126
4181600,A2,2.250,-84.6,0.573,0.126
4181720,A3,2.910,-81.6,0.573,0.175
4181740,A1,0.700,-81.1,0.568,0.170
4181750,A2,2.240,-84.6,0.576,0.170
4181870,A3,2.970,-81.3,0.576,0.112
4181890,A1,0.700,-81.2,0.576,0.112
4181900,A2,2.230,-84.3,0.584,0.112
4182020,A3,2.940,-81.4,0.584,0.141
4182040,A1,0.700,-81.7,0.584,0.141
4182050,A2,2.230,-84.6,0.584,0.141
4182170,A3,2.940,-82.0,0.584,0.141
4182190,A1,0.690,-81.2,0.581,0.139
4182200,A2,2.210,-84.6,0.597,0.139
4182320,A3,2.930,-81.7,0.597,0.149
4182340,A1,0.670,-81.3,0.592,0.144
4182350,A2,2.180,-84.4,0.616,0.144
4182620,A3,2.980,-81.4,0.616,0.095
4182640,A1,0.720,-80.8,0.628,0.106
4182650,A2,2.230,-84.4,0.589,0.106
4182770,A3,2.950,-81.6,0.589,0.136
4182790,A1,0.700,-81.0,0.584,0.131
4182800,A2,2.230,-84.3,0.584,0.131
4182920,A3,2.930,-81.7,0.584,0.151
4182940,A1,0.710,-80.8,0.586,0.153
4182950,A2,2.200,-84.4,0.610,0.153
4183070,A3,2.930,-81.7,0.610,0.153
4183090,A1,0.700,-80.7,0.608,0.151
4183100,A2,2.210,-84.6,0.600,0.151
4183220,A3,2.990,-80.9,0.600,0.092
4183240,A1,0.680,-81.3,0.595,0.087
4183250,A2,2.230,-84.2,0.579,0.087
4183370,A3,2.930,-81.9,0.579,0.146
4183390,A1,0.690,-81.1,0.581,0.149
4183690,A1,0.720,-81.0,0.589,0.156
4183700,A2,2.200,-84.7,0.613,0.156
4183820,A3,2.940,-81.7,0.613,0.146
4183840,A1,0.730,-81.5,0.615,0.148
4183850,A2,2.220,-84.5,0.599,0.148
4183970,A3,2.960,-81.3,0.599,0.129
4183990,A1,0.720,-81.4,0.597,0.126
4184000,A2,2.210,-84.5,0.605,0.126
4184120,A3,2.960,-81.7,0.605,0.126
4184140,A1,0.720,-81.2,0.605,0.126
4184150,A2,2.210,-84.6,0.605,0.126
4184270,A3,2.960,-81.8,0.605,0.126
4184290,A1,0.720,-81.3,0.605,0.126
4184300,A2,2.210,-84.4,0.605,0.126
4184420,A3,2.930,-81.5,0.605,0.156
4184440,A1,0.700,-81.0,0.600,0.151
4184450,A2,2.210,-83.9,0.600,0.151
4184570,A3,2.960,-81.8,0.600,0.121
4184590,A1,0.700,-81.6,0.600,0.121
4184600,A2,2.210,-84.5,0.600,0.121
4184720,A3,2.950,-81.5,0.600,0.131
4184740,A1,0.700,-81.1,0.600,0.131
4184750,A2,2.230,-84.6,0.584,0.131
4184870,A3,2.960,-81.2,0.584,0.121
4184890,A1,0.700,-81.4,0.584,0.121
4184900,A2,2.210,-84.5,0.600,0.121
4185020,A3,2.930,-81.7,0.600,0.151
4185040,A1,0.730,-81.3,0.607,0.158
4185050,A2,2.200,-84.3,0.615,0.158
4185170,A3,2.940,-81.1,0.615,0.148
4185190,A1,0.710,-81.1,0.610,0.143
4185200,A2,2.210,-84.8,0.602,0.143
4185320,A3,2.940,-81.7,0.602,0.143
4185340,A1,0.700,-81.5,0.600,0.141
4185350,A2,2.200,-84.8,0.608,0.141
4185470,A3,2.940,-81.4,0.608,0.141
4185490,A1,0.710,-80.8,0.610,0.143
4185500,A2,2.200,-85.0,0.610,0.143
4185770,A3,2.970,-81.7,0.610,0.114
4185790,A1,0.690,-81.2,0.605,0.109
4185800,A2,2.210,-84.1,0.597,0.109
4185920,A3,2.930,-81.9,0.597,0.149
4185940,A1,0.720,-81.3,0.605,0.156
4185950,A2,2.220,-84.0,0.597,0.156
4186070,A3,2.940,-81.4,0.597,0.146
4186090,A1,0.700,-81.0,0.592,0.141
4186100,A2,2.190,-84.2,0.616,0.141
4186220,A3,2.960,-82.0,0.616,0.121
4186240,A1,0.700,-81.0,0.616,0.121
4186250,A2,2.210,-84.1,0.600,0.121
4186370,A3,2.960,-81.6,0.600,0.121
4186390,A1,0.700,-81.2,0.600,0.121
4186400,A2,2.190,-84.4,0.616,0.121
4186520,A3,2.920,-81.4,0.616,0.161
4186540,A1,0.720,-81.1,0.621,0.165
4186550,A2,2.220,-84.2,0.597,0.165
4186670,A3,2.930,-81.5,0.597,0.156
4186690,A1,0.710,-81.4,0.594,0.153
4186700,A2,2.200,-84.6,0.610,0.153
4186820,A3,2.940,-81.3,0.610,0.143
4186840,A1,0.720,-81.3,0.613,0.146
4186850,A2,2.210,-84.9,0.605,0.146
4186970,A3,2.990,-81.5,0.605,0.096
4186990,A1,0.720,-81.1,0.605,0.096
4187000,A2,2.210,-84.1,0.605,0.096
4187120,A3,2.940,-81.7,0.605,0.146
4187140,A1,0.700,-81.1,0.600,0.141
4187150,A2,2.210,-84.6,0.600,0.141
4187270,A3,2.910,-81.2,0.600,0.170
4187290,A1,0.690,-81.0,0.597,0.168
4187300,A2,2.200,-84.7,0.605,0.168
4187420,A3,2.970,-81.3,0.605,0.109
4187440,A1,0.700,-81.4,0.608,0.112
4187450,A2,2.190,-84.2,0.616,0.112
4187570,A3,2.950,-81.6,0.616,0.131
4187590,A1,0.710,-81.2,0.618,0.134
4187600,A2,2.220,-84.2,0.594,0.134
4187720,A3,2.920,-81.2,0.594,0.163
4187740,A1,0.710,-81.0,0.594,0.163
4187750,A2,2.210,-84.3,0.602,0.163
4187870,A3,2.930,-81.3,0.602,0.153
4187890,A1,0.700,-80.9,0.600,0.151
4187900,A2,2.200,-84.5,0.608,0.151
4188020,A3,2.940,-81.7,0.608,0.141
4188040,A1,0.680,-81.0,0.603,0.136
4188050,A2,2.230,-84.7,0.579,0.136
4188170,A3,2.950,-81.0,0.579,0.127
4188190,A1,0.680,-81.3,0.579,0.127
4188200,A2,2.200,-84.7,0.603,0.127
4188320,A3,2.960,-81.1,0.603,0.117
4188340,A1,0.650,-81.2,0.595,0.110
4188350,A2,2.190,-84.6,0.603,0.110
4188470,A3,2.930,-81.0,0.603,0.140
4188490,A1,0.660,-81.2,0.606,0.142
4188500,A2,2.220,-84.2,0.582,0.142
4188620,A3,2.960,-81.4,0.582,0.112
4188640,A1,0.690,-81.4,0.589,0.119
4188650,A2,2.210,-84.4,0.597,0.119
4188920,A3,2.930,-81.8,0.597,0.149
4188940,A1,0.710,-81.6,0.602,0.153
4188950,A2,2.180,-84.4,0.626,0.153
4189070,A3,2.940,-82.9,0.626,0.143
4189090,A1,0.700,-81.4,0.623,0.141
4189100,A2,2.210,-84.6,0.600,0.141
4189220,A3,2.930,-81.3,0.600,0.151
4189240,A1,0.700,-81.2,0.600,0.151
4189250,A2,2.210,-84.3,0.600,0.151
4189370,A3,2.940,-81.9,0.600,0.141
4189390,A1,0.690,-81.2,0.597,0.139
4189400,A2,2.210,-84.2,0.597,0.139
4189520,A3,2.960,-81.8,0.597,0.119
4189540,A1,0.710,-80.9,0.602,0.124
4189550,A2,2.190,-84.8,0.618,0.124
4189670,A3,2.960,-81.1,0.618,0.124
4189690,A1,0.680,-81.3,0.611,0.117
4189700,A2,2.200,-84.7,0.603,0.117
4189820,A3,2.920,-81.6,0.603,0.156
4189840,A1,0.690,-80.8,0.605,0.158
4190120,A3,2.950,-81.8,0.605,0.129
4190140,A1,0.710,-80.8,0.610,0.134
4190150,A2,2.230,-84.6,0.586,0.134
4190270,A3,2.900,-81.1,0.586,0.182
4190290,A1,0.690,-81.4,0.581,0.178
4190300,A2,2.210,-84.2,0.597,0.178
4190420,A3,2.910,-81.1,0.597,0.168
4190440,A1,0.710,-81.1,0.602,0.173
4190450,A2,2.210,-84.3,0.602,0.173
4190570,A3,2.970,-80.9,0.602,0.114
4190590,A1,0.680,-81.2,0.595,0.107
4190600,A2,2.210,-84.0,0.595,0.107
4190720,A3,2.950,-81.9,0.595,0.127
4190740,A1,0.670,-81.3,0.592,0.124
4190750,A2,2.230,-84.2,0.576,0.124
4190870,A3,2.950,-81.4,0.576,0.124
4190890,A1,0.690,-81.1,0.581,0.129
4190900,A2,2.190,-84.3,0.613,0.129
4191020,A3,2.950,-81.4,0.613,0.129
4191040,A1,0.680,-81.0,0.611,0.127
4191050,A2,2.200,-84.3,0.603,0.127
4191170,A3,2.920,-81.6,0.603,0.156
4191190,A1,0.730,-81.6,0.615,0.168
4191200,A2,2.210,-84.4,0.607,0.168
4191320,A3,2.970,-81.2,0.607,0.119
4191340,A1,0.720,-81.0,0.605,0.116
4191350,A2,2.210,-84.6,0.605,0.116
4191470,A3,2.950,-81.1,0.605,0.136
4191490,A1,0.680,-81.2,0.595,0.127
4191500,A2,2.200,-84.3,0.603,0.127
4191770,A3,2.950,-81.6,0.603,0.127
4191790,A1,0.710,-80.9,0.610,0.134
4191800,A2,2.190,-84.0,0.618,0.134
4192070,A3,2.930,-81.6,0.618,0.153
4192090,A1,0.700,-81.6,0.616,0.151
4192100,A2,2.210,-84.4,0.600,0.151
4192220,A3,2.980,-81.2,0.600,0.102
4192240,A1,0.720,-81.5,0.605,0.106
4192250,A2,2.220,-84.1,0.597,0.106
4192370,A3,2.960,-81.1,0.597,0.126
4192390,A1,0.700,-81.2,0.592,0.121
4192400,A2,2.210,-84.9,0.600,0.121
4192520,A3,2.950,-81.7,0.600,0.131
4192540,A1,0.680,-80.9,0.595,0.127
4192550,A2,2.230,-84.2,0.579,0.127
4192670,A3,2.950,-81.2,0.579,0.127
4192690,A1,0.720,-81.5,0.589,0.136
4192700,A2,2.210,-84.1,0.605,0.136
4192820,A3,2.920,-81.7,0.605,0.165
4192840,A1,0.680,-81.2,0.595,0.156
4192850,A2,2.210,-84.6,0.595,0.156
4193120,A3,2.960,-81.8,0.595,0.117
4193140,A1,0.700,-81.2,0.600,0.121
4193150,A2,2.220,-85.1,0.592,0.121
4193270,A3,2.930,-81.8,0.592,0.151
4193290,A1,0.690,-81.0,0.589,0.149
4193300,A2,2.210,-84.7,0.597,0.149
4193420,A3,2.940,-81.4,0.597,0.139
4193440,A1,0.680,-80.9,0.595,0.136
4193450,A2,2.190,-84.6,0.611,0.136
4193570,A3,2.950,-81.8,0.611,0.127
4193590,A1,0.700,-81.2,0.616,0.131
4193600,A2,2.220,-84.1,0.592,0.131
4193720,A3,2.940,-81.2,0.592,0.141
4193740,A1,0.720,-81.4,0.597,0.146
4193750,A2,2.210,-84.8,0.605,0.146
4193870,A3,2.960,-81.1,0.605,0.126
4193890,A1,0.710,-81.2,0.602,0.124
4193900,A2,2.200,-84.2,0.610,0.124
4194020,A3,2.970,-81.8,0.610,0.114
4194040,A1,0.720,-80.9,0.613,0.116
4194050,A2,2.200,-84.3,0.613,0.116
4194170,A3,2.930,-81.9,0.613,0.156
4194190,A1,0.700,-81.5,0.608,0.151
4194200,A2,2.210,-84.9,0.600,0.151
4194320,A3,2.950,-81.6,0.600,0.131
4194340,A1,0.710,-81.2,0.602,0.134
4194350,A2,2.200,-84.8,0.610,0.134
4194470,A3,2.930,-81.2,0.610,0.153
4194490,A1,0.710,-81.2,0.610,0.153
4194500,A2,2.190,-84.8,0.618,0.153
4194620,A3,2.950,-81.1,0.618,0.134
4194640,A1,0.710,-81.4,0.618,0.134
4194650,A2,2.210,-84.2,0.602,0.134
4194770,A3,2.950,-81.3,0.602,0.134
4194790,A1,0.720,-81.0,0.605,0.136
4194800,A2,2.240,-84.5,0.581,0.136
4194920,A3,2.940,-81.5,0.581,0.146
4194940,A1,0.710,-81.2,0.578,0.143
4194950,A2,2.200,-84.7,0.610,0.143
4195220,A3,2.950,-81.6,0.610,0.134
4195240,A1,0.690,-81.2,0.605,0.129
4195250,A2,2.200,-84.7,0.605,0.129
4195370,A3,2.920,-81.8,0.605,0.158
4195390,A1,0.710,-81.1,0.610,0.163
4195670,A3,2.940,-81.3,0.610,0.143
4195690,A1,0.720,-81.3,0.613,0.146
4195700,A2,2.190,-84.7,0.621,0.146
4195820,A3,2.930,-81.9,0.621,0.156
4195840,A1,0.680,-81.3,0.611,0.146
4195850,A2,2.220,-84.7,0.587,0.146
4195970,A3,2.960,-81.8,0.587,0.117
4195990,A1,0.710,-80.8,0.594,0.124
4196000,A2,2.210,-84.5,0.602,0.124
4196120,A3,2.920,-81.1,0.602,0.163
4196140,A1,0.690,-81.2,0.597,0.158
4196150,A2,2.200,-84.2,0.605,0.158
4196270,A3,2.950,-81.6,0.605,0.129
4196290,A1,0.700,-81.1,0.608,0.131
4196300,A2,2.210,-84.1,0.600,0.131
4196420,A3,2.950,-82.1,0.600,0.131
4196440,A1,0.690,-81.6,0.597,0.129
4196450,A2,2.210,-84.2,0.597,0.129
4196570,A3,2.950,-81.6,0.597,0.129
4196590,A1,0.680,-81.4,0.595,0.127
4196600,A2,2.220,-84.4,0.587,0.127
4196720,A3,2.940,-81.4,0.587,0.136
4196740,A1,0.680,-81.5,0.587,0.136
4196750,A2,2.210,-84.6,0.595,0.136
4196870,A3,2.960,-81.4,0.595,0.117
4196890,A1,0.680,-81.4,0.595,0.117
4196900,A2,2.220,-84.2,0.587,0.117
4197020,A3,2.960,-81.7,0.587,0.117
4197040,A1,0.680,-81.4,0.587,0.117
4197050,A2,2.210,-84.0,0.595,0.117
4197170,A3,2.940,-81.5,0.595,0.136
4197190,A1,0.700,-81.8,0.600,0.141
4197200,A2,2.230,-84.6,0.584,0.141
4197320,A3,2.930,-82.1,0.584,0.151
4197340,A1,0.710,-81.8,0.586,0.153
4197350,A2,2.220,-84.1,0.594,0.153
4197470,A3,2.940,-81.8,0.594,0.143
4197490,A1,0.730,-81.3,0.599,0.148
4197500,A2,2.230,-84.5,0.591,0.148
4197640,A1,0.700,-81.6,0.584,0.141
4197650,A2,2.200,-84.6,0.608,0.141
4197790,A1,0.690,-81.7,0.605,0.139
4197800,A2,2.190,-84.6,0.613,0.139
4197920,A3,2.900,-82.4,0.613,0.178
4197940,A1,0.700,-81.9,0.616,0.180
4197950,A2,2.210,-84.6,0.600,0.180
4198070,A3,2.930,-81.6,0.600,0.151
4198090,A1,0.670,-81.9,0.592,0.144
4198100,A2,2.210,-84.4,0.592,0.144
4198370,A3,2.890,-82.4,0.592,0.183
4198390,A1,0.690,-81.6,0.597,0.187
4198400,A2,2.230,-84.1,0.581,0.187
4198520,A3,2.950,-82.6,0.581,0.129
4198540,A1,0.690,-81.6,0.581,0.129
4198550,A2,2.210,-84.3,0.597,0.129
4198670,A3,2.960,-81.7,0.597,0.119
4198690,A1,0.660,-81.5,0.590,0.112
4198700,A2,2.220,-84.1,0.582,0.112
4198820,A3,2.930,-82.3,0.582,0.142
4198840,A1,0.700,-81.6,0.592,0.151
4198850,A2,2.220,-84.5,0.592,0.151
4198970,A3,2.950,-82.6,0.592,0.131
4198990,A1,0.720,-81.2,0.597,0.136
4199000,A2,2.200,-84.0,0.613,0.136
4199120,A3,2.940,-81.7,0.613,0.146
4199140,A1,0.710,-81.4,0.610,0.143
4199150,A2,2.210,-84.9,0.602,0.143
4199270,A3,2.940,-81.8,0.602,0.143
4199290,A1,0.710,-81.7,0.602,0.143
4199300,A2,2.210,-84.1,0.602,0.143
4199420,A3,2.950,-82.3,0.602,0.134
4199440,A1,0.710,-81.7,0.602,0.134
4199450,A2,2.220,-84.2,0.594,0.134
4199570,A3,2.940,-81.8,0.594,0.143
4199590,A1,0.740,-81.3,0.602,0.151
4199600,A2,2.220,-84.3,0.602,0.151
4199720,A3,2.920,-84.5,0.602,0.170
4199740,A1,0.700,-81.9,0.592,0.161
4199750,A2,2.210,-85.3,0.600,0.161
4199870,A3,2.930,-82.5,0.600,0.151
4199890,A1,0.700,-81.7,0.600,0.151
4199900,A2,2.220,-84.8,0.592,0.151
4200020,A3,2.960,-81.8,0.592,0.121
4200040,A1,0.720,-81.4,0.597,0.126
4200050,A2,2.220,-84.2,0.597,0.126
4200170,A3,2.970,-81.3,0.597,0.116
4200190,A1,0.720,-81.6,0.597,0.116
4200470,A3,2.940,-81.9,0.597,0.146
4200490,A1,0.680,-81.1,0.587,0.136
4200500,A2,2.200,-84.4,0.603,0.136
4200620,A3,2.960,-82.2,0.603,0.117
4200640,A1,0.690,-80.9,0.605,0.119
4200650,A2,2.210,-84.4,0.597,0.119
4200770,A3,2.910,-81.9,0.597,0.168
4200790,A1,0.700,-81.0,0.600,0.170
4200800,A2,2.230,-84.5,0.584,0.170
4200920,A3,2.920,-82.2,0.584,0.161
4200940,A1,0.720,-81.0,0.589,0.165
4200950,A2,2.220,-84.2,0.597,0.165
4201070,A3,2.910,-81.9,0.597,0.175
4201090,A1,0.700,-81.5,0.592,0.170
4201100,A2,2.210,-84.3,0.600,0.170
4201220,A3,2.940,-82.2,0.600,0.141
4201240,A1,0.670,-81.6,0.592,0.134
4201250,A2,2.220,-83.8,0.584,0.134
4201520,A3,2.940,-81.8,0.584,0.134
4201540,A1,0.690,-81.4,0.589,0.139
4201550,A2,2.210,-84.1,0.597,0.139
4201670,A3,2.940,-82.1,0.597,0.139
4201690,A1,0.690,-81.4,0.597,0.139
4201700,A2,2.200,-84.5,0.605,0.139
4201820,A3,2.930,-81.8,0.605,0.149
4201840,A1,0.660,-81.3,0.598,0.142
4201850,A2,2.210,-84.3,0.590,0.142
4201970,A3,2.970,-82.1,0.590,0.102
4201990,A1,0.710,-81.7,0.602,0.114
4202000,A2,2.210,-84.1,0.602,0.114
4202120,A3,2.930,-81.9,0.602,0.153
4202140,A1,0.720,-81.4,0.605,0.156
4202150,A2,2.200,-84.1,0.613,0.156
4202270,A3,2.900,-81.6,0.613,0.185
4202290,A1,0.720,-81.4,0.613,0.185
4202300,A2,2.210,-83.9,0.605,0.185
4202420,A3,2.930,-81.6,0.605,0.156
4202440,A1,0.720,-81.5,0.605,0.156
4202450,A2,2.230,-84.0,0.589,0.156
4202570,A3,2.940,-82.2,0.589,0.146
4202590,A1,0.720,-81.7,0.589,0.146
4202600,A2,2.210,-84.4,0.605,0.146
4202720,A3,2.990,-82.3,0.605,0.096
4202740,A1,0.710,-81.2,0.602,0.094
4202750,A2,2.210,-84.4,0.602,0.094
4202870,A3,2.910,-81.5,0.602,0.173
4202890,A1,0.690,-81.3,0.597,0.168
4202900,A2,2.200,-84.1,0.605,0.168
4203020,A3,2.930,-81.8,0.605,0.149
4203040,A1,0.700,-81.1,0.608,0.151
4203050,A2,2.220,-84.3,0.592,0.151
4203170,A3,2.940,-81.5,0.592,0.141
4203190,A1,0.710,-81.1,0.594,0.143
4203200,A2,2.210,-84.2,0.602,0.143
4203320,A3,2.930,-81.8,0.602,0.153
4203340,A1,0.710,-81.5,0.602,0.153
4203350,A2,2.220,-84.1,0.594,0.153
4203470,A3,2.980,-81.8,0.594,0.104
4203490,A1,0.720,-81.5,0.597,0.106
4203500,A2,2.220,-83.9,0.597,0.106
4203620,A3,2.970,-81.9,0.597,0.116
4203640,A1,0.720,-81.6,0.597,0.116
4203650,A2,2.220,-84.4,0.597,0.116
4203770,A3,2.950,-81.5,0.597,0.136
4203790,A1,0.720,-81.7,0.597,0.136
4203800,A2,2.220,-84.0,0.597,0.136
4203920,A3,2.940,-81.8,0.597,0.146
4203940,A1,0.670,-81.2,0.584,0.134
4203950,A2,2.220,-84.1,0.584,0.134
4204070,A3,2.910,-81.6,0.584,0.163
4204090,A1,0.670,-81.6,0.584,0.163
4204100,A2,2.210,-84.3,0.592,0.163
4204220,A3,2.950,-82.1,0.592,0.124
4204240,A1,0.670,-81.3,0.592,0.124
4204250,A2,2.230,-84.0,0.576,0.124
4204370,A3,2.970,-82.0,0.576,0.105
4204390,A1,0.690,-81.3,0.581,0.109
4204400,A2,2.210,-84.3,0.597,0.109
4204670,A3,2.930,-81.9,0.597,0.149
4204690,A1,0.720,-81.4,0.605,0.156
4204700,A2,2.220,-84.1,0.597,0.156
4204820,A3,2.960,-82.1,0.597,0.126
4204840,A1,0.700,-81.2,0.592,0.121
4204850,A2,2.220,-84.6,0.592,0.121
4205120,A3,2.940,-81.8,0.592,0.141
4205140,A1,0.700,-81.6,0.592,0.141
4205150,A2,2.190,-84.1,0.616,0.141
4205270,A3,2.940,-82.0,0.616,0.141
4205290,A1,0.680,-81.5,0.611,0.136
4205300,A2,2.220,-84.1,0.587,0.136
4205420,A3,2.950,-81.9,0.587,0.127
4205440,A1,0.670,-81.5,0.584,0.124
4205450,A2,2.220,-84.0,0.584,0.124
4205570,A3,2.970,-81.5,0.584,0.105
4205590,A1,0.710,-81.6,0.594,0.114
4205600,A2,2.220,-84.4,0.594,0.114
4205720,A3,2.940,-81.9,0.594,0.143
4205740,A1,0.680,-81.5,0.587,0.136
4205750,A2,2.210,-84.0,0.595,0.136
4205870,A3,2.940,-81.5,0.595,0.136
4205890,A1,0.660,-81.6,0.590,0.132
4205900,A2,2.220,-84.1,0.582,0.132
4206020,A3,2.930,-81.7,0.582,0.142
4206040,A1,0.690,-81.4,0.589,0.149
4206050,A2,2.210,-84.3,0.597,0.149
4206170,A3,2.930,-82.1,0.597,0.149
4206190,A1,0.710,-81.8,0.602,0.153
4206200,A2,2.210,-84.2,0.602,0.153
4206320,A3,2.940,-81.8,0.602,0.143
4206340,A1,0.710,-81.3,0.602,0.143
4206350,A2,2.200,-84.6,0.610,0.143
4206470,A3,2.960,-81.9,0.610,0.124
4206490,A1,0.720,-81.4,0.613,0.126
4206500,A2,2.210,-84.5,0.605,0.126
4206620,A3,2.920,-81.7,0.605,0.165
4206640,A1,0.680,-81.2,0.595,0.156
4206650,A2,2.210,-84.1,0.595,0.156
4206770,A3,2.960,-82.0,0.595,0.117
4206800,A2,2.230,-83.9,0.579,0.117
4206950,A2,2.220,-84.5,0.587,0.117
4207070,A3,2.950,-82.0,0.587,0.127
4207090,A1,0.700,-81.3,0.592,0.131
4207100,A2,2.220,-84.6,0.592,0.131
4207220,A3,2.960,-81.6,0.592,0.121
4207240,A1,0.720,-81.3,0.597,0.126
4207250,A2,2.210,-84.2,0.605,0.126
4207370,A3,2.940,-81.9,0.605,0.146
4207390,A1,0.700,-81.6,0.600,0.141
4207400,A2,2.200,-84.6,0.608,0.141
4207520,A3,2.970,-81.8,0.608,0.112
4207540,A1,0.680,-81.7,0.603,0.107
4207550,A2,2.210,-83.9,0.595,0.107
4207820,A3,2.940,-82.3,0.595,0.136
4207840,A1,0.700,-80.8,0.600,0.141
4207850,A2,2.220,-84.3,0.592,0.141
4207970,A3,2.920,-82.4,0.592,0.161
4207990,A1,0.690,-81.4,0.589,0.158
4208000,A2,2.210,-85.0,0.597,0.158
4208120,A3,2.900,-81.9,0.597,0.178
4208140,A1,0.700,-81.1,0.600,0.180
4208150,A2,2.210,-84.6,0.600,0.180
4208270,A3,2.960,-82.2,0.600,0.121
4208290,A1,0.700,-81.3,0.600,0.121
4208300,A2,2.210,-84.2,0.600,0.121
4208420,A3,2.920,-82.5,0.600,0.161
4208440,A1,0.740,-81.4,0.610,0.170
4208450,A2,2.220,-84.1,0.602,0.170
4208570,A3,2.930,-82.3,0.602,0.160
4208590,A1,0.700,-81.0,0.592,0.151
4208600,A2,2.230,-84.3,0.584,0.151
4208720,A3,2.960,-82.5,0.584,0.121
4208740,A1,0.700,-81.0,0.584,0.121
4208750,A2,2.210,-84.5,0.600,0.121
4208870,A3,2.910,-82.1,0.600,0.170
4208890,A1,0.700,-81.2,0.600,0.170
4208900,A2,2.220,-84.4,0.592,0.170
4209020,A3,2.900,-82.6,0.592,0.180
4209040,A1,0.690,-81.4,0.589,0.178
4209050,A2,2.210,-84.1,0.597,0.178
4209170,A3,2.910,-82.9,0.597,0.168
4209190,A1,0.710,-81.4,0.602,0.173
4209200,A2,2.220,-84.4,0.594,0.173
4209320,A3,2.930,-82.2,0.594,0.153
4209340,A1,0.690,-81.6,0.589,0.149
4209350,A2,2.210,-84.2,0.597,0.149
4209470,A3,2.940,-82.3,0.597,0.139
4209490,A1,0.720,-81.1,0.605,0.146
4209500,A2,2.220,-84.5,0.597,0.146
4209620,A3,2.900,-82.8,0.597,0.185
4209640,A1,0.700,-81.5,0.592,0.180
4209650,A2,2.210,-84.6,0.600,0.180
4209770,A3,2.940,-82.7,0.600,0.141
4209790,A1,0.700,-81.1,0.600,0.141
4209800,A2,2.210,-84.3,0.600,0.141
4209920,A3,2.910,-82.3,0.600,0.170
4209940,A1,0.720,-81.4,0.605,0.175
4209950,A2,2.220,-84.3,0.597,0.175
4210070,A3,2.910,-82.6,0.597,0.175
4210090,A1,0.710,-81.3,0.594,0.173
4210100,A2,2.210,-84.5,0.602,0.173
4210220,A3,2.910,-82.5,0.602,0.173
4210240,A1,0.700,-81.1,0.600,0.170
4210250,A2,2.220,-83.8,0.592,0.170
4210370,A3,2.940,-85.5,0.592,0.141
4210390,A1,0.710,-81.9,0.594,0.143
4210400,A2,2.210,-84.7,0.602,0.143
4210520,A3,2.940,-82.4,0.602,0.143
4210540,A1,0.680,-81.0,0.595,0.136
4210550,A2,2.210,-84.7,0.595,0.136
4210670,A3,2.920,-82.7,0.595,0.156
4210690,A1,0.700,-81.4,0.600,0.161
4210700,A2,2.240,-84.1,0.576,0.161
4210970,A3,2.890,-82.5,0.576,0.190
4210990,A1,0.720,-81.4,0.581,0.194
4211000,A2,2.210,-84.2,0.605,0.194
4211120,A3,2.940,-82.5,0.605,0.146
4211140,A1,0.720,-81.3,0.605,0.146
4211150,A2,2.210,-84.8,0.605,0.146
4211270,A3,2.930,-83.0,0.605,0.156
4211290,A1,0.690,-81.6,0.597,0.149
4211300,A2,2.180,-84.2,0.621,0.149
4211420,A3,2.950,-82.2,0.621,0.129
4211440,A1,0.700,-81.2,0.623,0.131
4211450,A2,2.210,-84.0,0.600,0.131
4211570,A3,2.930,-82.9,0.600,0.151
4211590,A1,0.690,-81.1,0.597,0.149
4211600,A2,2.220,-84.1,0.589,0.149
4211720,A3,2.900,-82.9,0.589,0.178
4211740,A1,0.710,-81.4,0.594,0.182
4211750,A2,2.220,-83.9,0.594,0.182
4211870,A3,2.920,-82.9,0.594,0.163
4211890,A1,0.680,-81.7,0.587,0.156
4211900,A2,2.210,-84.2,0.595,0.156
4212020,A3,2.930,-82.3,0.595,0.146
4212040,A1,0.720,-81.5,0.605,0.156
4212050,A2,2.210,-84.2,0.605,0.156
4212170,A3,2.940,-82.2,0.605,0.146
4212190,A1,0.700,-80.9,0.600,0.141
4212200,A2,2.200,-84.4,0.608,0.141
4212320,A3,2.910,-82.3,0.608,0.170
4212340,A1,0.680,-81.4,0.603,0.166
4212350,A2,2.220,-84.0,0.587,0.166
4212470,A3,2.930,-82.8,0.587,0.146
4212490,A1,0.690,-81.7,0.589,0.149
4212500,A2,2.210,-84.5,0.597,0.149
4212620,A3,2.910,-82.7,0.597,0.168
4212640,A1,0.690,-81.3,0.597,0.168
4212650,A2,2.210,-84.0,0.597,0.168
4212770,A3,2.930,-82.3,0.597,0.149
4212790,A1,0.720,-81.3,0.605,0.156
4212800,A2,2.220,-84.4,0.597,0.156
4212920,A3,2.900,-82.3,0.597,0.185
4212940,A1,0.700,-81.4,0.592,0.180
4212950,A2,2.230,-84.0,0.584,0.180
4213070,A3,2.930,-82.5,0.584,0.151
4213090,A1,0.680,-81.5,0.579,0.146
4213100,A2,2.210,-84.2,0.595,0.146
4213220,A3,2.970,-82.4,0.595,0.107
4213240,A1,0.700,-81.5,0.600,0.112
4213250,A2,2.200,-84.4,0.608,0.112
4213370,A3,2.930,-82.1,0.608,0.151
4213390,A1,0.690,-81.0,0.605,0.149
4213400,A2,2.210,-84.8,0.597,0.149
4213520,A3,2.910,-82.1,0.597,0.168
4213540,A1,0.720,-80.8,0.605,0.175
4213550,A2,2.210,-84.5,0.605,0.175
4213670,A3,2.930,-82.1,0.605,0.156
4213690,A1,0.690,-81.2,0.597,0.149
4213700,A2,2.210,-84.7,0.597,0.149
4213820,A3,2.960,-82.0,0.597,0.119
4213840,A1,0.680,-81.1,0.595,0.117
4213850,A2,2.210,-84.9,0.595,0.117
4214120,A3,2.950,-81.9,0.595,0.127
4214140,A1,0.690,-81.1,0.597,0.129
4214150,A2,2.190,-84.9,0.613,0.129
4214270,A3,2.920,-82.1,0.613,0.158
4214290,A1,0.680,-81.0,0.611,0.156
4214300,A2,2.220,-84.3,0.587,0.156
4214420,A3,2.900,-82.2,0.587,0.175
4214440,A1,0.680,-81.5,0.587,0.175
4214450,A2,2.210,-84.7,0.595,0.175
4214570,A3,2.920,-82.4,0.595,0.156
4214590,A1,0.690,-81.4,0.597,0.158
4214600,A2,2.220,-83.9,0.589,0.158
4214720,A3,2.920,-82.3,0.589,0.158
4214740,A1,0.730,-81.4,0.599,0.168
4214750,A2,2.210,-84.3,0.607,0.168
4214870,A3,2.920,-82.8,0.607,0.168
4214890,A1,0.700,-81.3,0.600,0.161
4214900,A2,2.210,-84.7,0.600,0.161
4215020,A3,2.900,-81.9,0.600,0.180
4215040,A1,0.710,-81.2,0.602,0.182
4215050,A2,2.190,-84.7,0.618,0.182
4215170,A3,2.910,-82.3,0.618,0.173
4215190,A1,0.730,-81.2,0.623,0.177
4215200,A2,2.220,-83.9,0.599,0.177
4215320,A3,2.920,-82.4,0.599,0.168
4215340,A1,0.710,-81.2,0.594,0.163
4215350,A2,2.210,-84.3,0.602,0.163
4215470,A3,2.940,-82.2,0.602,0.143
4215490,A1,0.700,-81.0,0.600,0.141
4215500,A2,2.210,-83.8,0.600,0.141
4215620,A3,2.930,-82.1,0.600,0.151
4215640,A1,0.690,-81.2,0.597,0.149
4215650,A2,2.200,-84.5,0.605,0.149
4215770,A3,2.900,-82.3,0.605,0.178
4215790,A1,0.710,-80.7,0.610,0.182
4215800,A2,2.210,-84.3,0.602,0.182
4215920,A3,2.930,-81.9,0.602,0.153
4215940,A1,0.730,-81.1,0.607,0.158
4215950,A2,2.190,-84.6,0.623,0.158
4216070,A3,2.960,-81.7,0.623,0.129
4216090,A1,0.700,-81.4,0.616,0.121
4216100,A2,2.220,-84.4,0.592,0.121
4216220,A3,2.920,-82.1,0.592,0.161
4216240,A1,0.690,-81.2,0.589,0.158
4216250,A2,2.210,-84.0,0.597,0.158
4216370,A3,2.930,-81.7,0.597,0.149
4216390,A1,0.700,-81.8,0.600,0.151
4216400,A2,2.210,-84.2,0.600,0.151
4216520,A3,2.970,-81.6,0.600,0.112
4216540,A1,0.660,-81.4,0.590,0.102
4216550,A2,2.220,-84.5,0.582,0.102
4216670,A3,2.940,-82.2,0.582,0.132
4216690,A1,0.690,-81.2,0.589,0.139
4216700,A2,2.210,-84.1,0.597,0.139
4216820,A3,2.940,-81.4,0.597,0.139
4216840,A1,0.690,-81.4,0.597,0.139
4216850,A2,2.210,-84.2,0.597,0.139
4216970,A3,2.950,-81.6,0.597,0.129
4216990,A1,0.680,-81.0,0.595,0.127
4217000,A2,2.230,-84.5,0.579,0.127
4217270,A3,2.960,-82.4,0.579,0.117
4217290,A1,0.690,-81.7,0.581,0.119
4217300,A2,2.220,-84.3,0.589,0.119
4217420,A3,2.930,-82.2,0.589,0.149
4217440,A1,0.700,-81.2,0.592,0.151
4217450,A2,2.190,-83.9,0.616,0.151
4217570,A3,2.920,-81.7,0.616,0.161
4217590,A1,0.680,-80.9,0.611,0.156
4217600,A2,2.210,-83.9,0.595,0.156
4217720,A3,2.900,-81.9,0.595,0.175
4217740,A1,0.700,-80.9,0.600,0.180
4217750,A2,2.230,-83.9,0.584,0.180
4217870,A3,2.960,-82.3,0.584,0.121
4217890,A1,0.680,-81.3,0.579,0.117
4217900,A2,2.220,-84.0,0.587,0.117
