timestamp_ms,anchor,distance_m,rxPower_dBm,x_calculated_m,y_calculated_m
2789150,A3,2.540,-80.0,2.021,2.026
2789170,A2,2.490,-82.0,2.003,2.026
2789180,A1,3.080,-82.1,1.981,2.006
2789300,A3,2.550,-80.2,1.981,1.997
2789320,A2,2.450,-81.5,2.017,1.997
2789330,A1,3.070,-82.2,2.006,1.987
2789450,A3,2.530,-80.0,2.006,2.004
2789470,A2,2.470,-82.0,1.988,2.004
2789480,A1,3.100,-82.2,2.021,2.035
2789600,A3,2.590,-79.8,2.021,1.984
2789620,A2,2.470,-81.5,2.021,1.984
2789630,A1,3.080,-82.2,1.999,1.963
2789750,A3,2.550,-80.1,1.999,1.997
2789770,A2,2.450,-82.0,2.017,1.997
2789780,A1,3.090,-82.1,2.028,2.008
2789900,A3,2.520,-80.1,2.028,2.033
2789920,A2,2.470,-81.7,2.010,2.033
2789930,A1,3.070,-82.1,1.988,2.012
2790050,A3,2.540,-80.2,1.988,1.996
2790070,A2,2.480,-81.6,1.979,1.996
2790080,A1,3.080,-82.4,1.990,2.006
2790200,A3,2.520,-80.4,1.990,2.023
2790220,A2,2.450,-81.9,2.017,2.023
2790230,A1,3.090,-82.2,2.028,2.033
2790350,A3,2.510,-80.4,2.028,2.041
2790370,A2,2.460,-82.0,2.019,2.041
2790380,A1,3.090,-82.3,2.019,2.041
2790500,A3,2.540,-80.3,2.019,2.016
2790520,A2,2.450,-81.5,2.028,2.016
2790530,A1,3.080,-82.2,2.017,2.006
2790650,A3,2.570,-79.9,2.017,1.980
2790670,A2,2.450,-81.4,2.017,1.980
2790680,A1,3.100,-82.4,2.039,2.001
2790800,A3,2.510,-80.3,2.039,2.052
2790820,A2,2.450,-82.0,2.039,2.052
2790830,A1,3.060,-82.7,1.995,2.011
2790950,A3,2.530,-80.1,1.995,1.994
2790970,A2,2.440,-81.6,2.003,1.994
2790980,A1,3.100,-82.6,2.048,2.035
2791100,A3,2.540,-80.2,2.048,2.026
2791120,A2,2.450,-81.7,2.039,2.026
2791130,A1,3.090,-82.8,2.028,2.016
2791250,A3,2.540,-80.3,2.028,2.016
2791270,A2,2.440,-81.5,2.036,2.016
2791280,A1,3.060,-82.6,2.003,1.985
2791400,A3,2.550,-80.0,2.003,1.977
2791420,A2,2.480,-82.1,1.968,1.977
2791430,A1,3.100,-82.3,2.012,2.018
2791550,A3,2.540,-80.1,2.012,2.026
2791570,A2,2.460,-81.7,2.030,2.026
2791580,A1,3.070,-82.2,1.997,1.996
2791700,A3,2.540,-80.1,1.997,1.996
2791720,A2,2.450,-81.4,2.006,1.996
2791730,A1,3.090,-82.1,2.028,2.016
2792000,A3,2.570,-79.8,2.028,1.991
2792020,A2,2.450,-81.5,2.028,1.991
2792030,A1,3.100,-82.5,2.039,2.001
2792150,A3,2.550,-80.2,2.039,2.018
2792170,A2,2.470,-82.2,2.021,2.018
2792180,A1,3.090,-82.0,2.010,2.008
2792300,A3,2.560,-80.1,2.010,1.999
2792320,A2,2.440,-81.8,2.036,1.999
2792330,A1,3.090,-82.2,2.036,1.999
2792450,A3,2.530,-80.3,2.036,2.025
2792470,A2,2.460,-81.9,2.019,2.025
2792480,A1,3.110,-82.2,2.041,2.045
2792600,A3,2.540,-79.9,2.041,2.037
2792620,A2,2.470,-81.9,2.032,2.037
2792630,A1,3.070,-82.2,1.988,1.996
2792750,A3,2.550,-80.2,1.988,1.987
2792770,A2,2.420,-82.0,2.032,1.987
2792780,A1,3.080,-82.4,2.043,1.997
2792900,A3,2.560,-80.1,2.043,1.989
2792920,A2,2.450,-81.7,2.017,1.989
2792930,A1,3.110,-82.3,2.050,2.020
2793050,A3,2.530,-80.2,2.050,2.045
2793070,A2,2.450,-81.9,2.050,2.045
2793080,A1,3.070,-82.5,2.006,2.004
2793200,A3,2.580,-79.9,2.006,1.961
2793220,A2,2.480,-81.9,1.979,1.961
2793230,A1,3.100,-82.4,2.012,1.992
2793350,A3,2.550,-81.9,2.012,2.018
2793370,A2,2.470,-82.1,2.021,2.018
2793380,A1,3.110,-83.8,2.032,2.028
2793500,A3,2.520,-80.1,2.032,2.054
2793520,A2,2.440,-82.5,2.059,2.054
2793530,A1,3.060,-82.2,2.003,2.002
2793650,A3,2.550,-80.2,2.003,1.977
2793670,A2,2.450,-82.3,1.995,1.977
2793680,A1,3.090,-82.5,2.028,2.008
2793800,A3,2.530,-80.4,2.028,2.025
2793820,A2,2.430,-81.6,2.045,2.025
2793830,A1,3.090,-82.2,2.045,2.025
2793950,A3,2.530,-80.4,2.045,2.025
2793970,A2,2.470,-81.7,2.010,2.025
2793980,A1,3.080,-81.9,1.999,2.014
2794100,A3,2.520,-80.4,1.999,2.023
2794120,A2,2.450,-80.9,2.017,2.023
2794130,A1,3.040,-81.9,1.973,1.982
2794250,A3,2.500,-80.7,1.973,1.999
2794270,A2,2.440,-81.3,1.981,1.999
2794280,A1,3.120,-82.2,2.070,2.081
2794400,A3,2.510,-81.1,2.070,2.072
2794420,A2,2.460,-81.9,2.052,2.072
2794430,A1,3.100,-82.6,2.030,2.052
2794550,A3,2.520,-80.8,2.030,2.043
2794570,A2,2.440,-81.7,2.048,2.043
2794580,A1,3.070,-82.3,2.014,2.012
2794700,A3,2.540,-81.1,2.014,1.996
2794720,A2,2.450,-81.8,2.006,1.996
2794730,A1,3.120,-82.2,2.061,2.047
2794850,A3,2.520,-80.4,2.061,2.064
2794870,A2,2.450,-81.9,2.061,2.064
2794880,A1,3.110,-82.0,2.050,2.054
2795150,A3,2.520,-80.9,2.050,2.054
2795170,A2,2.450,-81.6,2.050,2.054
2795180,A1,3.070,-82.3,2.006,2.012
2795300,A3,2.540,-80.9,2.006,1.996
2795320,A2,2.440,-82.5,2.014,1.996
2795330,A1,3.060,-82.1,2.003,1.985
2795450,A3,2.550,-80.4,2.003,1.977
2795470,A2,2.510,-82.5,1.941,1.977
2795480,A1,3.080,-81.9,1.963,1.997
2795600,A3,2.540,-81.0,1.963,2.006
2795620,A2,2.440,-82.3,2.025,2.006
2795630,A1,3.110,-81.9,2.059,2.037
2795750,A3,2.550,-80.6,2.059,2.028
2795770,A2,2.450,-82.3,2.050,2.028
2795780,A1,3.070,-82.1,2.006,1.987
2795900,A3,2.520,-80.0,2.006,2.012
2795920,A2,2.460,-82.8,1.997,2.012
2795930,A1,3.050,-82.0,1.975,1.992
2796050,A3,2.530,-81.2,1.975,1.984
2796070,A2,2.470,-81.9,1.966,1.984
2796080,A1,3.100,-82.3,2.021,2.035
2796200,A3,2.530,-80.4,2.021,2.035
2796220,A2,2.480,-81.7,2.012,2.035
2796230,A1,3.100,-82.2,2.012,2.035
2796350,A3,2.560,-80.5,2.012,2.009
2796370,A2,2.470,-82.0,2.021,2.009
2796380,A1,3.070,-82.2,1.988,1.979
2796500,A3,2.540,-80.2,1.988,1.996
2796520,A2,2.460,-81.8,1.997,1.996
2796530,A1,3.070,-82.1,1.997,1.996
2796650,A3,2.560,-80.1,1.997,1.979
2796670,A2,2.440,-81.6,2.014,1.979
2796680,A1,3.050,-82.3,1.992,1.958
2796800,A3,2.520,-80.2,1.992,1.992
2796820,A2,2.460,-81.7,1.975,1.992
2796830,A1,3.100,-82.3,2.030,2.043
2796950,A3,2.550,-80.3,2.030,2.018
2796970,A2,2.460,-82.3,2.030,2.018
2796980,A1,3.090,-82.2,2.019,2.008
2797100,A3,2.550,-81.1,2.019,2.008
2797120,A2,2.470,-82.0,2.010,2.008
2797130,A1,3.090,-82.7,2.010,2.008
2797250,A3,2.540,-80.7,2.010,2.016
2797270,A2,2.450,-82.1,2.028,2.016
2797280,A1,3.060,-82.4,1.995,1.985
2797400,A3,2.540,-80.6,1.995,1.985
2797430,A1,3.070,-82.7,2.006,1.996
2797580,A1,3.040,-82.7,1.973,1.965
2797700,A3,2.520,-80.8,1.973,1.982
2797720,A2,2.460,-82.2,1.964,1.982
2797730,A1,3.060,-82.8,1.986,2.002
2797850,A3,2.500,-80.8,1.986,2.019
2797870,A2,2.440,-81.9,2.003,2.019
2797880,A1,3.060,-82.8,2.003,2.019
2798000,A3,2.520,-80.3,2.003,2.002
2798030,A1,3.070,-82.9,2.014,2.012
2798300,A3,2.530,-80.5,2.014,2.004
2798320,A2,2.480,-82.3,1.979,2.004
2798330,A1,3.110,-82.8,2.023,2.045
2798450,A3,2.550,-80.8,2.023,2.028
2798470,A2,2.460,-82.5,2.041,2.028
2798480,A1,3.090,-82.5,2.019,2.008
2798600,A3,2.520,-80.7,2.019,2.033
2798620,A2,2.480,-82.1,2.001,2.033
2798900,A3,2.510,-80.3,2.001,2.041
2798920,A2,2.480,-82.4,2.001,2.041
2798930,A1,3.090,-82.5,2.001,2.041
2799050,A3,2.530,-80.7,2.001,2.025
2799070,A2,2.450,-82.0,2.028,2.025
2799080,A1,3.080,-82.5,2.017,2.014
2799200,A3,2.520,-80.5,2.017,2.023
2799220,A2,2.480,-82.3,1.990,2.023
2799230,A1,3.080,-82.5,1.990,2.023
2799350,A3,2.520,-80.6,1.990,2.023
2799370,A2,2.450,-82.2,2.017,2.023
2799380,A1,3.070,-82.2,2.006,2.012
2799500,A3,2.520,-80.2,2.006,2.012
2799520,A2,2.470,-82.1,1.988,2.012
2799530,A1,3.060,-82.6,1.977,2.002
2799650,A3,2.530,-80.0,1.977,1.994
2799670,A2,2.440,-82.0,2.003,1.994
2799680,A1,3.100,-82.4,2.048,2.035
2799800,A3,2.550,-80.1,2.048,2.018
2799820,A2,2.450,-82.1,2.039,2.018
2799830,A1,3.080,-82.7,2.017,1.997
2799950,A3,2.540,-80.7,2.017,2.006
2799970,A2,2.460,-81.9,2.008,2.006
2799980,A1,3.060,-82.3,1.986,1.985
2800100,A3,2.550,-80.5,1.986,1.977
2800120,A2,2.470,-82.3,1.977,1.977
2800400,A3,2.500,-80.5,1.977,2.019
2800420,A2,2.420,-82.3,2.021,2.019
2800430,A1,3.080,-82.3,2.043,2.039
2800550,A3,2.560,-80.3,2.043,1.989
2800570,A2,2.460,-82.4,2.008,1.989
2800580,A1,3.080,-82.5,2.008,1.989
2800700,A3,2.550,-80.2,2.008,1.997
2800720,A2,2.480,-82.3,1.990,1.997
2800730,A1,3.070,-82.5,1.979,1.987
2800850,A3,2.540,-80.3,1.979,1.996
2800870,A2,2.460,-82.5,1.997,1.996
2800880,A1,3.090,-82.4,2.019,2.016
2801000,A3,2.530,-80.0,2.019,2.025
2801020,A2,2.450,-82.4,2.028,2.025
2801030,A1,3.090,-82.4,2.028,2.025
2801150,A3,2.560,-80.4,2.028,1.999
2801170,A2,2.470,-82.2,2.010,1.999
2801180,A1,3.090,-82.4,2.010,1.999
2801450,A3,2.530,-80.3,2.010,2.025
2801470,A2,2.480,-82.2,2.001,2.025
2801480,A1,3.050,-82.3,1.957,1.984
2801600,A3,2.550,-80.6,1.957,1.967
2801620,A2,2.460,-82.3,1.975,1.967
2801630,A1,3.110,-82.7,2.041,2.028
2801750,A3,2.560,-80.4,2.041,2.020
2801770,A2,2.470,-82.6,2.032,2.020
2801780,A1,3.090,-82.5,2.010,1.999
2801900,A3,2.570,-80.7,2.010,1.991
2801920,A2,2.450,-82.3,2.028,1.991
2801930,A1,3.080,-82.5,2.017,1.980
2802050,A3,2.540,-80.9,2.017,2.006
2802070,A2,2.440,-82.4,2.025,2.006
2802080,A1,3.080,-82.7,2.025,2.006
2802200,A3,2.510,-81.0,2.025,2.031
2802220,A2,2.450,-82.1,2.017,2.031
2802230,A1,3.090,-82.6,2.028,2.041
2802350,A3,2.550,-80.6,2.028,2.008
2802370,A2,2.430,-82.4,2.045,2.008
2802380,A1,3.070,-82.1,2.023,1.987
2802500,A3,2.510,-80.9,2.023,2.021
2802520,A2,2.460,-82.4,1.997,2.021
2802530,A1,3.050,-82.7,1.975,2.000
2802650,A3,2.510,-81.1,1.975,2.000
2802670,A2,2.420,-81.9,2.010,2.000
2802680,A1,3.090,-82.8,2.054,2.041
2802800,A3,2.520,-81.3,2.054,2.033
2802820,A2,2.420,-81.9,2.054,2.033
2802830,A1,3.080,-82.4,2.043,2.023
2802950,A3,2.490,-81.6,2.043,2.048
2802970,A2,2.420,-81.8,2.043,2.048
2802980,A1,3.070,-82.4,2.032,2.037
2803100,A3,2.510,-81.3,2.032,2.021
2803120,A2,2.460,-82.1,1.997,2.021
2803130,A1,3.070,-82.2,1.997,2.021
2803250,A3,2.490,-81.4,1.997,2.037
2803270,A2,2.480,-82.0,1.979,2.037
2803280,A1,3.090,-82.0,2.001,2.058
2803400,A3,2.520,-81.6,2.001,2.033
2803420,A2,2.430,-81.8,2.045,2.033
2803430,A1,3.070,-82.3,2.023,2.012
2803550,A3,2.520,-81.8,2.023,2.012
2803570,A2,2.420,-81.4,2.032,2.012
2803580,A1,3.040,-82.1,1.999,1.982
2803700,A3,2.500,-82.0,1.999,1.999
2803720,A2,2.460,-81.5,1.964,1.999
2803730,A1,3.040,-81.9,1.964,1.999
2803850,A3,2.510,-81.6,1.964,1.990
2803870,A2,2.450,-81.7,1.973,1.990
2803880,A1,3.110,-81.8,2.050,2.062
2804000,A3,2.510,-82.9,2.050,2.062
2804020,A2,2.410,-81.7,2.085,2.062
2804030,A1,3.090,-82.6,2.063,2.041
2804150,A3,2.510,-81.2,2.063,2.041
2804170,A2,2.430,-81.6,2.045,2.041
2804180,A1,3.040,-82.0,1.990,1.990
2804300,A3,2.530,-81.3,1.990,1.973
2804320,A2,2.440,-81.6,1.981,1.973
2804330,A1,3.100,-82.0,2.048,2.035
2804600,A3,2.510,-81.9,2.048,2.052
2804620,A2,2.450,-81.7,2.039,2.052
2804630,A1,3.100,-82.2,2.039,2.052
2804750,A3,2.510,-81.7,2.039,2.052
2804770,A2,2.410,-81.5,2.074,2.052
2804780,A1,3.090,-82.3,2.063,2.041
2804900,A3,2.510,-81.3,2.063,2.041
2804920,A2,2.440,-81.6,2.036,2.041
2804930,A1,3.060,-82.8,2.003,2.011
2805050,A3,2.510,-81.4,2.003,2.011
2805070,A2,2.460,-81.8,1.986,2.011
2805080,A1,3.080,-82.7,2.008,2.031
2805200,A3,2.510,-81.9,2.008,2.031
2805220,A2,2.450,-82.2,2.017,2.031
2805230,A1,3.080,-82.4,2.017,2.031
2805350,A3,2.510,-81.8,2.017,2.031
2805370,A2,2.470,-81.9,1.999,2.031
2805380,A1,3.110,-82.1,2.032,2.062
2805500,A3,2.500,-81.1,2.032,2.070
2805520,A2,2.400,-81.6,2.094,2.070
2805530,A1,3.050,-82.9,2.027,2.009
2805650,A3,2.510,-81.3,2.027,2.000
2805670,A2,2.460,-82.1,1.975,2.000
2805680,A1,3.060,-82.6,1.986,2.011
2805800,A3,2.530,-80.5,1.986,1.994
2805820,A2,2.450,-81.9,1.995,1.994
2805830,A1,3.090,-82.4,2.028,2.025
2805950,A3,2.510,-81.1,2.028,2.041
2805970,A2,2.460,-82.3,2.019,2.041
2805980,A1,3.100,-82.4,2.030,2.052
2806100,A3,2.540,-81.7,2.030,2.026
2806120,A2,2.460,-82.5,2.030,2.026
2806130,A1,3.070,-82.6,1.997,1.996
2806250,A3,2.510,-81.4,1.997,2.021
2806270,A2,2.420,-82.6,2.032,2.021
2806280,A1,3.060,-82.5,2.021,2.011
2806400,A3,2.500,-81.4,2.021,2.019
2806420,A2,2.440,-81.7,2.003,2.019
2806430,A1,3.080,-82.6,2.025,2.039
2806550,A3,2.490,-81.3,2.025,2.048
2806570,A2,2.400,-82.4,2.060,2.048
2806580,A1,3.090,-82.4,2.071,2.058
2806700,A3,2.530,-81.4,2.071,2.025
2806720,A2,2.440,-82.0,2.036,2.025
2806730,A1,3.120,-82.1,2.070,2.056
2806850,A3,2.520,-81.1,2.070,2.064
2806870,A2,2.450,-82.3,2.061,2.064
2806880,A1,3.080,-82.0,2.017,2.023
2807000,A3,2.530,-80.9,2.017,2.014
2807020,A2,2.440,-81.8,2.025,2.014
2807030,A1,3.040,-82.0,1.981,1.973
2807150,A3,2.510,-80.8,1.981,1.990
2807170,A2,2.400,-82.2,2.016,1.990
2807180,A1,3.080,-81.7,2.060,2.031
2807300,A3,2.520,-80.3,2.060,2.023
2807320,A2,2.420,-82.0,2.043,2.023
2807330,A1,3.090,-82.9,2.054,2.033
2807450,A3,2.540,-80.2,2.054,2.016
2807470,A2,2.420,-81.7,2.054,2.016
2807480,A1,3.070,-81.9,2.032,1.996
2807750,A3,2.540,-80.5,2.032,1.996
2807770,A2,2.460,-81.9,1.997,1.996
2807780,A1,3.060,-83.2,1.986,1.985
2807900,A3,2.540,-81.6,1.986,1.985
2807920,A2,2.440,-82.4,2.003,1.985
2807930,A1,3.040,-82.7,1.981,1.965
2808050,A3,2.510,-80.2,1.981,1.990
2808070,A2,2.480,-81.9,1.946,1.990
2808080,A1,3.040,-83.1,1.946,1.990
2808200,A3,2.530,-80.1,1.946,1.973
2808220,A2,2.450,-81.0,1.973,1.973
2808230,A1,3.030,-82.8,1.962,1.963
2808350,A3,2.570,-80.2,1.962,1.929
2808370,A2,2.440,-82.0,1.970,1.929
2808380,A1,3.030,-82.8,1.970,1.929
2808500,A3,2.570,-80.3,1.970,1.929
2808520,A2,2.450,-82.6,1.962,1.929
2808530,A1,2.990,-84.1,1.918,1.889
2808650,A3,2.560,-80.6,1.918,1.898
2808670,A2,2.440,-81.2,1.927,1.898
2808680,A1,3.030,-82.4,1.970,1.938
2808800,A3,2.520,-80.7,1.970,1.972
2808820,A2,2.430,-82.0,1.979,1.972
2808830,A1,3.060,-81.7,2.012,2.002
2808950,A3,2.530,-80.5,2.012,1.994
2808980,A1,3.050,-82.7,2.001,1.984
2809130,A1,3.040,-82.3,1.990,1.973
2809250,A3,2.590,-79.3,1.990,1.922
2809270,A2,2.440,-81.1,1.981,1.922
2809280,A1,3.020,-82.6,1.960,1.902
2809400,A3,2.590,-80.0,1.960,1.902
2809420,A2,2.440,-81.5,1.960,1.902
2809430,A1,2.990,-83.2,1.927,1.872
2809550,A3,2.530,-80.4,1.927,1.923
2809570,A2,2.440,-81.9,1.927,1.923
2809580,A1,3.030,-83.6,1.970,1.963
2809700,A3,2.560,-80.2,1.970,1.938
2809720,A2,2.450,-81.9,1.962,1.938
2809730,A1,3.020,-83.6,1.951,1.928
2809850,A3,2.580,-79.8,1.951,1.911
2809870,A2,2.450,-82.3,1.951,1.911
2809880,A1,2.980,-83.8,1.908,1.871
2810000,A3,2.590,-80.2,1.908,1.862
2810020,A2,2.470,-82.2,1.890,1.862
2810030,A1,3.010,-83.5,1.922,1.892
2810150,A3,2.560,-80.6,1.922,1.918
2810170,A2,2.460,-81.8,1.931,1.918
2810180,A1,2.990,-83.8,1.910,1.898
2810300,A3,2.520,-80.9,1.910,1.932
2810320,A2,2.460,-81.6,1.910,1.932
2810330,A1,3.000,-82.9,1.920,1.942
2810450,A3,2.570,-80.4,1.920,1.899
2810470,A2,2.490,-81.7,1.894,1.899
2810480,A1,2.990,-83.0,1.883,1.889
2810600,A3,2.570,-80.0,1.883,1.889
2810620,A2,2.440,-82.6,1.927,1.889
2810630,A1,3.020,-82.2,1.960,1.919
2810900,A3,2.560,-80.1,1.960,1.928
2810920,A2,2.470,-82.7,1.933,1.928
2810930,A1,3.020,-82.4,1.933,1.928
2811050,A3,2.540,-80.1,1.933,1.945
2811070,A2,2.440,-81.9,1.960,1.945
2811080,A1,3.040,-82.5,1.981,1.965
2811200,A3,2.560,-80.0,1.981,1.948
2811220,A2,2.450,-81.9,1.973,1.948
2811230,A1,3.040,-82.7,1.973,1.948
2811350,A3,2.530,-79.9,1.973,1.973
2811370,A2,2.450,-82.5,1.973,1.973
2811380,A1,3.020,-82.1,1.951,1.953
2811500,A3,2.510,-80.2,1.951,1.970
2811520,A2,2.490,-82.1,1.915,1.970
2811530,A1,3.060,-82.1,1.959,2.011
2811650,A3,2.550,-79.6,1.959,1.977
2811670,A2,2.470,-81.2,1.977,1.977
2811680,A1,3.040,-82.6,1.955,1.957
2811800,A3,2.580,-79.5,1.955,1.931
2811820,A2,2.480,-80.9,1.946,1.931
2811830,A1,3.020,-82.3,1.924,1.911
2811950,A3,2.560,-79.5,1.924,1.928
2811970,A2,2.500,-81.0,1.906,1.928
2811980,A1,3.080,-82.7,1.972,1.989
2812100,A3,2.570,-79.8,1.972,1.980
2812120,A2,2.460,-81.0,2.008,1.980
2812130,A1,3.050,-82.7,1.975,1.950
2812270,A2,2.480,-81.8,1.957,1.950
2812280,A1,3.040,-82.6,1.946,1.939
2812420,A2,2.450,-82.4,1.973,1.939
2812430,A1,3.010,-82.3,1.940,1.909
2812550,A3,2.550,-80.1,1.940,1.926
2812570,A2,2.440,-82.3,1.949,1.926
2812580,A1,3.030,-81.8,1.970,1.946
2812700,A3,2.530,-80.1,1.970,1.963
2812720,A2,2.460,-82.3,1.953,1.963
2812730,A1,3.050,-82.2,1.975,1.984
2812850,A3,2.550,-80.6,1.975,1.967
2812870,A2,2.470,-82.4,1.966,1.967
2812880,A1,3.050,-82.8,1.966,1.967
2813000,A3,2.580,-80.0,1.966,1.941
2813020,A2,2.460,-82.0,1.975,1.941
2813300,A3,2.570,-79.7,1.975,1.950
2813320,A2,2.450,-81.1,1.984,1.950
2813330,A1,3.080,-82.8,2.017,1.980
2813450,A3,2.570,-79.5,2.017,1.980
2813470,A2,2.450,-81.2,2.017,1.980
2813480,A1,3.120,-82.7,2.061,2.022
2813600,A3,2.560,-79.6,2.061,2.030
2813620,A2,2.490,-81.0,2.026,2.030
2813630,A1,3.050,-82.9,1.948,1.958
2813750,A3,2.580,-80.0,1.948,1.941
2813770,A2,2.440,-81.2,1.992,1.941
2813780,A1,3.020,-82.8,1.960,1.911
2814050,A3,2.530,-80.2,1.960,1.953
2814070,A2,2.470,-81.8,1.933,1.953
2814080,A1,3.060,-82.6,1.977,1.994
2814200,A3,2.540,-80.5,1.977,1.985
2814220,A2,2.470,-82.1,1.977,1.985
2814230,A1,3.040,-82.0,1.955,1.965
2814350,A3,2.560,-80.1,1.955,1.948
2814370,A2,2.460,-82.4,1.964,1.948
2814380,A1,3.020,-82.6,1.942,1.928
2814500,A3,2.550,-79.8,1.942,1.936
2814520,A2,2.410,-82.5,1.986,1.936
2814530,A1,3.040,-82.8,2.008,1.957
2814650,A3,2.590,-80.1,2.008,1.922
2814670,A2,2.440,-82.6,1.981,1.922
2814680,A1,2.980,-83.2,1.916,1.862
2814800,A3,2.560,-79.7,1.916,1.888
2814820,A2,2.480,-83.0,1.881,1.888
2814830,A1,3.000,-83.2,1.903,1.908
2814970,A2,2.440,-82.7,1.938,1.908
2814980,A1,3.020,-83.0,1.960,1.928
2815120,A2,2.430,-82.4,1.968,1.928
2815130,A1,3.020,-83.0,1.968,1.928
2815250,A3,2.510,-79.4,1.968,1.970
2815270,A2,2.420,-82.6,1.977,1.970
2815280,A1,3.010,-82.9,1.966,1.960
2815400,A3,2.590,-80.1,1.966,1.892
2815420,A2,2.480,-81.9,1.913,1.892
2815430,A1,3.010,-82.7,1.913,1.892
2815550,A3,2.540,-80.2,1.913,1.935
2815570,A2,2.450,-81.4,1.940,1.935
2815580,A1,3.040,-82.4,1.973,1.965
2815700,A3,2.560,-80.8,1.973,1.948
2815720,A2,2.450,-82.0,1.973,1.948
2815730,A1,3.040,-82.0,1.973,1.948
2815850,A3,2.550,-80.3,1.973,1.957
2815870,A2,2.450,-81.9,1.973,1.957
2815880,A1,3.040,-81.8,1.973,1.957
2816000,A3,2.540,-80.6,1.973,1.965
2816020,A2,2.420,-82.6,1.999,1.965
2816030,A1,3.040,-81.9,1.999,1.965
2816150,A3,2.590,-80.2,1.999,1.922
2816170,A2,2.430,-81.7,1.990,1.922
2816180,A1,3.040,-81.7,1.990,1.922
2816300,A3,2.570,-80.4,1.990,1.939
2816320,A2,2.470,-81.8,1.955,1.939
2816330,A1,3.060,-82.0,1.977,1.960
2816450,A3,2.570,-80.4,1.977,1.960
2816470,A2,2.480,-82.0,1.968,1.960
2816480,A1,3.020,-82.0,1.924,1.919
2816600,A3,2.550,-80.0,1.924,1.936
2816620,A2,2.480,-82.0,1.924,1.936
2816630,A1,3.030,-82.3,1.935,1.946
2816750,A3,2.560,-80.5,1.935,1.938
2816770,A2,2.450,-82.1,1.962,1.938
2816780,A1,3.060,-81.9,1.995,1.968
2816900,A3,2.550,-80.6,1.995,1.977
2816920,A2,2.450,-81.8,1.995,1.977
2817200,A3,2.550,-80.2,1.995,1.977
2817220,A2,2.450,-81.8,1.995,1.977
2817230,A1,3.000,-82.5,1.929,1.916
2817350,A3,2.540,-80.4,1.929,1.925
2817370,A2,2.440,-81.8,1.938,1.925
2817380,A1,3.040,-82.0,1.981,1.965
2817500,A3,2.530,-80.2,1.981,1.973
2817520,A2,2.470,-82.4,1.955,1.973
2817530,A1,3.020,-81.8,1.933,1.953
2817650,A3,2.560,-80.2,1.933,1.928
2817670,A2,2.450,-82.2,1.951,1.928
2817680,A1,3.040,-82.3,1.973,1.948
2817800,A3,2.550,-80.2,1.973,1.957
2817820,A2,2.450,-81.6,1.973,1.957
2817830,A1,3.000,-82.3,1.929,1.916
2817950,A3,2.550,-79.9,1.929,1.916
2817970,A2,2.490,-82.6,1.894,1.916
2817980,A1,3.040,-82.7,1.937,1.957
2818100,A3,2.550,-80.6,1.937,1.957
2818120,A2,2.420,-81.7,1.999,1.957
2818130,A1,3.060,-82.8,2.021,1.977
2818250,A3,2.590,-80.0,2.021,1.943
2818270,A2,2.480,-82.2,1.968,1.943
2818280,A1,3.050,-82.2,1.957,1.932
2818400,A3,2.570,-80.3,1.957,1.950
2818420,A2,2.460,-81.7,1.975,1.950
2818430,A1,3.060,-82.9,1.986,1.960
2818550,A3,2.550,-80.1,1.986,1.977
2818570,A2,2.470,-81.9,1.977,1.977
2818580,A1,3.010,-82.1,1.922,1.926
2818700,A3,2.520,-80.0,1.922,1.952
2818720,A2,2.470,-82.0,1.922,1.952
2818730,A1,3.040,-82.8,1.955,1.982
2818850,A3,2.560,-80.4,1.955,1.948
2818870,A2,2.460,-81.8,1.964,1.948
2818880,A1,3.000,-82.8,1.920,1.908
2819000,A3,2.590,-80.2,1.920,1.882
2819020,A2,2.460,-82.4,1.920,1.882
2819030,A1,3.040,-82.4,1.964,1.922
2819150,A3,2.560,-80.2,1.964,1.948
2819170,A2,2.430,-81.9,1.990,1.948
2819180,A1,3.030,-81.9,1.979,1.938
2819300,A3,2.560,-80.4,1.979,1.938
2819320,A2,2.440,-81.9,1.970,1.938
2819330,A1,3.050,-81.8,1.992,1.958
2819450,A3,2.560,-80.4,1.992,1.958
2819470,A2,2.470,-82.3,1.966,1.958
2819480,A1,3.100,-82.6,2.021,2.009
2819600,A3,2.550,-80.5,2.021,2.018
2819620,A2,2.470,-82.3,2.021,2.018
2819630,A1,3.040,-82.2,1.955,1.957
2819750,A3,2.570,-80.2,1.955,1.939
2819770,A2,2.450,-82.3,1.973,1.939
2819780,A1,3.040,-82.7,1.973,1.939
2819900,A3,2.510,-79.9,1.973,1.990
2819920,A2,2.450,-82.5,1.973,1.990
2819930,A1,3.060,-82.9,1.995,2.011
2820050,A3,2.440,-79.9,1.995,2.068
2820070,A2,2.460,-81.6,1.986,2.068
2820080,A1,3.060,-82.2,1.986,2.068
2820350,A3,2.480,-79.9,1.986,2.036
2820370,A2,2.440,-81.6,2.003,2.036
2820380,A1,3.030,-82.4,1.970,2.005
2820500,A3,2.530,-80.2,1.970,1.963
2820520,A2,2.420,-81.6,1.988,1.963
2820530,A1,3.070,-83.0,2.032,2.004
2820650,A3,2.580,-80.1,2.032,1.961
2820680,A1,3.050,-82.4,2.010,1.941
2820830,A1,3.050,-82.3,2.010,1.941
2820950,A3,2.620,-79.9,2.010,1.906
2820970,A2,2.440,-81.5,1.992,1.906
2820980,A1,3.040,-82.1,1.981,1.896
2821100,A3,2.550,-81.3,1.981,1.957
2821120,A2,2.420,-81.9,1.999,1.957
2821130,A1,3.040,-83.1,1.999,1.957
2821250,A3,2.500,-79.9,1.999,1.999
2821270,A2,2.460,-81.3,1.964,1.999
2821280,A1,3.050,-82.2,1.975,2.009
2821400,A3,2.580,-80.4,1.975,1.941
2821420,A2,2.460,-81.8,1.975,1.941
2821430,A1,3.050,-82.6,1.975,1.941
2821550,A3,2.600,-80.2,1.975,1.924
2821570,A2,2.480,-81.9,1.957,1.924
2821580,A1,3.050,-82.8,1.957,1.924
2821700,A3,2.520,-80.2,1.957,1.992
2821720,A2,2.450,-81.7,1.984,1.992
2821730,A1,3.050,-82.8,1.984,1.992
2821850,A3,2.590,-80.0,1.984,1.932
2821870,A2,2.450,-81.4,1.984,1.932
2821880,A1,3.040,-82.8,1.973,1.922
2822000,A3,2.640,-80.4,1.973,1.879
2822020,A2,2.460,-81.9,1.964,1.879
2822030,A1,3.060,-82.3,1.986,1.899
2822150,A3,2.510,-80.1,1.986,2.011
2822170,A2,2.430,-81.6,2.012,2.011
2822180,A1,3.080,-82.8,2.034,2.031
2822300,A3,2.540,-80.1,2.034,2.006
2822320,A2,2.440,-81.6,2.025,2.006
2822330,A1,3.060,-82.1,2.003,1.985
2822450,A3,2.620,-80.5,2.003,1.917
2822470,A2,2.440,-81.2,2.003,1.917
2822480,A1,3.050,-82.5,1.992,1.906
2822600,A3,2.570,-79.5,1.992,1.950
2822620,A2,2.450,-81.5,1.984,1.950
2822630,A1,3.040,-82.6,1.973,1.939
2822750,A3,2.560,-79.6,1.973,1.948
2822770,A2,2.440,-81.2,1.981,1.948
2822780,A1,3.030,-82.3,1.970,1.938
2822900,A3,2.560,-79.8,1.970,1.938
2822920,A2,2.440,-80.9,1.970,1.938
2822930,A1,3.050,-82.0,1.992,1.958
2823050,A3,2.540,-79.8,1.992,1.975
2823070,A2,2.420,-81.3,2.010,1.975
2823080,A1,3.030,-82.1,1.988,1.955
2823200,A3,2.570,-79.9,1.988,1.929
2823220,A2,2.440,-81.6,1.970,1.929
2823230,A1,3.040,-82.8,1.981,1.939
2823500,A3,2.540,-79.7,1.981,1.965
2823520,A2,2.450,-80.9,1.973,1.965
2823530,A1,3.050,-82.6,1.984,1.975
2823650,A3,2.580,-79.7,1.984,1.941
2823670,A2,2.460,-81.0,1.975,1.941
2823680,A1,3.030,-82.6,1.953,1.921
2823800,A3,2.550,-79.6,1.953,1.946
2823820,A2,2.450,-81.3,1.962,1.946
2823830,A1,3.020,-82.5,1.951,1.936
2823950,A3,2.590,-79.6,1.951,1.902
2823970,A2,2.450,-81.0,1.951,1.902
2823980,A1,3.000,-82.7,1.929,1.882
2824100,A3,2.570,-79.6,1.929,1.899
2824120,A2,2.460,-81.1,1.920,1.899
2824130,A1,3.030,-82.6,1.953,1.929
2824250,A3,2.590,-79.4,1.953,1.912
2824270,A2,2.460,-81.1,1.953,1.912
2824280,A1,3.030,-82.6,1.953,1.912
2824400,A3,2.540,-79.9,1.953,1.955
2824420,A2,2.480,-81.3,1.935,1.955
2824430,A1,3.080,-82.6,1.990,2.006
2824550,A3,2.580,-79.6,1.990,1.972
2824570,A2,2.440,-81.1,2.025,1.972
2824580,A1,3.050,-82.2,1.992,1.941
2824700,A3,2.560,-79.5,1.992,1.958
2824720,A2,2.450,-81.0,1.984,1.958
2825000,A3,2.590,-79.5,1.984,1.932
2825020,A2,2.420,-80.9,2.010,1.932
2825030,A1,3.030,-82.7,1.988,1.912
2825150,A3,2.580,-79.6,1.988,1.921
2825170,A2,2.450,-81.1,1.962,1.921
2825180,A1,3.060,-82.3,1.995,1.951
2825300,A3,2.580,-79.4,1.995,1.951
2825320,A2,2.430,-80.8,2.012,1.951
2825330,A1,3.040,-82.3,1.990,1.931
2825450,A3,2.580,-79.5,1.990,1.931
2825470,A2,2.430,-81.2,1.990,1.931
2825480,A1,3.040,-82.6,1.990,1.931
2825600,A3,2.600,-79.6,1.990,1.914
2825620,A2,2.460,-81.0,1.964,1.914
2825630,A1,3.070,-82.4,1.997,1.944
2825750,A3,2.610,-79.4,1.997,1.935
2825770,A2,2.450,-81.3,2.006,1.935
2825780,A1,3.040,-82.6,1.973,1.905
2825900,A3,2.600,-79.3,1.973,1.914
2825920,A2,2.460,-81.1,1.964,1.914
2825930,A1,3.040,-82.7,1.964,1.914
2826050,A3,2.600,-79.5,1.964,1.914
2826080,A1,3.060,-82.7,1.986,1.934
2826230,A1,3.030,-82.7,1.953,1.903
2826350,A3,2.600,-79.6,1.953,1.903
2826370,A2,2.480,-81.4,1.935,1.903
2826380,A1,3.040,-82.5,1.946,1.914
2826650,A3,2.580,-79.4,1.946,1.931
2826670,A2,2.460,-80.7,1.964,1.931
2826680,A1,3.020,-82.3,1.942,1.911
2826800,A3,2.580,-79.6,1.942,1.911
2826820,A2,2.470,-80.7,1.933,1.911
2826830,A1,3.040,-82.1,1.955,1.931
2826950,A3,2.580,-79.7,1.955,1.931
2826970,A2,2.450,-81.1,1.973,1.931
2826980,A1,3.050,-82.3,1.984,1.941
2827100,A3,2.610,-79.4,1.984,1.915
2827120,A2,2.430,-80.8,2.001,1.915
2827130,A1,3.050,-82.8,2.001,1.915
2827250,A3,2.600,-79.6,2.001,1.924
2827270,A2,2.440,-80.6,1.992,1.924
2827280,A1,3.090,-82.7,2.036,1.965
2827400,A3,2.630,-79.8,2.036,1.939
2827420,A2,2.460,-80.8,2.019,1.939
2827430,A1,3.020,-82.6,1.942,1.867
2827550,A3,2.590,-79.4,1.942,1.902
2827570,A2,2.470,-81.1,1.933,1.902
2827580,A1,3.030,-82.6,1.944,1.912
2827700,A3,2.590,-79.7,1.944,1.912
2827720,A2,2.490,-80.7,1.926,1.912
2827730,A1,3.060,-82.4,1.959,1.943
2827850,A3,2.580,-79.5,1.959,1.951
2827870,A2,2.460,-80.6,1.986,1.951
2827880,A1,3.040,-82.4,1.964,1.931
2828000,A3,2.630,-79.3,1.964,1.887
2828020,A2,2.480,-80.6,1.946,1.887
2828030,A1,3.020,-82.7,1.924,1.867
2828150,A3,2.610,-79.2,1.924,1.885
2828170,A2,2.460,-81.0,1.942,1.885
2828180,A1,3.050,-82.7,1.975,1.915
2828300,A3,2.570,-79.5,1.975,1.950
2828320,A2,2.480,-80.8,1.957,1.950
2828330,A1,3.060,-82.8,1.968,1.960
2828450,A3,2.570,-79.8,1.968,1.960
2828470,A2,2.480,-80.8,1.968,1.960
2828480,A1,3.010,-82.5,1.913,1.909
2828600,A3,2.550,-79.3,1.913,1.926
2828620,A2,2.480,-80.8,1.913,1.926
2828630,A1,3.060,-82.8,1.968,1.977
2828750,A3,2.530,-79.5,1.968,1.994
2828770,A2,2.480,-80.7,1.968,1.994
2828780,A1,3.020,-82.6,1.924,1.953
2828900,A3,2.570,-79.3,1.924,1.919
2828920,A2,2.480,-80.8,1.924,1.919
2828930,A1,3.040,-82.8,1.946,1.939
2829050,A3,2.590,-79.7,1.946,1.922
2829070,A2,2.410,-80.7,2.008,1.922
2829080,A1,3.020,-82.7,1.986,1.902
2829200,A3,2.580,-79.7,1.986,1.911
2829220,A2,2.490,-80.6,1.915,1.911
2829230,A1,3.000,-82.8,1.894,1.891
2829350,A3,2.580,-79.4,1.894,1.891
2829370,A2,2.440,-80.8,1.938,1.891
2829380,A1,3.050,-82.8,1.992,1.941
2829500,A3,2.550,-79.9,1.992,1.967
2829520,A2,2.470,-80.7,1.966,1.967
2829530,A1,3.040,-82.8,1.955,1.957
2829800,A3,2.590,-79.7,1.955,1.922
2829820,A2,2.440,-80.5,1.981,1.922
2829830,A1,3.060,-82.6,2.003,1.943
2829950,A3,2.540,-79.3,2.003,1.985
2829970,A2,2.450,-80.9,1.995,1.985
2829980,A1,3.040,-82.8,1.973,1.965
2830100,A3,2.570,-79.4,1.973,1.939
2830120,A2,2.460,-80.6,1.964,1.939
2830130,A1,3.020,-82.6,1.942,1.919
2830250,A3,2.560,-79.4,1.942,1.928
2830270,A2,2.440,-80.8,1.960,1.928
2830280,A1,3.040,-82.3,1.981,1.948
2830420,A2,2.440,-80.7,1.981,1.948
2830430,A1,3.050,-82.6,1.992,1.958
2830570,A2,2.440,-81.2,1.992,1.958
2830580,A1,3.060,-82.9,2.003,1.968
2830700,A3,2.560,-79.8,2.003,1.968
2830720,A2,2.470,-80.8,1.977,1.968
2830730,A1,3.070,-82.9,1.988,1.979
2830850,A3,2.570,-80.1,1.988,1.970
2830870,A2,2.470,-80.7,1.988,1.970
2830880,A1,3.020,-82.9,1.933,1.919
2831000,A3,2.580,-79.5,1.933,1.911
2831020,A2,2.450,-80.6,1.951,1.911
2831030,A1,3.040,-83.1,1.973,1.931
2831150,A3,2.610,-79.6,1.973,1.905
2831170,A2,2.460,-80.7,1.964,1.905
2831180,A1,3.040,-83.0,1.964,1.905
2831300,A3,2.590,-79.9,1.964,1.922
2831320,A2,2.470,-80.6,1.955,1.922
2831330,A1,3.060,-83.1,1.977,1.943
2831450,A3,2.590,-79.5,1.977,1.943
2831470,A2,2.410,-80.8,2.029,1.943
2831480,A1,3.040,-82.9,2.008,1.922
2831600,A3,2.590,-79.7,2.008,1.922
2831620,A2,2.470,-80.8,1.955,1.922
2831630,A1,3.060,-82.9,1.977,1.943
2831750,A3,2.560,-81.2,1.977,1.968
2831770,A2,2.450,-80.9,1.995,1.968
2831780,A1,3.070,-83.6,2.006,1.979
2831900,A3,2.590,-79.7,2.006,1.953
2831920,A2,2.480,-80.8,1.979,1.953
2831930,A1,3.000,-83.2,1.903,1.882
2832050,A3,2.540,-79.4,1.903,1.925
2832070,A2,2.470,-80.7,1.911,1.925
2832080,A1,3.010,-82.7,1.922,1.935
2832200,A3,2.590,-79.9,1.922,1.892
2832220,A2,2.470,-81.3,1.922,1.892
2832230,A1,3.040,-83.1,1.955,1.922
2832350,A3,2.540,-79.7,1.955,1.965
2832370,A2,2.420,-81.3,1.999,1.965
2832380,A1,3.050,-83.0,2.010,1.975
2832500,A3,2.540,-79.8,2.010,1.975
2832520,A2,2.440,-80.8,1.992,1.975
2832530,A1,3.070,-82.9,2.014,1.996
2832650,A3,2.580,-79.6,2.014,1.961
2832670,A2,2.460,-80.9,1.997,1.961
2832680,A1,3.070,-82.8,1.997,1.961
2832950,A3,2.540,-80.2,1.997,1.996
2832970,A2,2.460,-80.7,1.997,1.996
2832980,A1,3.040,-82.8,1.964,1.965
2833100,A3,2.550,-79.8,1.964,1.957
2833120,A2,2.510,-81.0,1.919,1.957
2833130,A1,3.030,-82.9,1.908,1.946
2833250,A3,2.570,-80.0,1.908,1.929
2833270,A2,2.460,-81.0,1.953,1.929
2833280,A1,3.040,-83.1,1.964,1.939
2833400,A3,2.580,-80.1,1.964,1.931
2833420,A2,2.450,-81.1,1.973,1.931
2833430,A1,3.040,-83.1,1.973,1.931
2833550,A3,2.570,-80.3,1.973,1.939
2833570,A2,2.440,-81.1,1.981,1.939
2833580,A1,3.040,-83.2,1.981,1.939
2833700,A3,2.560,-80.0,1.981,1.948
2833720,A2,2.450,-81.3,1.973,1.948
2833730,A1,3.050,-83.0,1.984,1.958
2833850,A3,2.590,-80.8,1.984,1.932
2833870,A2,2.450,-80.7,1.984,1.932
2833880,A1,3.040,-83.1,1.973,1.922
2834000,A3,2.550,-80.4,1.973,1.957
2834020,A2,2.440,-80.9,1.981,1.957
2834030,A1,3.040,-83.0,1.981,1.957
2834150,A3,2.570,-79.9,1.981,1.939
2834170,A2,2.450,-81.2,1.973,1.939
2834180,A1,3.060,-83.2,1.995,1.960
2834300,A3,2.530,-79.8,1.995,1.994
2834320,A2,2.450,-81.1,1.995,1.994
2834330,A1,3.080,-83.3,2.017,2.014
2834450,A3,2.590,-80.4,2.017,1.963
2834470,A2,2.460,-80.8,2.008,1.963
2834480,A1,3.050,-83.3,1.975,1.932
2834600,A3,2.560,-80.4,1.975,1.958
2834620,A2,2.430,-81.1,2.001,1.958
2834630,A1,3.050,-83.1,2.001,1.958
2834750,A3,2.540,-80.0,2.001,1.975
2834770,A2,2.440,-81.2,1.992,1.975
2834780,A1,3.070,-82.4,2.014,1.996
2834900,A3,2.580,-79.5,2.014,1.961
2834920,A2,2.440,-81.4,2.014,1.961
2834930,A1,3.070,-82.5,2.014,1.961
2835050,A3,2.540,-80.3,2.014,1.996
2835070,A2,2.450,-81.4,2.006,1.996
2835080,A1,3.080,-82.9,2.017,2.006
2835200,A3,2.620,-80.0,2.017,1.937
2835220,A2,2.440,-82.4,2.025,1.937
2835230,A1,3.050,-82.6,1.992,1.906
2835350,A3,2.560,-80.8,1.992,1.958
2835370,A2,2.440,-81.5,1.992,1.958
2835380,A1,3.050,-82.5,1.992,1.958
2835500,A3,2.540,-79.5,1.992,1.975
2835520,A2,2.480,-81.8,1.957,1.975
2835530,A1,3.030,-82.5,1.935,1.955
2835650,A3,2.550,-79.8,1.935,1.946
2835670,A2,2.420,-81.7,1.988,1.946
2835680,A1,3.030,-83.2,1.988,1.946
2835800,A3,2.570,-80.3,1.988,1.929
2835830,A1,3.050,-83.1,2.010,1.950
2836100,A3,2.540,-80.2,2.010,1.975
2836120,A2,2.430,-81.6,2.001,1.975
2836130,A1,3.100,-82.3,2.056,2.026
2836250,A3,2.530,-80.1,2.056,2.035
2836270,A2,2.420,-81.8,2.065,2.035
2836280,A1,3.100,-82.8,2.065,2.035
2836400,A3,2.570,-80.0,2.065,2.001
2836420,A2,2.420,-82.0,2.065,2.001
2836430,A1,3.040,-82.7,1.999,1.939
2836550,A3,2.620,-79.6,1.999,1.896
2836570,A2,2.420,-81.7,1.999,1.896
2836580,A1,3.040,-82.5,1.999,1.896
2836700,A3,2.540,-80.0,1.999,1.965
2836720,A2,2.460,-82.1,1.964,1.965
2836730,A1,3.040,-82.9,1.964,1.965
2836850,A3,2.570,-80.2,1.964,1.939
2836870,A2,2.480,-81.7,1.946,1.939
2836880,A1,3.050,-83.1,1.957,1.950
2837000,A3,2.560,-79.8,1.957,1.958
2837020,A2,2.430,-82.1,2.001,1.958
2837030,A1,3.050,-82.8,2.001,1.958
2837150,A3,2.590,-79.4,2.001,1.932
2837170,A2,2.430,-82.1,2.001,1.932
2837180,A1,3.040,-82.7,1.990,1.922
2837300,A3,2.590,-79.7,1.990,1.922
2837320,A2,2.450,-82.0,1.973,1.922
2837330,A1,3.060,-82.6,1.995,1.943
2837450,A3,2.600,-80.1,1.995,1.934
2837470,A2,2.440,-81.9,2.003,1.934
2837480,A1,3.050,-82.3,1.992,1.924
2837600,A3,2.560,-80.1,1.992,1.958
2837620,A2,2.420,-81.8,2.010,1.958
2837630,A1,3.070,-82.9,2.032,1.979
2837750,A3,2.570,-79.9,2.032,1.970
2837770,A2,2.450,-81.5,2.006,1.970
2837780,A1,3.030,-82.4,1.962,1.929
2837900,A3,2.580,-80.0,1.962,1.921
2837920,A2,2.420,-82.2,1.988,1.921
2837930,A1,3.050,-82.6,2.010,1.941
2838050,A3,2.530,-79.7,2.010,1.984
2838070,A2,2.430,-82.4,2.001,1.984
2838080,A1,3.030,-82.5,1.979,1.963
2838200,A3,2.550,-80.4,1.979,1.946
2838220,A2,2.460,-82.0,1.953,1.946
2838230,A1,3.040,-82.5,1.964,1.957
2838350,A3,2.580,-79.4,1.964,1.931
2838370,A2,2.430,-82.0,1.990,1.931
2838380,A1,3.050,-82.0,2.001,1.941
2838500,A3,2.600,-79.7,2.001,1.924
2838520,A2,2.420,-81.6,2.010,1.924
2838530,A1,3.050,-82.5,2.010,1.924
2838650,A3,2.530,-79.7,2.010,1.984
2838670,A2,2.430,-81.7,2.001,1.984
2838680,A1,3.060,-82.5,2.012,1.994
2838800,A3,2.540,-79.4,2.012,1.985
2838820,A2,2.420,-82.2,2.021,1.985
2838830,A1,3.110,-82.6,2.076,2.037
2838950,A3,2.550,-80.3,2.076,2.028
2838970,A2,2.430,-82.2,2.068,2.028
2838980,A1,3.070,-82.1,2.023,1.987
2839270,A2,2.420,-82.4,2.032,1.987
2839280,A1,3.060,-82.7,2.021,1.977
2839420,A2,2.430,-82.6,2.012,1.977
2839430,A1,3.040,-82.3,1.990,1.957
2839550,A3,2.620,-79.9,1.990,1.896
2839570,A2,2.430,-81.7,1.990,1.896
2839580,A1,3.070,-82.2,2.023,1.927
2839700,A3,2.540,-80.2,2.023,1.996
2839720,A2,2.440,-82.3,2.014,1.996
2839730,A1,3.060,-82.1,2.003,1.985
2839850,A3,2.540,-80.1,2.003,1.985
2839870,A2,2.440,-81.7,2.003,1.985
2839880,A1,3.070,-82.2,2.014,1.996
2840000,A3,2.550,-79.8,2.014,1.987
2840020,A2,2.420,-81.7,2.032,1.987
2840030,A1,3.040,-82.1,1.999,1.957
2840150,A3,2.510,-80.4,1.999,1.990
2840170,A2,2.420,-82.1,1.999,1.990
2840180,A1,3.060,-82.1,2.021,2.011
2840450,A3,2.540,-80.1,2.021,1.985
2840480,A1,3.050,-82.4,2.010,1.975
2840630,A1,3.040,-82.3,1.999,1.965
2840750,A3,2.550,-80.0,1.999,1.957
2840770,A2,2.410,-81.6,2.008,1.957
2840780,A1,3.050,-82.2,2.018,1.967
2840900,A3,2.550,-80.2,2.018,1.967
2840920,A2,2.420,-81.8,2.010,1.967
2840930,A1,3.050,-82.2,2.010,1.967
2841050,A3,2.620,-79.9,2.010,1.906
2841070,A2,2.440,-82.0,1.992,1.906
2841080,A1,3.040,-82.5,1.981,1.896
2841200,A3,2.480,-80.2,1.981,2.015
2841220,A2,2.450,-82.2,1.973,2.015
2841230,A1,3.050,-82.3,1.984,2.025
2841350,A3,2.540,-80.4,1.984,1.975
2841370,A2,2.440,-81.9,1.992,1.975
2841650,A3,2.570,-80.0,1.992,1.950
2841670,A2,2.420,-82.4,2.010,1.950
2841680,A1,3.090,-82.5,2.054,1.991
2841800,A3,2.570,-79.9,2.054,1.991
2841820,A2,2.450,-81.9,2.028,1.991
2841830,A1,3.040,-82.5,1.973,1.939
2841950,A3,2.510,-79.9,1.973,1.990
2841970,A2,2.420,-81.7,1.999,1.990
2841980,A1,3.050,-82.3,2.010,2.000
2842100,A3,2.540,-80.5,2.010,1.975
2842120,A2,2.440,-82.2,1.992,1.975
2842130,A1,3.040,-82.2,1.981,1.965
2842400,A3,2.560,-81.9,1.981,1.948
2842420,A2,2.430,-81.9,1.990,1.948
2842430,A1,3.060,-83.6,2.012,1.968
2842550,A3,2.530,-80.0,2.012,1.994
2842570,A2,2.440,-81.7,2.003,1.994
2842580,A1,3.040,-82.5,1.981,1.973
2842700,A3,2.550,-80.2,1.981,1.957
2842720,A2,2.400,-82.3,2.016,1.957
2842730,A1,3.020,-82.3,1.994,1.936
2842850,A3,2.520,-80.1,1.994,1.962
2842870,A2,2.430,-82.3,1.968,1.962
2843150,A3,2.580,-80.3,1.968,1.911
2843170,A2,2.420,-82.0,1.977,1.911
2843180,A1,3.040,-82.4,1.999,1.931
2843300,A3,2.540,-80.2,1.999,1.965
2843320,A2,2.440,-81.8,1.981,1.965
2843330,A1,3.050,-82.3,1.992,1.975
2843450,A3,2.550,-79.9,1.992,1.967
2843470,A2,2.400,-81.7,2.027,1.967
2843480,A1,3.060,-82.4,2.038,1.977
2843600,A3,2.560,-80.1,2.038,1.968
2843620,A2,2.410,-82.3,2.029,1.968
2843630,A1,3.050,-82.3,2.018,1.958
2843750,A3,2.550,-80.6,2.018,1.967
2843780,A1,3.060,-82.3,2.029,1.977
2843930,A1,3.050,-82.1,2.018,1.967
2844050,A3,2.530,-80.0,2.018,1.984
2844070,A2,2.440,-81.7,1.992,1.984
2844080,A1,3.040,-82.6,1.981,1.973
2844200,A3,2.530,-80.6,1.981,1.973
2844220,A2,2.450,-81.8,1.973,1.973
2844230,A1,3.040,-82.1,1.973,1.973
2844350,A3,2.520,-80.6,1.973,1.982
2844370,A2,2.450,-81.5,1.973,1.982
2844380,A1,3.040,-82.1,1.973,1.982
2844500,A3,2.560,-80.8,1.973,1.948
2844520,A2,2.460,-82.1,1.964,1.948
2844530,A1,3.060,-82.5,1.986,1.968
2844650,A3,2.550,-80.2,1.986,1.977
2844670,A2,2.430,-81.7,2.012,1.977
2844680,A1,3.080,-82.4,2.034,1.997
2844950,A3,2.520,-80.3,2.034,2.023
2844970,A2,2.410,-81.8,2.052,2.023
2844980,A1,3.040,-82.2,2.008,1.982
2845100,A3,2.520,-80.7,2.008,1.982
2845120,A2,2.450,-81.8,1.973,1.982
2845130,A1,3.040,-82.2,1.973,1.982
2845250,A3,2.550,-80.3,1.973,1.957
2845270,A2,2.430,-81.6,1.990,1.957
2845280,A1,3.070,-82.1,2.023,1.987
2845550,A3,2.520,-80.2,2.023,2.012
2845570,A2,2.440,-82.2,2.014,2.012
2845580,A1,3.060,-82.4,2.003,2.002
2845700,A3,2.510,-80.1,2.003,2.011
2845720,A2,2.430,-81.9,2.012,2.011
2845730,A1,3.060,-82.1,2.012,2.011
2845850,A3,2.560,-80.2,2.012,1.968
2845870,A2,2.440,-82.3,2.003,1.968
2845880,A1,3.080,-82.5,2.025,1.989
2846000,A3,2.530,-80.0,2.025,2.014
2846020,A2,2.440,-82.1,2.025,2.014
2846030,A1,3.050,-82.2,1.992,1.984
2846150,A3,2.520,-80.5,1.992,1.992
2846170,A2,2.420,-82.1,2.010,1.992
2846180,A1,3.030,-82.4,1.988,1.972
2846300,A3,2.540,-80.0,1.988,1.955
2846320,A2,2.390,-81.7,2.014,1.955
2846330,A1,3.060,-82.2,2.047,1.985
2846450,A3,2.560,-80.5,2.047,1.968
2846470,A2,2.430,-81.6,2.012,1.968
2846480,A1,3.050,-82.2,2.001,1.958
2846600,A3,2.540,-80.4,2.001,1.975
2846620,A2,2.440,-82.2,1.992,1.975
2846630,A1,3.050,-82.4,1.992,1.975
2846750,A3,2.540,-80.6,1.992,1.975
2846770,A2,2.420,-81.8,2.010,1.975
2846780,A1,3.040,-82.3,1.999,1.965
2846900,A3,2.560,-80.3,1.999,1.948
2846920,A2,2.430,-81.9,1.990,1.948
2846930,A1,3.030,-82.2,1.979,1.938
2847050,A3,2.580,-80.5,1.979,1.921
2847070,A2,2.440,-81.7,1.970,1.921
2847080,A1,3.040,-82.2,1.981,1.931
2847200,A3,2.540,-80.6,1.981,1.965
2847220,A2,2.440,-81.7,1.981,1.965
2847230,A1,3.040,-82.1,1.981,1.965
2847350,A3,2.540,-80.5,1.981,1.965
2847370,A2,2.460,-81.7,1.964,1.965
2847380,A1,3.050,-82.4,1.975,1.975
2847500,A3,2.580,-80.2,1.975,1.941
2847520,A2,2.430,-81.6,2.001,1.941
2847530,A1,3.050,-82.7,2.001,1.941
2847650,A3,2.530,-80.1,2.001,1.984
2847670,A2,2.400,-81.7,2.027,1.984
2847680,A1,3.050,-82.2,2.027,1.984
2847800,A3,2.530,-80.2,2.027,1.984
2847820,A2,2.440,-82.2,1.992,1.984
2847830,A1,3.070,-82.4,2.014,2.004
2847950,A3,2.550,-80.5,2.014,1.987
2847970,A2,2.430,-82.0,2.023,1.987
2847980,A1,3.080,-82.3,2.034,1.997
2848100,A3,2.550,-80.3,2.034,1.997
2848120,A2,2.430,-81.9,2.034,1.997
2848130,A1,3.050,-82.2,2.001,1.967
2848250,A3,2.540,-80.3,2.001,1.975
2848270,A2,2.440,-81.6,1.992,1.975
2848280,A1,3.040,-82.4,1.981,1.965
2848400,A3,2.550,-80.4,1.981,1.957
2848430,A1,3.070,-82.5,2.014,1.987
2848700,A3,2.540,-80.5,2.014,1.996
2848720,A2,2.400,-82.2,2.049,1.996
2848730,A1,3.030,-82.4,2.005,1.955
2848850,A3,2.540,-80.2,2.005,1.955
2848870,A2,2.430,-82.0,1.979,1.955
2848880,A1,3.040,-82.4,1.990,1.965
2849000,A3,2.560,-80.4,1.990,1.948
2849020,A2,2.410,-81.9,2.008,1.948
2849030,A1,3.030,-82.3,1.997,1.938
2849150,A3,2.540,-80.6,1.997,1.955
2849170,A2,2.400,-81.5,2.005,1.955
2849180,A1,3.030,-82.1,2.005,1.955
2849300,A3,2.530,-80.1,2.005,1.963
2849320,A2,2.450,-81.6,1.962,1.963
2849330,A1,3.040,-82.3,1.973,1.973
2849450,A3,2.510,-80.2,1.973,1.990
2849470,A2,2.420,-82.3,1.999,1.990
2849480,A1,3.080,-82.8,2.043,2.031
2849600,A3,2.540,-80.5,2.043,2.006
2849620,A2,2.440,-81.9,2.025,2.006
2849630,A1,3.070,-82.8,2.014,1.996
2849750,A3,2.550,-80.3,2.014,1.987
2849770,A2,2.400,-81.8,2.049,1.987
2849780,A1,3.040,-82.3,2.016,1.957
2849900,A3,2.550,-80.0,2.016,1.957
2849920,A2,2.410,-81.7,2.008,1.957
2849930,A1,3.080,-82.8,2.052,1.997
2850050,A3,2.510,-80.5,2.052,2.031
2850070,A2,2.450,-81.7,2.017,2.031
2850080,A1,3.060,-82.4,1.995,2.011
2850200,A3,2.560,-80.3,1.995,1.968
2850220,A2,2.440,-81.7,2.003,1.968
2850230,A1,3.040,-82.7,1.981,1.948
2850350,A3,2.550,-80.5,1.981,1.957
2850370,A2,2.400,-81.7,2.016,1.957
2850380,A1,3.060,-82.5,2.038,1.977
2850500,A3,2.520,-80.6,2.038,2.002
2850520,A2,2.460,-81.6,1.986,2.002
2850530,A1,3.070,-82.3,1.997,2.012
2850650,A3,2.530,-80.5,1.997,2.004
2850670,A2,2.450,-81.7,2.006,2.004
2850680,A1,3.090,-82.3,2.028,2.025
2850800,A3,2.550,-80.0,2.028,2.008
2850820,A2,2.440,-81.6,2.036,2.008
2850830,A1,3.040,-82.4,1.981,1.957
2850950,A3,2.550,-80.4,1.981,1.957
2850970,A2,2.430,-81.9,1.990,1.957
2850980,A1,3.060,-82.6,2.012,1.977
2851100,A3,2.530,-80.5,2.012,1.994
2851120,A2,2.450,-82.1,1.995,1.994
2851130,A1,3.060,-82.2,1.995,1.994
2851250,A3,2.580,-80.2,1.995,1.951
2851270,A2,2.420,-81.7,2.021,1.951
2851280,A1,3.050,-82.2,2.010,1.941
2851400,A3,2.510,-80.2,2.010,2.000
2851420,A2,2.420,-81.6,2.010,2.000
2851430,A1,3.040,-82.4,1.999,1.990
2851550,A3,2.540,-80.2,1.999,1.965
2851570,A2,2.440,-81.8,1.981,1.965
2851580,A1,3.070,-82.2,2.014,1.996
2851850,A3,2.540,-80.2,2.014,1.996
2851870,A2,2.420,-81.8,2.032,1.996
2851880,A1,3.050,-82.6,2.010,1.975
2852000,A3,2.560,-80.2,2.010,1.958
2852020,A2,2.420,-81.8,2.010,1.958
2852030,A1,3.060,-82.4,2.021,1.968
2852150,A3,2.550,-80.1,2.021,1.977
2852170,A2,2.430,-82.3,2.012,1.977
2852180,A1,3.050,-82.2,2.001,1.967
2852300,A3,2.530,-80.3,2.001,1.984
2852320,A2,2.470,-82.3,1.966,1.984
2852330,A1,3.050,-82.4,1.966,1.984
2852450,A3,2.540,-80.3,1.966,1.975
2852470,A2,2.440,-81.8,1.992,1.975
2852480,A1,3.040,-82.3,1.981,1.965
2852600,A3,2.570,-80.2,1.981,1.939
2852620,A2,2.440,-81.6,1.981,1.939
2852630,A1,3.050,-82.2,1.992,1.950
2852750,A3,2.530,-80.2,1.992,1.984
2852770,A2,2.440,-82.1,1.992,1.984
2852780,A1,3.090,-82.6,2.036,2.025
2852900,A3,2.560,-80.5,2.036,1.999
2852920,A2,2.410,-82.0,2.063,1.999
2852930,A1,3.040,-82.4,2.008,1.948
2853050,A3,2.550,-81.3,2.008,1.957
2853070,A2,2.440,-82.2,1.981,1.957
2853080,A1,3.050,-83.5,1.992,1.967
2853200,A3,2.560,-79.9,1.992,1.958
2853220,A2,2.440,-81.9,1.992,1.958
2853230,A1,3.050,-82.4,1.992,1.958
2853350,A3,2.540,-80.1,1.992,1.975
2853370,A2,2.430,-81.6,2.001,1.975
2853380,A1,3.020,-82.3,1.968,1.945
2853500,A3,2.540,-80.4,1.968,1.945
2853520,A2,2.440,-81.7,1.960,1.945
2853530,A1,3.060,-82.3,2.003,1.985
2853650,A3,2.570,-80.3,2.003,1.960
2853670,A2,2.420,-82.2,2.021,1.960
2853680,A1,3.040,-82.6,1.999,1.939
2853800,A3,2.510,-80.1,1.999,1.990
2853820,A2,2.440,-82.3,1.981,1.990
2853830,A1,3.070,-82.0,2.014,2.021
2853950,A3,2.540,-80.5,2.014,1.996
2853970,A2,2.470,-82.3,1.988,1.996
2853980,A1,3.050,-82.6,1.966,1.975
2854100,A3,2.560,-80.7,1.966,1.958
2854120,A2,2.440,-81.8,1.992,1.958
2854130,A1,3.050,-82.6,1.992,1.958
2854250,A3,2.560,-80.2,1.992,1.958
2854270,A2,2.470,-81.7,1.966,1.958
2854280,A1,3.050,-82.1,1.966,1.958
2854400,A3,2.550,-80.1,1.966,1.967
2854420,A2,2.430,-81.8,2.001,1.967
2854430,A1,3.040,-82.2,1.990,1.957
2854550,A3,2.520,-80.2,1.990,1.982
2854570,A2,2.440,-82.6,1.981,1.982
2854580,A1,3.050,-82.4,1.992,1.992
2854720,A2,2.450,-82.1,1.984,1.992
2854730,A1,3.070,-82.4,2.006,2.012
2855000,A3,2.530,-80.2,2.006,2.004
2855020,A2,2.460,-81.7,1.997,2.004
2855030,A1,3.050,-82.3,1.975,1.984
2855150,A3,2.550,-80.6,1.975,1.967
2855170,A2,2.430,-82.3,2.001,1.967
2855180,A1,3.040,-82.5,1.990,1.957
2855300,A3,2.560,-80.6,1.990,1.948
2855320,A2,2.410,-81.6,2.008,1.948
2855330,A1,3.040,-82.2,2.008,1.948
2855450,A3,2.590,-80.6,2.008,1.922
2855470,A2,2.430,-82.4,1.990,1.922
2855480,A1,3.040,-82.3,1.990,1.922
2855600,A3,2.530,-79.7,1.990,1.973
2855620,A2,2.440,-81.5,1.981,1.973
2855630,A1,3.050,-82.5,1.992,1.984
2855750,A3,2.540,-80.5,1.992,1.975
2855770,A2,2.430,-81.7,2.001,1.975
2855780,A1,3.070,-82.4,2.023,1.996
2855900,A3,2.540,-80.0,2.023,1.996
2855920,A2,2.440,-82.0,2.014,1.996
2855930,A1,3.070,-82.4,2.014,1.996
2856050,A3,2.540,-80.7,2.014,1.996
2856070,A2,2.420,-82.1,2.032,1.996
2856080,A1,3.070,-82.5,2.032,1.996
2856200,A3,2.550,-80.4,2.032,1.987
2856220,A2,2.440,-81.9,2.014,1.987
2856230,A1,3.040,-82.4,1.981,1.957
2856350,A3,2.570,-80.4,1.981,1.939
2856370,A2,2.440,-81.7,1.981,1.939
2856380,A1,3.060,-82.3,2.003,1.960
2856500,A3,2.530,-80.6,2.003,1.994
2856520,A2,2.420,-82.2,2.021,1.994
2856530,A1,3.060,-82.6,2.021,1.994
2856650,A3,2.530,-80.3,2.021,1.994
2856670,A2,2.450,-81.9,1.995,1.994
2856680,A1,3.080,-82.1,2.017,2.014
2856800,A3,2.560,-80.7,2.017,1.989
2856820,A2,2.420,-81.9,2.043,1.989
2856830,A1,3.050,-82.4,2.010,1.958
2856950,A3,2.530,-80.2,2.010,1.984
2856970,A2,2.420,-81.9,2.010,1.984
2856980,A1,3.030,-82.1,1.988,1.963
2857100,A3,2.540,-80.3,1.988,1.955
2857120,A2,2.440,-82.2,1.970,1.955
2857130,A1,3.050,-82.2,1.992,1.975
2857250,A3,2.530,-80.5,1.992,1.984
2857270,A2,2.450,-82.2,1.984,1.984
2857280,A1,3.050,-82.8,1.984,1.984
2857400,A3,2.560,-80.6,1.984,1.958
2857420,A2,2.440,-81.8,1.992,1.958
2857430,A1,3.070,-82.4,2.014,1.979
2857550,A3,2.540,-80.1,2.014,1.996
2857570,A2,2.440,-81.5,2.014,1.996
2857580,A1,3.070,-82.6,2.014,1.996
2857700,A3,2.540,-80.6,2.014,1.996
2857720,A2,2.480,-81.8,1.979,1.996
2857730,A1,3.050,-82.5,1.957,1.975
2857850,A3,2.540,-80.1,1.957,1.975
2857870,A2,2.460,-82.3,1.975,1.975
2857880,A1,3.070,-82.5,1.997,1.996
2858150,A3,2.520,-80.5,1.997,2.012
2858170,A2,2.430,-81.4,2.023,2.012
2858180,A1,3.040,-82.2,1.990,1.982
2858300,A3,2.530,-80.6,1.990,1.973
2858320,A2,2.460,-81.4,1.964,1.973
2858330,A1,3.060,-82.2,1.986,1.994
2858450,A3,2.530,-80.5,1.986,1.994
2858470,A2,2.430,-81.7,2.012,1.994
2858480,A1,3.050,-82.1,2.001,1.984
2858600,A3,2.530,-80.3,2.001,1.984
2858620,A2,2.440,-82.0,1.992,1.984
2858630,A1,3.080,-82.2,2.025,2.014
2858750,A3,2.520,-80.3,2.025,2.023
2858770,A2,2.440,-82.0,2.025,2.023
2858780,A1,3.060,-82.7,2.003,2.002
2858900,A3,2.540,-80.3,2.003,1.985
2858920,A2,2.450,-81.8,1.995,1.985
2858930,A1,3.060,-82.4,1.995,1.985
2859050,A3,2.530,-80.4,1.995,1.994
2859070,A2,2.420,-81.7,2.021,1.994
2859080,A1,3.060,-82.8,2.021,1.994
2859200,A3,2.530,-80.4,2.021,1.994
2859220,A2,2.430,-81.6,2.012,1.994
2859230,A1,3.040,-82.4,1.990,1.973
2859350,A3,2.550,-80.3,1.990,1.957
2859370,A2,2.410,-82.1,2.008,1.957
2859380,A1,3.030,-82.2,1.997,1.946
2859500,A3,2.550,-80.2,1.997,1.946
2859520,A2,2.450,-82.0,1.962,1.946
2859530,A1,3.070,-82.6,2.006,1.987
2859650,A3,2.530,-80.5,2.006,2.004
2859670,A2,2.420,-82.3,2.032,2.004
2859680,A1,3.040,-82.4,1.999,1.973
2859800,A3,2.540,-80.1,1.999,1.965
2859820,A2,2.450,-81.8,1.973,1.965
2859830,A1,3.060,-82.5,1.995,1.985
2859950,A3,2.540,-80.6,1.995,1.985
2859970,A2,2.440,-81.9,2.003,1.985
2859980,A1,3.050,-82.2,1.992,1.975
2860100,A3,2.520,-80.6,1.992,1.992
2860120,A2,2.440,-81.7,1.992,1.992
2860130,A1,3.060,-82.8,2.003,2.002
2860250,A3,2.550,-80.4,2.003,1.977
2860270,A2,2.440,-81.9,2.003,1.977
2860280,A1,3.050,-82.4,1.992,1.967
2860400,A3,2.540,-80.5,1.992,1.975
2860420,A2,2.450,-81.6,1.984,1.975
2860430,A1,3.040,-82.3,1.973,1.965
2860550,A3,2.570,-80.6,1.973,1.939
2860570,A2,2.430,-82.0,1.990,1.939
2860580,A1,3.040,-82.3,1.990,1.939
2860700,A3,2.510,-80.5,1.990,1.990
2860720,A2,2.440,-81.5,1.981,1.990
2860730,A1,3.050,-82.5,1.992,2.000
2860850,A3,2.520,-80.4,1.992,1.992
2860870,A2,2.440,-81.9,1.992,1.992
2860880,A1,3.050,-82.3,1.992,1.992
2861000,A3,2.560,-80.3,1.992,1.958
2861020,A2,2.430,-81.6,2.001,1.958
2861030,A1,3.080,-82.7,2.034,1.989
2861300,A3,2.560,-80.2,2.034,1.989
2861320,A2,2.430,-81.8,2.034,1.989
2861330,A1,3.050,-82.1,2.001,1.958
2861450,A3,2.550,-80.4,2.001,1.967
2861470,A2,2.440,-81.8,1.992,1.967
2861480,A1,3.090,-82.3,2.036,2.008
2861600,A3,2.560,-79.9,2.036,1.999
2861620,A2,2.450,-81.7,2.028,1.999
2861630,A1,3.110,-82.8,2.050,2.020
2861750,A3,2.520,-80.3,2.050,2.054
2861770,A2,2.410,-82.4,2.085,2.054
2861780,A1,3.050,-82.2,2.018,1.992
2861900,A3,2.560,-80.4,2.018,1.958
2861920,A2,2.400,-82.1,2.027,1.958
2861930,A1,3.060,-82.1,2.038,1.968
2862050,A3,2.560,-80.3,2.038,1.968
2862070,A2,2.420,-81.8,2.021,1.968
2862080,A1,3.020,-82.4,1.977,1.928
2862200,A3,2.580,-80.3,1.977,1.911
2862220,A2,2.470,-82.1,1.933,1.911
2862230,A1,3.030,-82.3,1.944,1.921
2862350,A3,2.570,-80.1,1.944,1.929
2862370,A2,2.440,-81.9,1.970,1.929
2862380,A1,3.060,-82.2,2.003,1.960
2862500,A3,2.550,-80.6,2.003,1.977
2862520,A2,2.430,-81.8,2.012,1.977
2862530,A1,3.080,-82.5,2.034,1.997
2862650,A3,2.570,-80.2,2.034,1.980
2862670,A2,2.440,-81.5,2.025,1.980
2862680,A1,3.110,-82.3,2.059,2.011
2862800,A3,2.530,-79.8,2.059,2.045
2862820,A2,2.440,-81.8,2.059,2.045
2862830,A1,3.060,-82.5,2.003,1.994
2862950,A3,2.530,-80.2,2.003,1.994
2862970,A2,2.400,-82.3,2.038,1.994
2862980,A1,3.050,-82.6,2.027,1.984
2863100,A3,2.540,-80.6,2.027,1.975
2863120,A2,2.430,-81.6,2.001,1.975
2863130,A1,3.070,-82.1,2.023,1.996
2863250,A3,2.570,-80.1,2.023,1.970
2863270,A2,2.410,-81.6,2.041,1.970
2863280,A1,3.040,-82.4,2.008,1.939
2863400,A3,2.570,-80.3,2.008,1.939
2863420,A2,2.440,-81.8,1.981,1.939
2863430,A1,3.080,-82.4,2.025,1.980
2863550,A3,2.560,-80.5,2.025,1.989
2863570,A2,2.440,-81.7,2.025,1.989
2863580,A1,3.090,-82.3,2.036,1.999
2863700,A3,2.550,-80.3,2.036,2.008
2863720,A2,2.430,-81.8,2.045,2.008
2863730,A1,3.040,-82.4,1.990,1.957
2863850,A3,2.550,-80.0,1.990,1.957
2863870,A2,2.420,-81.6,1.999,1.957
2863880,A1,3.070,-82.8,2.032,1.987
2864000,A3,2.540,-80.3,2.032,1.996
2864020,A2,2.450,-81.5,2.006,1.996
2864030,A1,3.070,-82.3,2.006,1.996
2864150,A3,2.530,-80.4,2.006,2.004
2864170,A2,2.450,-81.6,2.006,2.004
2864470,A2,2.430,-81.8,2.023,2.004
2864480,A1,3.040,-82.3,1.990,1.973
2864620,A2,2.430,-81.7,1.990,1.973
2864630,A1,3.040,-82.1,1.990,1.973
2864750,A3,2.540,-80.2,1.990,1.965
2864770,A2,2.440,-82.1,1.981,1.965
2864780,A1,3.050,-82.2,1.992,1.975
2864900,A3,2.540,-80.7,1.992,1.975
2864920,A2,2.460,-82.3,1.975,1.975
2864930,A1,3.060,-82.5,1.986,1.985
2865050,A3,2.530,-80.1,1.986,1.994
2865070,A2,2.420,-82.3,2.021,1.994
2865080,A1,3.050,-82.6,2.010,1.984
2865200,A3,2.550,-80.5,2.010,1.967
2865220,A2,2.430,-81.7,2.001,1.967
2865230,A1,3.070,-82.3,2.023,1.987
2865350,A3,2.560,-80.4,2.023,1.979
2865370,A2,2.440,-81.6,2.014,1.979
2865380,A1,3.060,-82.2,2.003,1.968
2865500,A3,2.570,-80.4,2.003,1.960
2865520,A2,2.440,-82.1,2.003,1.960
2865530,A1,3.040,-82.3,1.981,1.939
2865650,A3,2.490,-80.5,1.981,2.007
2865670,A2,2.440,-82.0,1.981,2.007
2865680,A1,3.050,-82.4,1.992,2.017
2865800,A3,2.550,-80.6,1.992,1.967
2865820,A2,2.410,-81.8,2.018,1.967
2865830,A1,3.060,-82.5,2.029,1.977
2865950,A3,2.520,-80.4,2.029,2.002
2865970,A2,2.440,-81.9,2.003,2.002
2865980,A1,3.080,-82.5,2.025,2.023
2866100,A3,2.550,-80.2,2.025,1.997
2866120,A2,2.420,-82.2,2.043,1.997
2866130,A1,3.050,-82.6,2.010,1.967
2866250,A3,2.490,-80.2,2.010,2.017
2866270,A2,2.450,-82.0,1.984,2.017
2866280,A1,3.040,-82.5,1.973,2.007
2866400,A3,2.530,-80.4,1.973,1.973
2866420,A2,2.460,-81.5,1.964,1.973
2866430,A1,3.040,-82.5,1.964,1.973
2866550,A3,2.530,-80.6,1.964,1.973
2866570,A2,2.410,-81.9,2.008,1.973
2866580,A1,3.040,-82.6,2.008,1.973
2866700,A3,2.560,-80.4,2.008,1.948
2866720,A2,2.450,-81.6,1.973,1.948
2866730,A1,3.040,-82.2,1.973,1.948
2866870,A2,2.420,-81.6,1.999,1.948
2866880,A1,3.080,-82.9,2.043,1.989
2867020,A2,2.400,-81.6,2.060,1.989
2867030,A1,3.070,-82.7,2.049,1.979
2867150,A3,2.540,-80.1,2.049,1.996
2867170,A2,2.430,-81.7,2.023,1.996
2867180,A1,3.040,-82.5,1.990,1.965
2867300,A3,2.540,-79.9,1.990,1.965
2867320,A2,2.440,-81.4,1.981,1.965
2867330,A1,3.080,-82.2,2.025,2.006
2867600,A3,2.580,-80.2,2.025,1.972
2867620,A2,2.440,-81.6,2.025,1.972
2867630,A1,3.050,-82.4,1.992,1.941
2867750,A3,2.580,-80.4,1.992,1.941
2867770,A2,2.420,-81.9,2.010,1.941
2867780,A1,3.070,-82.6,2.032,1.961
2867900,A3,2.540,-80.5,2.032,1.996
2867920,A2,2.430,-81.7,2.023,1.996
2867930,A1,3.080,-82.2,2.034,2.006
2868050,A3,2.570,-80.3,2.034,1.980
2868070,A2,2.430,-81.6,2.034,1.980
2868080,A1,3.070,-82.3,2.023,1.970
2868200,A3,2.540,-80.4,2.023,1.996
2868220,A2,2.430,-82.1,2.023,1.996
2868230,A1,3.040,-82.5,1.990,1.965
2868350,A3,2.560,-80.3,1.990,1.948
2868370,A2,2.440,-81.6,1.981,1.948
2868380,A1,3.070,-82.5,2.014,1.979
2868500,A3,2.570,-80.0,2.014,1.970
2868520,A2,2.460,-81.8,1.997,1.970
2868530,A1,3.060,-82.3,1.986,1.960
2868650,A3,2.530,-80.6,1.986,1.994
2868670,A2,2.430,-82.1,2.012,1.994
2868680,A1,3.040,-82.3,1.990,1.973
2868800,A3,2.560,-80.0,1.990,1.948
2868820,A2,2.440,-81.6,1.981,1.948
2868830,A1,3.080,-82.5,2.025,1.989
2868950,A3,2.520,-80.3,2.025,2.023
2868970,A2,2.450,-81.9,2.017,2.023
2868980,A1,3.070,-82.3,2.006,2.012
2869100,A3,2.550,-80.2,2.006,1.987
2869120,A2,2.420,-81.5,2.032,1.987
2869130,A1,3.050,-82.8,2.010,1.967
2869250,A3,2.540,-80.2,2.010,1.975
2869270,A2,2.410,-81.6,2.018,1.975
2869280,A1,3.060,-82.6,2.029,1.985
2869400,A3,2.530,-80.6,2.029,1.994
2869420,A2,2.420,-82.2,2.021,1.994
2869430,A1,3.050,-82.5,2.010,1.984
2869550,A3,2.560,-80.4,2.010,1.958
2869570,A2,2.420,-82.0,2.010,1.958
2869580,A1,3.080,-82.3,2.043,1.989
2869700,A3,2.510,-80.2,2.043,2.031
2869720,A2,2.420,-82.2,2.043,2.031
2869730,A1,3.030,-82.7,1.988,1.980
2869850,A3,2.550,-80.5,1.988,1.946
2869870,A2,2.400,-81.4,2.005,1.946
2869880,A1,3.060,-82.4,2.038,1.977
2870000,A3,2.540,-80.3,2.038,1.985
2870020,A2,2.470,-81.8,1.977,1.985
2870030,A1,3.020,-82.4,1.933,1.945
2870150,A3,2.540,-81.3,1.933,1.945
2870170,A2,2.440,-82.2,1.960,1.945
2870180,A1,3.100,-83.2,2.048,2.026
2870300,A3,2.490,-80.6,2.048,2.068
2870320,A2,2.410,-82.1,2.074,2.068
2870330,A1,3.040,-82.2,2.008,2.007
2870450,A3,2.520,-80.1,2.008,1.982
2870470,A2,2.410,-81.8,2.008,1.982
2870480,A1,3.040,-82.5,2.008,1.982
2870750,A3,2.550,-80.3,2.008,1.957
2870770,A2,2.420,-81.7,1.999,1.957
2870780,A1,3.030,-82.3,1.988,1.946
2870900,A3,2.550,-80.5,1.988,1.946
2870920,A2,2.430,-81.8,1.979,1.946
2870930,A1,3.100,-82.4,2.056,2.018
2871050,A3,2.530,-80.2,2.056,2.035
2871070,A2,2.440,-81.9,2.048,2.035
2871080,A1,3.060,-82.6,2.003,1.994
2871200,A3,2.510,-80.2,2.003,2.011
2871220,A2,2.440,-82.3,2.003,2.011
2871230,A1,3.070,-82.1,2.014,2.021
2871350,A3,2.550,-80.2,2.014,1.987
2871370,A2,2.460,-81.7,1.997,1.987
2871380,A1,3.060,-82.3,1.986,1.977
2871500,A3,2.560,-80.1,1.986,1.968
2871520,A2,2.400,-81.6,2.038,1.968
2871530,A1,3.050,-82.3,2.027,1.958
2871650,A3,2.510,-80.5,2.027,2.000
2871670,A2,2.430,-81.9,2.001,2.000
2871680,A1,3.050,-82.3,2.001,2.000
2871800,A3,2.530,-80.3,2.001,1.984
2871820,A2,2.410,-82.1,2.018,1.984
2871830,A1,3.040,-82.3,2.008,1.973
2871950,A3,2.550,-80.4,2.008,1.957
2871970,A2,2.430,-82.1,1.990,1.957
2871980,A1,3.080,-82.2,2.034,1.997
2872100,A3,2.540,-80.2,2.034,2.006
2872120,A2,2.450,-81.7,2.017,2.006
2872130,A1,3.070,-82.2,2.006,1.996
2872270,A2,2.420,-81.5,2.032,1.996
2872280,A1,3.050,-82.4,2.010,1.975
2872420,A2,2.470,-81.7,1.966,1.975
2872430,A1,3.090,-82.6,2.010,2.016
2872550,A3,2.550,-80.3,2.010,2.008
2872570,A2,2.440,-82.0,2.036,2.008
2872580,A1,3.030,-82.4,1.970,1.946
2872700,A3,2.520,-80.4,1.970,1.972
2872720,A2,2.440,-81.8,1.970,1.972
2872730,A1,3.070,-82.2,2.014,2.012
2872850,A3,2.560,-80.3,2.014,1.979
2872870,A2,2.460,-81.7,1.997,1.979
2872880,A1,3.080,-82.8,2.008,1.989
2873000,A3,2.570,-80.4,2.008,1.980
2873020,A2,2.390,-82.4,2.069,1.980
2873030,A1,3.050,-82.2,2.036,1.950
2873150,A3,2.560,-80.1,2.036,1.958
2873170,A2,2.430,-82.0,2.001,1.958
2873180,A1,3.050,-82.4,2.001,1.958
2873300,A3,2.540,-80.2,2.001,1.975
2873320,A2,2.430,-81.8,2.001,1.975
2873330,A1,3.040,-82.4,1.990,1.965
2873450,A3,2.560,-80.3,1.990,1.948
2873470,A2,2.430,-81.8,1.990,1.948
2873480,A1,3.060,-82.3,2.012,1.968
2873600,A3,2.570,-80.7,2.012,1.960
2873620,A2,2.400,-81.7,2.038,1.960
2873630,A1,3.040,-82.2,2.016,1.939
2874050,A3,2.510,-80.1,2.016,1.990
2874070,A2,2.420,-81.7,1.999,1.990
2874080,A1,3.050,-82.2,2.010,2.000
2874200,A3,2.570,-80.6,2.010,1.950
2874220,A2,2.410,-82.1,2.018,1.950
2874230,A1,3.050,-82.3,2.018,1.950
2874350,A3,2.520,-80.4,2.018,1.992
2874370,A2,2.450,-81.7,1.984,1.992
2874380,A1,3.050,-82.2,1.984,1.992
2874500,A3,2.530,-80.4,1.984,1.984
2874520,A2,2.450,-82.0,1.984,1.984
2874530,A1,3.060,-82.2,1.995,1.994
2874650,A3,2.520,-80.3,1.995,2.002
2874670,A2,2.430,-81.4,2.012,2.002
2874680,A1,3.040,-82.3,1.990,1.982
2874800,A3,2.520,-80.6,1.990,1.982
2874820,A2,2.460,-81.4,1.964,1.982
2874830,A1,3.080,-81.8,2.008,2.023
2874950,A3,2.570,-80.0,2.008,1.980
2874970,A2,2.450,-81.6,2.017,1.980
2874980,A1,3.060,-81.8,1.995,1.960
2875100,A3,2.540,-80.6,1.995,1.985
2875120,A2,2.420,-82.7,2.021,1.985
2875130,A1,3.040,-82.1,1.999,1.965
2875250,A3,2.530,-79.8,1.999,1.973
2875270,A2,2.450,-82.8,1.973,1.973
2875280,A1,3.030,-82.3,1.962,1.963
2875400,A3,2.540,-79.9,1.962,1.955
2875420,A2,2.470,-82.3,1.944,1.955
2875430,A1,3.060,-81.8,1.977,1.985
2875550,A3,2.530,-80.3,1.977,1.994
2875570,A2,2.440,-81.5,2.003,1.994
2875580,A1,3.040,-81.6,1.981,1.973
2875700,A3,2.570,-80.1,1.981,1.939
2875720,A2,2.440,-81.8,1.981,1.939
2875730,A1,3.050,-81.8,1.992,1.950
2875850,A3,2.570,-79.8,1.992,1.950
2875870,A2,2.450,-81.8,1.984,1.950
2875880,A1,3.080,-81.8,2.017,1.980
2876000,A3,2.560,-80.4,2.017,1.989
2876020,A2,2.410,-82.0,2.052,1.989
2876030,A1,3.020,-81.8,1.986,1.928
2876150,A3,2.550,-80.6,1.986,1.936
2876170,A2,2.450,-82.0,1.951,1.936
2876180,A1,3.060,-81.8,1.995,1.977
2876300,A3,2.560,-80.4,1.995,1.968
2876320,A2,2.440,-81.5,2.003,1.968
2876330,A1,3.050,-81.6,1.992,1.958
2876450,A3,2.570,-79.5,1.992,1.950
2876470,A2,2.420,-81.6,2.010,1.950
2876480,A1,3.080,-81.7,2.043,1.980
2876600,A3,2.590,-79.9,2.043,1.963
2876620,A2,2.450,-82.3,2.017,1.963
2876630,A1,3.050,-81.8,1.984,1.932
2876750,A3,2.570,-79.7,1.984,1.950
2876770,A2,2.440,-82.0,1.992,1.950
2876780,A1,3.050,-81.7,1.992,1.950
2877050,A3,2.580,-79.4,1.992,1.941
2877070,A2,2.470,-82.0,1.966,1.941
2877080,A1,3.070,-81.8,1.988,1.961
2877200,A3,2.570,-79.6,1.988,1.970
2877220,A2,2.450,-81.7,2.006,1.970
2877230,A1,3.070,-81.7,2.006,1.970
2877350,A3,2.550,-80.6,2.006,1.987
2877370,A2,2.440,-81.7,2.014,1.987
2877380,A1,3.070,-81.6,2.014,1.987
2877500,A3,2.550,-79.6,2.014,1.987
2877520,A2,2.450,-81.7,2.006,1.987
2877530,A1,3.050,-81.7,1.984,1.967
2877650,A3,2.570,-80.0,1.984,1.950
2877670,A2,2.440,-81.6,1.992,1.950
2877680,A1,3.090,-81.7,2.036,1.991
2877800,A3,2.570,-79.7,2.036,1.991
2877820,A2,2.450,-82.0,2.028,1.991
2877830,A1,3.060,-81.8,1.995,1.960
2877950,A3,2.560,-79.8,1.995,1.968
2877970,A2,2.440,-81.8,2.003,1.968
2877980,A1,3.070,-81.7,2.014,1.979
2878100,A3,2.570,-80.4,2.014,1.970
2878120,A2,2.440,-81.6,2.014,1.970
2878130,A1,3.110,-81.7,2.059,2.011
2878250,A3,2.590,-79.8,2.059,1.994
2878270,A2,2.440,-81.7,2.059,1.994
2878280,A1,3.060,-81.3,2.003,1.943
2878400,A3,2.570,-80.3,2.003,1.960
2878420,A2,2.450,-81.7,1.995,1.960
2878430,A1,3.040,-81.9,1.973,1.939
2878550,A3,2.580,-80.0,1.973,1.931
2878570,A2,2.440,-81.7,1.981,1.931
2878580,A1,3.090,-81.7,2.036,1.982
2878700,A3,2.590,-79.7,2.036,1.973
2878720,A2,2.440,-81.9,2.036,1.973
2878730,A1,3.070,-81.6,2.014,1.953
2878850,A3,2.530,-80.2,2.014,2.004
2878870,A2,2.440,-81.8,2.014,2.004
2878880,A1,3.060,-82.1,2.003,1.994
2879000,A3,2.570,-79.5,2.003,1.960
2879030,A1,3.050,-82.4,1.992,1.950
2879180,A1,3.060,-82.0,2.003,1.960
2879300,A3,2.530,-80.1,2.003,1.994
2879320,A2,2.400,-81.7,2.038,1.994
2879330,A1,3.040,-81.8,2.016,1.973
2879450,A3,2.530,-79.5,2.016,1.973
2879470,A2,2.460,-82.0,1.964,1.973
2879480,A1,3.050,-82.7,1.975,1.984
2879600,A3,2.520,-79.6,1.975,1.992
2879620,A2,2.440,-81.7,1.992,1.992
2879630,A1,3.070,-82.6,2.014,2.012
2879750,A3,2.550,-80.0,2.014,1.987
2879770,A2,2.430,-81.6,2.023,1.987
2879780,A1,3.040,-83.2,1.990,1.957
2879900,A3,2.610,-80.0,1.990,1.905
2879920,A2,2.430,-81.6,1.990,1.905
2879930,A1,3.060,-82.9,2.012,1.925
2880200,A3,2.570,-80.0,2.012,1.960
2880220,A2,2.440,-82.0,2.003,1.960
2880230,A1,3.030,-82.9,1.970,1.929
2880350,A3,2.520,-79.8,1.970,1.972
2880370,A2,2.460,-81.7,1.953,1.972
2880380,A1,3.070,-83.2,1.997,2.012
2880500,A3,2.530,-79.9,1.997,2.004
2880520,A2,2.400,-81.8,2.049,2.004
2880530,A1,3.060,-82.8,2.038,1.994
2880650,A3,2.550,-79.9,2.038,1.977
2880670,A2,2.440,-81.7,2.003,1.977
2880680,A1,3.050,-82.4,1.992,1.967
2880820,A2,2.420,-82.0,2.010,1.967
2880830,A1,3.070,-83.3,2.032,1.987
2880970,A2,2.430,-81.5,2.023,1.987
2880980,A1,3.120,-82.2,2.079,2.039
2881100,A3,2.510,-79.8,2.079,2.072
2881120,A2,2.420,-81.8,2.087,2.072
2881130,A1,3.050,-82.2,2.010,2.000
2881250,A3,2.550,-79.9,2.010,1.967
2881270,A2,2.410,-81.6,2.018,1.967
2881280,A1,3.050,-82.3,2.018,1.967
2881400,A3,2.530,-80.0,2.018,1.984
2881420,A2,2.440,-81.8,1.992,1.984
2881430,A1,3.050,-82.7,1.992,1.984
2881550,A3,2.560,-79.9,1.992,1.958
2881570,A2,2.410,-81.7,2.018,1.958
2881580,A1,3.070,-82.4,2.041,1.979
2881700,A3,2.540,-80.0,2.041,1.996
2881720,A2,2.410,-81.9,2.041,1.996
2881730,A1,3.050,-82.5,2.018,1.975
2881850,A3,2.540,-80.0,2.018,1.975
2881870,A2,2.390,-81.7,2.036,1.975
2881880,A1,3.030,-82.4,2.014,1.955
2882000,A3,2.540,-80.1,2.014,1.955
2882020,A2,2.410,-81.9,1.997,1.955
2882030,A1,3.080,-82.0,2.052,2.006
2882150,A3,2.560,-80.3,2.052,1.989
2882170,A2,2.430,-82.3,2.034,1.989
2882180,A1,3.080,-82.5,2.034,1.989
2882300,A3,2.560,-79.9,2.034,1.989
2882320,A2,2.370,-82.2,2.086,1.989
2882330,A1,3.020,-82.6,2.020,1.928
2882450,A3,2.520,-80.0,2.020,1.962
2882470,A2,2.410,-81.8,1.986,1.962
2882480,A1,3.060,-82.6,2.029,2.002
2882600,A3,2.530,-80.8,2.029,1.994
2882620,A2,2.410,-82.2,2.029,1.994
2882630,A1,3.050,-82.0,2.018,1.984
2882750,A3,2.540,-80.6,2.018,1.975
2882770,A2,2.430,-81.9,2.001,1.975
2882780,A1,3.060,-82.2,2.012,1.985
2882900,A3,2.560,-80.4,2.012,1.968
2882920,A2,2.420,-81.8,2.021,1.968
2882930,A1,3.050,-82.1,2.010,1.958
2883050,A3,2.530,-80.3,2.010,1.984
2883070,A2,2.430,-81.6,2.001,1.984
2883080,A1,3.040,-82.1,1.990,1.973
2883350,A3,2.550,-80.5,1.990,1.957
2883370,A2,2.420,-81.3,1.999,1.957
2883380,A1,3.080,-82.2,2.043,1.997
2883500,A3,2.540,-80.2,2.043,2.006
2883520,A2,2.410,-81.5,2.052,2.006
2883530,A1,3.040,-82.3,2.008,1.965
2883650,A3,2.550,-80.7,2.008,1.957
2883670,A2,2.420,-81.8,1.999,1.957
2883680,A1,3.060,-81.7,2.021,1.977
2883800,A3,2.560,-80.2,2.021,1.968
2883820,A2,2.410,-81.8,2.029,1.968
2883830,A1,3.070,-82.3,2.041,1.979
2883950,A3,2.520,-80.6,2.041,2.012
2883970,A2,2.430,-81.5,2.023,2.012
2883980,A1,3.070,-82.5,2.023,2.012
2884100,A3,2.560,-80.5,2.023,1.979
2884120,A2,2.430,-82.1,2.023,1.979
2884130,A1,3.060,-82.6,2.012,1.968
2884250,A3,2.540,-80.1,2.012,1.985
2884270,A2,2.440,-81.6,2.003,1.985
2884280,A1,3.040,-82.1,1.981,1.965
2884400,A3,2.530,-80.6,1.981,1.973
2884420,A2,2.440,-81.8,1.981,1.973
2884430,A1,3.040,-82.1,1.981,1.973
2884550,A3,2.530,-80.5,1.981,1.973
2884570,A2,2.430,-81.7,1.990,1.973
2884580,A1,3.050,-82.4,2.001,1.984
2884700,A3,2.550,-80.5,2.001,1.967
2884720,A2,2.470,-81.6,1.966,1.967
2884730,A1,3.060,-81.9,1.977,1.977
2884850,A3,2.520,-80.3,1.977,2.002
2884870,A2,2.410,-81.9,2.029,2.002
2884880,A1,3.060,-82.4,2.029,2.002
2885000,A3,2.530,-80.6,2.029,1.994
2885020,A2,2.440,-81.7,2.003,1.994
2885030,A1,3.080,-81.8,2.025,2.014
2885150,A3,2.570,-80.4,2.025,1.980
2885170,A2,2.420,-81.6,2.043,1.980
2885180,A1,3.060,-82.5,2.021,1.960
2885300,A3,2.530,-80.5,2.021,1.994
2885320,A2,2.470,-81.9,1.977,1.994
2885330,A1,3.050,-81.9,1.966,1.984
2885450,A3,2.540,-80.6,1.966,1.975
2885470,A2,2.430,-82.0,2.001,1.975
2885480,A1,3.050,-82.1,2.001,1.975
2885600,A3,2.530,-80.7,2.001,1.984
2885620,A2,2.400,-81.7,2.027,1.984
2885630,A1,3.040,-82.3,2.016,1.973
2885750,A3,2.530,-79.9,2.016,1.973
2885770,A2,2.430,-82.0,1.990,1.973
2885780,A1,3.060,-82.0,2.012,1.994
2885900,A3,2.520,-80.6,2.012,2.002
2885920,A2,2.420,-81.7,2.021,2.002
2885930,A1,3.070,-82.2,2.032,2.012
2886050,A3,2.510,-80.7,2.032,2.021
2886070,A2,2.420,-81.5,2.032,2.021
2886080,A1,3.060,-82.2,2.021,2.011
2886200,A3,2.540,-80.4,2.021,1.985
2886220,A2,2.420,-81.8,2.021,1.985
2886230,A1,3.030,-81.7,1.988,1.955
2886500,A3,2.560,-80.5,1.988,1.938
2886520,A2,2.410,-81.4,1.997,1.938
2886530,A1,3.090,-82.0,2.063,1.999
2886650,A3,2.560,-80.4,2.063,1.999
2886670,A2,2.410,-81.3,2.063,1.999
2886680,A1,3.060,-82.2,2.029,1.968
2886800,A3,2.510,-80.6,2.029,2.011
2886820,A2,2.440,-81.5,2.003,2.011
2886830,A1,3.030,-82.2,1.970,1.980
2886950,A3,2.550,-80.5,1.970,1.946
2886970,A2,2.400,-82.1,2.005,1.946
2886980,A1,3.080,-81.9,2.060,1.997
2887100,A3,2.560,-80.4,2.060,1.989
2887120,A2,2.410,-81.6,2.052,1.989
2887130,A1,3.070,-82.2,2.041,1.979
2887250,A3,2.530,-80.3,2.041,2.004
2887270,A2,2.450,-81.7,2.006,2.004
2887280,A1,3.050,-81.8,1.984,1.984
2887400,A3,2.530,-80.2,1.984,1.984
2887420,A2,2.410,-82.0,2.018,1.984
2887430,A1,3.050,-82.1,2.018,1.984
2887550,A3,2.550,-80.3,2.018,1.967
2887570,A2,2.410,-81.8,2.018,1.967
2887580,A1,3.060,-81.8,2.029,1.977
2887700,A3,2.550,-80.6,2.029,1.977
2887720,A2,2.410,-82.1,2.029,1.977
2887730,A1,3.050,-82.0,2.018,1.967
2887850,A3,2.530,-80.5,2.018,1.984
2887870,A2,2.410,-81.8,2.018,1.984
2887880,A1,3.090,-82.6,2.063,2.025
2888000,A3,2.550,-80.5,2.063,2.008
2888020,A2,2.410,-82.0,2.063,2.008
2888030,A1,3.070,-82.5,2.041,1.987
2888150,A3,2.520,-80.5,2.041,2.012
2888170,A2,2.420,-81.6,2.032,2.012
2888180,A1,3.050,-82.4,2.010,1.992
2888300,A3,2.550,-80.4,2.010,1.967
2888320,A2,2.420,-81.7,2.010,1.967
2888330,A1,3.040,-82.5,1.999,1.957
2888450,A3,2.540,-80.1,1.999,1.965
2888470,A2,2.440,-81.4,1.981,1.965
2888480,A1,3.020,-82.4,1.960,1.945
2888600,A3,2.540,-80.6,1.960,1.945
2888620,A2,2.400,-81.6,1.994,1.945
2888630,A1,3.070,-81.9,2.049,1.996
2888750,A3,2.580,-80.2,2.049,1.961
2888770,A2,2.390,-81.7,2.058,1.961
2888780,A1,3.080,-82.0,2.069,1.972
2888900,A3,2.520,-80.2,2.069,2.023
2888920,A2,2.420,-81.8,2.043,2.023
2888930,A1,3.090,-82.5,2.054,2.033
2889050,A3,2.520,-80.6,2.054,2.033
2889070,A2,2.440,-82.0,2.036,2.033
2889080,A1,3.060,-81.9,2.003,2.002
2889200,A3,2.530,-80.1,2.003,1.994
2889220,A2,2.450,-81.1,1.995,1.994
2889230,A1,3.080,-82.1,2.017,2.014
2889350,A3,2.540,-80.6,2.017,2.006
2889370,A2,2.440,-81.7,2.025,2.006
2889380,A1,3.050,-82.7,1.992,1.975
2889650,A3,2.520,-80.6,1.992,1.992
2889670,A2,2.400,-82.1,2.027,1.992
2889680,A1,3.030,-82.1,2.005,1.972
2889800,A3,2.550,-80.9,2.005,1.946
2889820,A2,2.430,-82.2,1.979,1.946
2889830,A1,3.040,-81.9,1.990,1.957
2889950,A3,2.540,-80.4,1.990,1.965
2889970,A2,2.450,-81.8,1.973,1.965
2889980,A1,3.080,-81.8,2.017,2.006
2890100,A3,2.530,-80.9,2.017,2.014
2890120,A2,2.430,-82.0,2.034,2.014
2890130,A1,3.030,-81.8,1.979,1.963
2890250,A3,2.540,-80.3,1.979,1.955
2890270,A2,2.430,-82.0,1.979,1.955
2890280,A1,3.070,-82.4,2.023,1.996
2890400,A3,2.530,-80.7,2.023,2.004
2890420,A2,2.430,-82.1,2.023,2.004
2890430,A1,3.050,-81.8,2.001,1.984
2890550,A3,2.540,-80.5,2.001,1.975
2890570,A2,2.430,-82.1,2.001,1.975
2890580,A1,3.080,-81.9,2.034,2.006
2890700,A3,2.520,-80.5,2.034,2.023
2890720,A2,2.440,-81.8,2.025,2.023
2890730,A1,3.040,-82.5,1.981,1.982
2890850,A3,2.540,-80.7,1.981,1.965
2890870,A2,2.430,-81.6,1.990,1.965
2890880,A1,3.050,-82.6,2.001,1.975
2891000,A3,2.540,-80.8,2.001,1.975
2891020,A2,2.420,-82.1,2.010,1.975
2891030,A1,3.040,-82.0,1.999,1.965
2891150,A3,2.530,-80.6,1.999,1.973
2891170,A2,2.450,-81.5,1.973,1.973
2891180,A1,3.050,-81.9,1.984,1.984
2891300,A3,2.520,-80.7,1.984,1.992
2891320,A2,2.430,-81.5,2.001,1.992
2891330,A1,3.060,-81.8,2.012,2.002
2891450,A3,2.540,-82.4,2.012,1.985
2891470,A2,2.430,-81.9,2.012,1.985
2891480,A1,3.040,-83.3,1.990,1.965
2891600,A3,2.530,-80.3,1.990,1.973
2891620,A2,2.440,-81.6,1.981,1.973
2891630,A1,3.040,-82.5,1.981,1.973
2891770,A2,2.460,-81.5,1.964,1.973
2891780,A1,3.050,-82.3,1.975,1.984
2891920,A2,2.420,-81.5,2.010,1.984
2891930,A1,3.070,-81.9,2.032,2.004
2892050,A3,2.530,-80.7,2.032,2.004
2892070,A2,2.430,-81.7,2.023,2.004
2892080,A1,3.050,-82.2,2.001,1.984
2892200,A3,2.520,-80.5,2.001,1.992
2892220,A2,2.430,-81.6,2.001,1.992
2892230,A1,3.060,-82.1,2.012,2.002
2892350,A3,2.570,-80.7,2.012,1.960
2892370,A2,2.420,-81.7,2.021,1.960
2892380,A1,3.040,-82.6,1.999,1.939
2892500,A3,2.520,-80.3,1.999,1.982
2892520,A2,2.450,-81.9,1.973,1.982
2892530,A1,3.060,-81.9,1.995,2.002
2892800,A3,2.560,-80.7,1.995,1.968
2892820,A2,2.440,-81.6,2.003,1.968
2892830,A1,3.050,-82.2,1.992,1.958
2892950,A3,2.520,-80.2,1.992,1.992
2892970,A2,2.430,-82.2,2.001,1.992
2892980,A1,3.040,-82.0,1.990,1.982
2893100,A3,2.560,-80.2,1.990,1.948
2893120,A2,2.460,-81.8,1.964,1.948
2893130,A1,3.050,-82.4,1.975,1.958
2893250,A3,2.540,-80.6,1.975,1.975
2893270,A2,2.440,-82.0,1.992,1.975
2893280,A1,3.100,-82.0,2.048,2.026
2893400,A3,2.560,-80.5,2.048,2.009
2893420,A2,2.410,-82.1,2.074,2.009
2893430,A1,3.050,-81.9,2.018,1.958
2893550,A3,2.520,-80.4,2.018,1.992
2893570,A2,2.400,-81.7,2.027,1.992
2893580,A1,3.060,-82.1,2.038,2.002
2893700,A3,2.540,-80.4,2.038,1.985
2893720,A2,2.420,-82.1,2.021,1.985
2893730,A1,3.070,-81.9,2.032,1.996
2893850,A3,2.530,-80.7,2.032,2.004
2893870,A2,2.440,-82.3,2.014,2.004
2893880,A1,3.070,-81.9,2.014,2.004
2894000,A3,2.500,-80.4,2.014,2.029
2894020,A2,2.440,-81.9,2.014,2.029
2894030,A1,3.050,-82.5,1.992,2.009
2894150,A3,2.540,-80.8,1.992,1.975
2894170,A2,2.420,-81.7,2.010,1.975
2894180,A1,3.040,-82.3,1.999,1.965
2894300,A3,2.530,-80.3,1.999,1.973
2894320,A2,2.410,-81.6,2.008,1.973
2894330,A1,3.040,-82.2,2.008,1.973
2894450,A3,2.540,-80.6,2.008,1.965
2894470,A2,2.430,-81.8,1.990,1.965
2894480,A1,3.070,-82.0,2.023,1.996
2894600,A3,2.560,-80.4,2.023,1.979
2894620,A2,2.410,-81.7,2.041,1.979
2894630,A1,3.060,-82.5,2.029,1.968
2894750,A3,2.560,-80.3,2.029,1.968
2894770,A2,2.430,-81.7,2.012,1.968
2894780,A1,3.070,-82.2,2.023,1.979
2894900,A3,2.530,-80.6,2.023,2.004
2894920,A2,2.440,-81.6,2.014,2.004
2894930,A1,3.030,-81.8,1.970,1.963
2895050,A3,2.550,-80.7,1.970,1.946
2895070,A2,2.410,-81.9,1.997,1.946
2895080,A1,3.040,-81.7,2.008,1.957
2895200,A3,2.520,-80.9,2.008,1.982
2895220,A2,2.410,-81.7,2.008,1.982
2895230,A1,3.040,-82.2,2.008,1.982
2895350,A3,2.560,-80.6,2.008,1.948
2895370,A2,2.430,-82.1,1.990,1.948
2895380,A1,3.060,-82.0,2.012,1.968
2895500,A3,2.520,-80.9,2.012,2.002
2895520,A2,2.460,-82.1,1.986,2.002
2895530,A1,3.080,-82.3,2.008,2.023
2895650,A3,2.540,-80.4,2.008,2.006
2895670,A2,2.430,-81.8,2.034,2.006
2895680,A1,3.070,-81.8,2.023,1.996
2895950,A3,2.540,-80.7,2.023,1.996
2895970,A2,2.410,-81.3,2.041,1.996
2895980,A1,3.050,-82.5,2.018,1.975
2896100,A3,2.520,-80.2,2.018,1.992
2896120,A2,2.440,-81.2,1.992,1.992
2896130,A1,3.050,-81.5,1.992,1.992
2896250,A3,2.530,-80.5,1.992,1.984
2896270,A2,2.440,-81.5,1.992,1.984
2896280,A1,3.070,-81.6,2.014,2.004
2896400,A3,2.510,-80.0,2.014,2.021
2896420,A2,2.440,-81.7,2.014,2.021
2896430,A1,3.090,-81.7,2.036,2.041
2896550,A3,2.550,-80.1,2.036,2.008
2896570,A2,2.410,-81.9,2.063,2.008
2896580,A1,3.050,-81.8,2.018,1.967
2896700,A3,2.560,-80.4,2.018,1.958
2896720,A2,2.420,-81.4,2.010,1.958
2896730,A1,3.060,-81.8,2.021,1.968
2896850,A3,2.530,-80.4,2.021,1.994
2896870,A2,2.410,-81.5,2.029,1.994
2896880,A1,3.060,-81.6,2.029,1.994
2897000,A3,2.540,-80.3,2.029,1.985
2897020,A2,2.420,-81.5,2.021,1.985
2897030,A1,3.060,-82.1,2.021,1.985
2897150,A3,2.560,-80.5,2.021,1.968
2897170,A2,2.440,-81.3,2.003,1.968
2897180,A1,3.060,-81.7,2.003,1.968
2897300,A3,2.550,-80.1,2.003,1.977
2897320,A2,2.440,-81.3,2.003,1.977
2897330,A1,3.030,-81.7,1.970,1.946
2897450,A3,2.540,-80.6,1.970,1.955
2897470,A2,2.440,-81.4,1.970,1.955
2897480,A1,3.050,-81.9,1.992,1.975
2897600,A3,2.510,-80.2,1.992,2.000
2897620,A2,2.440,-81.5,1.992,2.000
2897630,A1,3.050,-81.7,1.992,2.000
2897750,A3,2.540,-80.4,1.992,1.975
2897770,A2,2.390,-81.4,2.036,1.975
2897780,A1,3.040,-81.9,2.025,1.965
2897900,A3,2.530,-80.4,2.025,1.973
2897920,A2,2.440,-81.7,1.981,1.973
2897930,A1,3.070,-81.8,2.014,2.004
2898050,A3,2.510,-80.4,2.014,2.021
2898070,A2,2.410,-81.8,2.041,2.021
2898080,A1,3.050,-81.7,2.018,2.000
2898200,A3,2.530,-80.3,2.018,1.984
2898220,A2,2.410,-81.7,2.018,1.984
2898230,A1,3.070,-81.7,2.041,2.004
2898350,A3,2.540,-80.3,2.041,1.996
2898370,A2,2.440,-81.3,2.014,1.996
2898380,A1,3.110,-82.5,2.059,2.037
2898500,A3,2.540,-80.4,2.059,2.037
2898520,A2,2.440,-81.5,2.059,2.037
2898530,A1,3.050,-81.7,1.992,1.975
2898650,A3,2.520,-80.3,1.992,1.992
2898670,A2,2.430,-81.7,2.001,1.992
2898680,A1,3.070,-81.7,2.023,2.012
2898800,A3,2.550,-80.1,2.023,1.987
2898820,A2,2.420,-81.5,2.032,1.987
2898830,A1,3.060,-81.8,2.021,1.977
2899100,A3,2.570,-80.4,2.021,1.960
2899120,A2,2.410,-81.7,2.029,1.960
2899130,A1,3.070,-82.3,2.041,1.970
2899250,A3,2.540,-80.0,2.041,1.996
2899270,A2,2.430,-81.1,2.023,1.996
2899280,A1,3.070,-81.7,2.023,1.996
2899400,A3,2.550,-80.5,2.023,1.987
2899420,A2,2.420,-81.6,2.032,1.987
2899430,A1,3.080,-82.4,2.043,1.997
2899550,A3,2.550,-80.2,2.043,1.997
2899570,A2,2.420,-81.5,2.043,1.997
2899580,A1,3.090,-82.4,2.054,2.008
2899700,A3,2.570,-80.2,2.054,1.991
2899720,A2,2.420,-81.3,2.054,1.991
2899730,A1,3.080,-82.0,2.043,1.980
2899850,A3,2.500,-80.0,2.043,2.039
2899870,A2,2.430,-81.7,2.034,2.039
2899880,A1,3.070,-81.7,2.023,2.029
2900000,A3,2.530,-80.3,2.023,2.004
2900020,A2,2.440,-81.2,2.014,2.004
2900030,A1,3.040,-81.8,1.981,1.973
2900150,A3,2.560,-80.2,1.981,1.948
2900170,A2,2.430,-81.2,1.990,1.948
2900450,A3,2.550,-80.3,1.990,1.957
2900470,A2,2.400,-81.9,2.016,1.957
2900480,A1,3.040,-82.2,2.016,1.957
2900620,A2,2.440,-81.8,1.981,1.957
2900630,A1,3.060,-81.8,2.003,1.977
2900770,A2,2.420,-81.2,2.021,1.977
2900780,A1,3.070,-82.3,2.032,1.987
2900900,A3,2.530,-80.1,2.032,2.004
2900920,A2,2.470,-81.4,1.988,2.004
2900930,A1,3.070,-81.9,1.988,2.004
2901070,A2,2.420,-81.3,2.032,2.004
2901080,A1,3.070,-82.2,2.032,2.004
2901220,A2,2.410,-81.4,2.041,2.004
2901230,A1,3.040,-81.6,2.008,1.973
2901350,A3,2.500,-80.0,2.008,1.999
2901370,A2,2.420,-81.4,1.999,1.999
2901380,A1,3.010,-82.2,1.966,1.968
2901500,A3,2.520,-80.3,1.966,1.952
2901520,A2,2.450,-81.0,1.940,1.952
2901530,A1,3.050,-81.7,1.984,1.992
2901650,A3,2.560,-80.3,1.984,1.958
2901670,A2,2.460,-81.5,1.975,1.958
2901680,A1,3.040,-82.4,1.964,1.948
2901800,A3,2.520,-79.8,1.964,1.982
2901820,A2,2.500,-81.5,1.928,1.982
2901830,A1,3.070,-82.5,1.961,2.012
2901950,A3,2.570,-79.4,1.961,1.970
2901970,A2,2.430,-82.0,2.023,1.970
2901980,A1,3.040,-82.4,1.990,1.939
2902250,A3,2.590,-80.0,1.990,1.922
2902270,A2,2.450,-82.0,1.973,1.922
2902280,A1,3.050,-82.7,1.984,1.932
2902400,A3,2.590,-79.4,1.984,1.932
2902420,A2,2.460,-81.6,1.975,1.932
2902430,A1,3.050,-82.4,1.975,1.932
2902550,A3,2.600,-79.4,1.975,1.924
2902570,A2,2.440,-81.5,1.992,1.924
2902580,A1,3.090,-82.4,2.036,1.965
2902700,A3,2.540,-80.1,2.036,2.016
2902720,A2,2.410,-81.4,2.063,2.016
2902730,A1,3.060,-82.7,2.029,1.985
2902850,A3,2.530,-80.6,2.029,1.994
2902870,A2,2.470,-81.4,1.977,1.994
2902880,A1,3.040,-82.3,1.955,1.973
2903000,A3,2.560,-79.6,1.955,1.948
2903020,A2,2.440,-82.2,1.981,1.948
2903030,A1,3.040,-82.4,1.981,1.948
2903150,A3,2.550,-80.1,1.981,1.957
2903170,A2,2.420,-81.9,1.999,1.957
2903180,A1,3.040,-82.5,1.999,1.957
2903300,A3,2.520,-80.1,1.999,1.982
2903320,A2,2.440,-81.5,1.981,1.982
2903330,A1,3.080,-82.0,2.025,2.023
2903450,A3,2.500,-80.4,2.025,2.039
2903470,A2,2.440,-81.6,2.025,2.039
2903480,A1,3.080,-81.6,2.025,2.039
2903600,A3,2.510,-79.9,2.025,2.031
2903620,A2,2.410,-81.4,2.052,2.031
2903630,A1,3.060,-81.5,2.029,2.011
2903750,A3,2.570,-80.6,2.029,1.960
2903770,A2,2.410,-81.9,2.029,1.960
2903780,A1,3.050,-81.6,2.018,1.950
2903900,A3,2.530,-80.3,2.018,1.984
2903920,A2,2.440,-82.2,1.992,1.984
2903930,A1,3.030,-82.3,1.970,1.963
2904050,A3,2.550,-80.4,1.970,1.946
2904070,A2,2.460,-82.1,1.953,1.946
2904080,A1,3.040,-82.5,1.964,1.957
2904200,A3,2.580,-80.6,1.964,1.931
2904220,A2,2.480,-82.1,1.946,1.931
2904230,A1,3.040,-82.2,1.946,1.931
2904350,A3,2.520,-80.0,1.946,1.982
2904370,A2,2.450,-81.9,1.973,1.982
2904380,A1,3.040,-82.2,1.973,1.982
2904500,A3,2.530,-80.7,1.973,1.973
2904520,A2,2.440,-81.8,1.981,1.973
2904530,A1,3.060,-82.1,2.003,1.994
2904650,A3,2.550,-80.7,2.003,1.977
2904670,A2,2.440,-81.6,2.003,1.977
2904680,A1,3.040,-81.8,1.981,1.957
2904800,A3,2.540,-79.8,1.981,1.965
2904820,A2,2.410,-82.0,2.008,1.965
2904830,A1,3.070,-81.4,2.041,1.996
2904950,A3,2.550,-79.7,2.041,1.987
2904970,A2,2.450,-81.6,2.006,1.987
2904980,A1,3.050,-81.7,1.984,1.967
2905100,A3,2.600,-79.9,1.984,1.924
2905120,A2,2.430,-81.6,2.001,1.924
2905130,A1,3.050,-81.5,2.001,1.924
2905400,A3,2.610,-79.6,2.001,1.915
2905420,A2,2.460,-81.3,1.975,1.915
2905430,A1,3.040,-82.3,1.964,1.905
2905550,A3,2.540,-79.8,1.964,1.965
2905570,A2,2.430,-81.4,1.990,1.965
2905580,A1,3.040,-82.0,1.990,1.965
2905700,A3,2.560,-79.8,1.990,1.948
2905720,A2,2.430,-81.4,1.990,1.948
2905730,A1,3.050,-81.9,2.001,1.958
2905850,A3,2.550,-80.6,2.001,1.967
2905870,A2,2.420,-81.5,2.010,1.967
2905880,A1,3.060,-82.2,2.021,1.977
2906000,A3,2.540,-80.4,2.021,1.985
2906020,A2,2.440,-82.3,2.003,1.985
2906030,A1,3.040,-82.8,1.981,1.965
2906150,A3,2.540,-79.8,1.981,1.965
2906170,A2,2.420,-81.7,1.999,1.965
2906180,A1,3.030,-82.6,1.988,1.955
2906300,A3,2.560,-80.3,1.988,1.938
2906320,A2,2.470,-81.3,1.944,1.938
2906330,A1,3.040,-82.8,1.955,1.948
2906450,A3,2.530,-80.3,1.955,1.973
2906470,A2,2.440,-81.6,1.981,1.973
2906480,A1,3.050,-82.7,1.992,1.984
2906600,A3,2.520,-80.5,1.992,1.992
2906620,A2,2.440,-82.1,1.992,1.992
2906630,A1,3.060,-82.2,2.003,2.002
2906750,A3,2.500,-80.2,2.003,2.019
2906770,A2,2.480,-81.9,1.968,2.019
2906780,A1,3.040,-81.8,1.946,1.999
2906900,A3,2.520,-80.3,1.946,1.982
2906920,A2,2.420,-81.6,1.999,1.982
2906930,A1,3.060,-82.1,2.021,2.002
2907050,A3,2.550,-80.0,2.021,1.977
2907070,A2,2.430,-81.5,2.012,1.977
2907080,A1,3.050,-81.9,2.001,1.967
2907200,A3,2.540,-79.4,2.001,1.975
2907220,A2,2.430,-81.9,2.001,1.975
2907230,A1,3.060,-81.7,2.012,1.985
2907350,A3,2.540,-79.5,2.012,1.985
2907370,A2,2.430,-81.4,2.012,1.985
2907380,A1,3.030,-81.7,1.979,1.955
2907500,A3,2.520,-80.1,1.979,1.972
2907520,A2,2.390,-81.9,2.014,1.972
2907530,A1,3.020,-81.4,2.003,1.962
2907650,A3,2.540,-80.6,2.003,1.945
2907670,A2,2.420,-81.7,1.977,1.945
2907680,A1,3.070,-81.6,2.032,1.996
2907800,A3,2.570,-80.1,2.032,1.970
2907820,A2,2.430,-82.3,2.023,1.970
2907830,A1,3.030,-82.5,1.979,1.929
2907950,A3,2.510,-81.1,1.979,1.980
2907970,A2,2.470,-81.3,1.944,1.980
2907980,A1,3.060,-82.6,1.977,2.011
2908100,A3,2.540,-80.8,1.977,1.985
2908120,A2,2.460,-81.1,1.986,1.985
2908130,A1,3.040,-83.2,1.964,1.965
2908250,A3,2.530,-80.8,1.964,1.973
2908270,A2,2.450,-81.3,1.973,1.973
2908280,A1,3.010,-82.9,1.940,1.943
2908550,A3,2.560,-80.3,1.940,1.918
2908570,A2,2.430,-81.7,1.957,1.918
2908580,A1,3.020,-82.3,1.968,1.928
2908700,A3,2.510,-80.4,1.968,1.970
2908720,A2,2.470,-81.6,1.933,1.970
2908730,A1,3.070,-81.8,1.988,2.021
2908850,A3,2.550,-80.6,1.988,1.987
2908870,A2,2.420,-81.5,2.032,1.987
2908880,A1,3.050,-81.6,2.010,1.967
2909000,A3,2.540,-80.2,2.010,1.975
2909020,A2,2.420,-81.6,2.010,1.975
2909030,A1,3.100,-81.8,2.065,2.026
2909150,A3,2.560,-79.6,2.065,2.009
2909170,A2,2.400,-81.8,2.082,2.009
2909180,A1,3.100,-81.4,2.082,2.009
2909300,A3,2.560,-80.3,2.082,2.009
2909320,A2,2.410,-81.4,2.074,2.009
2909330,A1,3.070,-82.0,2.041,1.979
2909450,A3,2.510,-80.5,2.041,2.021
2909470,A2,2.420,-81.5,2.032,2.021
2909480,A1,3.070,-81.3,2.032,2.021
2909600,A3,2.530,-80.8,2.032,2.004
2909620,A2,2.430,-81.5,2.023,2.004
2909630,A1,3.090,-81.3,2.045,2.025
2909750,A3,2.520,-80.0,2.045,2.033
2909770,A2,2.440,-81.7,2.036,2.033
2909780,A1,3.040,-81.6,1.981,1.982
2909900,A3,2.530,-80.8,1.981,1.973
2909920,A2,2.470,-81.9,1.955,1.973
2909930,A1,3.010,-82.2,1.922,1.943
2910050,A3,2.510,-80.7,1.922,1.960
2910070,A2,2.460,-81.3,1.931,1.960
2910080,A1,3.070,-82.7,1.997,2.021
2910200,A3,2.540,-79.8,1.997,1.996
2910220,A2,2.450,-81.0,2.006,1.996
2910230,A1,3.060,-82.8,1.995,1.985
2910350,A3,2.540,-79.6,1.995,1.985
2910370,A2,2.490,-81.0,1.959,1.985
2910380,A1,3.030,-82.5,1.926,1.955
2910500,A3,2.550,-80.0,1.926,1.946
2910520,A2,2.460,-81.0,1.953,1.946
2910530,A1,3.060,-82.6,1.986,1.977
2910650,A3,2.530,-79.8,1.986,1.994
2910670,A2,2.420,-81.1,2.021,1.994
2910680,A1,3.040,-82.8,1.999,1.973
2910800,A3,2.550,-80.4,1.999,1.957
2910820,A2,2.480,-81.1,1.946,1.957
2910830,A1,3.060,-82.8,1.968,1.977
2910950,A3,2.510,-80.9,1.968,2.011
2910970,A2,2.460,-81.6,1.986,2.011
2910980,A1,3.040,-82.9,1.964,1.990
2911100,A3,2.510,-80.4,1.964,1.990
2911120,A2,2.460,-81.6,1.964,1.990
2911130,A1,3.050,-82.3,1.975,2.000
2911250,A3,2.510,-80.5,1.975,2.000
2911270,A2,2.450,-81.7,1.984,2.000
2911280,A1,3.030,-82.3,1.962,1.980
2911400,A3,2.560,-79.8,1.962,1.938
2911420,A2,2.440,-81.6,1.970,1.938
2911700,A3,2.540,-80.1,1.970,1.955
2911720,A2,2.460,-81.5,1.953,1.955
2911730,A1,3.080,-81.5,2.008,2.006
2911850,A3,2.540,-80.2,2.008,2.006
2911870,A2,2.450,-81.8,2.017,2.006
2911880,A1,3.060,-81.3,1.995,1.985
2912000,A3,2.510,-80.3,1.995,2.011
2912020,A2,2.450,-81.4,1.995,2.011
2912030,A1,3.040,-81.8,1.973,1.990
2912150,A3,2.550,-80.4,1.973,1.957
2912170,A2,2.430,-81.5,1.990,1.957
2912180,A1,3.080,-81.6,2.034,1.997
2912300,A3,2.550,-80.2,2.034,1.997
2912330,A1,3.080,-81.3,2.034,1.997
2912480,A1,3.080,-81.3,2.034,1.997
2912600,A3,2.560,-79.9,2.034,1.989
2912620,A2,2.470,-81.5,1.999,1.989
2912630,A1,3.060,-81.5,1.977,1.968
2912750,A3,2.570,-80.0,1.977,1.960
2912770,A2,2.440,-81.5,2.003,1.960
2912780,A1,3.100,-81.2,2.048,2.001
2912900,A3,2.560,-80.4,2.048,2.009
2912920,A2,2.440,-81.6,2.048,2.009
2912930,A1,3.080,-81.8,2.025,1.989
2913050,A3,2.540,-80.0,2.025,2.006
2913070,A2,2.440,-81.5,2.025,2.006
2913080,A1,3.040,-81.6,1.981,1.965
2913200,A3,2.540,-80.4,1.981,1.965
2913220,A2,2.440,-81.7,1.981,1.965
2913230,A1,3.060,-81.6,2.003,1.985
2913350,A3,2.540,-80.6,2.003,1.985
2913370,A2,2.440,-81.9,2.003,1.985
2913380,A1,3.050,-81.5,1.992,1.975
2913500,A3,2.550,-80.7,1.992,1.967
2913520,A2,2.430,-81.9,2.001,1.967
2913530,A1,3.080,-81.4,2.034,1.997
2913650,A3,2.550,-80.6,2.034,1.997
2913670,A2,2.450,-81.4,2.017,1.997
2913680,A1,3.070,-81.2,2.006,1.987
2913800,A3,2.510,-80.4,2.006,2.021
2913820,A2,2.440,-81.7,2.014,2.021
2913830,A1,3.080,-81.9,2.025,2.031
2913950,A3,2.540,-80.1,2.025,2.006
2913970,A2,2.400,-81.5,2.060,2.006
2913980,A1,3.050,-81.3,2.027,1.975
2914100,A3,2.510,-80.6,2.027,2.000
2914120,A2,2.440,-81.9,1.992,2.000
2914130,A1,3.050,-81.6,1.992,2.000
2914250,A3,2.540,-79.8,1.992,1.975
2914270,A2,2.440,-81.7,1.992,1.975
2914280,A1,3.050,-81.8,1.992,1.975
2914400,A3,2.570,-80.1,1.992,1.950
2914420,A2,2.450,-81.7,1.984,1.950
2914430,A1,3.030,-81.9,1.962,1.929
2914550,A3,2.560,-80.5,1.962,1.938
2914570,A2,2.470,-81.6,1.944,1.938
2914580,A1,3.050,-82.4,1.966,1.958
2914850,A3,2.540,-80.6,1.966,1.975
2914870,A2,2.470,-80.9,1.966,1.975
2914880,A1,3.030,-82.8,1.944,1.955
2915000,A3,2.580,-80.4,1.944,1.921
2915020,A2,2.450,-81.1,1.962,1.921
2915030,A1,3.030,-82.7,1.962,1.921
2915150,A3,2.500,-80.5,1.962,1.988
2915170,A2,2.490,-80.9,1.926,1.988
2915180,A1,3.030,-82.8,1.926,1.988
2915300,A3,2.580,-80.5,1.926,1.921
2915320,A2,2.470,-80.9,1.944,1.921
2915330,A1,3.030,-83.0,1.944,1.921
2915450,A3,2.500,-80.5,1.944,1.988
2915470,A2,2.460,-81.0,1.953,1.988
2915480,A1,3.020,-82.6,1.942,1.978
2915600,A3,2.520,-80.5,1.942,1.962
2915620,A2,2.470,-81.0,1.933,1.962
2915630,A1,3.040,-82.8,1.955,1.982
2915750,A3,2.480,-80.7,1.955,2.015
2915770,A2,2.460,-80.9,1.964,2.015
2915780,A1,2.990,-82.7,1.910,1.965
2915900,A3,2.510,-80.4,1.910,1.940
2915920,A2,2.470,-81.2,1.901,1.940
2915930,A1,3.000,-82.9,1.911,1.950
2916050,A3,2.490,-80.2,1.911,1.967
2916070,A2,2.480,-80.9,1.903,1.967
2916080,A1,3.030,-82.8,1.935,1.997
2916200,A3,2.550,-80.7,1.935,1.946
2916220,A2,2.440,-80.8,1.970,1.946
2916230,A1,3.060,-82.8,2.003,1.977
2916350,A3,2.500,-80.7,2.003,2.019
2916370,A2,2.460,-81.0,1.986,2.019
2916380,A1,3.030,-83.0,1.953,1.988
2916500,A3,2.510,-80.2,1.953,1.980
2916520,A2,2.460,-81.3,1.953,1.980
2916530,A1,3.070,-83.0,1.997,2.021
2916650,A3,2.540,-80.0,1.997,1.996
2916670,A2,2.470,-80.8,1.988,1.996
2916680,A1,3.020,-83.0,1.933,1.945
2916800,A3,2.540,-80.6,1.933,1.945
2916820,A2,2.450,-81.0,1.951,1.945
2916830,A1,3.030,-83.0,1.962,1.955
2916950,A3,2.470,-83.6,1.962,2.013
2916970,A2,2.460,-81.5,1.953,2.013
2916980,A1,3.040,-84.3,1.964,2.023
2917100,A3,2.530,-81.3,1.964,1.973
2917120,A2,2.420,-81.2,1.999,1.973
2917130,A1,3.030,-82.5,1.988,1.963
2917250,A3,2.520,-80.7,1.988,1.972
2917270,A2,2.450,-81.2,1.962,1.972
2917280,A1,3.020,-82.4,1.951,1.962
2917400,A3,2.530,-80.5,1.951,1.953
2917420,A2,2.430,-81.6,1.968,1.953
2917430,A1,3.030,-82.6,1.979,1.963
2917550,A3,2.520,-80.2,1.979,1.972
2917570,A2,2.480,-81.8,1.935,1.972
2917580,A1,3.030,-82.4,1.935,1.972
2917700,A3,2.580,-79.9,1.935,1.921
2917720,A2,2.440,-81.7,1.970,1.921
2917730,A1,3.050,-82.1,1.992,1.941
2918000,A3,2.530,-81.0,1.992,1.984
2918020,A2,2.440,-81.6,1.992,1.984
2918030,A1,3.040,-82.7,1.981,1.973
2918150,A3,2.510,-80.7,1.981,1.990
2918170,A2,2.450,-81.4,1.973,1.990
2918180,A1,3.030,-82.4,1.962,1.980
2918300,A3,2.520,-80.2,1.962,1.972
2918320,A2,2.470,-81.6,1.944,1.972
2918330,A1,3.040,-83.1,1.955,1.982
2918450,A3,2.510,-80.7,1.955,1.990
2918470,A2,2.460,-81.4,1.964,1.990
2918480,A1,3.010,-82.6,1.931,1.960
2918600,A3,2.540,-80.3,1.931,1.935
2918620,A2,2.450,-81.4,1.940,1.935
2918630,A1,3.060,-82.6,1.995,1.985
2918750,A3,2.500,-80.1,1.995,2.019
2918770,A2,2.430,-81.8,2.012,2.019
2918780,A1,3.040,-82.3,1.990,1.999
2918900,A3,2.520,-80.6,1.990,1.982
2918920,A2,2.440,-81.6,1.981,1.982
2918930,A1,3.040,-82.8,1.981,1.982
2919050,A3,2.570,-80.1,1.981,1.939
2919070,A2,2.490,-81.9,1.937,1.939
2919080,A1,3.020,-82.7,1.915,1.919
2919200,A3,2.510,-82.3,1.915,1.970
2919220,A2,2.450,-81.5,1.951,1.970
2919230,A1,3.040,-83.8,1.973,1.990
2919350,A3,2.540,-80.5,1.973,1.965
2919370,A2,2.430,-81.6,1.990,1.965
2919380,A1,3.040,-82.7,1.990,1.965
2919500,A3,2.530,-80.6,1.990,1.973
2919520,A2,2.480,-81.7,1.946,1.973
2919530,A1,3.060,-82.7,1.968,1.994
2919650,A3,2.560,-80.5,1.968,1.968
2919670,A2,2.450,-81.6,1.995,1.968
2919680,A1,3.050,-82.7,1.984,1.958
2919800,A3,2.510,-80.7,1.984,2.000
2919820,A2,2.450,-81.7,1.984,2.000
2919830,A1,3.030,-82.3,1.962,1.980
2919950,A3,2.550,-80.6,1.962,1.946
2919970,A2,2.440,-81.4,1.970,1.946
2919980,A1,3.040,-82.7,1.981,1.957
2920100,A3,2.530,-80.5,1.981,1.973
2920120,A2,2.450,-81.7,1.973,1.973
2920130,A1,3.050,-82.5,1.984,1.984
2920250,A3,2.530,-80.9,1.984,1.984
2920270,A2,2.440,-81.7,1.992,1.984
2920280,A1,3.030,-82.9,1.970,1.963
2920400,A3,2.570,-80.7,1.970,1.929
2920420,A2,2.430,-81.4,1.979,1.929
2920430,A1,3.050,-82.6,2.001,1.950
2920550,A3,2.550,-80.1,2.001,1.967
2920570,A2,2.440,-81.8,1.992,1.967
2920580,A1,3.060,-82.8,2.003,1.977
2920720,A2,2.440,-81.4,2.003,1.977
2920730,A1,3.040,-82.7,1.981,1.957
2920870,A2,2.440,-81.2,1.981,1.957
2920880,A1,3.030,-82.5,1.970,1.946
2921150,A3,2.500,-80.9,1.970,1.988
2921170,A2,2.440,-81.4,1.970,1.988
2921180,A1,3.020,-82.8,1.960,1.978
2921300,A3,2.540,-80.0,1.960,1.945
2921320,A2,2.430,-81.4,1.968,1.945
2921330,A1,3.050,-82.4,2.001,1.975
2921450,A3,2.520,-80.1,2.001,1.992
2921470,A2,2.460,-81.2,1.975,1.992
2921480,A1,3.040,-82.6,1.964,1.982
2921600,A3,2.510,-80.2,1.964,1.990
2921620,A2,2.440,-81.5,1.981,1.990
2921630,A1,3.030,-82.7,1.970,1.980
2921750,A3,2.530,-80.0,1.970,1.963
2921770,A2,2.400,-81.2,2.005,1.963
2921780,A1,3.030,-82.8,2.005,1.963
2921900,A3,2.520,-80.8,2.005,1.972
2921920,A2,2.440,-81.8,1.970,1.972
2921930,A1,3.030,-82.6,1.970,1.972
2922050,A3,2.550,-79.9,1.970,1.946
2922070,A2,2.440,-81.7,1.970,1.946
2922080,A1,3.040,-82.4,1.981,1.957
2922200,A3,2.570,-80.1,1.981,1.939
2922220,A2,2.450,-81.7,1.973,1.939
2922230,A1,3.050,-82.0,1.984,1.950
2922370,A2,2.460,-81.6,1.975,1.950
2922380,A1,3.040,-81.6,1.964,1.939
2922520,A2,2.430,-81.3,1.990,1.939
2922530,A1,3.060,-82.0,2.012,1.960
2922650,A3,2.560,-80.0,2.012,1.968
2922670,A2,2.430,-81.8,2.012,1.968
2922680,A1,3.050,-82.2,2.001,1.958
2922800,A3,2.560,-79.8,2.001,1.958
2922820,A2,2.450,-82.1,1.984,1.958
2922830,A1,3.040,-82.2,1.973,1.948
2922950,A3,2.560,-80.2,1.973,1.948
2922970,A2,2.440,-81.7,1.981,1.948
2922980,A1,3.040,-82.2,1.981,1.948
2923100,A3,2.580,-79.8,1.981,1.931
2923120,A2,2.450,-81.6,1.973,1.931
2923130,A1,3.040,-82.1,1.973,1.931
2923250,A3,2.540,-79.9,1.973,1.965
2923270,A2,2.460,-81.7,1.964,1.965
2923280,A1,3.070,-82.6,1.997,1.996
2923400,A3,2.540,-79.8,1.997,1.996
2923420,A2,2.420,-81.6,2.032,1.996
2923430,A1,3.040,-82.2,1.999,1.965
2923550,A3,2.540,-79.9,1.999,1.965
2923570,A2,2.450,-81.7,1.973,1.965
2923580,A1,3.040,-82.1,1.973,1.965
2923700,A3,2.530,-80.1,1.973,1.973
2923720,A2,2.440,-81.3,1.981,1.973
2923730,A1,3.040,-82.3,1.981,1.973
2923850,A3,2.530,-80.4,1.981,1.973
2923870,A2,2.430,-82.2,1.990,1.973
2923880,A1,3.040,-82.4,1.990,1.973
2924000,A3,2.500,-80.2,1.990,1.999
2924020,A2,2.440,-81.8,1.981,1.999
2924030,A1,3.030,-82.2,1.970,1.988
2924300,A3,2.550,-80.2,1.970,1.946
2924320,A2,2.450,-81.6,1.962,1.946
2924330,A1,3.040,-82.1,1.973,1.957
2924450,A3,2.550,-80.1,1.973,1.957
2924470,A2,2.460,-81.6,1.964,1.957
2924480,A1,3.000,-82.5,1.920,1.916
2924600,A3,2.520,-79.9,1.920,1.942
2924620,A2,2.410,-81.7,1.964,1.942
2924630,A1,3.060,-82.2,2.029,2.002
2924750,A3,2.560,-80.1,2.029,1.968
2924770,A2,2.420,-81.8,2.021,1.968
2924780,A1,3.040,-82.2,1.999,1.948
2924900,A3,2.550,-80.0,1.999,1.957
2924920,A2,2.460,-81.7,1.964,1.957
2924930,A1,3.020,-81.9,1.942,1.936
2925050,A3,2.560,-79.8,1.942,1.928
2925070,A2,2.460,-81.7,1.942,1.928
2925080,A1,3.040,-82.3,1.964,1.948
2925200,A3,2.510,-80.2,1.964,1.990
2925220,A2,2.460,-82.3,1.964,1.990
2925230,A1,3.020,-81.9,1.942,1.970
2925350,A3,2.560,-82.7,1.942,1.928
2925370,A2,2.440,-82.6,1.960,1.928
2925380,A1,3.040,-83.0,1.981,1.948
2925500,A3,2.550,-80.2,1.981,1.957
2925520,A2,2.440,-82.0,1.981,1.957
2925530,A1,3.060,-82.1,2.003,1.977
2925650,A3,2.550,-80.2,2.003,1.977
2925670,A2,2.450,-82.1,1.995,1.977
2925680,A1,3.060,-81.8,1.995,1.977
2925800,A3,2.550,-80.5,1.995,1.977
2925820,A2,2.440,-82.0,2.003,1.977
2925830,A1,3.040,-82.1,1.981,1.957
2925950,A3,2.580,-80.4,1.981,1.931
2925970,A2,2.430,-82.4,1.990,1.931
2925980,A1,3.040,-82.3,1.990,1.931
2926100,A3,2.530,-80.2,1.990,1.973
2926120,A2,2.450,-81.9,1.973,1.973
2926130,A1,3.070,-82.1,2.006,2.004
2926250,A3,2.550,-80.6,2.006,1.987
2926270,A2,2.410,-82.3,2.041,1.987
2926280,A1,3.060,-82.0,2.029,1.977
2926400,A3,2.510,-80.2,2.029,2.011
2926420,A2,2.420,-82.4,2.021,2.011
2926430,A1,3.070,-82.6,2.032,2.021
2926550,A3,2.530,-80.2,2.032,2.004
2926580,A1,3.050,-82.0,2.010,1.984
2926730,A1,3.100,-81.7,2.065,2.035
2926850,A3,2.560,-79.9,2.065,2.009
2926870,A2,2.430,-82.0,2.056,2.009
2926880,A1,3.040,-81.6,1.990,1.948
2927000,A3,2.520,-79.8,1.990,1.982
2927020,A2,2.420,-81.8,1.999,1.982
2927030,A1,3.070,-81.4,2.032,2.012
2927150,A3,2.580,-80.0,2.032,1.961
2927170,A2,2.410,-81.2,2.041,1.961
2927180,A1,3.070,-82.0,2.041,1.961
2927450,A3,2.560,-80.2,2.041,1.979
2927470,A2,2.410,-81.4,2.041,1.979
2927480,A1,3.070,-82.7,2.041,1.979
2927600,A3,2.570,-80.2,2.041,1.970
2927620,A2,2.420,-81.7,2.032,1.970
2927630,A1,3.030,-82.9,1.988,1.929
2927750,A3,2.600,-79.9,1.988,1.903
2927770,A2,2.480,-81.4,1.935,1.903
2927780,A1,3.060,-81.9,1.968,1.934
2927900,A3,2.550,-79.4,1.968,1.977
2927920,A2,2.460,-81.3,1.986,1.977
2927930,A1,3.040,-82.2,1.964,1.957
2928050,A3,2.540,-80.1,1.964,1.965
2928070,A2,2.420,-81.2,1.999,1.965
2928080,A1,3.040,-82.2,1.999,1.965
2928200,A3,2.480,-79.6,1.999,2.015
2928220,A2,2.460,-81.2,1.964,2.015
2928230,A1,3.060,-81.8,1.986,2.036
2928350,A3,2.520,-80.0,1.986,2.002
2928380,A1,3.070,-82.4,1.997,2.012
2928530,A1,3.060,-81.7,1.986,2.002
2928650,A3,2.530,-80.2,1.986,1.994
2928670,A2,2.440,-81.3,2.003,1.994
2928680,A1,3.060,-82.2,2.003,1.994
2928800,A3,2.550,-79.7,2.003,1.977
2928820,A2,2.400,-81.4,2.038,1.977
2928830,A1,3.050,-82.2,2.027,1.967
2928950,A3,2.500,-79.7,2.027,2.009
2928970,A2,2.420,-81.3,2.010,2.009
2928980,A1,3.030,-81.7,1.988,1.988
2929100,A3,2.530,-80.5,1.988,1.963
2929120,A2,2.420,-81.6,1.988,1.963
2929130,A1,3.030,-82.0,1.988,1.963
2929250,A3,2.530,-80.7,1.988,1.963
2929270,A2,2.420,-81.5,1.988,1.963
2929280,A1,3.090,-81.8,2.054,2.025
2929400,A3,2.530,-79.9,2.054,2.025
2929420,A2,2.390,-82.0,2.080,2.025
2929430,A1,3.080,-81.8,2.069,2.014
2929550,A3,2.540,-80.8,2.069,2.006
2929570,A2,2.400,-81.6,2.060,2.006
2929580,A1,3.060,-81.6,2.038,1.985
2929700,A3,2.530,-80.6,2.038,1.994
2929720,A2,2.410,-81.6,2.029,1.994
2929730,A1,3.090,-81.7,2.063,2.025
2929850,A3,2.560,-82.3,2.063,1.999
2929870,A2,2.400,-81.5,2.071,1.999
2929880,A1,3.090,-83.2,2.071,1.999
2930000,A3,2.520,-80.9,2.071,2.033
2930020,A2,2.410,-81.4,2.063,2.033
2930030,A1,3.080,-81.7,2.052,2.023
2930150,A3,2.550,-80.3,2.052,1.997
2930170,A2,2.430,-81.7,2.034,1.997
2930180,A1,3.080,-81.4,2.034,1.997
2930300,A3,2.530,-80.6,2.034,2.014
2930320,A2,2.420,-81.5,2.043,2.014
2930330,A1,3.040,-81.6,1.999,1.973
2930600,A3,2.530,-79.8,1.999,1.973
2930620,A2,2.430,-81.9,1.990,1.973
2930630,A1,3.040,-82.0,1.990,1.973
2930750,A3,2.570,-80.6,1.990,1.939
2930770,A2,2.450,-82.7,1.973,1.939
2930780,A1,3.030,-82.6,1.962,1.929
2930900,A3,2.530,-79.8,1.962,1.963
2930920,A2,2.450,-81.2,1.962,1.963
2930930,A1,3.070,-82.3,2.006,2.004
2931050,A3,2.560,-80.3,2.006,1.979
2931070,A2,2.460,-81.1,1.997,1.979
2931080,A1,3.050,-82.0,1.975,1.958
2931200,A3,2.560,-80.1,1.975,1.958
2931220,A2,2.480,-81.1,1.957,1.958
2931230,A1,3.060,-82.1,1.968,1.968
2931350,A3,2.540,-80.6,1.968,1.985
2931380,A1,3.050,-82.5,1.957,1.975
2931530,A1,3.070,-82.9,1.979,1.996
2931650,A3,2.540,-80.5,1.979,1.996
2931670,A2,2.440,-81.8,2.014,1.996
2931680,A1,3.060,-82.6,2.003,1.985
2931800,A3,2.530,-80.3,2.003,1.994
2931820,A2,2.450,-82.1,1.995,1.994
2931830,A1,3.040,-82.0,1.973,1.973
2931950,A3,2.550,-80.3,1.973,1.957
2931970,A2,2.450,-81.9,1.973,1.957
2931980,A1,3.080,-82.9,2.017,1.997
2932100,A3,2.520,-81.2,2.017,2.023
2932120,A2,2.420,-82.3,2.043,2.023
2932130,A1,3.040,-83.2,1.999,1.982
2932250,A3,2.500,-81.0,1.999,1.999
2932270,A2,2.460,-82.3,1.964,1.999
2932280,A1,3.040,-82.8,1.964,1.999
2932400,A3,2.530,-80.9,1.964,1.973
2932420,A2,2.460,-82.6,1.964,1.973
2932430,A1,3.040,-82.8,1.964,1.973
2932550,A3,2.510,-80.4,1.964,1.990
2932570,A2,2.460,-82.4,1.964,1.990
2932580,A1,3.040,-83.4,1.964,1.990
2932700,A3,2.530,-82.0,1.964,1.973
2932720,A2,2.440,-82.7,1.981,1.973
2932730,A1,3.030,-82.9,1.970,1.963
2932850,A3,2.500,-81.7,1.970,1.988
2932870,A2,2.430,-82.4,1.979,1.988
2932880,A1,3.050,-82.7,2.001,2.009
2933000,A3,2.530,-80.2,2.001,1.984
2933020,A2,2.440,-81.4,1.992,1.984
2933030,A1,3.050,-82.3,1.992,1.984
2933150,A3,2.520,-79.8,1.992,1.992
2933170,A2,2.450,-81.2,1.984,1.992
2933180,A1,3.040,-81.9,1.973,1.982
2933300,A3,2.570,-80.1,1.973,1.939
2933320,A2,2.460,-81.1,1.964,1.939
2933330,A1,3.050,-82.7,1.975,1.950
2933450,A3,2.540,-80.4,1.975,1.975
2933470,A2,2.450,-81.3,1.984,1.975
2933480,A1,3.020,-82.4,1.951,1.945
2933750,A3,2.540,-79.7,1.951,1.945
2933770,A2,2.440,-81.1,1.960,1.945
2933780,A1,3.040,-82.9,1.981,1.965
2933900,A3,2.560,-79.7,1.981,1.948
2933920,A2,2.480,-80.9,1.946,1.948
2933930,A1,3.050,-82.9,1.957,1.958
2934050,A3,2.570,-80.2,1.957,1.950
2934080,A1,3.040,-83.1,1.946,1.939
2934230,A1,3.050,-82.7,1.957,1.950
2934350,A3,2.550,-80.0,1.957,1.967
2934370,A2,2.380,-81.3,2.044,1.967
2934380,A1,3.030,-82.9,2.022,1.946
2934500,A3,2.570,-79.6,2.022,1.929
2934520,A2,2.460,-80.8,1.953,1.929
2934530,A1,3.060,-83.0,1.986,1.960
2934650,A3,2.570,-79.8,1.986,1.960
2934670,A2,2.430,-81.2,2.012,1.960
2934680,A1,3.050,-82.8,2.001,1.950
2934800,A3,2.570,-79.6,2.001,1.950
2934820,A2,2.440,-81.2,1.992,1.950
2934830,A1,3.050,-82.7,1.992,1.950
2934950,A3,2.550,-80.0,1.992,1.967
2934970,A2,2.470,-80.9,1.966,1.967
2934980,A1,3.030,-82.7,1.944,1.946
2935100,A3,2.520,-80.0,1.944,1.972
2935120,A2,2.430,-81.0,1.979,1.972
2935130,A1,3.040,-83.1,1.990,1.982
2935250,A3,2.560,-79.9,1.990,1.948
2935270,A2,2.440,-81.3,1.981,1.948
2935280,A1,3.030,-82.6,1.970,1.938
2935400,A3,2.610,-80.0,1.970,1.895
2935420,A2,2.450,-81.3,1.962,1.895
2935430,A1,3.040,-82.6,1.973,1.905
2935550,A3,2.560,-79.9,1.973,1.948
2935570,A2,2.480,-80.9,1.946,1.948
2935580,A1,3.040,-82.5,1.946,1.948
2935700,A3,2.520,-80.3,1.946,1.982
2935720,A2,2.420,-81.3,1.999,1.982
2935730,A1,3.040,-82.6,1.999,1.982
2935850,A3,2.550,-80.2,1.999,1.957
2935870,A2,2.410,-81.5,2.008,1.957
2935880,A1,3.040,-82.3,2.008,1.957
2936000,A3,2.540,-79.5,2.008,1.965
2936020,A2,2.490,-81.9,1.937,1.965
2936030,A1,3.040,-82.3,1.937,1.965
2936150,A3,2.570,-80.5,1.937,1.939
2936170,A2,2.420,-81.4,1.999,1.939
2936180,A1,3.060,-81.8,2.021,1.960
2936300,A3,2.570,-80.4,2.021,1.960
2936320,A2,2.430,-82.0,2.012,1.960
2936330,A1,3.070,-81.6,2.023,1.970
2936450,A3,2.570,-79.9,2.023,1.970
2936470,A2,2.440,-82.6,2.014,1.970
2936480,A1,3.070,-81.9,2.014,1.970
2936600,A3,2.570,-79.9,2.014,1.970
2936620,A2,2.420,-82.0,2.032,1.970
2936630,A1,3.090,-81.5,2.054,1.991
2936900,A3,2.550,-80.3,2.054,2.008
2936920,A2,2.420,-81.8,2.054,2.008
2936930,A1,3.090,-81.7,2.054,2.008
2937050,A3,2.510,-80.2,2.054,2.041
2937070,A2,2.430,-81.8,2.045,2.041
2937080,A1,3.030,-82.1,1.979,1.980
2937200,A3,2.550,-79.8,1.979,1.946
2937220,A2,2.430,-81.9,1.979,1.946
2937230,A1,3.060,-82.4,2.012,1.977
2937350,A3,2.540,-80.0,2.012,1.985
2937370,A2,2.470,-81.5,1.977,1.985
2937380,A1,3.040,-82.5,1.955,1.965
2937500,A3,2.550,-79.7,1.955,1.957
2937520,A2,2.440,-81.2,1.981,1.957
2937530,A1,3.050,-82.9,1.992,1.967
2937650,A3,2.520,-79.9,1.992,1.992
2937670,A2,2.480,-81.2,1.957,1.992
2937680,A1,3.010,-82.8,1.913,1.952
2937800,A3,2.520,-79.9,1.913,1.952
2937820,A2,2.480,-81.1,1.913,1.952
2937830,A1,3.030,-83.2,1.935,1.972
2937950,A3,2.550,-80.0,1.935,1.946
2937970,A2,2.440,-81.4,1.970,1.946
2937980,A1,3.030,-82.6,1.970,1.946
2938100,A3,2.540,-80.4,1.970,1.955
2938120,A2,2.460,-80.9,1.953,1.955
2938130,A1,3.040,-83.1,1.964,1.965
2938250,A3,2.540,-80.3,1.964,1.965
2938270,A2,2.450,-81.0,1.973,1.965
2938280,A1,3.050,-82.8,1.984,1.975
2938400,A3,2.520,-80.6,1.984,1.992
2938420,A2,2.440,-81.3,1.992,1.992
2938430,A1,3.010,-83.1,1.949,1.952
2938550,A3,2.540,-80.5,1.949,1.935
2938570,A2,2.440,-80.9,1.949,1.935
2938580,A1,3.040,-83.2,1.981,1.965
2938700,A3,2.520,-80.0,1.981,1.982
2938720,A2,2.410,-81.1,2.008,1.982
2938730,A1,3.010,-83.2,1.975,1.952
2938850,A3,2.530,-80.5,1.975,1.943
2938870,A2,2.450,-80.9,1.940,1.943
2938880,A1,3.020,-83.2,1.951,1.953
2939000,A3,2.530,-79.9,1.951,1.953
2939020,A2,2.450,-81.1,1.951,1.953
2939030,A1,3.010,-83.1,1.940,1.943
2939150,A3,2.550,-80.4,1.940,1.926
2939170,A2,2.450,-81.0,1.940,1.926
2939180,A1,3.000,-83.1,1.929,1.916
2939300,A3,2.520,-80.0,1.929,1.942
2939320,A2,2.470,-81.0,1.911,1.942
2939330,A1,3.030,-83.1,1.944,1.972
2939450,A3,2.590,-79.9,1.944,1.912
2939470,A2,2.490,-80.8,1.926,1.912
2939480,A1,3.030,-82.8,1.926,1.912
2939600,A3,2.550,-79.8,1.926,1.946
2939620,A2,2.460,-80.9,1.953,1.946
2939630,A1,3.010,-83.1,1.931,1.926
2939750,A3,2.570,-80.4,1.931,1.909
2939770,A2,2.470,-80.9,1.922,1.909
2939780,A1,3.030,-82.9,1.944,1.929
2940050,A3,2.520,-80.7,1.944,1.972
2940080,A1,3.000,-83.4,1.911,1.942
2940230,A1,3.050,-83.4,1.966,1.992
2940350,A3,2.500,-79.8,1.966,2.009
2940370,A2,2.450,-81.0,1.984,2.009
2940380,A1,3.050,-83.2,1.984,2.009
2940500,A3,2.570,-82.1,1.984,1.950
2940520,A2,2.490,-81.2,1.948,1.950
2940530,A1,3.050,-83.8,1.948,1.950
2940650,A3,2.560,-80.2,1.948,1.958
2940670,A2,2.440,-80.8,1.992,1.958
2940680,A1,3.010,-82.6,1.949,1.918
2940800,A3,2.540,-80.8,1.949,1.935
2940820,A2,2.470,-81.0,1.922,1.935
2940830,A1,3.010,-83.2,1.922,1.935
2940950,A3,2.520,-80.6,1.922,1.952
2940970,A2,2.510,-80.7,1.886,1.952
2940980,A1,3.030,-83.0,1.908,1.972
2941100,A3,2.520,-80.3,1.908,1.972
2941120,A2,2.450,-81.1,1.962,1.972
2941130,A1,3.010,-83.3,1.940,1.952
2941250,A3,2.560,-80.0,1.940,1.918
2941270,A2,2.490,-81.0,1.904,1.918
2941280,A1,3.040,-83.2,1.937,1.948
2941400,A3,2.510,-80.3,1.937,1.990
2941420,A2,2.440,-80.8,1.981,1.990
2941430,A1,3.020,-82.9,1.960,1.970
2941550,A3,2.540,-80.2,1.960,1.945
2941570,A2,2.440,-81.1,1.960,1.945
2941580,A1,3.030,-83.2,1.970,1.955
2941700,A3,2.510,-80.3,1.970,1.980
2941720,A2,2.440,-81.1,1.970,1.980
2941730,A1,3.040,-82.9,1.981,1.990
2941850,A3,2.540,-80.1,1.981,1.965
2941870,A2,2.450,-81.1,1.973,1.965
2941880,A1,3.040,-83.0,1.973,1.965
2942000,A3,2.570,-79.9,1.973,1.939
2942020,A2,2.450,-80.8,1.973,1.939
2942030,A1,3.040,-82.9,1.973,1.939
2942150,A3,2.550,-80.5,1.973,1.957
2942170,A2,2.490,-81.2,1.937,1.957
2942180,A1,3.040,-82.8,1.937,1.957
2942300,A3,2.520,-80.0,1.937,1.982
2942320,A2,2.460,-81.1,1.964,1.982
2942330,A1,3.000,-83.2,1.920,1.942
2942450,A3,2.550,-80.1,1.920,1.916
2942470,A2,2.450,-80.8,1.929,1.916
2942480,A1,3.030,-82.9,1.962,1.946
2942600,A3,2.560,-80.6,1.962,1.938
2942620,A2,2.440,-80.9,1.970,1.938
2942900,A3,2.520,-81.3,1.970,1.972
2942920,A2,2.460,-81.6,1.953,1.972
2942930,A1,3.050,-83.4,1.975,1.992
2943200,A3,2.590,-80.1,1.975,1.932
2943220,A2,2.460,-81.1,1.975,1.932
2943230,A1,3.000,-83.2,1.920,1.882
2943350,A3,2.520,-80.7,1.920,1.942
2943370,A2,2.390,-81.0,1.981,1.942
2943380,A1,3.010,-83.2,1.992,1.952
2943500,A3,2.550,-80.2,1.992,1.926
2943520,A2,2.440,-80.9,1.949,1.926
2943530,A1,3.020,-83.3,1.960,1.936
2943650,A3,2.580,-80.2,1.960,1.911
2943670,A2,2.450,-80.9,1.951,1.911
2943680,A1,3.020,-83.0,1.951,1.911
2943800,A3,2.530,-79.9,1.951,1.953
2943820,A2,2.420,-81.1,1.977,1.953
2943830,A1,3.060,-83.1,2.021,1.994
2943950,A3,2.520,-80.7,2.021,2.002
2943970,A2,2.430,-80.8,2.012,2.002
2943980,A1,3.030,-83.1,1.979,1.972
2944100,A3,2.520,-80.8,1.979,1.972
2944120,A2,2.450,-80.9,1.962,1.972
2944130,A1,3.030,-83.3,1.962,1.972
2944250,A3,2.520,-80.2,1.962,1.972
2944270,A2,2.420,-80.7,1.988,1.972
2944280,A1,3.040,-83.3,1.999,1.982
2944400,A3,2.540,-80.0,1.999,1.965
2944420,A2,2.420,-80.9,1.999,1.965
2944430,A1,3.000,-83.5,1.955,1.925
2944550,A3,2.530,-80.4,1.955,1.933
2944570,A2,2.440,-81.4,1.938,1.933
2944580,A1,3.040,-83.4,1.981,1.973
2944700,A3,2.540,-79.9,1.981,1.965
2944720,A2,2.470,-81.0,1.955,1.965
2944730,A1,3.040,-83.0,1.955,1.965
2944850,A3,2.550,-80.4,1.955,1.957
2944870,A2,2.440,-81.1,1.981,1.957
2944880,A1,3.040,-83.1,1.981,1.957
2945000,A3,2.550,-80.8,1.981,1.957
2945020,A2,2.450,-80.8,1.973,1.957
2945030,A1,3.030,-83.1,1.962,1.946
2945150,A3,2.540,-80.4,1.962,1.955
2945170,A2,2.450,-80.8,1.962,1.955
2945180,A1,3.040,-83.3,1.973,1.965
2945300,A3,2.530,-80.1,1.973,1.973
2945320,A2,2.450,-81.2,1.973,1.973
2945330,A1,3.070,-83.3,2.006,2.004
2945450,A3,2.530,-80.4,2.006,2.004
2945470,A2,2.440,-81.0,2.014,2.004
2945480,A1,3.040,-83.1,1.981,1.973
2945600,A3,2.540,-80.8,1.981,1.965
2945620,A2,2.460,-80.9,1.964,1.965
2945630,A1,3.040,-83.4,1.964,1.965
2945750,A3,2.530,-80.5,1.964,1.973
2945770,A2,2.440,-81.4,1.981,1.973
2945780,A1,3.040,-83.2,1.981,1.973
2945900,A3,2.540,-80.1,1.981,1.965
2945920,A2,2.440,-80.9,1.981,1.965
2945930,A1,3.030,-83.1,1.970,1.955
2946050,A3,2.560,-80.0,1.970,1.938
2946070,A2,2.470,-81.0,1.944,1.938
2946080,A1,3.050,-82.9,1.966,1.958
2946350,A3,2.560,-80.0,1.966,1.958
2946370,A2,2.450,-80.8,1.984,1.958
2946380,A1,3.040,-83.3,1.973,1.948
2946500,A3,2.530,-80.7,1.973,1.973
2946520,A2,2.440,-80.9,1.981,1.973
2946530,A1,3.020,-83.1,1.960,1.953
2946650,A3,2.570,-80.1,1.960,1.919
2946670,A2,2.460,-81.4,1.942,1.919
2946680,A1,3.050,-83.3,1.975,1.950
2946800,A3,2.530,-80.2,1.975,1.984
2946820,A2,2.460,-80.8,1.975,1.984
2946830,A1,3.010,-83.1,1.931,1.943
2946950,A3,2.550,-80.6,1.931,1.926
2946970,A2,2.470,-81.0,1.922,1.926
2946980,A1,3.030,-83.3,1.944,1.946
2947100,A3,2.550,-80.4,1.944,1.946
2947120,A2,2.450,-81.2,1.962,1.946
2947130,A1,3.010,-83.0,1.940,1.926
2947250,A3,2.520,-80.2,1.940,1.952
2947270,A2,2.440,-80.8,1.949,1.952
2947280,A1,3.020,-82.8,1.960,1.962
2947400,A3,2.540,-80.3,1.960,1.945
2947420,A2,2.440,-80.8,1.960,1.945
2947430,A1,3.020,-82.7,1.960,1.945
2947550,A3,2.520,-80.0,1.960,1.962
2947570,A2,2.440,-81.3,1.960,1.962
2947580,A1,3.000,-83.3,1.938,1.942
2947700,A3,2.510,-80.1,1.938,1.950
2947720,A2,2.440,-81.0,1.938,1.950
2947730,A1,3.030,-83.3,1.970,1.980
2947850,A3,2.530,-80.9,1.970,1.963
2947870,A2,2.460,-81.1,1.953,1.963
2947880,A1,3.020,-83.3,1.942,1.953
2948000,A3,2.540,-80.1,1.942,1.945
2948020,A2,2.440,-81.2,1.960,1.945
2948030,A1,3.040,-83.2,1.981,1.965
2948150,A3,2.570,-80.1,1.981,1.939
2948170,A2,2.440,-81.4,1.981,1.939
2948180,A1,3.020,-83.9,1.960,1.919
2948300,A3,2.580,-80.6,1.960,1.911
2948320,A2,2.450,-81.2,1.951,1.911
2948330,A1,3.030,-83.0,1.962,1.921
2948450,A3,2.520,-80.2,1.962,1.972
2948470,A2,2.440,-80.9,1.970,1.972
2948480,A1,3.030,-83.2,1.970,1.972
2948620,A2,2.460,-81.2,1.953,1.972
2948630,A1,3.040,-83.2,1.964,1.982
2948770,A2,2.480,-81.0,1.946,1.982
2948780,A1,3.020,-83.3,1.924,1.962
2948900,A3,2.540,-80.8,1.924,1.945
2948920,A2,2.460,-81.1,1.942,1.945
2948930,A1,3.010,-83.3,1.931,1.935
2949050,A3,2.540,-80.5,1.931,1.935
2949070,A2,2.460,-81.0,1.931,1.935
2949080,A1,3.020,-83.0,1.942,1.945
2949200,A3,2.510,-80.1,1.942,1.970
2949220,A2,2.470,-80.9,1.933,1.970
2949230,A1,3.050,-83.1,1.966,2.000
2949500,A3,2.550,-79.9,1.966,1.967
2949520,A2,2.460,-81.2,1.975,1.967
2949530,A1,3.050,-83.0,1.975,1.967
2949650,A3,2.540,-80.5,1.975,1.975
2949670,A2,2.470,-81.1,1.966,1.975
2949950,A3,2.520,-79.9,1.966,1.992
2949970,A2,2.450,-80.9,1.984,1.992
2949980,A1,3.020,-83.0,1.951,1.962
2950100,A3,2.530,-80.9,1.951,1.953
2950120,A2,2.470,-81.4,1.933,1.953
2950130,A1,3.010,-83.1,1.922,1.943
2950250,A3,2.570,-80.0,1.922,1.909
2950270,A2,2.430,-81.0,1.957,1.909
2950280,A1,3.010,-83.1,1.957,1.909
2950400,A3,2.560,-81.0,1.957,1.918
2950420,A2,2.470,-81.0,1.922,1.918
2950430,A1,3.020,-83.1,1.933,1.928
2950550,A3,2.520,-80.1,1.933,1.962
2950570,A2,2.470,-81.0,1.933,1.962
2950580,A1,3.020,-83.3,1.933,1.962
2950700,A3,2.510,-80.1,1.933,1.970
2950720,A2,2.460,-81.0,1.942,1.970
2950730,A1,3.040,-83.1,1.964,1.990
2950850,A3,2.530,-80.3,1.964,1.973
2950870,A2,2.450,-81.3,1.973,1.973
2950880,A1,3.020,-83.2,1.951,1.953
2951000,A3,2.510,-80.0,1.951,1.970
2951020,A2,2.440,-81.1,1.960,1.970
2951030,A1,3.050,-83.1,1.992,2.000
2951150,A3,2.530,-80.3,1.992,1.984
2951170,A2,2.460,-81.1,1.975,1.984
2951180,A1,3.020,-83.4,1.942,1.953
2951300,A3,2.590,-79.6,1.942,1.902
2951320,A2,2.480,-81.4,1.924,1.902
2951330,A1,3.010,-83.4,1.913,1.892
2951450,A3,2.590,-79.9,1.913,1.892
2951470,A2,2.430,-81.1,1.957,1.892
2951480,A1,3.040,-83.0,1.990,1.922
2951600,A3,2.560,-79.8,1.990,1.948
2951620,A2,2.460,-81.0,1.964,1.948
2951630,A1,3.020,-83.5,1.942,1.928
2951750,A3,2.550,-79.6,1.942,1.936
2951770,A2,2.480,-81.2,1.924,1.936
2951780,A1,3.030,-83.1,1.935,1.946
2951900,A3,2.560,-80.1,1.935,1.938
2951920,A2,2.510,-81.4,1.908,1.938
2951930,A1,3.040,-82.8,1.919,1.948
2952050,A3,2.560,-79.9,1.919,1.948
2952070,A2,2.460,-81.0,1.964,1.948
2952080,A1,3.050,-83.2,1.975,1.958
2952200,A3,2.560,-80.1,1.975,1.958
2952220,A2,2.480,-81.1,1.957,1.958
2952230,A1,3.030,-83.1,1.935,1.938
2952350,A3,2.570,-79.7,1.935,1.929
2952370,A2,2.440,-80.6,1.970,1.929
2952380,A1,3.050,-83.2,1.992,1.950
2952650,A3,2.560,-80.0,1.992,1.958
2952670,A2,2.470,-81.0,1.966,1.958
2952680,A1,3.040,-83.1,1.955,1.948
2952800,A3,2.560,-79.9,1.955,1.948
2952820,A2,2.470,-80.9,1.955,1.948
2952830,A1,3.020,-82.9,1.933,1.928
2952950,A3,2.570,-79.8,1.933,1.919
2952970,A2,2.470,-80.7,1.933,1.919
2952980,A1,3.030,-83.2,1.944,1.929
2953100,A3,2.550,-79.5,1.944,1.946
2953120,A2,2.460,-80.9,1.953,1.946
2953130,A1,3.030,-83.3,1.953,1.946
2953250,A3,2.600,-79.8,1.953,1.903
2953270,A2,2.450,-80.9,1.962,1.903
2953280,A1,3.060,-83.5,1.995,1.934
2953400,A3,2.580,-79.6,1.995,1.951
2953420,A2,2.500,-81.2,1.950,1.951
2953430,A1,3.020,-83.5,1.906,1.911
2953550,A3,2.570,-80.2,1.906,1.919
2953570,A2,2.450,-80.8,1.951,1.919
2953580,A1,3.010,-83.4,1.940,1.909
2953700,A3,2.570,-79.9,1.940,1.909
2953720,A2,2.470,-81.1,1.922,1.909
2953730,A1,3.050,-83.3,1.966,1.950
2953850,A3,2.570,-79.9,1.966,1.950
2953870,A2,2.470,-81.0,1.966,1.950
2953880,A1,3.040,-83.2,1.955,1.939
2954000,A3,2.550,-79.4,1.955,1.957
2954020,A2,2.450,-80.7,1.973,1.957
2954030,A1,3.030,-83.2,1.962,1.946
2954150,A3,2.600,-79.7,1.962,1.903
2954170,A2,2.490,-81.2,1.926,1.903
2954180,A1,3.030,-83.6,1.926,1.903
2954300,A3,2.570,-79.9,1.926,1.929
2954320,A2,2.470,-80.8,1.944,1.929
2954330,A1,3.060,-83.5,1.977,1.960
2954450,A3,2.560,-79.7,1.977,1.968
2954470,A2,2.460,-80.9,1.986,1.968
2954480,A1,3.020,-83.6,1.942,1.928
2954600,A3,2.580,-79.8,1.942,1.911
2954620,A2,2.490,-81.0,1.915,1.911
2954630,A1,3.040,-83.0,1.937,1.931
2954750,A3,2.560,-79.8,1.937,1.948
2954770,A2,2.490,-81.0,1.937,1.948
2954780,A1,3.070,-83.3,1.970,1.979
2954900,A3,2.560,-79.8,1.970,1.979
2954920,A2,2.510,-81.1,1.952,1.979
2954930,A1,3.020,-83.3,1.897,1.928
2955050,A3,2.560,-79.8,1.897,1.928
2955070,A2,2.500,-80.5,1.906,1.928
2955080,A1,3.040,-83.4,1.928,1.948
2955200,A3,2.550,-79.7,1.928,1.957
2955220,A2,2.470,-81.2,1.955,1.957
2955230,A1,3.030,-82.8,1.944,1.946
2955350,A3,2.560,-79.7,1.944,1.938
2955370,A2,2.470,-81.1,1.944,1.938
2955380,A1,3.060,-83.2,1.977,1.968
2955500,A3,2.580,-79.8,1.977,1.951
2955520,A2,2.460,-80.7,1.986,1.951
2955530,A1,3.040,-83.2,1.964,1.931
2955800,A3,2.540,-79.8,1.964,1.965
2955820,A2,2.460,-81.0,1.964,1.965
2955830,A1,3.040,-83.2,1.964,1.965
2955950,A3,2.560,-79.8,1.964,1.948
2955970,A2,2.470,-80.6,1.955,1.948
2955980,A1,3.040,-83.3,1.955,1.948
2956100,A3,2.550,-80.0,1.955,1.957
2956120,A2,2.440,-81.2,1.981,1.957
2956130,A1,3.050,-83.7,1.992,1.967
2956250,A3,2.560,-79.9,1.992,1.958
2956270,A2,2.460,-81.1,1.975,1.958
2956280,A1,3.030,-83.8,1.953,1.938
2956400,A3,2.540,-79.9,1.953,1.955
2956420,A2,2.470,-80.7,1.944,1.955
2956430,A1,3.020,-83.5,1.933,1.945
2956550,A3,2.560,-79.9,1.933,1.928
2956570,A2,2.450,-81.2,1.951,1.928
2956580,A1,3.050,-83.4,1.984,1.958
2956700,A3,2.560,-80.1,1.984,1.958
2956720,A2,2.450,-81.1,1.984,1.958
2956730,A1,3.080,-83.0,2.017,1.989
2956850,A3,2.580,-79.9,2.017,1.972
2956870,A2,2.460,-81.0,2.008,1.972
2956880,A1,3.030,-83.0,1.953,1.921
2957000,A3,2.570,-79.8,1.953,1.929
2957020,A2,2.440,-80.9,1.970,1.929
2957030,A1,3.020,-83.3,1.960,1.919
2957150,A3,2.560,-80.2,1.960,1.928
2957170,A2,2.480,-81.1,1.924,1.928
2957180,A1,3.030,-83.1,1.935,1.938
2957300,A3,2.560,-80.1,1.935,1.938
2957320,A2,2.480,-81.0,1.935,1.938
2957330,A1,3.010,-82.9,1.913,1.918
2957450,A3,2.560,-79.9,1.913,1.918
2957470,A2,2.440,-81.2,1.949,1.918
2957480,A1,3.040,-82.9,1.981,1.948
2957620,A2,2.470,-80.4,1.955,1.948
2957630,A1,3.000,-83.6,1.911,1.908
2957770,A2,2.510,-80.9,1.876,1.908
2957780,A1,3.040,-83.4,1.919,1.948
2957900,A3,2.530,-79.8,1.919,1.973
2957920,A2,2.460,-80.9,1.964,1.973
2957930,A1,3.030,-83.0,1.953,1.963
2958050,A3,2.590,-79.8,1.953,1.912
2958070,A2,2.420,-81.0,1.988,1.912
2958080,A1,3.030,-83.1,1.988,1.912
2958200,A3,2.540,-80.1,1.988,1.955
2958220,A2,2.480,-80.9,1.935,1.955
2958230,A1,2.980,-83.6,1.881,1.905
2958350,A3,2.570,-79.9,1.881,1.879
2958370,A2,2.500,-81.1,1.863,1.879
2958380,A1,3.040,-83.3,1.928,1.939
2958500,A3,2.560,-79.9,1.928,1.948
2958520,A2,2.440,-81.1,1.981,1.948
2958530,A1,3.040,-82.9,1.981,1.948
2958650,A3,2.550,-79.9,1.981,1.957
2958670,A2,2.470,-81.1,1.955,1.957
2958680,A1,3.030,-83.1,1.944,1.946
2958950,A3,2.580,-80.2,1.944,1.921
2958970,A2,2.480,-80.9,1.935,1.921
2958980,A1,3.040,-82.8,1.946,1.931
2959100,A3,2.560,-79.8,1.946,1.948
2959120,A2,2.470,-81.0,1.955,1.948
2959130,A1,3.030,-83.3,1.944,1.938
2959250,A3,2.570,-80.0,1.944,1.929
2959270,A2,2.490,-81.2,1.926,1.929
2959280,A1,3.010,-82.8,1.904,1.909
2959400,A3,2.540,-79.6,1.904,1.935
2959420,A2,2.490,-81.0,1.904,1.935
2959430,A1,3.040,-82.8,1.937,1.965
2959550,A3,2.580,-80.3,1.937,1.931
2959570,A2,2.490,-80.8,1.937,1.931
2959580,A1,3.030,-83.2,1.926,1.921
2959700,A3,2.530,-80.0,1.926,1.963
2959720,A2,2.490,-80.9,1.926,1.963
2959730,A1,3.010,-82.9,1.904,1.943
2959850,A3,2.540,-80.8,1.904,1.935
2959870,A2,2.450,-80.8,1.940,1.935
2959880,A1,3.000,-83.2,1.929,1.925
2960000,A3,2.530,-80.7,1.929,1.933
2960020,A2,2.450,-81.3,1.929,1.933
2960030,A1,3.040,-82.9,1.973,1.973
2960150,A3,2.540,-79.8,1.973,1.965
2960170,A2,2.440,-81.2,1.981,1.965
2960180,A1,3.020,-83.1,1.960,1.945
2960300,A3,2.540,-80.2,1.960,1.945
2960320,A2,2.440,-82.1,1.960,1.945
2960330,A1,3.010,-82.9,1.949,1.935
2960450,A3,2.560,-79.5,1.949,1.918
2960470,A2,2.420,-82.0,1.966,1.918
2960480,A1,3.050,-82.6,2.010,1.958
2960600,A3,2.560,-80.3,2.010,1.958
2960620,A2,2.440,-81.8,1.992,1.958
2960630,A1,3.010,-82.8,1.949,1.918
2960750,A3,2.520,-79.9,1.949,1.952
2960770,A2,2.440,-81.5,1.949,1.952
2960780,A1,3.040,-83.1,1.981,1.982
2960900,A3,2.520,-80.8,1.981,1.982
2960920,A2,2.440,-81.0,1.981,1.982
2960930,A1,3.040,-83.3,1.981,1.982
2961050,A3,2.530,-80.8,1.981,1.973
2961070,A2,2.420,-81.0,1.999,1.973
2961080,A1,3.020,-83.6,1.977,1.953
2961220,A2,2.460,-81.1,1.942,1.953
2961230,A1,3.040,-83.6,1.964,1.973
2961370,A2,2.470,-80.9,1.955,1.973
2961380,A1,3.020,-83.4,1.933,1.953
2961500,A3,2.510,-80.5,1.933,1.970
2961520,A2,2.470,-81.2,1.933,1.970
2961530,A1,3.030,-83.6,1.944,1.980
2961650,A3,2.550,-80.3,1.944,1.946
2961670,A2,2.440,-81.2,1.970,1.946
2961680,A1,3.040,-83.2,1.981,1.957
2961800,A3,2.550,-80.8,1.981,1.957
2961820,A2,2.470,-81.0,1.955,1.957
2961830,A1,3.030,-83.5,1.944,1.946
2962100,A3,2.510,-80.8,1.944,1.980
2962120,A2,2.420,-80.9,1.988,1.980
2962130,A1,3.030,-83.4,1.988,1.980
2962250,A3,2.530,-80.7,1.988,1.963
2962270,A2,2.450,-81.0,1.962,1.963
2962280,A1,3.000,-83.3,1.929,1.933
2962400,A3,2.520,-80.5,1.929,1.942
2962420,A2,2.480,-81.2,1.903,1.942
2962430,A1,3.040,-83.4,1.946,1.982
2962550,A3,2.540,-80.2,1.946,1.965
2962570,A2,2.450,-81.1,1.973,1.965
2962580,A1,3.020,-83.6,1.951,1.945
2962700,A3,2.570,-80.5,1.951,1.919
2962720,A2,2.460,-81.2,1.942,1.919
2962730,A1,3.010,-83.3,1.931,1.909
2962850,A3,2.520,-80.8,1.931,1.952
2962870,A2,2.420,-81.1,1.966,1.952
2962880,A1,3.040,-83.2,1.999,1.982
2963000,A3,2.550,-80.4,1.999,1.957
2963020,A2,2.440,-81.4,1.981,1.957
2963030,A1,3.030,-83.0,1.970,1.946
2963150,A3,2.540,-80.8,1.970,1.955
2963170,A2,2.450,-81.4,1.962,1.955
2963180,A1,3.010,-83.2,1.940,1.935
2963300,A3,2.510,-81.0,1.940,1.960
2963320,A2,2.460,-81.2,1.931,1.960
2963330,A1,3.030,-83.4,1.953,1.980
2963450,A3,2.530,-80.1,1.953,1.963
2963470,A2,2.430,-81.1,1.979,1.963
2963480,A1,3.020,-83.1,1.968,1.953
2963600,A3,2.530,-80.4,1.968,1.953
2963620,A2,2.420,-81.0,1.977,1.953
2963630,A1,3.020,-83.5,1.977,1.953
2963750,A3,2.540,-80.3,1.977,1.945
2963770,A2,2.460,-80.9,1.942,1.945
2963780,A1,2.990,-83.4,1.910,1.915
2963900,A3,2.530,-80.4,1.910,1.923
2963920,A2,2.430,-81.1,1.936,1.923
2963930,A1,3.000,-83.4,1.947,1.933
2964050,A3,2.530,-81.0,1.947,1.933
2964070,A2,2.460,-81.2,1.920,1.933
2964080,A1,3.010,-83.3,1.931,1.943
2964200,A3,2.500,-80.6,1.931,1.968
2964220,A2,2.460,-81.6,1.931,1.968
2964230,A1,3.030,-83.4,1.953,1.988
2964350,A3,2.520,-80.6,1.953,1.972
2964370,A2,2.450,-81.0,1.962,1.972
2964380,A1,3.040,-83.6,1.973,1.982
2964500,A3,2.510,-80.9,1.973,1.990
2964520,A2,2.470,-81.3,1.955,1.990
2964530,A1,3.040,-83.4,1.955,1.990
2964650,A3,2.520,-80.4,1.955,1.982
2964670,A2,2.460,-81.1,1.964,1.982
2964950,A3,2.510,-80.4,1.964,1.990
2964970,A2,2.470,-81.0,1.955,1.990
2964980,A1,3.010,-83.3,1.922,1.960
2965250,A3,2.530,-80.1,1.922,1.943
2965270,A2,2.450,-81.0,1.940,1.943
2965280,A1,2.990,-83.3,1.918,1.923
2965400,A3,2.560,-79.9,1.918,1.898
2965420,A2,2.440,-81.2,1.927,1.898
2965430,A1,3.000,-83.0,1.938,1.908
2965550,A3,2.540,-80.7,1.938,1.925
2965570,A2,2.460,-80.9,1.920,1.925
2965580,A1,3.030,-83.1,1.953,1.955
2965700,A3,2.510,-80.2,1.953,1.980
2965720,A2,2.450,-80.9,1.962,1.980
2965730,A1,3.030,-82.8,1.962,1.980
2965850,A3,2.530,-79.8,1.962,1.963
2965870,A2,2.440,-80.9,1.970,1.963
2965880,A1,3.020,-83.2,1.960,1.953
2966000,A3,2.610,-80.2,1.960,1.885
2966020,A2,2.450,-81.0,1.951,1.885
2966030,A1,3.060,-82.7,1.995,1.925
2966150,A3,2.580,-79.7,1.995,1.951
2966170,A2,2.470,-81.0,1.977,1.951
2966180,A1,3.040,-82.6,1.955,1.931
2966300,A3,2.570,-80.1,1.955,1.939
2966320,A2,2.440,-81.6,1.981,1.939
2966330,A1,2.990,-82.4,1.927,1.889
2966450,A3,2.570,-80.3,1.927,1.889
2966470,A2,2.440,-81.1,1.927,1.889
2966480,A1,3.020,-82.4,1.960,1.919
2966600,A3,2.590,-79.7,1.960,1.902
2966620,A2,2.440,-81.6,1.960,1.902
2966630,A1,2.990,-82.4,1.927,1.872
2966750,A3,2.510,-80.5,1.927,1.940
2966770,A2,2.470,-82.4,1.901,1.940
2966780,A1,3.040,-82.2,1.955,1.990
2966900,A3,2.500,-80.3,1.955,1.999
2966920,A2,2.460,-81.5,1.964,1.999
2966930,A1,3.070,-82.3,1.997,2.029
2967050,A3,2.550,-80.1,1.997,1.987
2967070,A2,2.430,-80.9,2.023,1.987
2967080,A1,3.010,-82.6,1.957,1.926
2967200,A3,2.540,-80.1,1.957,1.935
2967220,A2,2.460,-81.0,1.931,1.935
2967230,A1,3.060,-82.4,1.986,1.985
2967350,A3,2.540,-79.6,1.986,1.985
2967370,A2,2.470,-81.2,1.977,1.985
2967380,A1,3.050,-82.3,1.966,1.975
2967500,A3,2.590,-79.7,1.966,1.932
2967520,A2,2.440,-81.5,1.992,1.932
2967530,A1,3.060,-82.0,2.003,1.943
2967650,A3,2.540,-79.6,2.003,1.985
2967670,A2,2.440,-81.0,2.003,1.985
2967680,A1,3.030,-82.8,1.970,1.955
2967800,A3,2.550,-80.0,1.970,1.946
2967820,A2,2.430,-80.5,1.979,1.946
2967830,A1,3.040,-82.9,1.990,1.957
2967950,A3,2.540,-80.1,1.990,1.965
2967970,A2,2.450,-81.0,1.973,1.965
2967980,A1,3.020,-83.1,1.951,1.945
2968100,A3,2.570,-79.7,1.951,1.919
2968120,A2,2.460,-81.0,1.942,1.919
2968130,A1,3.040,-82.8,1.964,1.939
2968420,A2,2.440,-81.2,1.981,1.939
2968430,A1,3.010,-82.7,1.949,1.909
2968570,A2,2.440,-81.3,1.949,1.909
2968580,A1,3.010,-82.5,1.949,1.909
2968700,A3,2.550,-79.9,1.949,1.926
2968720,A2,2.430,-80.8,1.957,1.926
2968730,A1,3.040,-82.6,1.990,1.957
2968850,A3,2.550,-80.1,1.990,1.957
2968870,A2,2.480,-80.9,1.946,1.957
2968880,A1,3.000,-83.0,1.903,1.916
2969000,A3,2.570,-79.9,1.903,1.899
2969020,A2,2.450,-81.1,1.929,1.899
2969030,A1,3.030,-82.6,1.962,1.929
2969150,A3,2.600,-79.7,1.962,1.903
2969170,A2,2.430,-81.0,1.979,1.903
2969180,A1,3.010,-82.8,1.957,1.883
2969300,A3,2.560,-79.7,1.957,1.918
2969320,A2,2.470,-81.1,1.922,1.918
2969330,A1,3.090,-82.3,2.010,1.999
2969450,A3,2.550,-79.6,2.010,2.008
2969470,A2,2.440,-81.3,2.036,2.008
2969480,A1,3.050,-82.2,1.992,1.967
2969600,A3,2.520,-79.9,1.992,1.992
2969620,A2,2.430,-81.1,2.001,1.992
2969630,A1,3.030,-82.7,1.979,1.972
2969750,A3,2.570,-80.0,1.979,1.929
2969770,A2,2.450,-80.9,1.962,1.929
2969780,A1,3.020,-82.8,1.951,1.919
2969900,A3,2.560,-79.5,1.951,1.928
2969920,A2,2.440,-81.1,1.960,1.928
2969930,A1,3.020,-82.7,1.960,1.928
2970050,A3,2.520,-80.1,1.960,1.962
2970070,A2,2.450,-81.3,1.951,1.962
2970080,A1,3.010,-83.0,1.940,1.952
2970200,A3,2.540,-80.3,1.940,1.935
2970220,A2,2.440,-81.1,1.949,1.935
2970230,A1,3.020,-82.6,1.960,1.945
2970350,A3,2.540,-80.1,1.960,1.945
2970370,A2,2.450,-80.9,1.951,1.945
2970380,A1,3.010,-82.9,1.940,1.935
2970500,A3,2.560,-79.9,1.940,1.918
2970520,A2,2.450,-80.6,1.940,1.918
2970530,A1,3.010,-82.6,1.940,1.918
2970650,A3,2.580,-80.0,1.940,1.901
2970670,A2,2.480,-81.3,1.913,1.901
2970680,A1,3.050,-82.8,1.957,1.941
2970800,A3,2.590,-79.8,1.957,1.932
2970820,A2,2.470,-81.1,1.966,1.932
2970830,A1,2.990,-82.5,1.901,1.872
2970950,A3,2.590,-79.7,1.901,1.872
2970970,A2,2.440,-81.2,1.927,1.872
2971250,A3,2.570,-79.8,1.927,1.889
2971270,A2,2.440,-81.4,1.927,1.889
2971280,A1,3.000,-82.9,1.938,1.899
2971550,A3,2.560,-79.9,1.938,1.908
2971570,A2,2.420,-81.2,1.955,1.908
2971580,A1,3.080,-82.8,2.043,1.989
2971700,A3,2.550,-79.6,2.043,1.997
2971720,A2,2.460,-81.2,2.008,1.997
2971730,A1,3.050,-83.1,1.975,1.967
2971850,A3,2.540,-79.9,1.975,1.975
2971870,A2,2.440,-81.1,1.992,1.975
2971880,A1,3.050,-82.8,1.992,1.975
2972000,A3,2.590,-79.6,1.992,1.932
2972020,A2,2.480,-81.1,1.957,1.932
2972030,A1,3.030,-83.0,1.935,1.912
2972150,A3,2.590,-79.5,1.935,1.912
2972170,A2,2.460,-80.8,1.953,1.912
2972180,A1,3.080,-82.8,2.008,1.963
2972300,A3,2.540,-79.9,2.008,2.006
2972320,A2,2.460,-81.3,2.008,2.006
2972330,A1,3.040,-82.7,1.964,1.965
2972450,A3,2.580,-79.6,1.964,1.931
2972470,A2,2.460,-81.3,1.964,1.931
2972480,A1,3.020,-82.8,1.942,1.911
2972600,A3,2.570,-79.9,1.942,1.919
2972620,A2,2.430,-81.2,1.968,1.919
2972630,A1,3.010,-82.7,1.957,1.909
2972750,A3,2.580,-79.7,1.957,1.901
2972770,A2,2.460,-80.9,1.931,1.901
2972780,A1,3.040,-82.8,1.964,1.931
2972900,A3,2.560,-79.8,1.964,1.948
2972920,A2,2.460,-80.8,1.964,1.948
2972930,A1,3.040,-82.8,1.964,1.948
2973050,A3,2.540,-79.8,1.964,1.965
2973070,A2,2.460,-81.3,1.964,1.965
2973080,A1,3.040,-82.7,1.964,1.965
2973200,A3,2.540,-80.0,1.964,1.965
2973220,A2,2.440,-81.3,1.981,1.965
2973230,A1,3.000,-82.6,1.938,1.925
2973350,A3,2.560,-79.9,1.938,1.908
2973370,A2,2.440,-81.4,1.938,1.908
2973380,A1,3.020,-82.9,1.960,1.928
2973500,A3,2.580,-79.8,1.960,1.911
2973520,A2,2.430,-81.3,1.968,1.911
2973530,A1,3.020,-82.7,1.968,1.911
2973650,A3,2.610,-79.9,1.968,1.885
2973670,A2,2.410,-80.9,1.986,1.885
2973680,A1,3.030,-82.8,1.997,1.895
2973800,A3,2.590,-79.8,1.997,1.912
2973820,A2,2.450,-81.4,1.962,1.912
2973830,A1,3.030,-82.8,1.962,1.912
2973950,A3,2.580,-79.9,1.962,1.921
2973970,A2,2.460,-81.2,1.953,1.921
2973980,A1,3.000,-82.8,1.920,1.891
2974100,A3,2.570,-79.5,1.920,1.899
2974120,A2,2.460,-81.1,1.920,1.899
2974130,A1,3.030,-82.8,1.953,1.929
2974250,A3,2.550,-79.6,1.953,1.946
2974280,A1,3.050,-82.7,1.975,1.967
2974430,A1,3.020,-82.7,1.942,1.936
2974700,A3,2.550,-79.7,1.942,1.936
2974720,A2,2.460,-81.3,1.942,1.936
2974730,A1,3.050,-82.6,1.975,1.967
2974850,A3,2.580,-80.1,1.975,1.941
2974870,A2,2.460,-80.8,1.975,1.941
2974880,A1,3.050,-82.7,1.975,1.941
2975000,A3,2.570,-80.0,1.975,1.950
2975020,A2,2.480,-81.3,1.957,1.950
2975030,A1,3.010,-82.6,1.913,1.909
2975150,A3,2.570,-79.6,1.913,1.909
2975170,A2,2.460,-80.9,1.931,1.909
2975180,A1,2.990,-82.6,1.910,1.889
2975300,A3,2.590,-80.1,1.910,1.872
2975320,A2,2.480,-81.4,1.892,1.872
2975330,A1,3.040,-82.4,1.946,1.922
2975450,A3,2.550,-80.0,1.946,1.957
2975470,A2,2.470,-81.9,1.955,1.957
2975480,A1,3.000,-82.6,1.911,1.916
2975600,A3,2.570,-80.2,1.911,1.899
2975620,A2,2.450,-82.0,1.929,1.899
2975630,A1,3.000,-82.9,1.929,1.899
2975750,A3,2.580,-80.4,1.929,1.891
2975770,A2,2.460,-81.8,1.920,1.891
2975780,A1,3.050,-82.0,1.975,1.941
2975900,A3,2.570,-80.6,1.975,1.950
2975920,A2,2.460,-81.6,1.975,1.950
2975930,A1,3.060,-81.7,1.986,1.960
2976050,A3,2.560,-80.3,1.986,1.968
2976070,A2,2.440,-81.5,2.003,1.968
2976080,A1,3.060,-82.0,2.003,1.968
2976200,A3,2.570,-79.9,2.003,1.960
2976220,A2,2.410,-81.6,2.029,1.960
2976230,A1,3.020,-82.6,1.986,1.919
2976350,A3,2.480,-80.2,1.986,1.995
2976370,A2,2.420,-82.3,1.977,1.995
2976380,A1,3.070,-82.5,2.032,2.046
2976500,A3,2.520,-79.8,2.032,2.012
2976520,A2,2.430,-81.6,2.023,2.012
2976530,A1,3.080,-82.4,2.034,2.023
2976650,A3,2.530,-80.4,2.034,2.014
2976670,A2,2.400,-82.2,2.060,2.014
2976680,A1,3.070,-82.2,2.049,2.004
2976800,A3,2.550,-79.9,2.049,1.987
2976820,A2,2.400,-81.8,2.049,1.987
2976830,A1,3.090,-81.8,2.071,2.008
2976950,A3,2.560,-80.1,2.071,1.999
2976970,A2,2.430,-82.0,2.045,1.999
2976980,A1,3.060,-82.2,2.012,1.968
2977100,A3,2.560,-79.9,2.012,1.968
2977120,A2,2.430,-82.0,2.012,1.968
2977130,A1,3.070,-81.8,2.023,1.979
2977250,A3,2.530,-80.4,2.023,2.004
2977270,A2,2.420,-81.8,2.032,2.004
2977280,A1,3.060,-81.7,2.021,1.994
2977400,A3,2.570,-80.3,2.021,1.960
2977420,A2,2.420,-81.9,2.021,1.960
2977430,A1,3.060,-82.2,2.021,1.960
2977550,A3,2.520,-80.3,2.021,2.002
2977570,A2,2.440,-82.1,2.003,2.002
2977580,A1,3.090,-81.6,2.036,2.033
2977850,A3,2.530,-80.3,2.036,2.025
2977870,A2,2.430,-82.0,2.045,2.025
2977880,A1,3.040,-81.6,1.990,1.973
2978000,A3,2.540,-80.3,1.990,1.965
2978020,A2,2.420,-82.4,1.999,1.965
2978030,A1,3.110,-81.7,2.076,2.037
2978150,A3,2.580,-80.0,2.076,2.003
2978170,A2,2.430,-81.9,2.068,2.003
2978180,A1,3.090,-81.7,2.045,1.982
2978300,A3,2.580,-79.8,2.045,1.982
2978320,A2,2.440,-81.8,2.036,1.982
2978330,A1,3.060,-82.2,2.003,1.951
2978450,A3,2.560,-80.7,2.003,1.968
2978470,A2,2.410,-81.8,2.029,1.968
2978480,A1,3.080,-81.9,2.052,1.989
2978600,A3,2.520,-80.5,2.052,2.023
2978620,A2,2.410,-81.9,2.052,2.023
2978630,A1,3.050,-81.9,2.018,1.992
2978750,A3,2.560,-80.7,2.018,1.958
2978770,A2,2.410,-81.7,2.018,1.958
2978780,A1,3.090,-82.2,2.063,1.999
2978900,A3,2.530,-83.1,2.063,2.025
2978920,A2,2.420,-81.9,2.054,2.025
2978930,A1,3.050,-82.4,2.010,1.984
2979050,A3,2.530,-80.3,2.010,1.984
2979070,A2,2.440,-82.3,1.992,1.984
2979080,A1,3.040,-81.9,1.981,1.973
2979200,A3,2.520,-81.0,1.981,1.982
2979220,A2,2.440,-81.8,1.981,1.982
2979230,A1,3.050,-81.7,1.992,1.992
2979350,A3,2.560,-79.8,1.992,1.958
2979370,A2,2.410,-82.0,2.018,1.958
2979380,A1,3.080,-82.1,2.052,1.989
2979500,A3,2.550,-80.0,2.052,1.997
2979520,A2,2.440,-82.1,2.025,1.997
2979530,A1,3.030,-81.5,1.970,1.946
2979650,A3,2.560,-79.9,1.970,1.938
2979670,A2,2.450,-82.0,1.962,1.938
2979680,A1,3.080,-82.4,2.017,1.989
2979800,A3,2.520,-79.8,2.017,2.023
2979820,A2,2.450,-82.2,2.017,2.023
2979830,A1,3.090,-82.1,2.028,2.033
2979950,A3,2.560,-79.9,2.028,1.999
2979970,A2,2.400,-82.1,2.071,1.999
2979980,A1,3.070,-81.5,2.049,1.979
2980100,A3,2.550,-80.2,2.049,1.987
2980120,A2,2.410,-81.9,2.041,1.987
2980130,A1,3.090,-82.0,2.063,2.008
2980250,A3,2.540,-80.6,2.063,2.016
2980270,A2,2.450,-82.0,2.028,2.016
2980280,A1,3.050,-81.9,1.984,1.975
2980400,A3,2.530,-80.6,1.984,1.984
2980420,A2,2.410,-82.3,2.018,1.984
2980430,A1,3.100,-82.0,2.074,2.035
2980550,A3,2.530,-80.7,2.074,2.035
2980570,A2,2.440,-82.1,2.048,2.035
2980580,A1,3.070,-81.6,2.014,2.004
2980700,A3,2.530,-80.0,2.014,2.004
2980720,A2,2.440,-82.3,2.014,2.004
2980730,A1,3.060,-81.9,2.003,1.994
2981000,A3,2.580,-80.2,2.003,1.951
2981020,A2,2.410,-81.6,2.029,1.951
2981030,A1,3.030,-83.3,1.997,1.921
2981150,A3,2.520,-79.9,1.997,1.972
2981170,A2,2.460,-81.3,1.953,1.972
2981180,A1,3.050,-83.2,1.975,1.992
2981300,A3,2.520,-80.6,1.975,1.992
2981320,A2,2.470,-81.1,1.966,1.992
2981330,A1,3.040,-82.7,1.955,1.982
2981450,A3,2.510,-80.6,1.955,1.990
2981470,A2,2.430,-81.4,1.990,1.990
2981480,A1,3.070,-82.8,2.023,2.021
2981600,A3,2.520,-80.4,2.023,2.012
2981620,A2,2.460,-81.2,1.997,2.012
2981630,A1,3.050,-82.8,1.975,1.992
2981750,A3,2.510,-80.3,1.975,2.000
2981770,A2,2.460,-81.0,1.975,2.000
2981780,A1,3.030,-82.8,1.953,1.980
2981900,A3,2.550,-80.4,1.953,1.946
2981920,A2,2.460,-81.1,1.953,1.946
2981930,A1,3.040,-83.4,1.964,1.957
2982050,A3,2.560,-80.1,1.964,1.948
2982070,A2,2.430,-81.4,1.990,1.948
2982080,A1,3.060,-82.8,2.012,1.968
2982200,A3,2.530,-80.0,2.012,1.994
2982220,A2,2.440,-80.8,2.003,1.994
2982230,A1,3.030,-82.9,1.970,1.963
2982350,A3,2.530,-80.5,1.970,1.963
2982370,A2,2.430,-81.2,1.979,1.963
2982380,A1,3.060,-82.8,2.012,1.994
2982500,A3,2.530,-80.5,2.012,1.994
2982520,A2,2.440,-80.8,2.003,1.994
2982530,A1,3.060,-82.8,2.003,1.994
2982650,A3,2.530,-80.3,2.003,1.994
2982670,A2,2.440,-81.5,2.003,1.994
2982680,A1,3.040,-82.8,1.981,1.973
2982800,A3,2.520,-80.1,1.981,1.982
2982830,A1,3.050,-82.8,1.992,1.992
2982980,A1,3.070,-82.7,2.014,2.012
2983100,A3,2.550,-80.3,2.014,1.987
2983120,A2,2.420,-81.1,2.032,1.987
2983130,A1,3.030,-83.3,1.988,1.946
2983250,A3,2.530,-79.8,1.988,1.963
2983270,A2,2.440,-80.9,1.970,1.963
2983280,A1,3.030,-82.8,1.970,1.963
2983400,A3,2.560,-80.2,1.970,1.938
2983420,A2,2.430,-81.2,1.979,1.938
2983430,A1,3.050,-83.0,2.001,1.958
2983550,A3,2.580,-80.1,2.001,1.941
2983570,A2,2.460,-82.2,1.975,1.941
2983580,A1,3.050,-82.6,1.975,1.941
2983700,A3,2.570,-79.7,1.975,1.950
2983720,A2,2.440,-82.1,1.992,1.950
2983730,A1,3.050,-82.5,1.992,1.950
2983850,A3,2.570,-80.1,1.992,1.950
2983870,A2,2.450,-82.0,1.984,1.950
2983880,A1,3.040,-82.2,1.973,1.939
2984150,A3,2.540,-80.9,1.973,1.965
2984170,A2,2.440,-82.0,1.981,1.965
2984180,A1,3.080,-81.6,2.025,2.006
2984300,A3,2.550,-80.4,2.025,1.997
2984320,A2,2.420,-82.3,2.043,1.997
2984330,A1,3.110,-81.6,2.076,2.028
2984450,A3,2.530,-80.2,2.076,2.045
2984470,A2,2.450,-82.0,2.050,2.045
2984480,A1,3.060,-81.4,1.995,1.994
2984600,A3,2.530,-81.1,1.995,1.994
2984620,A2,2.420,-82.3,2.021,1.994
2984630,A1,3.070,-81.5,2.032,2.004
2984750,A3,2.530,-80.3,2.032,2.004
2984770,A2,2.450,-82.0,2.006,2.004
2984780,A1,3.090,-81.6,2.028,2.025
2984900,A3,2.520,-80.2,2.028,2.033
2984920,A2,2.420,-81.8,2.054,2.033
2984930,A1,3.130,-81.7,2.099,2.074
2985050,A3,2.550,-80.0,2.099,2.049
2985070,A2,2.450,-82.1,2.072,2.049
2985080,A1,3.070,-81.8,2.006,1.987
2985200,A3,2.560,-80.9,2.006,1.979
2985220,A2,2.440,-82.3,2.014,1.979
2985230,A1,3.070,-82.2,2.014,1.979
2985350,A3,2.530,-79.9,2.014,2.004
2985370,A2,2.440,-81.8,2.014,2.004
2985380,A1,3.040,-82.3,1.981,1.973
2985500,A3,2.540,-79.8,1.981,1.965
2985520,A2,2.440,-81.4,1.981,1.965
2985530,A1,3.060,-82.4,2.003,1.985
2985650,A3,2.540,-79.7,2.003,1.985
2985670,A2,2.440,-81.2,2.003,1.985
2985680,A1,3.080,-82.8,2.025,2.006
2985800,A3,2.530,-80.0,2.025,2.014
2985820,A2,2.470,-80.8,1.999,2.014
2985830,A1,3.030,-83.0,1.944,1.963
2985950,A3,2.560,-80.3,1.944,1.938
2985970,A2,2.440,-80.7,1.970,1.938
2985980,A1,3.050,-82.6,1.992,1.958
2986100,A3,2.540,-80.6,1.992,1.975
2986120,A2,2.440,-81.2,1.992,1.975
2986130,A1,3.030,-82.9,1.970,1.955
2986250,A3,2.500,-80.8,1.970,1.988
2986270,A2,2.470,-81.5,1.944,1.988
2986280,A1,3.050,-82.5,1.966,2.009
2986400,A3,2.530,-80.5,1.966,1.984
2986420,A2,2.430,-81.3,2.001,1.984
2986430,A1,3.070,-82.5,2.023,2.004
2986550,A3,2.560,-79.9,2.023,1.979
2986570,A2,2.430,-81.3,2.023,1.979
2986580,A1,3.040,-82.6,1.990,1.948
2986700,A3,2.530,-79.9,1.990,1.973
2986720,A2,2.400,-81.6,2.016,1.973
2986730,A1,3.020,-82.3,1.994,1.953
2986850,A3,2.560,-79.7,1.994,1.928
2986870,A2,2.450,-82.2,1.951,1.928
2986880,A1,3.050,-82.2,1.984,1.958
2987000,A3,2.540,-79.9,1.984,1.975
2987020,A2,2.460,-81.8,1.975,1.975
2987030,A1,3.060,-81.9,1.986,1.985
2987300,A3,2.550,-80.2,1.986,1.977
2987320,A2,2.450,-82.2,1.995,1.977
2987330,A1,3.070,-82.2,2.006,1.987
2987450,A3,2.550,-80.0,2.006,1.987
2987470,A2,2.450,-82.4,2.006,1.987
2987480,A1,3.040,-82.0,1.973,1.957
2987600,A3,2.640,-79.6,1.973,1.879
2987620,A2,2.460,-81.8,1.964,1.879
2987630,A1,3.080,-82.1,2.008,1.919
2987750,A3,2.540,-80.3,2.008,2.006
2987770,A2,2.440,-82.4,2.025,2.006
2987780,A1,3.060,-82.1,2.003,1.985
2987900,A3,2.610,-80.1,2.003,1.925
2987920,A2,2.470,-82.1,1.977,1.925
2987930,A1,3.060,-82.1,1.977,1.925
2988050,A3,2.570,-80.1,1.977,1.960
2988070,A2,2.430,-82.1,2.012,1.960
2988080,A1,3.070,-81.8,2.023,1.970
2988200,A3,2.610,-79.6,2.023,1.935
2988220,A2,2.440,-82.0,2.014,1.935
2988230,A1,3.040,-82.2,1.981,1.905
2988350,A3,2.560,-80.2,1.981,1.948
2988370,A2,2.470,-82.1,1.955,1.948
2988380,A1,3.040,-82.1,1.955,1.948
2988500,A3,2.550,-79.9,1.955,1.957
2988520,A2,2.460,-82.2,1.964,1.957
2988530,A1,3.060,-82.3,1.986,1.977
2988650,A3,2.570,-80.0,1.986,1.960
2988670,A2,2.450,-82.6,1.995,1.960
2988680,A1,3.070,-82.1,2.006,1.970
2988800,A3,2.580,-80.2,2.006,1.961
2988820,A2,2.480,-81.9,1.979,1.961
2988830,A1,3.070,-82.3,1.979,1.961
2988950,A3,2.510,-80.1,1.979,2.021
2988970,A2,2.450,-81.8,2.006,2.021
2988980,A1,3.040,-82.3,1.973,1.990
2989100,A3,2.600,-79.3,1.973,1.914
2989120,A2,2.450,-81.1,1.973,1.914
2989130,A1,3.030,-82.3,1.962,1.903
2989250,A3,2.620,-80.0,1.962,1.886
2989270,A2,2.440,-81.4,1.970,1.886
2989280,A1,3.020,-82.8,1.960,1.876
2989400,A3,2.560,-80.2,1.960,1.928
2989420,A2,2.460,-82.2,1.942,1.928
2989430,A1,3.020,-82.3,1.942,1.928
2989550,A3,2.540,-81.9,1.942,1.945
2989570,A2,2.460,-82.3,1.942,1.945
2989580,A1,3.060,-82.3,1.986,1.985
2989700,A3,2.530,-80.2,1.986,1.994
2989720,A2,2.450,-81.4,1.995,1.994
2989730,A1,3.070,-82.5,2.006,2.004
2989850,A3,2.530,-80.0,2.006,2.004
2989870,A2,2.430,-81.2,2.023,2.004
2989880,A1,3.010,-82.0,1.957,1.943
2990000,A3,2.520,-80.3,1.957,1.952
2990020,A2,2.450,-81.9,1.940,1.952
2990030,A1,3.060,-82.4,1.995,2.002
2990150,A3,2.500,-80.9,1.995,2.019
2990170,A2,2.440,-82.3,2.003,2.019
2990180,A1,3.030,-82.6,1.970,1.988
2990450,A3,2.550,-80.5,1.970,1.946
2990470,A2,2.460,-81.9,1.953,1.946
2990480,A1,3.020,-83.0,1.942,1.936
2990600,A3,2.540,-80.9,1.942,1.945
2990620,A2,2.460,-82.2,1.942,1.945
2990630,A1,3.040,-83.7,1.964,1.965
2990750,A3,2.530,-80.8,1.964,1.973
2990770,A2,2.440,-81.9,1.981,1.973
2990780,A1,3.010,-82.7,1.949,1.943
2990900,A3,2.510,-80.8,1.949,1.960
2990920,A2,2.460,-81.9,1.931,1.960
2990930,A1,3.040,-82.9,1.964,1.990
2991050,A3,2.490,-80.7,1.964,2.007
2991070,A2,2.440,-81.7,1.981,2.007
2991080,A1,3.010,-82.6,1.949,1.977
2991200,A3,2.510,-80.6,1.949,1.960
2991220,A2,2.480,-81.7,1.913,1.960
2991230,A1,3.030,-82.4,1.935,1.980
2991350,A3,2.550,-79.9,1.935,1.946
2991370,A2,2.410,-82.2,1.997,1.946
2991380,A1,3.060,-82.3,2.029,1.977
2991500,A3,2.510,-80.1,2.029,2.011
2991520,A2,2.460,-81.8,1.986,2.011
2991530,A1,3.050,-81.7,1.975,2.000
2991650,A3,2.580,-80.0,1.975,1.941
2991670,A2,2.440,-81.5,1.992,1.941
2991680,A1,3.090,-81.6,2.036,1.982
2991800,A3,2.550,-79.9,2.036,2.008
2991820,A2,2.430,-81.7,2.045,2.008
2991830,A1,3.040,-81.4,1.990,1.957
2991950,A3,2.550,-80.5,1.990,1.957
2991970,A2,2.420,-81.7,1.999,1.957
2991980,A1,3.090,-82.2,2.054,2.008
2992100,A3,2.540,-80.1,2.054,2.016
2992120,A2,2.470,-81.8,2.010,2.016
2992130,A1,3.040,-82.0,1.955,1.965
2992250,A3,2.520,-80.0,1.955,1.982
2992270,A2,2.470,-81.6,1.955,1.982
2992280,A1,3.030,-83.1,1.944,1.972
2992420,A2,2.440,-81.2,1.970,1.972
2992430,A1,3.040,-82.6,1.981,1.982
2992570,A2,2.460,-81.4,1.964,1.982
2992580,A1,3.040,-82.5,1.964,1.982
2992700,A3,2.560,-79.9,1.964,1.948
2992720,A2,2.440,-81.3,1.981,1.948
2992730,A1,3.060,-82.4,2.003,1.968
2992850,A3,2.570,-80.1,2.003,1.960
2992870,A2,2.450,-80.9,1.995,1.960
2992880,A1,3.070,-82.4,2.006,1.970
2993000,A3,2.510,-80.8,2.006,2.021
2993020,A2,2.430,-81.4,2.023,2.021
2993030,A1,3.050,-82.3,2.001,2.000
2993150,A3,2.530,-80.3,2.001,1.984
2993170,A2,2.440,-81.8,1.992,1.984
2993180,A1,3.030,-83.6,1.970,1.963
2993300,A3,2.520,-79.8,1.970,1.972
2993320,A2,2.460,-82.3,1.953,1.972
2993330,A1,3.030,-82.3,1.953,1.972
2993600,A3,2.520,-79.6,1.953,1.972
2993620,A2,2.440,-81.1,1.970,1.972
2993630,A1,3.080,-82.5,2.025,2.023
2993750,A3,2.590,-80.0,2.025,1.963
2993770,A2,2.440,-81.7,2.025,1.963
2993780,A1,3.060,-83.1,2.003,1.943
2993900,A3,2.600,-79.6,2.003,1.934
2993920,A2,2.440,-82.1,2.003,1.934
2993930,A1,3.050,-82.2,1.992,1.924
2994050,A3,2.590,-80.1,1.992,1.932
2994070,A2,2.440,-81.3,1.992,1.932
2994080,A1,3.040,-82.4,1.981,1.922
2994200,A3,2.560,-80.4,1.981,1.948
2994220,A2,2.450,-81.1,1.973,1.948
2994230,A1,3.100,-81.9,2.039,2.009
2994350,A3,2.560,-80.8,2.039,2.009
2994370,A2,2.450,-82.0,2.039,2.009
2994380,A1,3.120,-82.3,2.061,2.030
2994500,A3,2.540,-80.7,2.061,2.047
2994520,A2,2.440,-81.7,2.070,2.047
2994530,A1,3.080,-82.0,2.025,2.006
2994650,A3,2.560,-80.2,2.025,1.989
2994670,A2,2.440,-81.9,2.025,1.989
2994680,A1,3.060,-82.3,2.003,1.968
2994800,A3,2.580,-79.7,2.003,1.951
2994820,A2,2.440,-81.9,2.003,1.951
2994830,A1,3.060,-82.5,2.003,1.951
2994950,A3,2.580,-80.9,2.003,1.951
2994970,A2,2.450,-81.6,1.995,1.951
2994980,A1,3.080,-82.2,2.017,1.972
2995100,A3,2.560,-80.7,2.017,1.989
2995120,A2,2.450,-81.2,2.017,1.989
2995130,A1,3.110,-82.1,2.050,2.020
2995250,A3,2.590,-80.3,2.050,1.994
2995270,A2,2.430,-82.2,2.068,1.994
2995280,A1,3.070,-82.2,2.023,1.953
2995400,A3,2.590,-79.3,2.023,1.953
2995420,A2,2.470,-82.0,1.988,1.953
2995430,A1,3.080,-81.8,1.999,1.963
2995550,A3,2.590,-79.8,1.999,1.963
2995570,A2,2.460,-80.9,2.008,1.963
2995580,A1,3.090,-82.3,2.019,1.973
2995700,A3,2.570,-79.9,2.019,1.991
2995720,A2,2.490,-82.2,1.992,1.991
2995730,A1,3.100,-81.8,2.003,2.001
2995850,A3,2.590,-79.9,2.003,1.984
2995870,A2,2.420,-81.6,2.065,1.984
2995880,A1,3.100,-81.8,2.065,1.984
2996000,A3,2.570,-80.3,2.065,2.001
2996020,A2,2.490,-81.6,2.003,2.001
2996030,A1,3.090,-82.4,1.992,1.991
2996150,A3,2.560,-80.2,1.992,1.999
2996170,A2,2.440,-82.1,2.036,1.999
2996180,A1,3.060,-83.0,2.003,1.968
2996300,A3,2.570,-80.6,2.003,1.960
2996320,A2,2.450,-81.2,1.995,1.960
2996330,A1,3.090,-81.8,2.028,1.991
2996450,A3,2.530,-81.6,2.028,2.025
2996470,A2,2.440,-81.6,2.036,2.025
2996480,A1,3.060,-81.9,2.003,1.994
2996750,A3,2.540,-80.6,2.003,1.985
2996770,A2,2.470,-81.9,1.977,1.985
2996780,A1,3.090,-81.4,2.010,2.016
2996900,A3,2.550,-80.1,2.010,2.008
2996920,A2,2.440,-82.6,2.036,2.008
2996930,A1,3.080,-81.6,2.025,1.997
2997050,A3,2.580,-79.5,2.025,1.972
2997070,A2,2.420,-82.6,2.043,1.972
2997080,A1,3.060,-81.6,2.021,1.951
2997200,A3,2.530,-79.9,2.021,1.994
2997220,A2,2.460,-82.7,1.986,1.994
2997230,A1,3.100,-81.2,2.030,2.035
2997350,A3,2.570,-79.9,2.030,2.001
2997370,A2,2.460,-82.0,2.030,2.001
2997380,A1,3.100,-81.1,2.030,2.001
2997500,A3,2.580,-79.8,2.030,1.992
2997520,A2,2.440,-81.6,2.048,1.992
2997530,A1,3.100,-81.2,2.048,1.992
2997650,A3,2.580,-79.9,2.048,1.992
2997670,A2,2.450,-81.7,2.039,1.992
2997680,A1,3.110,-81.4,2.050,2.003
2997800,A3,2.550,-80.3,2.050,2.028
2997820,A2,2.460,-81.8,2.041,2.028
2997830,A1,3.060,-81.8,1.986,1.977
2997950,A3,2.550,-79.9,1.986,1.977
2997970,A2,2.460,-81.7,1.986,1.977
2997980,A1,3.060,-81.9,1.986,1.977
2998100,A3,2.570,-80.3,1.986,1.960
2998120,A2,2.440,-82.1,2.003,1.960
2998130,A1,3.080,-81.8,2.025,1.980
2998250,A3,2.570,-80.3,2.025,1.980
2998270,A2,2.430,-82.6,2.034,1.980
2998280,A1,3.080,-82.1,2.034,1.980
2998400,A3,2.570,-80.3,2.034,1.980
2998420,A2,2.440,-82.1,2.025,1.980
2998430,A1,3.080,-82.2,2.025,1.980
2998550,A3,2.580,-79.9,2.025,1.972
2998570,A2,2.450,-82.6,2.017,1.972
2998580,A1,3.100,-81.9,2.039,1.992
2998700,A3,2.560,-79.5,2.039,2.009
2998720,A2,2.450,-81.8,2.039,2.009
2998730,A1,3.090,-81.8,2.028,1.999
2998850,A3,2.560,-79.7,2.028,1.999
2998870,A2,2.460,-82.1,2.019,1.999
2998880,A1,3.080,-82.2,2.008,1.989
2999000,A3,2.600,-80.1,2.008,1.954
2999020,A2,2.480,-81.5,1.990,1.954
2999030,A1,3.070,-81.9,1.979,1.944
2999150,A3,2.580,-80.6,1.979,1.961
2999170,A2,2.490,-81.7,1.970,1.961
2999180,A1,3.070,-82.2,1.970,1.961
2999300,A3,2.580,-79.7,1.970,1.961
2999320,A2,2.450,-81.6,2.006,1.961
2999330,A1,3.050,-82.1,1.984,1.941
2999450,A3,2.560,-79.8,1.984,1.958
2999470,A2,2.480,-82.0,1.957,1.958
2999480,A1,3.060,-82.1,1.968,1.968
2999600,A3,2.570,-80.1,1.968,1.960
2999620,A2,2.470,-81.7,1.977,1.960
2999630,A1,3.090,-82.0,2.010,1.991
2999900,A3,2.580,-79.7,2.010,1.982
2999920,A2,2.420,-81.3,2.054,1.982
2999930,A1,3.070,-81.7,2.032,1.961
3000050,A3,2.580,-79.9,2.032,1.961
3000070,A2,2.460,-81.8,1.997,1.961
3000080,A1,3.060,-81.8,1.986,1.951
3000200,A3,2.550,-80.1,1.986,1.977
3000220,A2,2.470,-81.7,1.977,1.977
3000230,A1,3.090,-81.8,2.010,2.008
3000350,A3,2.590,-79.5,2.010,1.973
3000370,A2,2.440,-81.6,2.036,1.973
3000380,A1,3.070,-82.0,2.014,1.953
3000500,A3,2.580,-80.1,2.014,1.961
3000520,A2,2.460,-82.1,1.997,1.961
3000530,A1,3.110,-81.7,2.041,2.003
3000650,A3,2.550,-79.8,2.041,2.028
3000670,A2,2.460,-81.9,2.041,2.028
3000680,A1,3.090,-81.8,2.019,2.008
3000800,A3,2.590,-79.7,2.019,1.973
3000820,A2,2.470,-82.1,2.010,1.973
3000830,A1,3.080,-81.3,1.999,1.963
3000950,A3,2.580,-80.3,1.999,1.972
3000970,A2,2.480,-82.3,1.990,1.972
3000980,A1,3.100,-81.7,2.012,1.992
3001100,A3,2.560,-79.6,2.012,2.009
3001120,A2,2.440,-82.8,2.048,2.009
3001130,A1,3.060,-81.9,2.003,1.968
3001250,A3,2.550,-79.4,2.003,1.977
3001270,A2,2.420,-82.4,2.021,1.977
3001280,A1,3.090,-81.7,2.054,2.008
3001400,A3,2.560,-79.8,2.054,1.999
3001420,A2,2.440,-82.0,2.036,1.999
3001430,A1,3.090,-81.4,2.036,1.999
3001550,A3,2.600,-79.8,2.036,1.965
3001570,A2,2.430,-82.1,2.045,1.965
3001580,A1,3.090,-82.1,2.045,1.965
3001700,A3,2.580,-80.0,2.045,1.982
3001720,A2,2.430,-82.4,2.045,1.982
3001730,A1,3.060,-81.9,2.012,1.951
3001850,A3,2.570,-79.7,2.012,1.960
3001870,A2,2.440,-82.1,2.003,1.960
3001880,A1,3.110,-82.0,2.059,2.011
3002000,A3,2.560,-80.3,2.059,2.020
3002020,A2,2.450,-82.3,2.050,2.020
3002030,A1,3.090,-81.9,2.028,1.999
3002150,A3,2.570,-80.0,2.028,1.991
3002170,A2,2.490,-82.5,1.992,1.991
3002180,A1,3.070,-82.1,1.970,1.970
3002300,A3,2.580,-80.2,1.970,1.961
3002320,A2,2.430,-82.2,2.023,1.961
3002330,A1,3.080,-81.9,2.034,1.972
3002450,A3,2.570,-79.8,2.034,1.980
3002470,A2,2.490,-82.3,1.981,1.980
3002480,A1,3.100,-81.7,2.003,2.001
3002600,A3,2.570,-80.3,2.003,2.001
3002620,A2,2.450,-82.1,2.039,2.001
3002630,A1,3.060,-82.0,1.995,1.960
3002750,A3,2.570,-79.9,1.995,1.960
3002770,A2,2.450,-82.6,1.995,1.960
3002780,A1,3.070,-81.7,2.006,1.970
3003050,A3,2.550,-80.0,2.006,1.987
3003070,A2,2.470,-82.6,1.988,1.987
3003080,A1,3.090,-81.5,2.010,2.008
3003200,A3,2.570,-79.8,2.010,1.991
3003220,A2,2.460,-81.7,2.019,1.991
3003230,A1,3.050,-81.7,1.975,1.950
3003350,A3,2.590,-79.7,1.975,1.932
3003370,A2,2.450,-82.1,1.984,1.932
3003380,A1,3.080,-81.8,2.017,1.963
3003500,A3,2.620,-79.8,2.017,1.937
3003520,A2,2.480,-81.5,1.990,1.937
3003530,A1,3.050,-82.0,1.957,1.906
3003650,A3,2.570,-79.9,1.957,1.950
3003670,A2,2.470,-81.3,1.966,1.950
3003680,A1,3.070,-81.8,1.988,1.970
3003800,A3,2.550,-80.0,1.988,1.987
3003820,A2,2.440,-81.4,2.014,1.987
3003830,A1,3.080,-81.8,2.025,1.997
3003950,A3,2.580,-80.0,2.025,1.972
3003970,A2,2.440,-82.0,2.025,1.972
3003980,A1,3.070,-81.7,2.014,1.961
3004100,A3,2.570,-79.4,2.014,1.970
3004120,A2,2.440,-81.8,2.014,1.970
3004130,A1,3.080,-82.0,2.025,1.980
3004250,A3,2.580,-80.2,2.025,1.972
3004270,A2,2.430,-81.6,2.034,1.972
3004280,A1,3.080,-81.8,2.034,1.972
3004400,A3,2.580,-80.0,2.034,1.972
3004420,A2,2.470,-81.7,1.999,1.972
3004430,A1,3.060,-81.6,1.977,1.951
3004550,A3,2.590,-79.6,1.977,1.943
3004570,A2,2.440,-81.8,2.003,1.943
3004580,A1,3.080,-82.0,2.025,1.963
3004700,A3,2.540,-80.0,2.025,2.006
3004720,A2,2.440,-81.6,2.025,2.006
3004730,A1,3.090,-81.5,2.036,2.016
3004870,A2,2.460,-82.2,2.019,2.016
3004880,A1,3.100,-82.0,2.030,2.026
3005020,A2,2.460,-81.8,2.030,2.026
3005030,A1,3.080,-81.6,2.008,2.006
3005150,A3,2.570,-79.4,2.008,1.980
3005170,A2,2.470,-81.7,1.999,1.980
3005180,A1,3.100,-81.8,2.021,2.001
3005300,A3,2.560,-79.8,2.021,2.009
3005320,A2,2.430,-82.3,2.056,2.009
3005330,A1,3.080,-81.7,2.034,1.989
3005450,A3,2.590,-80.2,2.034,1.963
3005470,A2,2.430,-82.0,2.034,1.963
3005480,A1,3.070,-81.2,2.023,1.953
3005600,A3,2.540,-79.7,2.023,1.996
3005620,A2,2.420,-82.2,2.032,1.996
3005630,A1,3.090,-81.9,2.054,2.016
3005750,A3,2.580,-79.6,2.054,1.982
3005770,A2,2.440,-81.8,2.036,1.982
3005780,A1,3.070,-81.8,2.014,1.961
3005900,A3,2.590,-79.7,2.014,1.953
3005920,A2,2.430,-81.8,2.023,1.953
3006200,A3,2.550,-79.8,2.023,1.987
3006220,A2,2.430,-82.2,2.023,1.987
3006230,A1,3.060,-81.5,2.012,1.977
3006350,A3,2.560,-79.7,2.012,1.968
3006370,A2,2.460,-82.0,1.986,1.968
3006380,A1,3.070,-81.5,1.997,1.979
3006500,A3,2.550,-79.5,1.997,1.987
3006520,A2,2.460,-82.2,1.997,1.987
3006530,A1,3.080,-81.6,2.008,1.997
3006650,A3,2.580,-80.8,2.008,1.972
3006670,A2,2.430,-82.1,2.034,1.972
3006680,A1,3.050,-82.4,2.001,1.941
3006800,A3,2.580,-79.6,2.001,1.941
3006820,A2,2.400,-83.1,2.027,1.941
3006830,A1,3.080,-81.9,2.060,1.972
3006950,A3,2.580,-80.7,2.060,1.972
3006970,A2,2.420,-82.2,2.043,1.972
3006980,A1,3.080,-82.0,2.043,1.972
3007100,A3,2.510,-81.1,2.043,2.031
3007120,A2,2.440,-82.3,2.025,2.031
3007130,A1,3.040,-82.7,1.981,1.990
3007250,A3,2.530,-79.7,1.981,1.973
3007270,A2,2.430,-82.4,1.990,1.973
3007280,A1,3.100,-82.7,2.056,2.035
3007400,A3,2.560,-79.3,2.056,2.009
3007420,A2,2.430,-82.2,2.056,2.009
3007430,A1,3.050,-82.6,2.001,1.958
3007550,A3,2.620,-80.0,2.001,1.906
3007570,A2,2.450,-82.4,1.984,1.906
3007580,A1,3.080,-82.1,2.017,1.937
3007700,A3,2.660,-79.5,2.017,1.902
3007720,A2,2.420,-82.6,2.043,1.902
3007730,A1,3.060,-82.5,2.021,1.881
3007850,A3,2.540,-79.6,2.021,1.985
3007870,A2,2.460,-81.4,1.986,1.985
3007880,A1,3.050,-82.2,1.975,1.975
3008000,A3,2.540,-80.5,1.975,1.975
3008020,A2,2.450,-82.3,1.984,1.975
3008030,A1,3.070,-83.0,2.006,1.996
3008150,A3,2.580,-80.4,2.006,1.961
3008170,A2,2.420,-81.8,2.032,1.961
3008180,A1,3.040,-83.1,1.999,1.931
3008300,A3,2.570,-80.2,1.999,1.939
3008320,A2,2.440,-82.2,1.981,1.939
3008330,A1,3.040,-83.4,1.981,1.939
3008450,A3,2.580,-79.9,1.981,1.931
3008470,A2,2.500,-82.3,1.928,1.931
3008480,A1,3.040,-83.2,1.928,1.931
3008600,A3,2.580,-79.8,1.928,1.931
3008620,A2,2.460,-81.1,1.964,1.931
3008630,A1,3.060,-83.0,1.986,1.951
3008770,A2,2.440,-82.3,2.003,1.951
3008780,A1,3.070,-82.5,2.014,1.961
3008920,A2,2.420,-83.2,2.032,1.961
3008930,A1,3.100,-82.3,2.065,1.992
3009050,A3,2.570,-80.1,2.065,2.001
3009070,A2,2.400,-82.6,2.082,2.001
3009080,A1,3.080,-82.2,2.060,1.980
3009350,A3,2.560,-79.3,2.060,1.989
3009370,A2,2.450,-82.8,2.017,1.989
3009380,A1,3.070,-81.6,2.006,1.979
3009500,A3,2.580,-79.9,2.006,1.961
3009520,A2,2.440,-81.5,2.014,1.961
3009530,A1,3.090,-81.8,2.036,1.982
3009650,A3,2.550,-80.2,2.036,2.008
3009670,A2,2.450,-81.8,2.028,2.008
3009680,A1,3.060,-81.9,1.995,1.977
3009800,A3,2.550,-80.1,1.995,1.977
3009820,A2,2.440,-82.0,2.003,1.977
3009830,A1,3.120,-81.4,2.070,2.039
3009950,A3,2.520,-80.2,2.070,2.064
3009970,A2,2.440,-82.1,2.070,2.064
3009980,A1,3.120,-81.4,2.070,2.064
3010100,A3,2.570,-80.1,2.070,2.022
3010120,A2,2.430,-81.9,2.079,2.022
3010130,A1,3.110,-81.3,2.068,2.011
3010250,A3,2.540,-79.8,2.068,2.037
3010270,A2,2.420,-82.0,2.076,2.037
3010280,A1,3.110,-81.2,2.076,2.037
3010400,A3,2.550,-80.4,2.076,2.028
3010420,A2,2.470,-81.6,2.032,2.028
3010430,A1,3.070,-81.8,1.988,1.987
3010550,A3,2.540,-79.9,1.988,1.996
3010570,A2,2.440,-81.7,2.014,1.996
3010580,A1,3.120,-81.8,2.070,2.047
3010700,A3,2.580,-79.8,2.070,2.013
3010720,A2,2.450,-82.0,2.061,2.013
3010730,A1,3.090,-81.7,2.028,1.982
3010850,A3,2.550,-79.7,2.028,2.008
3010870,A2,2.470,-81.8,2.010,2.008
3010880,A1,3.080,-81.5,1.999,1.997
3011000,A3,2.580,-79.6,1.999,1.972
3011020,A2,2.450,-81.3,2.017,1.972
3011030,A1,3.110,-81.6,2.050,2.003
3011150,A3,2.550,-79.5,2.050,2.028
3011170,A2,2.450,-81.4,2.050,2.028
3011180,A1,3.100,-81.8,2.039,2.018
3011300,A3,2.560,-79.8,2.039,2.009
3011320,A2,2.430,-81.8,2.056,2.009
3011330,A1,3.070,-81.6,2.023,1.979
3011450,A3,2.540,-79.9,2.023,1.996
3011470,A2,2.430,-82.3,2.023,1.996
3011480,A1,3.070,-81.7,2.023,1.996
3011600,A3,2.550,-80.0,2.023,1.987
3011620,A2,2.460,-82.6,1.997,1.987
3011630,A1,3.070,-81.8,1.997,1.987
3011750,A3,2.570,-79.8,1.997,1.970
3011770,A2,2.420,-82.4,2.032,1.970
3011780,A1,3.110,-82.0,2.076,2.011
3011900,A3,2.550,-79.8,2.076,2.028
3011920,A2,2.440,-81.9,2.059,2.028
3011930,A1,3.070,-81.9,2.014,1.987
3012050,A3,2.560,-80.1,2.014,1.979
3012070,A2,2.380,-82.4,2.066,1.979
3012080,A1,3.070,-82.1,2.066,1.979
3012200,A3,2.560,-79.8,2.066,1.979
3012220,A2,2.420,-82.1,2.032,1.979
3012230,A1,3.070,-82.0,2.032,1.979
3012500,A3,2.530,-79.8,2.032,2.004
3012520,A2,2.420,-82.1,2.032,2.004
3012530,A1,3.080,-81.8,2.043,2.014
3012650,A3,2.580,-79.9,2.043,1.972
3012670,A2,2.430,-82.3,2.034,1.972
3012680,A1,3.090,-82.0,2.045,1.982
3012800,A3,2.560,-80.2,2.045,1.999
3012820,A2,2.440,-82.0,2.036,1.999
3012830,A1,3.090,-82.1,2.036,1.999
3012950,A3,2.570,-80.4,2.036,1.991
3012970,A2,2.410,-82.7,2.063,1.991
3012980,A1,3.080,-81.8,2.052,1.980
3013100,A3,2.560,-79.8,2.052,1.989
3013120,A2,2.440,-82.1,2.025,1.989
3013130,A1,3.090,-82.0,2.036,1.999
3013250,A3,2.550,-80.5,2.036,2.008
3013270,A2,2.410,-82.1,2.063,2.008
3013280,A1,3.080,-81.9,2.052,1.997
3013400,A3,2.560,-79.9,2.052,1.989
3013420,A2,2.440,-82.6,2.025,1.989
3013430,A1,3.070,-81.7,2.014,1.979
3013550,A3,2.560,-80.2,2.014,1.979
3013570,A2,2.420,-81.9,2.032,1.979
3013580,A1,3.100,-81.8,2.065,2.009
3013700,A3,2.570,-80.0,2.065,2.001
3013720,A2,2.450,-82.6,2.039,2.001
3013730,A1,3.080,-81.7,2.017,1.980
3013850,A3,2.570,-80.1,2.017,1.980
3013870,A2,2.460,-82.2,2.008,1.980
3013880,A1,3.090,-81.7,2.019,1.991
3014000,A3,2.540,-80.0,2.019,2.016
3014020,A2,2.460,-82.2,2.019,2.016
3014030,A1,3.100,-81.6,2.030,2.026
3014150,A3,2.540,-80.5,2.030,2.026
3014170,A2,2.440,-82.2,2.048,2.026
3014180,A1,3.080,-81.9,2.025,2.006
3014300,A3,2.540,-80.4,2.025,2.006
3014320,A2,2.440,-82.6,2.025,2.006
3014330,A1,3.080,-81.9,2.025,2.006
3014450,A3,2.570,-80.4,2.025,1.980
3014470,A2,2.450,-82.3,2.017,1.980
3014480,A1,3.080,-81.7,2.017,1.980
3014600,A3,2.560,-80.2,2.017,1.989
3014620,A2,2.440,-82.3,2.025,1.989
3014630,A1,3.100,-82.5,2.048,2.009
3014750,A3,2.550,-80.5,2.048,2.018
3014770,A2,2.420,-82.4,2.065,2.018
3014780,A1,3.090,-82.0,2.054,2.008
3014900,A3,2.540,-80.4,2.054,2.016
3014920,A2,2.480,-82.5,2.001,2.016
3014930,A1,3.060,-81.8,1.968,1.985
3015050,A3,2.540,-80.5,1.968,1.985
3015070,A2,2.420,-81.9,2.021,1.985
3015080,A1,3.090,-82.0,2.054,2.016
3015200,A3,2.590,-80.0,2.054,1.973
3015220,A2,2.430,-82.1,2.045,1.973
3015230,A1,3.100,-81.9,2.056,1.984
3015350,A3,2.550,-80.3,2.056,2.018
3015370,A2,2.430,-82.1,2.056,2.018
3015380,A1,3.100,-82.0,2.056,2.018
3015650,A3,2.570,-80.2,2.056,2.001
3015670,A2,2.440,-81.9,2.048,2.001
3015680,A1,3.100,-81.9,2.048,2.001
3015800,A3,2.530,-80.6,2.048,2.035
3015820,A2,2.470,-82.3,2.021,2.035
3015830,A1,3.070,-81.8,1.988,2.004
3015950,A3,2.560,-80.3,1.988,1.979
3015970,A2,2.440,-82.0,2.014,1.979
3015980,A1,3.090,-81.9,2.036,1.999
3016100,A3,2.570,-80.4,2.036,1.991
3016120,A2,2.440,-82.7,2.036,1.991
3016130,A1,3.090,-81.8,2.036,1.991
3016250,A3,2.560,-80.4,2.036,1.999
3016270,A2,2.420,-82.5,2.054,1.999
3016280,A1,3.120,-81.9,2.087,2.030
3016400,A3,2.560,-80.4,2.087,2.030
3016420,A2,2.420,-82.0,2.087,2.030
3016430,A1,3.100,-81.9,2.065,2.009
3016550,A3,2.540,-79.8,2.065,2.026
3016570,A2,2.420,-82.5,2.065,2.026
3016580,A1,3.080,-81.8,2.043,2.006
3016700,A3,2.590,-80.1,2.043,1.963
3016720,A2,2.460,-82.2,2.008,1.963
3016730,A1,3.090,-81.9,2.019,1.973
3016850,A3,2.550,-80.1,2.019,2.008
3016870,A2,2.450,-82.5,2.028,2.008
3016880,A1,3.080,-81.9,2.017,1.997
3017000,A3,2.570,-80.0,2.017,1.980
3017020,A2,2.460,-82.3,2.008,1.980
3017030,A1,3.070,-81.8,1.997,1.970
3017150,A3,2.560,-79.8,1.997,1.979
3017170,A2,2.430,-82.5,2.023,1.979
3017180,A1,3.080,-81.6,2.034,1.989
3017300,A3,2.560,-81.8,2.034,1.989
3017320,A2,2.440,-82.4,2.025,1.989
3017330,A1,3.080,-83.1,2.025,1.989
3017450,A3,2.560,-79.8,2.025,1.989
3017470,A2,2.440,-82.5,2.025,1.989
3017480,A1,3.080,-81.8,2.025,1.989
3017600,A3,2.560,-80.1,2.025,1.989
3017620,A2,2.450,-82.5,2.017,1.989
3017630,A1,3.110,-81.8,2.050,2.020
3017750,A3,2.550,-79.9,2.050,2.028
3017770,A2,2.440,-82.4,2.059,2.028
3017780,A1,3.080,-81.7,2.025,1.997
3017900,A3,2.570,-80.0,2.025,1.980
3017920,A2,2.420,-82.2,2.043,1.980
3017930,A1,3.090,-81.8,2.054,1.991
3018050,A3,2.550,-80.1,2.054,2.008
3018070,A2,2.440,-82.5,2.036,2.008
3018080,A1,3.070,-81.8,2.014,1.987
3018200,A3,2.560,-80.3,2.014,1.979
3018220,A2,2.440,-82.5,2.014,1.979
3018230,A1,3.070,-82.0,2.014,1.979
3018350,A3,2.530,-80.3,2.014,2.004
3018370,A2,2.470,-82.1,1.988,2.004
3018380,A1,3.080,-82.2,1.999,2.014
3018500,A3,2.540,-80.2,1.999,2.006
3018520,A2,2.430,-82.2,2.034,2.006
3018530,A1,3.060,-81.8,2.012,1.985
3018800,A3,2.580,-80.0,2.012,1.951
3018820,A2,2.440,-82.4,2.003,1.951
3018830,A1,3.110,-82.1,2.059,2.003
3018950,A3,2.530,-80.7,2.059,2.045
3018970,A2,2.440,-82.4,2.059,2.045
3018980,A1,3.070,-81.9,2.014,2.004
3019100,A3,2.530,-80.3,2.014,2.004
3019120,A2,2.450,-82.7,2.006,2.004
3019130,A1,3.100,-82.0,2.039,2.035
3019250,A3,2.530,-80.6,2.039,2.035
3019270,A2,2.450,-81.9,2.039,2.035
3019280,A1,3.090,-81.6,2.028,2.025
3019400,A3,2.550,-80.1,2.028,2.008
3019420,A2,2.460,-82.7,2.019,2.008
3019430,A1,3.070,-82.1,1.997,1.987
3019550,A3,2.560,-80.4,1.997,1.979
3019570,A2,2.440,-82.3,2.014,1.979
3019580,A1,3.110,-82.0,2.059,2.020
3019700,A3,2.540,-80.7,2.059,2.037
3019720,A2,2.470,-82.4,2.032,2.037
3019730,A1,3.070,-81.9,1.988,1.996
3019850,A3,2.560,-80.7,1.988,1.979
3019870,A2,2.410,-82.2,2.041,1.979
3019880,A1,3.090,-82.1,2.063,1.999
3020000,A3,2.550,-80.1,2.063,2.008
3020030,A1,3.070,-82.0,2.041,1.987
3020180,A1,3.070,-82.0,2.041,1.987
3020300,A3,2.560,-80.1,2.041,1.979
3020320,A2,2.470,-82.5,1.988,1.979
3020330,A1,3.070,-81.9,1.988,1.979
3020600,A3,2.560,-80.1,1.988,1.979
3020620,A2,2.420,-82.7,2.032,1.979
3020630,A1,3.110,-82.2,2.076,2.020
3020750,A3,2.560,-80.3,2.076,2.020
3020770,A2,2.410,-82.8,2.085,2.020
3020780,A1,3.090,-81.9,2.063,1.999
3020900,A3,2.550,-80.1,2.063,2.008
3020920,A2,2.430,-83.1,2.045,2.008
3020930,A1,3.090,-82.0,2.045,2.008
3021050,A3,2.570,-80.4,2.045,1.991
3021070,A2,2.440,-83.1,2.036,1.991
3021080,A1,3.080,-82.3,2.025,1.980
3021200,A3,2.560,-80.4,2.025,1.989
3021220,A2,2.410,-82.6,2.052,1.989
3021230,A1,3.080,-82.2,2.052,1.989
3021350,A3,2.560,-80.4,2.052,1.989
3021370,A2,2.420,-82.5,2.043,1.989
3021380,A1,3.100,-82.2,2.065,2.009
3021500,A3,2.560,-80.3,2.065,2.009
3021520,A2,2.420,-82.8,2.065,2.009
3021530,A1,3.100,-82.0,2.065,2.009
3021650,A3,2.580,-80.4,2.065,1.992
3021670,A2,2.440,-82.7,2.048,1.992
3021680,A1,3.100,-82.3,2.048,1.992
3021950,A3,2.570,-79.9,2.048,2.001
3021970,A2,2.430,-82.6,2.056,2.001
3021980,A1,3.090,-82.2,2.045,1.991
3022100,A3,2.560,-80.4,2.045,1.999
3022120,A2,2.440,-82.7,2.036,1.999
3022130,A1,3.100,-82.0,2.048,2.009
3022250,A3,2.580,-80.3,2.048,1.992
3022270,A2,2.470,-82.8,2.021,1.992
3022280,A1,3.070,-82.2,1.988,1.961
3022400,A3,2.540,-80.4,1.988,1.996
3022420,A2,2.440,-82.6,2.014,1.996
3022430,A1,3.070,-82.1,2.014,1.996
3022550,A3,2.550,-79.9,2.014,1.987
3022570,A2,2.450,-83.0,2.006,1.987
3022580,A1,3.080,-82.0,2.017,1.997
3022700,A3,2.570,-80.4,2.017,1.980
3022720,A2,2.440,-82.8,2.025,1.980
3022730,A1,3.060,-82.0,2.003,1.960
3022850,A3,2.570,-79.9,2.003,1.960
3022870,A2,2.410,-82.8,2.029,1.960
3022880,A1,3.080,-81.9,2.052,1.980
3023000,A3,2.540,-79.7,2.052,2.006
3023020,A2,2.440,-82.9,2.025,2.006
3023030,A1,3.070,-82.1,2.014,1.996
3023150,A3,2.570,-79.7,2.014,1.970
3023170,A2,2.420,-83.0,2.032,1.970
3023180,A1,3.090,-82.0,2.054,1.991
3023300,A3,2.550,-79.9,2.054,2.008
3023320,A2,2.440,-82.8,2.036,2.008
3023330,A1,3.110,-81.9,2.059,2.028
3023450,A3,2.580,-80.0,2.059,2.003
3023470,A2,2.430,-82.3,2.068,2.003
3023480,A1,3.060,-81.9,2.012,1.951
3023600,A3,2.550,-79.7,2.012,1.977
3023620,A2,2.430,-83.3,2.012,1.977
3023630,A1,3.080,-82.0,2.034,1.997
3023750,A3,2.590,-80.0,2.034,1.963
3023770,A2,2.440,-82.5,2.025,1.963
3023780,A1,3.110,-81.9,2.059,1.994
3023900,A3,2.550,-80.3,2.059,2.028
3023930,A1,3.080,-82.1,2.025,1.997
3024080,A1,3.090,-82.2,2.036,2.008
3024200,A3,2.560,-80.0,2.036,1.999
3024220,A2,2.430,-82.9,2.045,1.999
3024230,A1,3.080,-82.0,2.034,1.989
3024350,A3,2.560,-80.6,2.034,1.989
3024370,A2,2.440,-82.7,2.025,1.989
3024380,A1,3.080,-82.2,2.025,1.989
3024500,A3,2.550,-80.4,2.025,1.997
3024520,A2,2.430,-82.6,2.034,1.997
3024530,A1,3.080,-82.0,2.034,1.997
3024650,A3,2.550,-80.7,2.034,1.997
3024670,A2,2.440,-82.8,2.025,1.997
3024680,A1,3.060,-82.0,2.003,1.977
3024800,A3,2.560,-80.2,2.003,1.968
3024820,A2,2.430,-82.5,2.012,1.968
3024830,A1,3.090,-82.0,2.045,1.999
3025100,A3,2.550,-79.6,2.045,2.008
3025120,A2,2.410,-82.6,2.063,2.008
3025130,A1,3.110,-82.0,2.085,2.028
3025250,A3,2.580,-79.9,2.085,2.003
3025270,A2,2.430,-82.8,2.068,2.003
3025280,A1,3.090,-81.8,2.045,1.982
3025400,A3,2.550,-80.1,2.045,2.008
3025420,A2,2.440,-82.2,2.036,2.008
3025430,A1,3.070,-82.0,2.014,1.987
3025550,A3,2.590,-79.6,2.014,1.953
3025570,A2,2.440,-82.2,2.014,1.953
3025580,A1,3.090,-81.9,2.036,1.973
3025700,A3,2.590,-79.8,2.036,1.973
3025720,A2,2.450,-82.5,2.028,1.973
3025730,A1,3.090,-81.8,2.028,1.973
3025850,A3,2.580,-80.4,2.028,1.982
3025870,A2,2.440,-82.7,2.036,1.982
3025880,A1,3.090,-81.9,2.036,1.982
3026000,A3,2.580,-79.7,2.036,1.982
3026020,A2,2.440,-82.4,2.036,1.982
3026030,A1,3.070,-81.9,2.014,1.961
3026150,A3,2.580,-79.9,2.014,1.961
3026170,A2,2.430,-82.2,2.023,1.961
3026180,A1,3.120,-81.8,2.079,2.013
3026300,A3,2.530,-80.1,2.079,2.056
3026320,A2,2.430,-82.5,2.079,2.056
3026330,A1,3.080,-82.0,2.034,2.014
3026450,A3,2.570,-79.8,2.034,1.980
3026470,A2,2.460,-82.4,2.008,1.980
3026480,A1,3.090,-82.0,2.019,1.991
3026600,A3,2.540,-79.8,2.019,2.016
3026620,A2,2.440,-82.4,2.036,2.016
3026630,A1,3.100,-82.1,2.048,2.026
3026750,A3,2.570,-79.8,2.048,2.001
3026770,A2,2.470,-82.8,2.021,2.001
3026780,A1,3.100,-81.8,2.021,2.001
3026900,A3,2.520,-80.2,2.021,2.043
3026920,A2,2.440,-82.9,2.048,2.043
3026930,A1,3.090,-81.8,2.036,2.033
3027050,A3,2.530,-80.3,2.036,2.025
3027070,A2,2.420,-82.6,2.054,2.025
3027080,A1,3.080,-82.0,2.043,2.014
3027200,A3,2.560,-80.2,2.043,1.989
3027220,A2,2.430,-82.7,2.034,1.989
3027230,A1,3.090,-81.9,2.045,1.999
3027350,A3,2.570,-80.4,2.045,1.991
3027370,A2,2.430,-83.0,2.045,1.991
3027380,A1,3.080,-82.0,2.034,1.980
3027500,A3,2.580,-79.8,2.034,1.972
3027520,A2,2.440,-82.5,2.025,1.972
3027530,A1,3.080,-81.7,2.025,1.972
3027650,A3,2.540,-80.4,2.025,2.006
3027670,A2,2.430,-82.7,2.034,2.006
3027680,A1,3.070,-81.9,2.023,1.996
3027800,A3,2.550,-79.8,2.023,1.987
3027830,A1,3.090,-81.8,2.045,2.008
3027980,A1,3.080,-82.8,2.034,1.997
3028250,A3,2.570,-80.1,2.034,1.980
3028270,A2,2.440,-83.1,2.025,1.980
3028280,A1,3.080,-81.8,2.025,1.980
3028400,A3,2.570,-79.9,2.025,1.980
3028420,A2,2.440,-82.5,2.025,1.980
3028430,A1,3.070,-81.9,2.014,1.970
3028550,A3,2.550,-80.0,2.014,1.987
3028570,A2,2.420,-82.9,2.032,1.987
3028580,A1,3.080,-82.0,2.043,1.997
3028700,A3,2.540,-80.3,2.043,2.006
3028720,A2,2.440,-82.5,2.025,2.006
3028730,A1,3.120,-81.6,2.070,2.047
3028850,A3,2.570,-79.9,2.070,2.022
3028870,A2,2.410,-82.1,2.096,2.022
3028880,A1,3.060,-82.2,2.029,1.960
3029000,A3,2.550,-80.4,2.029,1.977
3029020,A2,2.470,-82.1,1.977,1.977
3029030,A1,3.080,-81.6,1.999,1.997
3029150,A3,2.540,-80.1,1.999,2.006
3029170,A2,2.440,-82.7,2.025,2.006
3029180,A1,3.080,-81.7,2.025,2.006
3029300,A3,2.540,-80.7,2.025,2.006
3029320,A2,2.450,-82.1,2.017,2.006
3029330,A1,3.110,-82.0,2.050,2.037
3029450,A3,2.520,-80.3,2.050,2.054
3029470,A2,2.440,-83.4,2.059,2.054
3029480,A1,3.080,-82.0,2.025,2.023
3029600,A3,2.540,-80.2,2.025,2.006
3029620,A2,2.430,-83.1,2.034,2.006
3029630,A1,3.120,-81.5,2.079,2.047
3029750,A3,2.550,-80.3,2.079,2.039
3029770,A2,2.440,-82.7,2.070,2.039
3029780,A1,3.080,-81.5,2.025,1.997
3029900,A3,2.540,-80.6,2.025,2.006
3029920,A2,2.450,-83.1,2.017,2.006
3029930,A1,3.110,-81.6,2.050,2.037
3030050,A3,2.550,-80.4,2.050,2.028
3030070,A2,2.420,-83.2,2.076,2.028
3030080,A1,3.100,-81.5,2.065,2.018
3030200,A3,2.530,-80.4,2.065,2.035
3030220,A2,2.440,-83.1,2.048,2.035
3030230,A1,3.090,-82.1,2.036,2.025
3030350,A3,2.590,-79.9,2.036,1.973
3030370,A2,2.430,-82.3,2.045,1.973
3030380,A1,3.070,-81.7,2.023,1.953
3030500,A3,2.560,-80.6,2.023,1.979
3030520,A2,2.450,-82.0,2.006,1.979
3030530,A1,3.110,-81.6,2.050,2.020
3030650,A3,2.570,-79.8,2.050,2.011
3030670,A2,2.470,-82.1,2.032,2.011
3030680,A1,3.110,-81.2,2.032,2.011
3030800,A3,2.560,-80.7,2.032,2.020
3030820,A2,2.450,-82.6,2.050,2.020
3030830,A1,3.100,-81.8,2.039,2.009
3030950,A3,2.530,-80.1,2.039,2.035
3030970,A2,2.410,-81.8,2.074,2.035
3030980,A1,3.100,-81.7,2.074,2.035
3031100,A3,2.570,-80.4,2.074,2.001
3031120,A2,2.420,-81.9,2.065,2.001
3031130,A1,3.080,-81.7,2.043,1.980
3031400,A3,2.490,-81.1,2.043,2.048
3031420,A2,2.440,-81.7,2.025,2.048
3031430,A1,3.090,-81.7,2.036,2.058
3031550,A3,2.510,-80.9,2.036,2.041
3031570,A2,2.430,-81.9,2.045,2.041
3031580,A1,3.080,-82.0,2.034,2.031
3031700,A3,2.570,-80.8,2.034,1.980
3031720,A2,2.420,-81.8,2.043,1.980
3031730,A1,3.090,-81.3,2.054,1.991
3031850,A3,2.470,-80.3,2.054,2.075
3031870,A2,2.420,-82.3,2.054,2.075
3031880,A1,3.110,-81.1,2.076,2.095
3032000,A3,2.530,-80.6,2.076,2.045
3032020,A2,2.410,-82.7,2.085,2.045
3032030,A1,3.090,-81.7,2.063,2.025
3032150,A3,2.580,-81.1,2.063,1.982
3032170,A2,2.410,-83.0,2.063,1.982
3032180,A1,3.090,-82.0,2.063,1.982
3032320,A2,2.440,-82.8,2.036,1.982
3032330,A1,3.070,-82.0,2.014,1.961
3032470,A2,2.410,-83.2,2.041,1.961
3032750,A3,2.520,-80.5,2.041,2.012
3032770,A2,2.420,-82.8,2.032,2.012
3032780,A1,3.070,-81.8,2.032,2.012
3032900,A3,2.580,-80.3,2.032,1.961
3032920,A2,2.420,-82.9,2.032,1.961
3032930,A1,3.060,-81.7,2.021,1.951
3033050,A3,2.600,-80.1,2.021,1.934
3033070,A2,2.420,-83.1,2.021,1.934
3033080,A1,3.100,-82.1,2.065,1.975
3033200,A3,2.530,-81.0,2.065,2.035
3033220,A2,2.440,-83.1,2.048,2.035
3033230,A1,3.080,-81.7,2.025,2.014
3033350,A3,2.520,-80.3,2.025,2.023
3033370,A2,2.430,-83.3,2.034,2.023
3033380,A1,3.070,-81.9,2.023,2.012
3033500,A3,2.490,-80.9,2.023,2.037
3033520,A2,2.420,-83.1,2.032,2.037
3033530,A1,3.090,-81.8,2.054,2.058
3033650,A3,2.600,-80.0,2.054,1.965
3033670,A2,2.470,-82.9,2.010,1.965
3033680,A1,3.070,-81.9,1.988,1.944
3033800,A3,2.510,-79.9,1.988,2.021
3033820,A2,2.450,-82.8,2.006,2.021
3033830,A1,3.070,-82.0,2.006,2.021
3033950,A3,2.520,-80.2,2.006,2.012
3033970,A2,2.420,-82.8,2.032,2.012
3033980,A1,3.060,-81.9,2.021,2.002
3034100,A3,2.530,-80.4,2.021,1.994
3034120,A2,2.440,-82.9,2.003,1.994
3034130,A1,3.080,-81.9,2.025,2.014
3034250,A3,2.570,-80.4,2.025,1.980
3034270,A2,2.410,-83.2,2.052,1.980
3034280,A1,3.080,-82.0,2.052,1.980
3034550,A3,2.530,-80.8,2.052,2.014
3034570,A2,2.440,-82.8,2.025,2.014
3034580,A1,3.100,-82.1,2.048,2.035
3034700,A3,2.460,-79.9,2.048,2.093
3034720,A2,2.450,-82.4,2.039,2.093
3034730,A1,3.080,-82.2,2.017,2.072
3034850,A3,2.510,-80.0,2.017,2.031
3034870,A2,2.430,-82.2,2.034,2.031
3034880,A1,3.060,-82.3,2.012,2.011
3035000,A3,2.560,-80.3,2.012,1.968
3035020,A2,2.420,-82.4,2.021,1.968
3035030,A1,3.080,-82.1,2.043,1.989
3035150,A3,2.610,-80.5,2.043,1.946
3035170,A2,2.430,-82.9,2.034,1.946
3035180,A1,3.070,-82.4,2.023,1.935
3035300,A3,2.480,-80.0,2.023,2.046
3035320,A2,2.440,-82.1,2.014,2.046
3035330,A1,3.080,-82.0,2.025,2.056
3035450,A3,2.520,-80.1,2.025,2.023
3035470,A2,2.440,-82.3,2.025,2.023
3035480,A1,3.090,-82.1,2.036,2.033
3035600,A3,2.590,-80.8,2.036,1.973
3035620,A2,2.450,-81.9,2.028,1.973
3035630,A1,3.070,-81.6,2.006,1.953
3035750,A3,2.560,-80.9,2.006,1.979
3035770,A2,2.440,-81.8,2.014,1.979
3035780,A1,3.090,-81.9,2.036,1.999
3035900,A3,2.520,-81.0,2.036,2.033
3035920,A2,2.440,-82.4,2.036,2.033
3035930,A1,3.090,-81.6,2.036,2.033
3036050,A3,2.530,-80.2,2.036,2.025
3036070,A2,2.410,-82.0,2.063,2.025
3036080,A1,3.060,-81.8,2.029,1.994
3036200,A3,2.480,-80.9,2.029,2.036
3036220,A2,2.430,-81.6,2.012,2.036
3036230,A1,3.080,-81.8,2.034,2.056
3036350,A3,2.570,-79.9,2.034,1.980
3036370,A2,2.410,-81.8,2.052,1.980
3036380,A1,3.110,-81.1,2.085,2.011
3036500,A3,2.520,-80.1,2.085,2.054
3036520,A2,2.410,-82.4,2.085,2.054
3036530,A1,3.120,-81.1,2.096,2.064
3036650,A3,2.550,-80.1,2.096,2.039
3036670,A2,2.440,-81.9,2.070,2.039
3036680,A1,3.080,-81.5,2.025,1.997
3036800,A3,2.510,-81.1,2.025,2.031
3036820,A2,2.440,-82.6,2.025,2.031
3036830,A1,3.090,-81.4,2.036,2.041
3036950,A3,2.510,-80.0,2.036,2.041
3036970,A2,2.450,-82.6,2.028,2.041
3036980,A1,3.100,-81.7,2.039,2.052
3037100,A3,2.530,-80.4,2.039,2.035
3037120,A2,2.430,-83.4,2.056,2.035
3037130,A1,3.080,-81.8,2.034,2.014
3037250,A3,2.510,-80.1,2.034,2.031
3037270,A2,2.420,-82.6,2.043,2.031
3037280,A1,3.080,-82.2,2.043,2.031
3037400,A3,2.570,-80.4,2.043,1.980
3037420,A2,2.410,-82.9,2.052,1.980
3037430,A1,3.090,-81.7,2.063,1.991
3037720,A2,2.430,-82.4,2.045,1.991
3037730,A1,3.070,-81.3,2.023,1.970
3037870,A2,2.410,-82.1,2.041,1.970
3037880,A1,3.110,-81.0,2.085,2.011
3038000,A3,2.570,-80.9,2.085,2.011
3038020,A2,2.420,-82.8,2.076,2.011
3038030,A1,3.090,-82.0,2.054,1.991
3038150,A3,2.650,-79.5,2.054,1.921
3038170,A2,2.430,-82.6,2.045,1.921
3038180,A1,3.060,-82.1,2.012,1.890
3038300,A3,2.530,-79.6,2.012,1.994
3038320,A2,2.420,-82.6,2.021,1.994
3038330,A1,3.080,-82.1,2.043,2.014
3038450,A3,2.540,-79.6,2.043,2.006
3038470,A2,2.420,-82.7,2.043,2.006
3038480,A1,3.090,-82.3,2.054,2.016
3038600,A3,2.570,-81.3,2.054,1.991
3038620,A2,2.440,-82.2,2.036,1.991
3038630,A1,3.070,-82.7,2.014,1.970
3038750,A3,2.480,-80.3,2.014,2.046
3038770,A2,2.420,-82.5,2.032,2.046
3038780,A1,3.100,-81.8,2.065,2.077
3038900,A3,2.490,-80.0,2.065,2.068
3038920,A2,2.440,-82.4,2.048,2.068
3038930,A1,3.080,-81.6,2.025,2.048
3039050,A3,2.520,-80.2,2.025,2.023
3039070,A2,2.420,-81.7,2.043,2.023
3039080,A1,3.060,-81.9,2.021,2.002
3039200,A3,2.550,-80.1,2.021,1.977
3039220,A2,2.410,-82.8,2.029,1.977
3039230,A1,3.080,-82.1,2.052,1.997
3039350,A3,2.510,-80.8,2.052,2.031
3039370,A2,2.420,-82.6,2.043,2.031
3039380,A1,3.080,-82.0,2.043,2.031
3039500,A3,2.540,-80.3,2.043,2.006
3039520,A2,2.420,-82.8,2.043,2.006
3039530,A1,3.070,-82.2,2.032,1.996
3039650,A3,2.510,-80.8,2.032,2.021
3039670,A2,2.420,-82.6,2.032,2.021
3039680,A1,3.080,-82.4,2.043,2.031
3039800,A3,2.510,-79.8,2.043,2.031
3039830,A1,3.090,-82.2,2.054,2.041
3039980,A1,3.100,-82.3,2.065,2.052
3040100,A3,2.510,-80.5,2.065,2.052
3040120,A2,2.400,-82.1,2.082,2.052
3040130,A1,3.090,-82.2,2.071,2.041
3040250,A3,2.510,-79.8,2.071,2.041
3040270,A2,2.390,-81.6,2.080,2.041
3040280,A1,3.090,-81.8,2.080,2.041
3040400,A3,2.560,-80.5,2.080,1.999
3040420,A2,2.440,-82.4,2.036,1.999
3040430,A1,3.080,-81.8,2.025,1.989
3040550,A3,2.460,-80.7,2.025,2.072
3040570,A2,2.420,-82.5,2.043,2.072
3040580,A1,3.080,-81.8,2.043,2.072
3041000,A3,2.530,-80.4,2.043,2.014
3041020,A2,2.420,-82.9,2.043,2.014
3041030,A1,3.090,-81.7,2.054,2.025
3041150,A3,2.540,-80.6,2.054,2.016
3041170,A2,2.430,-82.5,2.045,2.016
3041180,A1,3.080,-82.3,2.034,2.006
3041300,A3,2.500,-80.9,2.034,2.039
3041320,A2,2.390,-82.1,2.069,2.039
3041330,A1,3.090,-82.2,2.080,2.050
3041450,A3,2.530,-81.2,2.080,2.025
3041470,A2,2.410,-82.1,2.063,2.025
3041480,A1,3.060,-82.2,2.029,1.994
3041600,A3,2.510,-81.1,2.029,2.011
3041620,A2,2.400,-82.3,2.038,2.011
3041630,A1,3.090,-82.2,2.071,2.041
3041750,A3,2.490,-80.9,2.071,2.058
3041770,A2,2.440,-82.6,2.036,2.058
3041780,A1,3.090,-82.3,2.036,2.058
3041900,A3,2.540,-80.8,2.036,2.016
3041920,A2,2.400,-82.6,2.071,2.016
3041930,A1,3.080,-82.0,2.060,2.006
3042050,A3,2.580,-80.1,2.060,1.972
3042070,A2,2.420,-82.2,2.043,1.972
3042080,A1,3.090,-82.4,2.054,1.982
3042200,A3,2.560,-81.3,2.054,1.999
3042220,A2,2.410,-82.5,2.063,1.999
3042230,A1,3.080,-82.2,2.052,1.989
3042350,A3,2.490,-80.9,2.052,2.048
3042370,A2,2.400,-82.0,2.060,2.048
3042380,A1,3.060,-82.1,2.038,2.027
3042500,A3,2.550,-80.3,2.038,1.977
3042520,A2,2.420,-82.8,2.021,1.977
3042530,A1,3.090,-81.9,2.054,2.008
3042650,A3,2.510,-80.8,2.054,2.041
3042670,A2,2.390,-82.9,2.080,2.041
3042680,A1,3.100,-82.0,2.091,2.052
3042800,A3,2.580,-80.2,2.091,1.992
3042820,A2,2.420,-82.3,2.065,1.992
3042830,A1,3.080,-81.8,2.043,1.972
3042950,A3,2.590,-79.8,2.043,1.963
3042970,A2,2.430,-82.5,2.034,1.963
3042980,A1,3.090,-82.2,2.045,1.973
3043100,A3,2.520,-80.1,2.045,2.033
3043120,A2,2.410,-82.8,2.063,2.033
3043130,A1,3.080,-82.0,2.052,2.023
3043250,A3,2.540,-80.3,2.052,2.006
3043270,A2,2.400,-82.4,2.060,2.006
3043280,A1,3.120,-82.2,2.105,2.047
3043400,A3,2.540,-80.0,2.105,2.047
3043420,A2,2.440,-82.7,2.070,2.047
3043430,A1,3.080,-82.3,2.025,2.006
3043550,A3,2.500,-80.0,2.025,2.039
3043570,A2,2.390,-82.2,2.069,2.039
3043580,A1,3.090,-82.2,2.080,2.050
3043700,A3,2.550,-81.2,2.080,2.008
3043720,A2,2.420,-82.9,2.054,2.008
3043730,A1,3.080,-82.3,2.043,1.997
3044000,A3,2.530,-80.5,2.043,2.014
3044020,A2,2.420,-82.6,2.043,2.014
3044030,A1,3.070,-82.0,2.032,2.004
3044150,A3,2.560,-80.6,2.032,1.979
3044170,A2,2.420,-83.1,2.032,1.979
3044180,A1,3.110,-82.1,2.076,2.020
3044300,A3,2.580,-79.9,2.076,2.003
3044320,A2,2.430,-82.9,2.068,2.003
3044330,A1,3.100,-82.0,2.056,1.992
3044450,A3,2.540,-79.9,2.056,2.026
3044470,A2,2.440,-82.5,2.048,2.026
3044480,A1,3.090,-81.8,2.036,2.016
3044600,A3,2.520,-80.6,2.036,2.033
3044620,A2,2.410,-82.5,2.063,2.033
3044630,A1,3.080,-81.9,2.052,2.023
3044750,A3,2.520,-79.9,2.052,2.023
3044770,A2,2.420,-82.5,2.043,2.023
3044780,A1,3.120,-81.6,2.087,2.064
3044900,A3,2.510,-80.3,2.087,2.072
3044920,A2,2.440,-82.2,2.070,2.072
3044930,A1,3.100,-81.3,2.048,2.052
3045050,A3,2.570,-81.0,2.048,2.001
3045070,A2,2.420,-82.3,2.065,2.001
3045080,A1,3.090,-81.8,2.054,1.991
3045200,A3,2.510,-80.2,2.054,2.041
3045220,A2,2.430,-82.7,2.045,2.041
3045230,A1,3.080,-82.0,2.034,2.031
3045350,A3,2.520,-80.1,2.034,2.023
3045370,A2,2.450,-82.7,2.017,2.023
3045380,A1,3.080,-81.6,2.017,2.023
3045500,A3,2.540,-80.1,2.017,2.006
3045520,A2,2.420,-83.0,2.043,2.006
3045530,A1,3.090,-81.8,2.054,2.016
3045650,A3,2.550,-80.3,2.054,2.008
3045670,A2,2.430,-83.0,2.045,2.008
3045680,A1,3.100,-81.7,2.056,2.018
3045800,A3,2.550,-80.4,2.056,2.018
3045820,A2,2.440,-83.1,2.048,2.018
3045830,A1,3.080,-81.7,2.025,1.997
3045950,A3,2.560,-80.8,2.025,1.989
3045970,A2,2.440,-82.7,2.025,1.989
3045980,A1,3.070,-81.8,2.014,1.979
3046100,A3,2.540,-80.8,2.014,1.996
3046120,A2,2.420,-82.3,2.032,1.996
3046130,A1,3.090,-81.9,2.054,2.016
3046250,A3,2.500,-80.6,2.054,2.050
3046270,A2,2.420,-82.4,2.054,2.050
3046280,A1,3.080,-81.7,2.043,2.039
3046400,A3,2.510,-80.5,2.043,2.031
3046420,A2,2.410,-82.2,2.052,2.031
3046430,A1,3.070,-81.9,2.041,2.021
3046550,A3,2.550,-80.2,2.041,1.987
3046570,A2,2.470,-82.2,1.988,1.987
3046580,A1,3.110,-81.6,2.032,2.028
3046700,A3,2.560,-79.4,2.032,2.020
3046720,A2,2.430,-82.3,2.068,2.020
3046730,A1,3.100,-81.7,2.056,2.009
3046850,A3,2.540,-79.9,2.056,2.026
3046870,A2,2.440,-82.8,2.048,2.026
3046880,A1,3.070,-82.1,2.014,1.996
3047150,A3,2.570,-79.0,2.014,1.970
3047170,A2,2.430,-81.8,2.023,1.970
3047180,A1,3.080,-81.8,2.034,1.980
3047320,A2,2.410,-82.2,2.052,1.980
3047330,A1,3.080,-81.9,2.052,1.980
3047470,A2,2.440,-82.0,2.025,1.980
3047480,A1,3.070,-82.1,2.014,1.970
3047600,A3,2.620,-80.3,2.014,1.927
3047620,A2,2.440,-82.1,2.014,1.927
3047630,A1,3.070,-82.3,2.014,1.927
3047750,A3,2.600,-79.8,2.014,1.944
3047770,A2,2.450,-82.1,2.006,1.944
3047780,A1,3.100,-82.6,2.039,1.975
3047900,A3,2.530,-81.6,2.039,2.035
3047920,A2,2.420,-82.2,2.065,2.035
3047930,A1,3.070,-82.2,2.032,2.004
3048050,A3,2.520,-81.0,2.032,2.012
3048070,A2,2.480,-81.9,1.979,2.012
3048080,A1,3.070,-81.7,1.979,2.012
3048200,A3,2.480,-80.1,1.979,2.046
3048220,A2,2.390,-82.4,2.058,2.046
3048230,A1,3.080,-82.1,2.069,2.056
3048350,A3,2.550,-80.2,2.069,1.997
3048370,A2,2.410,-83.0,2.052,1.997
3048380,A1,3.050,-82.8,2.018,1.967
3048500,A3,2.580,-79.4,2.018,1.941
3048520,A2,2.420,-83.0,2.010,1.941
3048530,A1,3.080,-82.7,2.043,1.972
3048650,A3,2.600,-79.5,2.043,1.954
3048670,A2,2.430,-82.1,2.034,1.954
3048680,A1,3.060,-83.0,2.012,1.934
3048800,A3,2.580,-79.2,2.012,1.951
3048820,A2,2.410,-81.7,2.029,1.951
3048830,A1,3.070,-83.0,2.041,1.961
3048950,A3,2.570,-79.5,2.041,1.970
3048970,A2,2.400,-82.4,2.049,1.970
3048980,A1,3.050,-83.6,2.027,1.950
3049100,A3,2.570,-80.1,2.027,1.950
3049120,A2,2.430,-82.1,2.001,1.950
3049130,A1,3.070,-82.9,2.023,1.970
3049250,A3,2.570,-80.3,2.023,1.970
3049270,A2,2.420,-82.7,2.032,1.970
3049280,A1,3.070,-83.0,2.032,1.970
3049400,A3,2.540,-80.6,2.032,1.996
3049420,A2,2.410,-82.9,2.041,1.996
3049430,A1,3.090,-82.8,2.063,2.016
3049550,A3,2.550,-80.5,2.063,2.008
3049570,A2,2.440,-82.4,2.036,2.008
3049580,A1,3.070,-82.3,2.014,1.987
3049700,A3,2.590,-79.8,2.014,1.953
3049720,A2,2.390,-82.2,2.058,1.953
3049730,A1,3.090,-82.4,2.080,1.973
3049850,A3,2.560,-79.7,2.080,1.999
3049870,A2,2.430,-82.8,2.045,1.999
3049880,A1,3.070,-82.5,2.023,1.979
3050000,A3,2.550,-79.8,2.023,1.987
3050020,A2,2.420,-82.5,2.032,1.987
3050030,A1,3.090,-81.9,2.054,2.008
3050300,A3,2.560,-80.0,2.054,1.999
3050320,A2,2.400,-82.2,2.071,1.999
3050330,A1,3.060,-82.5,2.038,1.968
3050450,A3,2.570,-80.6,2.038,1.960
3050470,A2,2.410,-81.8,2.029,1.960
3050480,A1,3.070,-82.4,2.041,1.970
3050600,A3,2.520,-80.8,2.041,2.012
3050620,A2,2.430,-82.2,2.023,2.012
3050630,A1,3.080,-82.6,2.034,2.023
3050750,A3,2.520,-79.8,2.034,2.023
3050770,A2,2.440,-82.3,2.025,2.023
3050780,A1,3.090,-82.0,2.036,2.033
3050900,A3,2.460,-80.1,2.036,2.083
3050920,A2,2.420,-82.1,2.054,2.083
3050930,A1,3.090,-81.5,2.054,2.083
3051050,A3,2.550,-79.3,2.054,2.008
3051070,A2,2.410,-82.0,2.063,2.008
3051080,A1,3.070,-81.8,2.041,1.987
3051220,A2,2.450,-81.3,2.006,1.987
3051230,A1,3.070,-82.0,2.006,1.987
3051370,A2,2.410,-81.8,2.041,1.987
3051380,A1,3.070,-81.8,2.041,1.987
3051500,A3,2.560,-79.6,2.041,1.979
3051520,A2,2.430,-82.3,2.023,1.979
3051530,A1,3.090,-81.9,2.045,1.999
3051650,A3,2.530,-79.3,2.045,2.025
3051670,A2,2.480,-82.0,2.001,2.025
3051680,A1,3.090,-81.6,2.001,2.025
3051800,A3,2.530,-79.8,2.001,2.025
3051820,A2,2.440,-82.2,2.036,2.025
3051830,A1,3.110,-82.3,2.059,2.045
3051950,A3,2.590,-79.9,2.059,1.994
3051970,A2,2.430,-81.7,2.068,1.994
3051980,A1,3.060,-81.6,2.012,1.943
3052100,A3,2.600,-79.7,2.012,1.934
3052120,A2,2.450,-82.0,1.995,1.934
3052130,A1,3.100,-81.8,2.039,1.975
3052250,A3,2.500,-80.5,2.039,2.060
3052270,A2,2.440,-83.0,2.048,2.060
3052280,A1,3.100,-81.4,2.048,2.060
3052400,A3,2.550,-80.3,2.048,2.018
3052420,A2,2.410,-82.3,2.074,2.018
3052430,A1,3.090,-81.7,2.063,2.008
3052550,A3,2.550,-79.5,2.063,2.008
3052570,A2,2.420,-82.5,2.054,2.008
3052580,A1,3.100,-81.6,2.065,2.018
3052700,A3,2.530,-79.8,2.065,2.035
3052720,A2,2.430,-82.2,2.056,2.035
3052730,A1,3.050,-82.4,2.001,1.984
3052850,A3,2.550,-79.9,2.001,1.967
3052870,A2,2.420,-82.5,2.010,1.967
3052880,A1,3.070,-82.6,2.032,1.987
3053000,A3,2.550,-79.9,2.032,1.987
3053020,A2,2.440,-82.6,2.014,1.987
3053030,A1,3.080,-81.7,2.025,1.997
3053150,A3,2.550,-80.2,2.025,1.997
3053170,A2,2.430,-82.9,2.034,1.997
3053180,A1,3.090,-81.5,2.045,2.008
3053450,A3,2.510,-79.7,2.045,2.041
3053470,A2,2.410,-82.5,2.063,2.041
3053480,A1,3.090,-81.8,2.063,2.041
3053600,A3,2.580,-79.7,2.063,1.982
3053620,A2,2.400,-82.3,2.071,1.982
3053630,A1,3.100,-81.5,2.082,1.992
3053750,A3,2.560,-80.3,2.082,2.009
3053770,A2,2.440,-82.3,2.048,2.009
3053780,A1,3.050,-82.2,1.992,1.958
3053900,A3,2.560,-79.9,1.992,1.958
3053920,A2,2.430,-82.4,2.001,1.958
3053930,A1,3.070,-82.2,2.023,1.979
3054050,A3,2.530,-80.8,2.023,2.004
3054070,A2,2.390,-82.6,2.058,2.004
3054080,A1,3.070,-82.0,2.058,2.004
3054200,A3,2.570,-80.6,2.058,1.970
3054220,A2,2.410,-82.8,2.041,1.970
3054230,A1,3.090,-82.5,2.063,1.991
3054350,A3,2.550,-80.4,2.063,2.008
3054370,A2,2.420,-82.7,2.054,2.008
3054380,A1,3.090,-82.4,2.054,2.008
3054500,A3,2.530,-80.9,2.054,2.025
3054520,A2,2.470,-82.4,2.010,2.025
3054530,A1,3.060,-82.5,1.977,1.994
3054650,A3,2.540,-80.3,1.977,1.985
3054670,A2,2.430,-82.4,2.012,1.985
3054680,A1,3.050,-82.5,2.001,1.975
3054800,A3,2.570,-80.6,2.001,1.950
3054820,A2,2.430,-82.8,2.001,1.950
3054830,A1,3.080,-82.6,2.034,1.980
3054950,A3,2.510,-80.9,2.034,2.031
3054970,A2,2.430,-82.8,2.034,2.031
3054980,A1,3.080,-82.6,2.034,2.031
3055100,A3,2.530,-81.0,2.034,2.014
3055120,A2,2.420,-83.0,2.043,2.014
3055130,A1,3.050,-82.2,2.010,1.984
3055250,A3,2.530,-80.9,2.010,1.984
3055270,A2,2.460,-82.6,1.975,1.984
3055280,A1,3.070,-82.7,1.997,2.004
3055400,A3,2.540,-80.3,1.997,1.996
3055420,A2,2.440,-82.7,2.014,1.996
3055430,A1,3.060,-82.7,2.003,1.985
3055550,A3,2.540,-80.7,2.003,1.985
3055570,A2,2.440,-82.3,2.003,1.985
3055580,A1,3.080,-82.5,2.025,2.006
3055700,A3,2.550,-81.8,2.025,1.997
3055720,A2,2.420,-82.8,2.043,1.997
3055730,A1,3.060,-83.1,2.021,1.977
3055850,A3,2.510,-81.0,2.021,2.011
3055870,A2,2.420,-82.3,2.021,2.011
3055880,A1,3.050,-82.6,2.010,2.000
3056000,A3,2.500,-80.3,2.010,2.009
3056020,A2,2.420,-82.7,2.010,2.009
3056030,A1,3.060,-82.5,2.021,2.019
3056150,A3,2.560,-80.1,2.021,1.968
3056170,A2,2.430,-82.5,2.012,1.968
3056180,A1,3.070,-82.8,2.023,1.979
3056300,A3,2.550,-80.0,2.023,1.987
3056320,A2,2.420,-82.4,2.032,1.987
3056330,A1,3.050,-82.5,2.010,1.967
3056600,A3,2.550,-80.9,2.010,1.967
3056620,A2,2.420,-81.8,2.010,1.967
3056630,A1,3.090,-82.6,2.054,2.008
3056750,A3,2.550,-80.7,2.054,2.008
3056770,A2,2.420,-82.4,2.054,2.008
3056780,A1,3.040,-82.6,1.999,1.957
3056900,A3,2.520,-81.3,1.999,1.982
3056920,A2,2.440,-82.1,1.981,1.982
3056930,A1,3.050,-82.5,1.992,1.992
3057050,A3,2.550,-80.5,1.992,1.967
3057070,A2,2.420,-82.1,2.010,1.967
3057080,A1,3.050,-82.6,2.010,1.967
3057200,A3,2.510,-80.9,2.010,2.000
3057220,A2,2.430,-82.2,2.001,2.000
3057230,A1,3.040,-82.2,1.990,1.990
3057350,A3,2.510,-80.9,1.990,1.990
3057370,A2,2.420,-81.8,1.999,1.990
3057380,A1,3.070,-82.1,2.032,2.021
3057500,A3,2.520,-80.8,2.032,2.012
3057520,A2,2.420,-82.2,2.032,2.012
3057530,A1,3.060,-82.1,2.021,2.002
3057650,A3,2.520,-80.4,2.021,2.002
3057670,A2,2.430,-81.8,2.012,2.002
3057680,A1,3.040,-82.1,1.990,1.982
3057800,A3,2.530,-81.1,1.990,1.973
3057820,A2,2.450,-82.4,1.973,1.973
3057830,A1,3.080,-82.3,2.017,2.014
3057950,A3,2.510,-80.7,2.017,2.031
3057970,A2,2.430,-82.3,2.034,2.031
3057980,A1,3.080,-82.5,2.034,2.031
3058100,A3,2.520,-81.0,2.034,2.023
3058120,A2,2.410,-82.2,2.052,2.023
3058130,A1,3.090,-82.1,2.063,2.033
3058250,A3,2.550,-80.8,2.063,2.008
3058270,A2,2.430,-81.9,2.045,2.008
3058280,A1,3.090,-82.1,2.045,2.008
3058400,A3,2.500,-80.5,2.045,2.050
3058420,A2,2.430,-82.6,2.045,2.050
3058430,A1,3.080,-82.0,2.034,2.039
3058550,A3,2.540,-80.2,2.034,2.006
3058570,A2,2.430,-82.4,2.034,2.006
3058580,A1,3.090,-82.1,2.045,2.016
3058720,A2,2.470,-82.6,2.010,2.016
3058730,A1,3.060,-82.0,1.977,1.985
3058870,A2,2.410,-82.4,2.029,1.985
3058880,A1,3.080,-81.8,2.052,2.006
3059000,A3,2.540,-80.9,2.052,2.006
3059020,A2,2.430,-82.7,2.034,2.006
3059030,A1,3.080,-82.0,2.034,2.006
3059150,A3,2.540,-81.3,2.034,2.006
3059170,A2,2.430,-82.5,2.034,2.006
3059180,A1,3.060,-82.1,2.012,1.985
3059300,A3,2.500,-80.7,2.012,2.019
3059320,A2,2.450,-82.1,1.995,2.019
3059330,A1,3.070,-82.2,2.006,2.029
3059450,A3,2.530,-80.8,2.006,2.004
3059470,A2,2.420,-82.5,2.032,2.004
3059480,A1,3.060,-82.3,2.021,1.994
3059750,A3,2.530,-80.2,2.021,1.994
3059770,A2,2.410,-82.5,2.029,1.994
3059780,A1,3.080,-82.2,2.052,2.014
3059900,A3,2.550,-80.6,2.052,1.997
3059920,A2,2.420,-82.5,2.043,1.997
3059930,A1,3.070,-82.2,2.032,1.987
3060050,A3,2.540,-80.7,2.032,1.996
3060070,A2,2.420,-82.2,2.032,1.996
3060080,A1,3.100,-82.2,2.065,2.026
3060200,A3,2.550,-80.2,2.065,2.018
3060220,A2,2.440,-82.5,2.048,2.018
3060230,A1,3.070,-82.2,2.014,1.987
3060350,A3,2.540,-80.6,2.014,1.996
3060370,A2,2.450,-82.7,2.006,1.996
3060380,A1,3.070,-82.0,2.006,1.996
3060520,A2,2.440,-82.5,2.014,1.996
3060530,A1,3.070,-82.2,2.014,1.996
3060670,A2,2.440,-82.2,2.014,1.996
3060680,A1,3.070,-82.1,2.014,1.996
3060800,A3,2.540,-80.3,2.014,1.996
3060820,A2,2.430,-82.5,2.023,1.996
3060830,A1,3.070,-82.2,2.023,1.996
3060950,A3,2.520,-80.6,2.023,2.012
3060970,A2,2.440,-83.0,2.014,2.012
3060980,A1,3.070,-82.0,2.014,2.012
3061100,A3,2.580,-80.1,2.014,1.961
3061120,A2,2.430,-82.9,2.023,1.961
3061130,A1,3.040,-82.4,1.990,1.931
3061250,A3,2.630,-80.0,1.990,1.887
3061270,A2,2.460,-82.8,1.964,1.887
3061280,A1,3.070,-82.1,1.997,1.918
3061400,A3,2.550,-79.9,1.997,1.987
3061420,A2,2.410,-82.9,2.041,1.987
3061430,A1,3.030,-82.3,1.997,1.946
3061550,A3,2.550,-80.1,1.997,1.946
3061570,A2,2.410,-82.5,1.997,1.946
3061580,A1,3.040,-82.1,2.008,1.957
3061700,A3,2.510,-80.2,2.008,1.990
3061720,A2,2.460,-82.6,1.964,1.990
3061730,A1,3.070,-81.9,1.997,2.021
3061850,A3,2.520,-81.1,1.997,2.012
3061870,A2,2.440,-82.8,2.014,2.012
3061880,A1,3.070,-82.2,2.014,2.012
3062000,A3,2.510,-80.7,2.014,2.021
3062020,A2,2.450,-82.5,2.006,2.021
3062030,A1,3.060,-81.8,1.995,2.011
3062150,A3,2.540,-80.7,1.995,1.985
3062170,A2,2.450,-82.6,1.995,1.985
3062180,A1,3.060,-81.9,1.995,1.985
3062300,A3,2.530,-80.7,1.995,1.994
3062320,A2,2.430,-82.5,2.012,1.994
3062330,A1,3.060,-82.0,2.012,1.994
3062450,A3,2.530,-80.8,2.012,1.994
3062470,A2,2.420,-82.6,2.021,1.994
3062480,A1,3.060,-81.8,2.021,1.994
3062600,A3,2.530,-80.5,2.021,1.994
3062620,A2,2.430,-82.7,2.012,1.994
3062630,A1,3.050,-82.1,2.001,1.984
3062900,A3,2.520,-80.7,2.001,1.992
3062920,A2,2.420,-82.2,2.010,1.992
3062930,A1,3.050,-81.9,2.010,1.992
3063050,A3,2.520,-80.6,2.010,1.992
3063070,A2,2.430,-82.5,2.001,1.992
3063080,A1,3.050,-81.9,2.001,1.992
3063200,A3,2.560,-80.6,2.001,1.958
3063220,A2,2.440,-82.3,1.992,1.958
3063230,A1,3.060,-82.1,2.003,1.968
3063350,A3,2.580,-79.9,2.003,1.951
3063370,A2,2.430,-82.2,2.012,1.951
3063380,A1,3.050,-82.0,2.001,1.941
3063500,A3,2.530,-80.9,2.001,1.984
3063520,A2,2.430,-82.3,2.001,1.984
3063530,A1,3.060,-82.0,2.012,1.994
3063670,A2,2.440,-82.3,2.003,1.994
3063680,A1,3.050,-82.0,1.992,1.984
3063820,A2,2.480,-82.2,1.957,1.984
3063830,A1,3.070,-82.3,1.979,2.004
3063950,A3,2.540,-80.1,1.979,1.996
3063970,A2,2.430,-82.1,2.023,1.996
3063980,A1,3.050,-82.5,2.001,1.975
3064100,A3,2.580,-79.7,2.001,1.941
3064120,A2,2.440,-82.1,1.992,1.941
3064130,A1,3.070,-82.4,2.014,1.961
3064250,A3,2.600,-80.0,2.014,1.944
3064270,A2,2.440,-82.0,2.014,1.944
3064280,A1,3.090,-82.3,2.036,1.965
3064400,A3,2.540,-80.4,2.036,2.016
3064420,A2,2.430,-82.2,2.045,2.016
3064430,A1,3.070,-82.3,2.023,1.996
3064550,A3,2.520,-80.4,2.023,2.012
3064570,A2,2.420,-82.7,2.032,2.012
3064580,A1,3.050,-82.3,2.010,1.992
3064850,A3,2.520,-80.3,2.010,1.992
3064870,A2,2.430,-82.5,2.001,1.992
3064880,A1,3.090,-82.3,2.045,2.033
3065000,A3,2.550,-80.2,2.045,2.008
3065020,A2,2.440,-82.4,2.036,2.008
3065030,A1,3.050,-82.3,1.992,1.967
3065150,A3,2.550,-80.7,1.992,1.967
3065170,A2,2.450,-82.3,1.984,1.967
3065180,A1,3.060,-82.2,1.995,1.977
3065300,A3,2.510,-80.1,1.995,2.011
3065320,A2,2.440,-82.8,2.003,2.011
3065330,A1,3.050,-82.2,1.992,2.000
3065450,A3,2.560,-80.2,1.992,1.958
3065470,A2,2.440,-82.4,1.992,1.958
3065480,A1,3.070,-81.9,2.014,1.979
3065600,A3,2.560,-79.9,2.014,1.979
3065620,A2,2.430,-82.2,2.023,1.979
3065630,A1,3.040,-82.3,1.990,1.948
3065750,A3,2.550,-80.3,1.990,1.957
3065780,A1,3.060,-82.3,2.012,1.977
3066350,A3,2.570,-82.7,2.012,1.960
3066370,A2,2.440,-82.6,2.003,1.960
3066380,A1,3.050,-83.0,1.992,1.950
3066500,A3,2.540,-81.2,1.992,1.975
3066520,A2,2.450,-82.6,1.984,1.975
3066530,A1,3.040,-82.1,1.973,1.965
3066650,A3,2.520,-80.8,1.973,1.982
3066670,A2,2.440,-82.6,1.981,1.982
3066680,A1,3.050,-82.1,1.992,1.992
3066820,A2,2.430,-82.8,2.001,1.992
3066830,A1,3.060,-82.2,2.012,2.002
3066970,A2,2.420,-82.6,2.021,2.002
3066980,A1,3.040,-82.1,1.999,1.982
3067100,A3,2.560,-80.7,1.999,1.948
3067120,A2,2.440,-82.5,1.981,1.948
3067130,A1,3.040,-81.8,1.981,1.948
3067250,A3,2.550,-80.7,1.981,1.957
3067270,A2,2.430,-82.5,1.990,1.957
3067280,A1,3.050,-82.2,2.001,1.967
3067400,A3,2.510,-81.0,2.001,2.000
3067420,A2,2.440,-82.7,1.992,2.000
3067430,A1,3.050,-82.2,1.992,2.000
3067550,A3,2.550,-81.1,1.992,1.967
3067570,A2,2.450,-82.4,1.984,1.967
3067580,A1,3.050,-81.7,1.984,1.967
3067700,A3,2.550,-80.5,1.984,1.967
3067720,A2,2.460,-82.8,1.975,1.967
3067730,A1,3.050,-82.3,1.975,1.967
3067850,A3,2.530,-80.4,1.975,1.984
3067870,A2,2.440,-82.4,1.992,1.984
3067880,A1,3.060,-82.2,2.003,1.994
3068000,A3,2.510,-81.0,2.003,2.011
3068020,A2,2.400,-82.2,2.038,2.011
3068030,A1,3.060,-81.7,2.038,2.011
3068150,A3,2.520,-81.2,2.038,2.002
3068170,A2,2.440,-82.4,2.003,2.002
3068180,A1,3.070,-81.8,2.014,2.012
3068300,A3,2.540,-80.7,2.014,1.996
3068320,A2,2.440,-82.8,2.014,1.996
3068330,A1,3.070,-82.4,2.014,1.996
3068450,A3,2.570,-80.6,2.014,1.970
3068470,A2,2.440,-83.0,2.014,1.970
3068480,A1,3.040,-82.1,1.981,1.939
3068600,A3,2.510,-80.5,1.981,1.990
3068620,A2,2.430,-82.8,1.990,1.990
3068630,A1,3.040,-82.1,1.990,1.990
3068750,A3,2.520,-80.6,1.990,1.982
3068770,A2,2.440,-82.4,1.981,1.982
3068780,A1,3.040,-81.8,1.981,1.982
3068900,A3,2.560,-80.4,1.981,1.948
3068920,A2,2.420,-82.7,1.999,1.948
3068930,A1,3.040,-82.3,1.999,1.948
3069200,A3,2.560,-80.3,1.999,1.948
3069220,A2,2.440,-82.5,1.981,1.948
3069230,A1,3.040,-82.1,1.981,1.948
3069350,A3,2.520,-80.1,1.981,1.982
3069370,A2,2.440,-82.4,1.981,1.982
3069380,A1,3.040,-82.5,1.981,1.982
3069500,A3,2.560,-80.5,1.981,1.948
3069520,A2,2.450,-82.4,1.973,1.948
3069530,A1,3.050,-82.4,1.984,1.958
3069650,A3,2.570,-80.0,1.984,1.950
3069670,A2,2.430,-82.3,2.001,1.950
3069680,A1,3.040,-82.4,1.990,1.939
3069800,A3,2.560,-80.6,1.990,1.948
3069820,A2,2.420,-82.4,1.999,1.948
3069830,A1,3.050,-82.1,2.010,1.958
3069970,A2,2.460,-82.6,1.975,1.958
3069980,A1,3.070,-82.0,1.997,1.979
3070120,A2,2.420,-82.5,2.032,1.979
3070130,A1,3.040,-82.1,1.999,1.948
3070250,A3,2.520,-80.3,1.999,1.982
3070270,A2,2.420,-82.2,1.999,1.982
3070280,A1,3.070,-82.4,2.032,2.012
3070400,A3,2.540,-80.1,2.032,1.996
3070420,A2,2.440,-82.1,2.014,1.996
3070430,A1,3.060,-82.2,2.003,1.985
3070550,A3,2.530,-80.1,2.003,1.994
3070570,A2,2.450,-82.5,1.995,1.994
3070580,A1,3.060,-81.9,1.995,1.994
3070700,A3,2.550,-80.0,1.995,1.977
3070720,A2,2.430,-82.7,2.012,1.977
3070730,A1,3.030,-81.9,1.979,1.946
3070850,A3,2.570,-79.7,1.979,1.929
3070870,A2,2.450,-82.4,1.962,1.929
3070880,A1,3.060,-82.5,1.995,1.960
3071000,A3,2.570,-80.4,1.995,1.960
3071020,A2,2.450,-82.1,1.995,1.960
3071300,A3,2.540,-80.3,1.995,1.985
3071320,A2,2.460,-82.7,1.986,1.985
3071330,A1,3.050,-81.9,1.975,1.975
3071450,A3,2.540,-80.0,1.975,1.975
3071470,A2,2.430,-82.2,2.001,1.975
3071480,A1,3.040,-82.0,1.990,1.965
3071600,A3,2.550,-80.7,1.990,1.957
3071620,A2,2.410,-82.4,2.008,1.957
3071630,A1,3.040,-82.1,2.008,1.957
3071750,A3,2.580,-80.2,2.008,1.931
3071770,A2,2.430,-82.1,1.990,1.931
3071780,A1,3.030,-82.2,1.979,1.921
3071900,A3,2.570,-80.2,1.979,1.929
3071920,A2,2.440,-82.4,1.970,1.929
3071930,A1,3.050,-82.3,1.992,1.950
3072050,A3,2.530,-80.0,1.992,1.984
3072070,A2,2.430,-82.0,2.001,1.984
3072080,A1,3.050,-82.1,2.001,1.984
3072370,A2,2.420,-82.1,2.010,1.984
3072380,A1,3.040,-82.1,1.999,1.973
3072520,A2,2.420,-82.0,1.999,1.973
3072530,A1,3.060,-81.9,2.021,1.994
3072650,A3,2.540,-80.3,2.021,1.985
3072670,A2,2.420,-82.2,2.021,1.985
3072680,A1,3.030,-82.1,1.988,1.955
3072800,A3,2.560,-80.2,1.988,1.938
3072820,A2,2.450,-82.4,1.962,1.938
3072830,A1,3.050,-82.2,1.984,1.958
3072950,A3,2.540,-79.7,1.984,1.975
3072970,A2,2.420,-82.3,2.010,1.975
3072980,A1,3.030,-82.3,1.988,1.955
3073100,A3,2.580,-80.1,1.988,1.921
3073120,A2,2.470,-82.3,1.944,1.921
3073130,A1,3.060,-82.4,1.977,1.951
3073250,A3,2.560,-80.0,1.977,1.968
3073270,A2,2.430,-82.0,2.012,1.968
3073280,A1,3.050,-82.3,2.001,1.958
3073400,A3,2.560,-80.5,2.001,1.958
3073420,A2,2.420,-82.1,2.010,1.958
3073430,A1,3.020,-82.2,1.977,1.928
3073550,A3,2.560,-79.8,1.977,1.928
3073570,A2,2.410,-82.3,1.986,1.928
3073580,A1,3.060,-82.1,2.029,1.968
3073700,A3,2.580,-79.9,2.029,1.951
3073720,A2,2.440,-82.3,2.003,1.951
3073730,A1,3.050,-81.9,1.992,1.941
3073850,A3,2.560,-80.0,1.992,1.958
3073870,A2,2.430,-82.1,2.001,1.958
3073880,A1,3.070,-81.9,2.023,1.979
3074000,A3,2.520,-80.1,2.023,2.012
3074020,A2,2.430,-82.0,2.023,2.012
3074030,A1,3.090,-82.0,2.045,2.033
3074150,A3,2.530,-79.7,2.045,2.025
3074170,A2,2.430,-82.2,2.045,2.025
3074180,A1,3.060,-81.7,2.012,1.994
3074300,A3,2.510,-80.1,2.012,2.011
3074320,A2,2.450,-82.4,1.995,2.011
3074330,A1,3.060,-82.1,1.995,2.011
3074450,A3,2.550,-80.0,1.995,1.977
3074470,A2,2.430,-82.3,2.012,1.977
3074480,A1,3.050,-81.8,2.001,1.967
3074600,A3,2.590,-79.4,2.001,1.932
3074620,A2,2.440,-82.4,1.992,1.932
3074630,A1,3.080,-82.1,2.025,1.963
3074750,A3,2.600,-80.0,2.025,1.954
3074770,A2,2.420,-82.0,2.043,1.954
3074780,A1,3.070,-82.1,2.032,1.944
3074900,A3,2.600,-79.8,2.032,1.944
3074920,A2,2.440,-82.4,2.014,1.944
3074930,A1,3.060,-81.9,2.003,1.934
3075050,A3,2.580,-79.5,2.003,1.951
3075070,A2,2.470,-82.4,1.977,1.951
3075080,A1,3.070,-82.1,1.988,1.961
3075200,A3,2.580,-79.7,1.988,1.961
3075220,A2,2.390,-82.5,2.058,1.961
3075230,A1,3.090,-82.1,2.080,1.982
3075500,A3,2.570,-80.3,2.080,1.991
3075520,A2,2.460,-82.5,2.019,1.991
3075530,A1,3.040,-81.9,1.964,1.939
3075650,A3,2.570,-80.2,1.964,1.939
3075670,A2,2.420,-82.2,1.999,1.939
3075680,A1,3.050,-82.1,2.010,1.950
3075800,A3,2.550,-80.0,2.010,1.967
3075820,A2,2.440,-82.4,1.992,1.967
3075830,A1,3.060,-82.1,2.003,1.977
3075950,A3,2.550,-80.3,2.003,1.977
3075970,A2,2.420,-82.5,2.021,1.977
3075980,A1,3.040,-82.2,1.999,1.957
3076100,A3,2.510,-80.6,1.999,1.990
3076120,A2,2.400,-82.4,2.016,1.990
3076130,A1,3.040,-82.0,2.016,1.990
3076250,A3,2.510,-81.4,2.016,1.990
3076270,A2,2.420,-82.6,1.999,1.990
3076280,A1,3.070,-82.0,2.032,2.021
3076400,A3,2.480,-81.6,2.032,2.046
3076420,A2,2.440,-82.8,2.014,2.046
3076430,A1,3.040,-82.0,1.981,2.015
3076550,A3,2.530,-80.8,1.981,1.973
3076570,A2,2.450,-82.8,1.973,1.973
3076580,A1,3.050,-82.1,1.984,1.984
3076700,A3,2.520,-80.8,1.984,1.992
3076720,A2,2.430,-82.6,2.001,1.992
3076730,A1,3.070,-82.2,2.023,2.012
3076850,A3,2.510,-81.2,2.023,2.021
3076870,A2,2.440,-82.5,2.014,2.021
3076880,A1,3.050,-82.1,1.992,2.000
3077000,A3,2.540,-82.8,1.992,1.975
3077020,A2,2.430,-82.3,2.001,1.975
3077030,A1,3.030,-83.1,1.979,1.955
3077150,A3,2.540,-81.2,1.979,1.955
3077170,A2,2.440,-82.8,1.970,1.955
3077180,A1,3.060,-81.9,2.003,1.985
3077300,A3,2.540,-80.6,2.003,1.985
3077320,A2,2.430,-83.0,2.012,1.985
3077330,A1,3.040,-82.4,1.990,1.965
3077450,A3,2.540,-80.2,1.990,1.965
3077470,A2,2.410,-82.2,2.008,1.965
3077480,A1,3.060,-82.3,2.029,1.985
3077600,A3,2.540,-79.9,2.029,1.985
3077620,A2,2.420,-82.1,2.021,1.985
3077630,A1,3.040,-82.0,1.999,1.965
3077750,A3,2.540,-80.0,1.999,1.965
3077770,A2,2.450,-82.2,1.973,1.965
3077780,A1,3.060,-81.8,1.995,1.985
3077900,A3,2.580,-79.6,1.995,1.951
3077920,A2,2.420,-82.0,2.021,1.951
3077930,A1,3.060,-81.8,2.021,1.951
3078050,A3,2.580,-79.6,2.021,1.951
3078070,A2,2.430,-82.4,2.012,1.951
3078080,A1,3.060,-81.6,2.012,1.951
3078200,A3,2.560,-79.8,2.012,1.968
3078220,A2,2.440,-82.4,2.003,1.968
3078230,A1,3.070,-82.0,2.014,1.979
3078350,A3,2.590,-80.2,2.014,1.953
3078370,A2,2.440,-82.1,2.014,1.953
3078380,A1,3.100,-82.1,2.048,1.984
3078650,A3,2.570,-79.7,2.048,2.001
3078670,A2,2.460,-82.4,2.030,2.001
3078680,A1,3.040,-82.4,1.964,1.939
3078800,A3,2.570,-80.2,1.964,1.939
3078820,A2,2.440,-82.4,1.981,1.939
3078830,A1,3.070,-82.2,2.014,1.970
3078950,A3,2.550,-80.7,2.014,1.987
3078970,A2,2.440,-82.5,2.014,1.987
3078980,A1,3.060,-81.7,2.003,1.977
3079100,A3,2.550,-81.2,2.003,1.977
3079120,A2,2.440,-82.3,2.003,1.977
3079130,A1,3.060,-81.9,2.003,1.977
3079250,A3,2.520,-80.9,2.003,2.002
3079270,A2,2.440,-82.4,2.003,2.002
3079280,A1,3.060,-81.9,2.003,2.002
3079400,A3,2.520,-80.5,2.003,2.002
3079420,A2,2.440,-82.6,2.003,2.002
3079430,A1,3.050,-82.4,1.992,1.992
3079550,A3,2.590,-80.3,1.992,1.932
3079570,A2,2.410,-82.6,2.018,1.932
3079580,A1,3.040,-82.2,2.008,1.922
3079700,A3,2.590,-80.3,2.008,1.922
3079720,A2,2.450,-82.7,1.973,1.922
3079730,A1,3.040,-82.2,1.973,1.922
3079850,A3,2.550,-79.9,1.973,1.957
3079870,A2,2.490,-82.3,1.937,1.957
3079880,A1,3.030,-82.2,1.926,1.946
3080000,A3,2.540,-80.4,1.926,1.955
3080020,A2,2.440,-82.9,1.970,1.955
3080030,A1,3.050,-82.2,1.992,1.975
3080150,A3,2.530,-80.7,1.992,1.984
3080170,A2,2.420,-82.5,2.010,1.984
3080180,A1,3.060,-81.9,2.021,1.994
3080300,A3,2.570,-80.0,2.021,1.960
3080320,A2,2.480,-82.5,1.968,1.960
3080330,A1,3.040,-82.1,1.946,1.939
3080450,A3,2.560,-80.4,1.946,1.948
3080470,A2,2.440,-82.6,1.981,1.948
3080480,A1,3.060,-82.4,2.003,1.968
3080600,A3,2.540,-80.3,2.003,1.985
3080620,A2,2.440,-82.2,2.003,1.985
3080630,A1,3.060,-81.9,2.003,1.985
3080750,A3,2.520,-80.2,2.003,2.002
3080770,A2,2.420,-82.5,2.021,2.002
3080780,A1,3.050,-82.3,2.010,1.992
3080900,A3,2.520,-80.4,2.010,1.992
3080920,A2,2.440,-82.5,1.992,1.992
3080930,A1,3.050,-82.4,1.992,1.992
3081050,A3,2.540,-80.4,1.992,1.975
3081070,A2,2.440,-82.4,1.992,1.975
3081080,A1,3.040,-82.2,1.981,1.965
3081200,A3,2.510,-81.2,1.981,1.990
3081220,A2,2.440,-82.3,1.981,1.990
3081230,A1,3.050,-81.9,1.992,2.000
3081350,A3,2.510,-81.6,1.992,2.000
3081370,A2,2.440,-82.7,1.992,2.000
3081380,A1,3.050,-82.0,1.992,2.000
3081500,A3,2.520,-81.4,1.992,1.992
3081520,A2,2.430,-82.6,2.001,1.992
3081530,A1,3.060,-81.8,2.012,2.002
3081800,A3,2.510,-80.8,2.012,2.011
3081820,A2,2.430,-82.3,2.012,2.011
3081830,A1,3.050,-82.2,2.001,2.000
3081950,A3,2.570,-80.5,2.001,1.950
3081970,A2,2.420,-82.4,2.010,1.950
3081980,A1,3.050,-82.0,2.010,1.950
3082100,A3,2.550,-80.1,2.010,1.967
3082120,A2,2.440,-82.3,1.992,1.967
3082130,A1,3.050,-82.5,1.992,1.967
3082250,A3,2.550,-80.1,1.992,1.967
3082270,A2,2.420,-82.3,2.010,1.967
3082280,A1,3.040,-82.1,1.999,1.957
3082400,A3,2.520,-80.1,1.999,1.982
3082420,A2,2.400,-82.6,2.016,1.982
3082430,A1,3.050,-82.0,2.027,1.992
3082550,A3,2.550,-80.4,2.027,1.967
3082570,A2,2.420,-82.2,2.010,1.967
3082580,A1,3.040,-82.0,1.999,1.957
3082700,A3,2.540,-80.5,1.999,1.965
3082720,A2,2.440,-82.5,1.981,1.965
3082730,A1,3.050,-82.1,1.992,1.975
3082850,A3,2.540,-80.2,1.992,1.975
3082870,A2,2.470,-82.4,1.966,1.975
3082880,A1,3.050,-81.9,1.966,1.975
3083000,A3,2.540,-80.1,1.966,1.975
3083020,A2,2.440,-82.5,1.992,1.975
3083030,A1,3.050,-81.9,1.992,1.975
3083150,A3,2.530,-80.5,1.992,1.984
3083170,A2,2.450,-82.4,1.984,1.984
3083450,A3,2.540,-80.0,1.984,1.975
3083470,A2,2.460,-82.5,1.975,1.975
3083480,A1,3.060,-82.0,1.986,1.985
3083600,A3,2.550,-80.3,1.986,1.977
3083620,A2,2.430,-82.5,2.012,1.977
3083630,A1,3.040,-82.2,1.990,1.957
3083750,A3,2.520,-79.9,1.990,1.982
3083770,A2,2.440,-82.5,1.981,1.982
3083780,A1,3.060,-82.1,2.003,2.002
3083900,A3,2.560,-80.6,2.003,1.968
3083920,A2,2.450,-82.5,1.995,1.968
3083930,A1,3.040,-82.4,1.973,1.948
3084050,A3,2.530,-80.2,1.973,1.973
3084070,A2,2.400,-82.4,2.016,1.973
3084080,A1,3.040,-82.2,2.016,1.973
3084200,A3,2.560,-80.5,2.016,1.948
3084220,A2,2.460,-82.4,1.964,1.948
3084230,A1,3.070,-82.4,1.997,1.979
3084350,A3,2.540,-80.8,1.997,1.996
3084370,A2,2.440,-82.4,2.014,1.996
3084380,A1,3.060,-82.6,2.003,1.985
3084500,A3,2.540,-80.8,2.003,1.985
3084520,A2,2.440,-82.7,2.003,1.985
3084530,A1,3.030,-82.1,1.970,1.955
3084650,A3,2.550,-80.3,1.970,1.946
3084670,A2,2.440,-82.5,1.970,1.946
3084680,A1,3.040,-82.1,1.981,1.957
3084950,A3,2.570,-80.7,1.981,1.939
3084970,A2,2.430,-82.5,1.990,1.939
3084980,A1,3.060,-82.1,2.012,1.960
3085100,A3,2.550,-80.7,2.012,1.977
3085120,A2,2.450,-82.3,1.995,1.977
3085130,A1,3.040,-82.1,1.973,1.957
3085250,A3,2.540,-80.2,1.973,1.965
3085270,A2,2.420,-82.2,1.999,1.965
3085280,A1,3.040,-81.9,1.999,1.965
3085400,A3,2.560,-80.1,1.999,1.948
3085420,A2,2.450,-82.3,1.973,1.948
3085430,A1,3.070,-81.9,2.006,1.979
3085550,A3,2.560,-79.8,2.006,1.979
3085570,A2,2.430,-82.8,2.023,1.979
3085580,A1,3.070,-82.3,2.023,1.979
3085700,A3,2.570,-80.5,2.023,1.970
3085720,A2,2.440,-82.3,2.014,1.970
3086000,A3,2.570,-80.2,2.014,1.970
3086020,A2,2.440,-82.7,2.014,1.970
3086030,A1,3.060,-82.4,2.003,1.960
3086150,A3,2.560,-80.2,2.003,1.968
3086170,A2,2.410,-82.5,2.029,1.968
3086180,A1,3.050,-82.0,2.018,1.958
3086300,A3,2.560,-80.7,2.018,1.958
3086320,A2,2.430,-82.3,2.001,1.958
3086330,A1,3.040,-82.1,1.990,1.948
3086450,A3,2.540,-80.0,1.990,1.965
3086470,A2,2.440,-82.5,1.981,1.965
3086480,A1,3.070,-81.8,2.014,1.996
3086600,A3,2.550,-80.7,2.014,1.987
3086620,A2,2.430,-82.3,2.023,1.987
3086630,A1,3.060,-82.2,2.012,1.977
3086750,A3,2.550,-80.0,2.012,1.977
3086770,A2,2.430,-82.1,2.012,1.977
3086780,A1,3.040,-82.0,1.990,1.957
3086900,A3,2.570,-80.2,1.990,1.939
3086920,A2,2.440,-82.2,1.981,1.939
3086930,A1,3.060,-81.8,2.003,1.960
3087050,A3,2.540,-79.7,2.003,1.985
3087070,A2,2.470,-82.3,1.977,1.985
3087080,A1,3.090,-82.2,2.010,2.016
3087200,A3,2.520,-80.3,2.010,2.033
3087220,A2,2.420,-82.3,2.054,2.033
3087230,A1,3.060,-81.8,2.021,2.002
3087350,A3,2.560,-79.8,2.021,1.968
3087370,A2,2.450,-82.1,1.995,1.968
3087380,A1,3.060,-82.0,1.995,1.968
3087500,A3,2.560,-80.0,1.995,1.968
3087520,A2,2.440,-82.3,2.003,1.968
3087530,A1,3.070,-81.6,2.014,1.979
3087650,A3,2.510,-80.3,2.014,2.021
3087670,A2,2.440,-82.0,2.014,2.021
3087680,A1,3.080,-82.1,2.025,2.031
3087800,A3,2.550,-79.8,2.025,1.997
3087820,A2,2.440,-82.2,2.025,1.997
3087830,A1,3.050,-81.9,1.992,1.967
3088100,A3,2.590,-79.8,1.992,1.932
3088130,A1,3.070,-82.3,2.014,1.953
3088280,A1,3.050,-81.8,1.992,1.932
3088400,A3,2.550,-80.5,1.992,1.967
3088420,A2,2.450,-82.2,1.984,1.967
3088430,A1,3.040,-82.0,1.973,1.957
3088550,A3,2.580,-80.2,1.973,1.931
3088570,A2,2.420,-82.3,1.999,1.931
3088580,A1,3.040,-82.3,1.999,1.931
3088700,A3,2.550,-80.0,1.999,1.957
3088720,A2,2.470,-82.6,1.955,1.957
3088730,A1,3.050,-82.2,1.966,1.967
3088850,A3,2.540,-79.8,1.966,1.975
3088870,A2,2.420,-82.8,2.010,1.975
3088880,A1,3.060,-82.4,2.021,1.985
3089000,A3,2.590,-79.9,2.021,1.943
3089020,A2,2.410,-82.1,2.029,1.943
3089030,A1,3.040,-82.2,2.008,1.922
3089150,A3,2.560,-79.9,2.008,1.948
3089170,A2,2.420,-82.2,1.999,1.948
3089180,A1,3.060,-82.0,2.021,1.968
3089300,A3,2.560,-79.9,2.021,1.968
3089320,A2,2.420,-82.3,2.021,1.968
3089330,A1,3.050,-81.9,2.010,1.958
3089470,A2,2.450,-82.2,1.984,1.958
3089480,A1,3.060,-82.5,1.995,1.968
3089620,A2,2.430,-82.4,2.012,1.968
3089630,A1,3.070,-82.0,2.023,1.979
3089750,A3,2.540,-80.8,2.023,1.996
3089770,A2,2.420,-82.7,2.032,1.996
3089780,A1,3.060,-82.0,2.021,1.985
3089900,A3,2.540,-80.1,2.021,1.985
3089920,A2,2.450,-82.2,1.995,1.985
3089930,A1,3.040,-82.0,1.973,1.965
3090050,A3,2.530,-80.8,1.973,1.973
3090070,A2,2.440,-82.1,1.981,1.973
3090080,A1,3.040,-81.9,1.981,1.973
3090200,A3,2.560,-80.6,1.981,1.948
3090220,A2,2.430,-82.1,1.990,1.948
3090230,A1,3.060,-82.1,2.012,1.968
3090350,A3,2.580,-80.2,2.012,1.951
3090370,A2,2.440,-82.5,2.003,1.951
3090380,A1,3.050,-82.1,1.992,1.941
3090500,A3,2.550,-79.8,1.992,1.967
3090520,A2,2.440,-82.3,1.992,1.967
3090530,A1,3.040,-82.1,1.981,1.957
3090650,A3,2.580,-80.8,1.981,1.931
3090670,A2,2.440,-82.3,1.981,1.931
3090680,A1,3.070,-82.1,2.014,1.961
3090800,A3,2.550,-80.6,2.014,1.987
3090820,A2,2.440,-82.6,2.014,1.987
3090830,A1,3.090,-81.7,2.036,2.008
3090950,A3,2.540,-80.4,2.036,2.016
3090970,A2,2.420,-82.4,2.054,2.016
3090980,A1,3.080,-82.1,2.043,2.006
3091250,A3,2.520,-80.8,2.043,2.023
3091270,A2,2.420,-82.1,2.043,2.023
3091280,A1,3.100,-81.9,2.065,2.043
3091400,A3,2.530,-79.7,2.065,2.035
3091420,A2,2.440,-81.9,2.048,2.035
3091430,A1,3.090,-81.8,2.036,2.025
3091550,A3,2.590,-79.3,2.036,1.973
3091570,A2,2.460,-81.8,2.019,1.973
3091580,A1,3.070,-81.9,1.997,1.953
3091700,A3,2.590,-79.4,1.997,1.953
3091720,A2,2.440,-82.1,2.014,1.953
3091730,A1,3.040,-82.4,1.981,1.922
3091850,A3,2.630,-79.8,1.981,1.887
3091880,A1,3.050,-81.8,1.992,1.898
3092030,A1,3.060,-81.9,2.003,1.908
3092150,A3,2.610,-80.2,2.003,1.925
3092170,A2,2.440,-82.2,2.003,1.925
3092180,A1,3.080,-81.8,2.025,1.946
3092300,A3,2.650,-79.8,2.025,1.911
3092320,A2,2.470,-82.0,1.999,1.911
3092330,A1,3.070,-82.3,1.988,1.900
3092450,A3,2.640,-79.6,1.988,1.909
3092470,A2,2.450,-81.7,2.006,1.909
3092480,A1,3.090,-82.3,2.028,1.930
3092600,A3,2.590,-79.3,2.028,1.973
3092620,A2,2.430,-81.8,2.045,1.973
3092630,A1,3.080,-82.4,2.034,1.963
3092750,A3,2.640,-79.4,2.034,1.919
3092770,A2,2.450,-81.8,2.017,1.919
3092780,A1,3.090,-82.2,2.028,1.930
3092900,A3,2.560,-79.4,2.028,1.999
3092920,A2,2.450,-81.9,2.028,1.999
3092930,A1,3.080,-81.8,2.017,1.989
3093050,A3,2.560,-79.4,2.017,1.989
3093070,A2,2.440,-83.1,2.025,1.989
3093080,A1,3.080,-81.8,2.025,1.989
3093200,A3,2.570,-79.8,2.025,1.980
3093220,A2,2.420,-82.8,2.043,1.980
3093230,A1,3.110,-81.6,2.076,2.011
3093350,A3,2.540,-80.0,2.076,2.037
3093370,A2,2.470,-82.7,2.032,2.037
3093380,A1,3.080,-82.1,1.999,2.006
3093500,A3,2.570,-79.8,1.999,1.980
3093520,A2,2.440,-82.9,2.025,1.980
3093530,A1,3.060,-81.9,2.003,1.960
3093650,A3,2.540,-79.5,2.003,1.985
3093670,A2,2.430,-82.9,2.012,1.985
3093680,A1,3.110,-81.4,2.068,2.037
3093800,A3,2.620,-79.3,2.068,1.968
3093820,A2,2.420,-83.4,2.076,1.968
3093830,A1,3.090,-81.6,2.054,1.947
3093950,A3,2.600,-79.4,2.054,1.965
3093970,A2,2.430,-83.3,2.045,1.965
3093980,A1,3.110,-81.8,2.068,1.985
3094100,A3,2.560,-79.6,2.068,2.020
3094120,A2,2.430,-83.4,2.068,2.020
3094130,A1,3.090,-81.6,2.045,1.999
3094400,A3,2.570,-79.8,2.045,1.991
3094420,A2,2.430,-83.3,2.045,1.991
3094430,A1,3.100,-81.8,2.056,2.001
