timestamp_ms,anchor,distance_m,rxPower_dBm,x_calculated_m,y_calculated_m
5931920,A3,2.260,-80.4,1.742,1.577
5931940,A1,2.350,-81.4,1.734,1.569
5931950,A2,1.880,-83.2,1.748,1.569
5932070,A3,2.230,-80.3,1.748,1.592
5932090,A1,2.370,-81.3,1.765,1.607
5932100,A2,1.900,-83.2,1.751,1.607
5932370,A3,2.240,-80.6,1.751,1.600
5932390,A1,2.360,-80.9,1.742,1.592
5932400,A2,1.910,-83.2,1.736,1.592
5932520,A3,2.230,-79.8,1.736,1.599
5932540,A1,2.350,-81.4,1.727,1.592
5932550,A2,1.900,-82.8,1.734,1.592
5932670,A3,2.230,-80.5,1.734,1.592
5932690,A1,2.360,-81.2,1.742,1.599
5932700,A2,1.920,-83.1,1.729,1.599
5932820,A3,2.250,-79.9,1.729,1.585
5932840,A1,2.380,-81.1,1.746,1.600
5932850,A2,1.920,-82.4,1.746,1.600
5932970,A3,2.280,-79.9,1.746,1.578
5932990,A1,2.360,-81.1,1.729,1.562
5933000,A2,1.900,-82.4,1.742,1.562
5933120,A3,2.290,-80.1,1.742,1.554
5933140,A1,2.360,-81.5,1.742,1.554
5933150,A2,1.910,-82.4,1.736,1.554
5933270,A3,2.280,-80.0,1.736,1.562
5933290,A1,2.380,-81.2,1.753,1.578
5933300,A2,1.930,-82.3,1.739,1.578
5933420,A3,2.260,-80.2,1.739,1.593
5933440,A1,2.350,-81.2,1.713,1.569
5933450,A2,1.910,-82.5,1.727,1.569
5933570,A3,2.280,-80.2,1.727,1.554
5933590,A1,2.430,-80.6,1.796,1.618
5933600,A2,1.890,-83.1,1.810,1.618
5933720,A3,2.260,-81.6,1.810,1.633
5933740,A1,2.370,-80.7,1.758,1.585
5933750,A2,1.890,-82.9,1.758,1.585
5934020,A3,2.230,-81.2,1.758,1.607
5934040,A1,2.380,-81.2,1.766,1.615
5934320,A3,2.230,-81.6,1.766,1.615
5934340,A1,2.380,-80.9,1.766,1.615
5934350,A2,1.910,-83.3,1.753,1.615
5934470,A3,2.220,-80.9,1.753,1.623
5934490,A1,2.360,-81.1,1.736,1.607
5934500,A2,1.920,-83.1,1.729,1.607
5934620,A3,2.250,-81.4,1.729,1.585
5934640,A1,2.400,-81.0,1.763,1.616
5934650,A2,1.920,-82.7,1.763,1.616
5934770,A3,2.250,-81.4,1.763,1.616
5934790,A1,2.370,-81.3,1.737,1.592
5934800,A2,1.920,-82.7,1.737,1.592
5934920,A3,2.240,-80.8,1.737,1.600
5934940,A1,2.360,-81.4,1.729,1.592
5934950,A2,1.920,-82.4,1.729,1.592
5935070,A3,2.230,-80.9,1.729,1.599
5935090,A1,2.360,-81.0,1.729,1.599
5935100,A2,1.930,-83.1,1.722,1.599
5935220,A3,2.220,-81.4,1.722,1.607
5935240,A1,2.360,-81.2,1.722,1.607
5935250,A2,1.870,-83.1,1.763,1.607
5935370,A3,2.230,-80.8,1.763,1.599
5935390,A1,2.380,-81.3,1.780,1.615
5935400,A2,1.890,-83.0,1.766,1.615
5935520,A3,2.230,-81.2,1.766,1.615
5935540,A1,2.350,-80.7,1.741,1.592
5935550,A2,1.910,-83.4,1.727,1.592
5935670,A3,2.240,-81.2,1.727,1.584
5935690,A1,2.360,-80.9,1.736,1.592
5935700,A2,1.890,-82.8,1.749,1.592
5935820,A3,2.250,-82.4,1.749,1.585
5935840,A1,2.400,-80.7,1.784,1.616
5935850,A2,1.890,-83.6,1.784,1.616
5935970,A3,2.250,-80.3,1.784,1.616
5935990,A1,2.370,-81.1,1.758,1.592
5936000,A2,1.910,-83.4,1.744,1.592
5936120,A3,2.280,-80.4,1.744,1.570
5936140,A1,2.390,-81.1,1.761,1.586
5936150,A2,1.900,-82.8,1.768,1.586
5936270,A3,2.240,-80.8,1.768,1.616
5936290,A1,2.360,-81.3,1.742,1.592
5936300,A2,1.900,-83.1,1.742,1.592
5936420,A3,2.220,-81.0,1.742,1.607
5936440,A1,2.350,-80.8,1.734,1.599
5936450,A2,1.890,-83.3,1.741,1.599
5936590,A1,2.380,-81.3,1.766,1.623
5936600,A2,1.880,-83.0,1.773,1.623
5936740,A1,2.360,-81.1,1.756,1.607
5936750,A2,1.930,-83.4,1.722,1.607
5936870,A3,2.210,-80.8,1.722,1.614
5936890,A1,2.370,-80.4,1.730,1.622
5937170,A3,2.230,-81.3,1.730,1.607
5937190,A1,2.350,-81.1,1.713,1.592
5937200,A2,1.900,-83.6,1.734,1.592
5937320,A3,2.250,-81.3,1.734,1.577
5937340,A1,2.370,-80.7,1.751,1.592
5937350,A2,1.900,-83.9,1.751,1.592
5937470,A3,2.240,-81.1,1.751,1.600
5937490,A1,2.360,-81.2,1.742,1.592
5937500,A2,1.900,-83.1,1.742,1.592
5937620,A3,2.250,-81.5,1.742,1.585
5937640,A1,2.360,-81.2,1.742,1.585
5937650,A2,1.890,-83.1,1.749,1.585
5937770,A3,2.270,-79.8,1.749,1.569
5937790,A1,2.360,-80.8,1.749,1.569
5937800,A2,1.900,-83.0,1.742,1.569
5937920,A3,2.280,-79.4,1.742,1.562
5937940,A1,2.360,-81.4,1.742,1.562
5937950,A2,1.920,-82.6,1.729,1.562
5938070,A3,2.250,-80.3,1.729,1.585
5938090,A1,2.320,-81.3,1.695,1.553
5938370,A3,2.280,-81.2,1.695,1.531
5938390,A1,2.340,-80.9,1.712,1.546
5938400,A2,1.920,-83.2,1.712,1.546
5938520,A3,2.240,-81.4,1.712,1.576
5938540,A1,2.380,-80.4,1.746,1.608
5938550,A2,1.900,-83.3,1.759,1.608
5938670,A3,2.220,-80.6,1.759,1.623
5938690,A1,2.390,-80.9,1.768,1.631
5938700,A2,1.890,-83.4,1.775,1.631
5938820,A3,2.240,-80.7,1.775,1.616
5938840,A1,2.360,-80.6,1.749,1.592
5938850,A2,1.900,-83.9,1.742,1.592
5938970,A3,2.270,-81.0,1.742,1.569
5938990,A1,2.360,-80.5,1.742,1.569
5939000,A2,1.870,-83.9,1.763,1.569
5939120,A3,2.230,-80.6,1.763,1.599
5939140,A1,2.340,-81.0,1.746,1.584
5939150,A2,1.910,-83.2,1.719,1.584
5939270,A3,2.240,-81.4,1.719,1.576
5939290,A1,2.370,-80.9,1.744,1.600
5939300,A2,1.890,-83.3,1.758,1.600
5939420,A3,2.230,-81.5,1.758,1.607
5939440,A1,2.310,-82.0,1.707,1.561
5939450,A2,1.900,-83.6,1.700,1.561
5939570,A3,2.240,-81.4,1.700,1.553
5939590,A1,2.370,-81.4,1.751,1.600
5939600,A2,1.880,-83.5,1.765,1.600
5939720,A3,2.230,-81.1,1.765,1.607
5939740,A1,2.340,-81.6,1.739,1.584
5939750,A2,1.930,-83.6,1.705,1.584
5939870,A3,2.210,-81.1,1.705,1.599
5939890,A1,2.360,-81.4,1.722,1.614
5939900,A2,1.910,-83.3,1.736,1.614
5940020,A3,2.240,-81.6,1.736,1.592
5940040,A1,2.320,-81.5,1.702,1.561
5940050,A2,1.940,-83.8,1.681,1.561
5940320,A3,2.230,-81.1,1.681,1.568
5940340,A1,2.340,-81.1,1.698,1.584
5940350,A2,1.880,-84.0,1.739,1.584
5940470,A3,2.230,-81.6,1.739,1.584
5940490,A1,2.350,-81.4,1.748,1.592
5940500,A2,1.900,-83.9,1.734,1.592
5940620,A3,2.230,-81.7,1.734,1.592
5940640,A1,2.350,-81.3,1.734,1.592
5940650,A2,1.900,-83.8,1.734,1.592
5940770,A3,2.260,-80.9,1.734,1.569
5940790,A1,2.370,-81.2,1.751,1.585
5940800,A2,1.900,-83.1,1.751,1.585
5940920,A3,2.250,-80.9,1.751,1.592
5940940,A1,2.360,-81.1,1.742,1.585
5940950,A2,1.880,-83.7,1.756,1.585
5941070,A3,2.270,-80.7,1.756,1.569
5941090,A1,2.360,-81.0,1.756,1.569
5941100,A2,1.900,-83.5,1.742,1.569
5941220,A3,2.240,-80.6,1.742,1.592
5941240,A1,2.360,-81.1,1.742,1.592
5941250,A2,1.900,-83.4,1.742,1.592
5941370,A3,2.250,-80.7,1.742,1.585
5941390,A1,2.350,-81.0,1.734,1.577
5941400,A2,1.920,-83.7,1.720,1.577
5941520,A3,2.230,-80.7,1.720,1.592
5941540,A1,2.380,-80.8,1.746,1.615
5941550,A2,1.910,-83.3,1.753,1.615
5941670,A3,2.260,-81.2,1.753,1.593
5941690,A1,2.390,-80.8,1.761,1.601
5941700,A2,1.910,-83.5,1.761,1.601
5941820,A3,2.260,-80.4,1.761,1.601
5941840,A1,2.370,-81.2,1.744,1.585
5941850,A2,1.900,-83.3,1.751,1.585
5941970,A3,2.240,-80.8,1.751,1.600
5941990,A1,2.370,-80.9,1.751,1.600
5942000,A2,1.880,-83.3,1.765,1.600
5942120,A3,2.260,-80.7,1.765,1.585
5942140,A1,2.370,-81.2,1.765,1.585
5942150,A2,1.910,-84.0,1.744,1.585
5942270,A3,2.260,-81.0,1.744,1.585
5942290,A1,2.360,-80.8,1.736,1.577
5942300,A2,1.900,-83.7,1.742,1.577
5942420,A3,2.250,-80.4,1.742,1.585
5942440,A1,2.360,-81.0,1.742,1.585
5942450,A2,1.920,-84.3,1.729,1.585
5942570,A3,2.250,-80.8,1.729,1.585
5942590,A1,2.360,-81.1,1.729,1.585
5942600,A2,1.890,-83.5,1.749,1.585
5942720,A3,2.270,-80.5,1.749,1.569
5942740,A1,2.370,-81.1,1.758,1.577
5942750,A2,1.890,-83.6,1.758,1.577
5942870,A3,2.240,-80.7,1.758,1.600
5942890,A1,2.350,-81.0,1.741,1.584
5942900,A2,1.900,-83.6,1.734,1.584
5943020,A3,2.240,-80.7,1.734,1.584
5943040,A1,2.400,-81.2,1.777,1.624
5943050,A2,1.910,-83.3,1.770,1.624
5943170,A3,2.270,-80.2,1.770,1.601
5943190,A1,2.370,-81.4,1.744,1.577
5943200,A2,1.910,-83.5,1.744,1.577
5943470,A3,2.280,-80.8,1.744,1.570
5943490,A1,2.340,-81.0,1.719,1.546
5943500,A2,1.900,-83.3,1.726,1.546
5943620,A3,2.240,-80.3,1.726,1.576
5943640,A1,2.360,-81.2,1.742,1.592
5943650,A2,1.920,-83.6,1.729,1.592
5943770,A3,2.280,-80.3,1.729,1.562
5943790,A1,2.350,-80.9,1.720,1.554
5943800,A2,1.900,-83.6,1.734,1.554
5944070,A3,2.260,-80.7,1.734,1.569
5944090,A1,2.350,-81.3,1.734,1.569
5944100,A2,1.900,-83.9,1.734,1.569
5944220,A3,2.270,-80.9,1.734,1.562
5944240,A1,2.330,-81.0,1.717,1.546
5944250,A2,1.910,-83.1,1.710,1.546
5944370,A3,2.290,-80.5,1.710,1.531
5944390,A1,2.370,-81.2,1.744,1.562
5944400,A2,1.910,-82.7,1.744,1.562
5944520,A3,2.260,-80.8,1.744,1.585
5944540,A1,2.360,-81.5,1.736,1.577
5944550,A2,1.920,-83.0,1.729,1.577
5944670,A3,2.260,-80.4,1.729,1.577
5944690,A1,2.360,-81.3,1.729,1.577
5944700,A2,1.910,-83.1,1.736,1.577
5944820,A3,2.240,-80.9,1.736,1.592
5944840,A1,2.360,-81.3,1.736,1.592
5944850,A2,1.900,-82.9,1.742,1.592
5944970,A3,2.250,-80.6,1.742,1.585
5944990,A1,2.390,-81.0,1.768,1.608
5945000,A2,1.910,-83.1,1.761,1.608
5945120,A3,2.260,-80.9,1.761,1.601
5945140,A1,2.380,-81.5,1.753,1.593
5945150,A2,1.920,-83.9,1.746,1.593
5945270,A3,2.270,-80.9,1.746,1.585
5945290,A1,2.360,-81.2,1.729,1.569
5945300,A2,1.910,-82.6,1.736,1.569
5945420,A3,2.250,-80.7,1.736,1.585
5945440,A1,2.350,-81.6,1.727,1.577
5945450,A2,1.900,-83.3,1.734,1.577
5945570,A3,2.260,-80.9,1.734,1.569
5945590,A1,2.340,-81.0,1.726,1.561
5945600,A2,1.910,-83.5,1.719,1.561
5945720,A3,2.250,-80.1,1.719,1.569
5945750,A2,1.900,-83.7,1.726,1.569
5945900,A2,1.890,-83.6,1.732,1.569
5946170,A3,2.250,-81.1,1.732,1.569
5946190,A1,2.360,-81.4,1.749,1.585
5946200,A2,1.900,-83.0,1.742,1.585
5946640,A1,2.350,-81.4,1.734,1.577
5946650,A2,1.920,-82.9,1.720,1.577
5946790,A1,2.350,-81.3,1.720,1.577
5946800,A2,1.920,-83.2,1.720,1.577
5946920,A3,2.280,-80.6,1.720,1.554
5946940,A1,2.330,-81.1,1.703,1.538
5946950,A2,1.910,-82.8,1.710,1.538
5947070,A3,2.270,-80.6,1.710,1.546
5947090,A1,2.340,-80.9,1.719,1.554
5947100,A2,1.920,-83.3,1.712,1.554
5947220,A3,2.260,-80.3,1.712,1.561
5947240,A1,2.350,-81.2,1.720,1.569
5947250,A2,1.900,-82.8,1.734,1.569
5947370,A3,2.270,-80.4,1.734,1.562
5947390,A1,2.360,-81.5,1.742,1.569
5947400,A2,1.930,-83.4,1.722,1.569
5947520,A3,2.240,-80.4,1.722,1.592
5947540,A1,2.340,-81.2,1.705,1.576
5947550,A2,1.900,-83.5,1.726,1.576
5947670,A3,2.270,-80.4,1.726,1.554
5947690,A1,2.350,-81.6,1.734,1.562
5947700,A2,1.890,-82.9,1.741,1.562
5947820,A3,2.270,-80.9,1.741,1.562
5947840,A1,2.360,-81.6,1.749,1.569
5947850,A2,1.910,-82.9,1.736,1.569
5947970,A3,2.260,-80.6,1.736,1.577
5947990,A1,2.350,-81.3,1.727,1.569
5948000,A2,1.910,-83.3,1.727,1.569
5948120,A3,2.240,-81.0,1.727,1.584
5948140,A1,2.360,-81.7,1.736,1.592
5948150,A2,1.900,-83.2,1.742,1.592
5948270,A3,2.250,-80.9,1.742,1.585
5948290,A1,2.360,-81.3,1.742,1.585
5948300,A2,1.900,-82.6,1.742,1.585
5948420,A3,2.250,-80.8,1.742,1.585
5948440,A1,2.360,-81.3,1.742,1.585
5948450,A2,1.890,-83.2,1.749,1.585
5948570,A3,2.280,-80.7,1.749,1.562
5948590,A1,2.360,-81.2,1.749,1.562
5948600,A2,1.900,-82.9,1.742,1.562
5948720,A3,2.250,-80.6,1.742,1.585
5948740,A1,2.350,-81.3,1.734,1.577
5948750,A2,1.900,-82.9,1.734,1.577
5948870,A3,2.270,-80.1,1.734,1.562
5948890,A1,2.330,-81.8,1.717,1.546
5948900,A2,1.910,-82.7,1.710,1.546
5949020,A3,2.260,-80.5,1.710,1.554
5949040,A1,2.360,-81.3,1.736,1.577
5949050,A2,1.900,-82.7,1.742,1.577
5949170,A3,2.250,-80.9,1.742,1.585
5949190,A1,2.360,-80.9,1.742,1.585
5949200,A2,1.920,-82.9,1.729,1.585
5949320,A3,2.260,-80.8,1.729,1.577
5949340,A1,2.380,-81.0,1.746,1.593
5949350,A2,1.910,-83.3,1.753,1.593
5949470,A3,2.250,-80.2,1.753,1.600
5949490,A1,2.390,-81.4,1.761,1.608
5949500,A2,1.920,-83.2,1.754,1.608
5949770,A3,2.230,-80.3,1.754,1.623
5949790,A1,2.360,-81.7,1.729,1.599
5949800,A2,1.910,-82.9,1.736,1.599
5949920,A3,2.280,-79.9,1.736,1.562
5949940,A1,2.370,-81.1,1.744,1.570
5949950,A2,1.880,-83.2,1.765,1.570
5950070,A3,2.250,-80.5,1.765,1.592
5950090,A1,2.340,-81.1,1.739,1.569
5950100,A2,1.900,-82.4,1.726,1.569
5950220,A3,2.270,-80.4,1.726,1.554
5950240,A1,2.360,-81.1,1.742,1.569
5950250,A2,1.890,-82.5,1.749,1.569
5950370,A3,2.230,-80.1,1.749,1.599
5950390,A1,2.360,-81.5,1.749,1.599
5950400,A2,1.900,-82.4,1.742,1.599
5950520,A3,2.270,-80.0,1.742,1.569
5950540,A1,2.330,-81.3,1.717,1.546
5950550,A2,1.900,-83.0,1.717,1.546
5950670,A3,2.270,-79.9,1.717,1.546
5950690,A1,2.340,-81.5,1.726,1.554
5950700,A2,1.900,-82.0,1.726,1.554
5950820,A3,2.280,-80.0,1.726,1.546
5950840,A1,2.370,-81.2,1.751,1.570
5950850,A2,1.930,-82.9,1.730,1.570
5950970,A3,2.280,-80.2,1.730,1.570
5951000,A2,1.900,-83.1,1.751,1.570
5951150,A2,1.900,-82.8,1.751,1.570
5951270,A3,2.290,-80.6,1.751,1.562
5951290,A1,2.350,-81.4,1.734,1.546
5951300,A2,1.910,-82.6,1.727,1.546
5951420,A3,2.250,-80.5,1.727,1.577
5951440,A1,2.340,-81.2,1.719,1.569
5951450,A2,1.900,-82.5,1.726,1.569
5951570,A3,2.250,-80.6,1.726,1.569
5951590,A1,2.360,-81.4,1.742,1.585
5951600,A2,1.900,-83.5,1.742,1.585
5951720,A3,2.250,-80.5,1.742,1.585
5951740,A1,2.360,-81.2,1.742,1.585
5951750,A2,1.890,-82.9,1.749,1.585
5951870,A3,2.250,-80.2,1.749,1.585
5951890,A1,2.370,-81.1,1.758,1.592
5951900,A2,1.910,-82.1,1.744,1.592
5952020,A3,2.240,-80.0,1.744,1.600
5952040,A1,2.360,-81.4,1.736,1.592
5952050,A2,1.940,-83.1,1.715,1.592
5952170,A3,2.310,-80.5,1.715,1.539
5952190,A1,2.360,-81.4,1.715,1.539
5952200,A2,1.910,-82.9,1.736,1.539
5952320,A3,2.280,-80.0,1.736,1.562
5952340,A1,2.360,-81.2,1.736,1.562
5952350,A2,1.910,-82.8,1.736,1.562
5952470,A3,2.280,-80.3,1.736,1.562
5952490,A1,2.360,-81.7,1.736,1.562
5952500,A2,1.900,-82.7,1.742,1.562
5952620,A3,2.270,-80.6,1.742,1.569
5952640,A1,2.360,-81.2,1.742,1.569
5952650,A2,1.910,-83.0,1.736,1.569
5952920,A3,2.260,-80.6,1.736,1.577
5952940,A1,2.390,-81.2,1.761,1.601
5952950,A2,1.910,-83.0,1.761,1.601
5953070,A3,2.260,-80.3,1.761,1.601
5953090,A1,2.370,-81.5,1.744,1.585
5953100,A2,1.900,-82.8,1.751,1.585
5953220,A3,2.260,-80.7,1.751,1.585
5953240,A1,2.360,-81.5,1.742,1.577
5953250,A2,1.900,-82.5,1.742,1.577
5953370,A3,2.240,-80.0,1.742,1.592
5953390,A1,2.370,-81.2,1.751,1.600
5953400,A2,1.910,-83.6,1.744,1.600
5953520,A3,2.250,-80.5,1.744,1.592
5953540,A1,2.340,-81.1,1.719,1.569
5953550,A2,1.930,-82.7,1.705,1.569
5953670,A3,2.260,-80.0,1.705,1.561
5953700,A2,1.920,-83.2,1.712,1.561
5953850,A2,1.870,-83.2,1.746,1.561
5953970,A3,2.260,-80.2,1.746,1.561
5953990,A1,2.370,-81.6,1.771,1.585
5954000,A2,1.890,-82.9,1.758,1.585
5954120,A3,2.260,-80.0,1.758,1.585
5954140,A1,2.360,-81.2,1.749,1.577
5954150,A2,1.910,-83.2,1.736,1.577
5954270,A3,2.300,-80.2,1.736,1.547
5954290,A1,2.360,-81.2,1.736,1.547
5954300,A2,1.900,-82.7,1.742,1.547
5954420,A3,2.280,-80.0,1.742,1.562
5954440,A1,2.330,-81.3,1.717,1.538
5954450,A2,1.910,-82.9,1.710,1.538
5954570,A3,2.250,-80.2,1.710,1.561
5954590,A1,2.350,-80.9,1.727,1.577
5954600,A2,1.900,-83.5,1.734,1.577
5954720,A3,2.240,-80.5,1.734,1.584
5954740,A1,2.360,-81.5,1.742,1.592
5954750,A2,1.920,-83.0,1.729,1.592
5954870,A3,2.250,-80.6,1.729,1.585
5954890,A1,2.340,-81.1,1.712,1.569
5954900,A2,1.900,-82.6,1.726,1.569
5955020,A3,2.300,-80.0,1.726,1.531
5955040,A1,2.350,-81.2,1.734,1.539
5955050,A2,1.900,-82.5,1.734,1.539
5955170,A3,2.270,-80.0,1.734,1.562
5955190,A1,2.350,-81.5,1.734,1.562
5955200,A2,1.910,-83.3,1.727,1.562
5955320,A3,2.250,-79.9,1.727,1.577
5955340,A1,2.380,-81.4,1.753,1.600
5955350,A2,1.910,-82.9,1.753,1.600
5955470,A3,2.300,-80.2,1.753,1.562
5955490,A1,2.350,-81.2,1.727,1.539
5955500,A2,1.920,-82.6,1.720,1.539
5955620,A3,2.250,-80.4,1.720,1.577
5955640,A1,2.400,-81.4,1.763,1.616
5955650,A2,1.920,-83.4,1.763,1.616
5955770,A3,2.270,-80.0,1.763,1.601
5955790,A1,2.360,-81.3,1.729,1.569
5955800,A2,1.910,-82.7,1.736,1.569
5956070,A3,2.270,-79.8,1.736,1.569
5956090,A1,2.390,-81.5,1.761,1.593
5956100,A2,1.920,-83.2,1.754,1.593
5956220,A3,2.240,-80.1,1.754,1.616
5956240,A1,2.320,-81.1,1.695,1.561
5956250,A2,1.940,-82.7,1.681,1.561
5956370,A3,2.260,-80.1,1.681,1.546
5956390,A1,2.370,-81.5,1.723,1.585
5956400,A2,1.900,-83.3,1.751,1.585
5956520,A3,2.260,-80.5,1.751,1.585
5956540,A1,2.340,-81.5,1.726,1.561
5956550,A2,1.910,-83.8,1.719,1.561
5956670,A3,2.300,-80.0,1.719,1.531
5956690,A1,2.400,-81.1,1.770,1.578
5956700,A2,1.900,-82.3,1.777,1.578
5956820,A3,2.260,-80.5,1.777,1.609
5956840,A1,2.340,-81.4,1.726,1.561
5956850,A2,1.890,-83.6,1.732,1.561
5956970,A3,2.260,-80.4,1.732,1.561
5956990,A1,2.330,-81.5,1.724,1.554
5957000,A2,1.900,-82.7,1.717,1.554
5957120,A3,2.270,-82.5,1.717,1.546
5957140,A1,2.350,-81.7,1.734,1.562
5957150,A2,1.910,-82.7,1.727,1.562
5957270,A3,2.250,-80.5,1.727,1.577
5957290,A1,2.370,-81.3,1.744,1.592
5957300,A2,1.930,-82.9,1.730,1.592
5957420,A3,2.240,-80.4,1.730,1.600
5957440,A1,2.360,-81.4,1.722,1.592
5957450,A2,1.920,-82.6,1.729,1.592
5957570,A3,2.270,-80.0,1.729,1.569
5957590,A1,2.370,-81.3,1.737,1.577
5957600,A2,1.900,-82.7,1.751,1.577
5957720,A3,2.250,-80.3,1.751,1.592
5957740,A1,2.360,-81.2,1.742,1.585
5957750,A2,1.900,-82.8,1.742,1.585
5957870,A3,2.260,-80.0,1.742,1.577
5957890,A1,2.360,-81.2,1.742,1.577
5957900,A2,1.940,-82.6,1.715,1.577
5958020,A3,2.260,-80.0,1.715,1.577
5958040,A1,2.380,-81.2,1.732,1.593
5958050,A2,1.930,-83.0,1.739,1.593
5958170,A3,2.270,-79.9,1.739,1.585
5958190,A1,2.340,-81.1,1.705,1.554
5958200,A2,1.900,-82.8,1.726,1.554
5958320,A3,2.240,-80.1,1.726,1.576
5958340,A1,2.380,-81.2,1.759,1.608
5958350,A2,1.920,-83.4,1.746,1.608
5958470,A3,2.230,-80.1,1.746,1.615
5958490,A1,2.350,-81.2,1.720,1.592
5958500,A2,1.920,-82.6,1.720,1.592
5958620,A3,2.240,-80.3,1.720,1.584
5958640,A1,2.340,-81.2,1.712,1.576
5958650,A2,1.920,-82.2,1.712,1.576
5958770,A3,2.280,-79.9,1.712,1.546
5958790,A1,2.330,-81.4,1.703,1.538
5958800,A2,1.910,-82.7,1.710,1.538
5958920,A3,2.260,-80.5,1.710,1.554
5958940,A1,2.380,-81.3,1.753,1.593
5958950,A2,1.900,-82.9,1.759,1.593
5959220,A3,2.250,-80.5,1.759,1.600
5959240,A1,2.330,-81.4,1.717,1.561
5959250,A2,1.900,-83.1,1.717,1.561
5959370,A3,2.270,-80.3,1.717,1.546
5959390,A1,2.340,-81.2,1.726,1.554
5959400,A2,1.890,-83.2,1.732,1.554
5959520,A3,2.270,-80.2,1.732,1.554
5959540,A1,2.380,-81.2,1.766,1.585
5959550,A2,1.890,-83.0,1.766,1.585
5959670,A3,2.280,-80.1,1.766,1.578
5959690,A1,2.370,-80.8,1.758,1.570
5959700,A2,1.910,-82.8,1.744,1.570
5959820,A3,2.270,-80.7,1.744,1.577
5959840,A1,2.370,-81.4,1.744,1.577
5959850,A2,1.890,-83.0,1.758,1.577
5959970,A3,2.240,-80.6,1.758,1.600
5959990,A1,2.350,-81.4,1.741,1.584
5960000,A2,1.900,-83.0,1.734,1.584
5960120,A3,2.290,-80.6,1.734,1.546
5960140,A1,2.360,-81.4,1.742,1.554
5960150,A2,1.900,-83.4,1.742,1.554
5960270,A3,2.260,-80.5,1.742,1.577
5960290,A1,2.360,-81.5,1.742,1.577
5960300,A2,1.900,-83.3,1.742,1.577
5960420,A3,2.230,-80.6,1.742,1.599
5960440,A1,2.360,-81.2,1.742,1.599
5960450,A2,1.920,-82.4,1.729,1.599
5960570,A3,2.260,-80.6,1.729,1.577
5960590,A1,2.360,-81.1,1.729,1.577
5960600,A2,1.900,-82.5,1.742,1.577
5960720,A3,2.260,-80.5,1.742,1.577
5960740,A1,2.340,-81.4,1.726,1.561
5960750,A2,1.900,-82.8,1.726,1.561
5960870,A3,2.280,-80.6,1.726,1.546
5960890,A1,2.360,-81.2,1.742,1.562
5960900,A2,1.920,-83.5,1.729,1.562
5961020,A3,2.250,-80.2,1.729,1.585
5961040,A1,2.360,-81.1,1.729,1.585
5961050,A2,1.910,-82.7,1.736,1.585
5961170,A3,2.270,-80.1,1.736,1.569
5961190,A1,2.380,-81.2,1.753,1.585
5961200,A2,1.900,-83.3,1.759,1.585
5961320,A3,2.280,-80.1,1.759,1.578
5961340,A1,2.340,-81.1,1.726,1.546
5961350,A2,1.920,-82.8,1.712,1.546
5961470,A3,2.300,-80.1,1.712,1.531
5961490,A1,2.360,-81.6,1.729,1.547
5961500,A2,1.920,-82.9,1.729,1.547
5961620,A3,2.290,-80.0,1.729,1.554
5961640,A1,2.370,-81.2,1.737,1.562
5961650,A2,1.900,-83.5,1.751,1.562
5961770,A3,2.260,-80.1,1.751,1.585
5961790,A1,2.360,-81.3,1.742,1.577
5961800,A2,1.890,-83.6,1.749,1.577
5961920,A3,2.230,-80.8,1.749,1.599
5961940,A1,2.360,-81.6,1.749,1.599
5961950,A2,1.900,-82.3,1.742,1.599
5962070,A3,2.270,-80.0,1.742,1.569
5962090,A1,2.370,-81.7,1.751,1.577
5962100,A2,1.900,-83.2,1.751,1.577
5962370,A3,2.280,-80.6,1.751,1.570
5962390,A1,2.360,-81.2,1.742,1.562
5962400,A2,1.900,-82.8,1.742,1.562
5962520,A3,2.270,-80.2,1.742,1.569
5962540,A1,2.360,-81.2,1.742,1.569
5962550,A2,1.900,-82.6,1.742,1.569
5962670,A3,2.270,-79.9,1.742,1.569
5962690,A1,2.340,-81.3,1.726,1.554
5962700,A2,1.900,-83.2,1.726,1.554
5962820,A3,2.260,-80.3,1.726,1.561
5962840,A1,2.360,-81.2,1.742,1.577
5962850,A2,1.900,-83.0,1.742,1.577
5962970,A3,2.220,-80.2,1.742,1.607
5962990,A1,2.360,-81.7,1.742,1.607
5963000,A2,1.920,-83.3,1.729,1.607
5963120,A3,2.260,-80.0,1.729,1.577
5963140,A1,2.380,-81.2,1.746,1.593
5963150,A2,1.920,-83.2,1.746,1.593
5963270,A3,2.230,-79.7,1.746,1.615
5963290,A1,2.340,-81.6,1.712,1.584
5963300,A2,1.930,-82.6,1.705,1.584
5963420,A3,2.250,-79.8,1.705,1.569
5963440,A1,2.370,-81.1,1.730,1.592
5963450,A2,1.900,-82.9,1.751,1.592
5963570,A3,2.230,-80.6,1.751,1.607
5963590,A1,2.350,-81.6,1.734,1.592
5963600,A2,1.890,-83.0,1.741,1.592
5963720,A3,2.270,-80.6,1.741,1.562
5963740,A1,2.350,-81.1,1.741,1.562
5963750,A2,1.880,-83.0,1.748,1.562
5963870,A3,2.210,-80.6,1.748,1.606
5963890,A1,2.360,-81.2,1.756,1.614
5963900,A2,1.900,-82.7,1.742,1.614
5964020,A3,2.250,-80.6,1.742,1.585
5964040,A1,2.340,-81.4,1.726,1.569
5964050,A2,1.900,-82.4,1.726,1.569
5964170,A3,2.250,-80.5,1.726,1.569
5964190,A1,2.360,-81.5,1.742,1.585
5964200,A2,1.910,-82.7,1.736,1.585
5964320,A3,2.250,-80.4,1.736,1.585
5964340,A1,2.370,-81.3,1.744,1.592
5964350,A2,1.920,-83.2,1.737,1.592
5964470,A3,2.280,-80.4,1.737,1.570
5964490,A1,2.380,-81.2,1.746,1.578
5964500,A2,1.910,-82.8,1.753,1.578
5964620,A3,2.250,-80.1,1.753,1.600
5964640,A1,2.360,-81.4,1.736,1.585
5964650,A2,1.920,-83.0,1.729,1.585
5964770,A3,2.240,-80.4,1.729,1.592
5964790,A1,2.350,-81.4,1.720,1.584
5964800,A2,1.910,-83.1,1.727,1.584
5964920,A3,2.250,-80.6,1.727,1.577
5964940,A1,2.360,-81.2,1.736,1.585
5964950,A2,1.910,-82.6,1.736,1.585
5965070,A3,2.280,-80.7,1.736,1.562
5965090,A1,2.340,-81.4,1.719,1.546
5965100,A2,1.880,-83.3,1.739,1.546
5965220,A3,2.270,-80.3,1.739,1.554
5965240,A1,2.360,-80.8,1.756,1.569
5965250,A2,1.920,-83.2,1.729,1.569
5965520,A3,2.270,-80.3,1.729,1.569
5965540,A1,2.360,-81.3,1.729,1.569
5965550,A2,1.890,-83.4,1.749,1.569
5965670,A3,2.230,-80.6,1.749,1.599
5965690,A1,2.370,-81.7,1.758,1.607
5965700,A2,1.910,-82.8,1.744,1.607
5965820,A3,2.240,-80.6,1.744,1.600
5965840,A1,2.360,-80.5,1.736,1.592
5965850,A2,1.910,-82.8,1.736,1.592
5965970,A3,2.260,-81.0,1.736,1.577
5965990,A1,2.370,-81.4,1.744,1.585
5966000,A2,1.900,-83.2,1.751,1.585
5966120,A3,2.240,-80.3,1.751,1.600
5966140,A1,2.350,-81.6,1.734,1.584
5966150,A2,1.900,-82.9,1.734,1.584
5966270,A3,2.260,-80.3,1.734,1.569
5966290,A1,2.370,-81.7,1.751,1.585
5966300,A2,1.900,-83.6,1.751,1.585
5966420,A3,2.260,-80.6,1.751,1.585
5966440,A1,2.320,-81.8,1.709,1.546
5966450,A2,1.920,-82.5,1.695,1.546
5966570,A3,2.230,-81.0,1.695,1.568
5966590,A1,2.340,-81.5,1.712,1.584
5966600,A2,1.910,-83.8,1.719,1.584
5966720,A3,2.280,-80.6,1.719,1.546
5966740,A1,2.360,-81.4,1.736,1.562
5966750,A2,1.900,-82.6,1.742,1.562
5966870,A3,2.270,-80.1,1.742,1.569
5966890,A1,2.380,-80.8,1.759,1.585
5966900,A2,1.920,-83.6,1.746,1.585
5967020,A3,2.240,-81.1,1.746,1.608
5967040,A1,2.370,-81.0,1.737,1.600
5967050,A2,1.900,-83.3,1.751,1.600
5967170,A3,2.250,-80.7,1.751,1.592
5967190,A1,2.360,-81.6,1.742,1.585
5967200,A2,1.940,-83.0,1.715,1.585
5967320,A3,2.240,-81.4,1.715,1.592
5967340,A1,2.380,-80.9,1.732,1.608
5967350,A2,1.900,-82.4,1.759,1.608
5967470,A3,2.250,-80.6,1.759,1.600
5967490,A1,2.390,-80.9,1.768,1.608
5967500,A2,1.920,-83.1,1.754,1.608
5967620,A3,2.260,-80.3,1.754,1.601
5967640,A1,2.370,-80.8,1.737,1.585
5967650,A2,1.900,-83.2,1.751,1.585
5967770,A3,2.240,-81.2,1.751,1.600
5967790,A1,2.390,-81.6,1.768,1.616
5967800,A2,1.910,-83.4,1.761,1.616
5967920,A3,2.270,-80.4,1.761,1.593
5967940,A1,2.360,-80.6,1.736,1.569
5967950,A2,1.890,-83.2,1.749,1.569
5968070,A3,2.270,-80.5,1.749,1.569
5968090,A1,2.370,-80.9,1.758,1.577
5968100,A2,1.900,-82.9,1.751,1.577
5968220,A3,2.260,-80.1,1.751,1.585
5968240,A1,2.370,-81.0,1.751,1.585
5968250,A2,1.880,-82.7,1.765,1.585
5968370,A3,2.270,-80.0,1.765,1.577
5968390,A1,2.370,-81.4,1.765,1.577
5968400,A2,1.900,-83.0,1.751,1.577
5968670,A3,2.230,-80.2,1.751,1.607
5968690,A1,2.340,-81.2,1.726,1.584
5968700,A2,1.920,-82.5,1.712,1.584
5968820,A3,2.270,-80.6,1.712,1.554
5968840,A1,2.350,-81.4,1.720,1.562
5968850,A2,1.890,-83.3,1.741,1.562
5968970,A3,2.210,-81.1,1.741,1.606
5968990,A1,2.370,-81.2,1.758,1.622
5969000,A2,1.900,-83.6,1.751,1.622
5969120,A3,2.220,-80.6,1.751,1.615
5969140,A1,2.320,-81.5,1.709,1.576
5969150,A2,1.910,-82.7,1.702,1.576
5969270,A3,2.260,-80.9,1.702,1.546
5969290,A1,2.330,-81.5,1.710,1.554
5969300,A2,1.920,-83.1,1.703,1.554
5969420,A3,2.250,-81.3,1.703,1.561
5969440,A1,2.380,-81.3,1.746,1.600
5969450,A2,1.880,-82.9,1.773,1.600
5969570,A3,2.220,-81.1,1.773,1.623
5969590,A1,2.330,-81.0,1.731,1.583
5969600,A2,1.880,-83.0,1.731,1.583
5969720,A3,2.230,-81.2,1.731,1.576
5969740,A1,2.350,-81.0,1.748,1.592
5969750,A2,1.890,-83.5,1.741,1.592
5969870,A3,2.260,-80.6,1.741,1.569
5969890,A1,2.340,-81.6,1.732,1.561
5969900,A2,1.910,-83.1,1.719,1.561
5970020,A3,2.240,-80.4,1.719,1.576
5970040,A1,2.390,-81.1,1.761,1.616
5970050,A2,1.900,-83.8,1.768,1.616
5970190,A1,2.350,-81.8,1.734,1.584
5970200,A2,1.920,-82.8,1.720,1.584
5970340,A1,2.350,-81.6,1.720,1.584
5970350,A2,1.910,-83.0,1.727,1.584
5970470,A3,2.240,-80.7,1.727,1.584
5970490,A1,2.370,-81.3,1.744,1.600
5970500,A2,1.910,-82.6,1.744,1.600
5970620,A3,2.240,-81.0,1.744,1.600
5970640,A1,2.350,-81.3,1.727,1.584
5970650,A2,1.900,-82.7,1.734,1.584
5970770,A3,2.250,-81.2,1.734,1.577
5970790,A1,2.380,-81.3,1.759,1.600
5970800,A2,1.910,-82.6,1.753,1.600
5970920,A3,2.250,-81.9,1.753,1.600
5970940,A1,2.350,-81.4,1.727,1.577
5970950,A2,1.900,-82.6,1.734,1.577
5971070,A3,2.220,-80.7,1.734,1.599
5971090,A1,2.370,-81.2,1.751,1.615
5971100,A2,1.940,-83.1,1.723,1.615
5971220,A3,2.250,-80.9,1.723,1.592
5971240,A1,2.340,-81.4,1.698,1.569
5971250,A2,1.930,-82.4,1.705,1.569
5971370,A3,2.240,-80.4,1.705,1.576
5971390,A1,2.350,-81.5,1.713,1.584
5971400,A2,1.900,-83.4,1.734,1.584
5971520,A3,2.240,-81.5,1.734,1.584
5971540,A1,2.320,-81.2,1.709,1.561
5971550,A2,1.900,-82.9,1.709,1.561
5971970,A3,2.250,-79.8,1.709,1.553
5971990,A1,2.390,-81.2,1.768,1.608
5972000,A2,1.910,-83.1,1.761,1.608
5972120,A3,2.280,-80.9,1.761,1.586
5972140,A1,2.360,-81.0,1.736,1.562
5972150,A2,1.920,-83.5,1.729,1.562
5972270,A3,2.260,-80.4,1.729,1.577
5972290,A1,2.400,-80.9,1.763,1.609
5972300,A2,1.870,-83.0,1.797,1.609
5972420,A3,2.230,-80.8,1.797,1.631
5972440,A1,2.340,-81.4,1.746,1.584
5972450,A2,1.900,-82.8,1.726,1.584
5972570,A3,2.260,-80.5,1.726,1.561
5972590,A1,2.370,-81.4,1.751,1.585
5972600,A2,1.900,-83.3,1.751,1.585
5972720,A3,2.260,-81.3,1.751,1.585
5972740,A1,2.350,-81.7,1.734,1.569
5972750,A2,1.900,-82.7,1.734,1.569
5972870,A3,2.220,-81.6,1.734,1.599
5972890,A1,2.360,-81.1,1.742,1.607
5972900,A2,1.920,-83.0,1.729,1.607
5973020,A3,2.270,-80.6,1.729,1.569
5973040,A1,2.400,-81.0,1.763,1.601
5973050,A2,1.900,-83.0,1.777,1.601
5973170,A3,2.280,-80.4,1.777,1.594
5973190,A1,2.380,-80.8,1.759,1.578
5973200,A2,1.910,-83.2,1.753,1.578
5973320,A3,2.250,-80.5,1.753,1.600
5973340,A1,2.360,-81.7,1.736,1.585
5973350,A2,1.910,-82.9,1.736,1.585
5973470,A3,2.280,-79.8,1.736,1.562
5973490,A1,2.390,-81.0,1.761,1.586
5973500,A2,1.900,-84.2,1.768,1.586
5973620,A3,2.260,-80.5,1.768,1.601
5973640,A1,2.380,-80.9,1.759,1.593
5973650,A2,1.910,-83.1,1.753,1.593
5973770,A3,2.240,-80.7,1.753,1.608
5973790,A1,2.360,-81.3,1.736,1.592
5973800,A2,1.910,-83.5,1.736,1.592
5973920,A3,2.230,-81.4,1.736,1.599
5973940,A1,2.370,-81.1,1.744,1.607
5973950,A2,1.880,-82.7,1.765,1.607
5974070,A3,2.250,-81.2,1.765,1.592
5974090,A1,2.360,-81.0,1.756,1.585
5974100,A2,1.900,-82.9,1.742,1.585
5974220,A3,2.230,-82.3,1.742,1.599
5974240,A1,2.380,-81.1,1.759,1.615
5974250,A2,1.940,-82.7,1.732,1.615
5974370,A3,2.260,-80.5,1.732,1.593
5974390,A1,2.330,-81.5,1.690,1.554
5974400,A2,1.940,-82.6,1.690,1.554
5974520,A3,2.250,-80.7,1.690,1.561
5974540,A1,2.320,-81.4,1.681,1.553
5974550,A2,1.900,-83.7,1.709,1.553
5974670,A3,2.260,-80.8,1.709,1.546
5974690,A1,2.380,-81.0,1.759,1.593
5974700,A2,1.900,-83.4,1.759,1.593
5974970,A3,2.230,-81.3,1.759,1.615
5974990,A1,2.380,-80.9,1.759,1.615
5975000,A2,1.870,-83.0,1.780,1.615
5975270,A3,2.230,-80.8,1.780,1.615
5975290,A1,2.360,-81.0,1.763,1.599
5975300,A2,1.900,-83.5,1.742,1.599
5975420,A3,2.230,-80.7,1.742,1.599
5975440,A1,2.360,-81.5,1.742,1.599
5975450,A2,1.880,-83.3,1.756,1.599
5975570,A3,2.280,-80.8,1.756,1.562
5975590,A1,2.360,-81.6,1.756,1.562
5975600,A2,1.920,-82.7,1.729,1.562
5975720,A3,2.250,-80.9,1.729,1.585
5975740,A1,2.370,-81.6,1.737,1.592
5975750,A2,1.890,-82.5,1.758,1.592
5975870,A3,2.230,-81.6,1.758,1.607
5975890,A1,2.370,-81.7,1.758,1.607
5975900,A2,1.900,-83.4,1.751,1.607
5976040,A1,2.340,-81.6,1.726,1.584
5976050,A2,1.910,-83.5,1.719,1.584
5976190,A1,2.360,-81.9,1.736,1.599
5976200,A2,1.900,-83.2,1.742,1.599
5976320,A3,2.260,-80.5,1.742,1.577
5976340,A1,2.370,-81.7,1.751,1.585
5976350,A2,1.900,-83.1,1.751,1.585
5976470,A3,2.280,-80.3,1.751,1.570
5976490,A1,2.340,-81.3,1.726,1.546
5976500,A2,1.930,-82.6,1.705,1.546
5976620,A3,2.280,-79.9,1.705,1.546
5976640,A1,2.360,-81.4,1.722,1.562
5976650,A2,1.910,-83.3,1.736,1.562
5976770,A3,2.260,-80.0,1.736,1.577
5976790,A1,2.350,-81.8,1.727,1.569
5976800,A2,1.900,-83.1,1.734,1.569
5976920,A3,2.240,-80.4,1.734,1.584
5976940,A1,2.380,-81.5,1.759,1.608
5976950,A2,1.900,-82.7,1.759,1.608
5977070,A3,2.270,-80.2,1.759,1.585
5977090,A1,2.350,-81.6,1.734,1.562
5977100,A2,1.900,-82.6,1.734,1.562
5977220,A3,2.260,-80.2,1.734,1.569
5977240,A1,2.330,-81.7,1.717,1.554
5977250,A2,1.920,-82.5,1.703,1.554
5977370,A3,2.290,-80.7,1.703,1.531
5977390,A1,2.340,-81.5,1.712,1.539
5977400,A2,1.910,-83.5,1.719,1.539
5977520,A3,2.260,-80.0,1.719,1.561
5977540,A1,2.360,-81.8,1.736,1.577
5977550,A2,1.980,-82.3,1.687,1.577
5977670,A3,2.260,-80.5,1.687,1.577
5977690,A1,2.360,-81.8,1.687,1.577
5977700,A2,1.900,-83.0,1.742,1.577
5977820,A3,2.260,-80.4,1.742,1.577
5977840,A1,2.310,-81.4,1.700,1.538
5977850,A2,1.900,-83.0,1.700,1.538
5978120,A3,2.270,-80.0,1.700,1.531
5978140,A1,2.340,-81.4,1.726,1.554
5978150,A2,1.920,-82.5,1.712,1.554
5978270,A3,2.270,-80.2,1.712,1.554
5978290,A1,2.330,-81.8,1.703,1.546
5978300,A2,1.910,-83.3,1.710,1.546
5978420,A3,2.240,-80.8,1.710,1.569
5978440,A1,2.370,-81.1,1.744,1.600
5978450,A2,1.900,-83.5,1.751,1.600
5978570,A3,2.220,-81.2,1.751,1.615
5978590,A1,2.360,-81.6,1.742,1.607
5978600,A2,1.920,-82.9,1.729,1.607
5978720,A3,2.230,-80.9,1.729,1.599
5978740,A1,2.360,-81.4,1.729,1.599
5978750,A2,1.930,-82.7,1.722,1.599
5978870,A3,2.240,-80.9,1.722,1.592
5978890,A1,2.390,-81.4,1.747,1.616
5978900,A2,1.920,-83.0,1.754,1.616
5979020,A3,2.260,-81.0,1.754,1.601
5979040,A1,2.390,-81.2,1.754,1.601
5979050,A2,1.910,-82.8,1.761,1.601
5979170,A3,2.270,-80.1,1.761,1.593
5979190,A1,2.380,-81.4,1.753,1.585
5979200,A2,1.900,-83.2,1.759,1.585
5979320,A3,2.250,-80.3,1.759,1.600
5979340,A1,2.360,-81.4,1.742,1.585
5979350,A2,1.910,-82.4,1.736,1.585
5979470,A3,2.260,-80.8,1.736,1.577
5979490,A1,2.350,-81.4,1.727,1.569
5979500,A2,1.920,-82.6,1.720,1.569
5979620,A3,2.260,-80.1,1.720,1.569
5979640,A1,2.370,-81.8,1.737,1.585
5979650,A2,1.890,-82.2,1.758,1.585
5979770,A3,2.270,-80.8,1.758,1.577
5979790,A1,2.320,-81.3,1.716,1.538
5979800,A2,1.920,-83.5,1.695,1.538
5979920,A3,2.280,-80.9,1.695,1.531
5979940,A1,2.330,-81.4,1.703,1.538
5979950,A2,1.900,-82.7,1.717,1.538
5980070,A3,2.250,-81.6,1.717,1.561
5980090,A1,2.350,-81.8,1.734,1.577
5980100,A2,1.900,-82.3,1.734,1.577
5980220,A3,2.240,-81.6,1.734,1.584
5980240,A1,2.350,-81.2,1.734,1.584
5980250,A2,1.900,-83.4,1.734,1.584
5980370,A3,2.220,-80.8,1.734,1.599
5980390,A1,2.370,-81.0,1.751,1.615
5980400,A2,1.920,-82.7,1.737,1.615
5980520,A3,2.270,-81.1,1.737,1.577
5980540,A1,2.360,-80.9,1.729,1.569
5980550,A2,1.930,-83.4,1.722,1.569
5980670,A3,2.240,-80.6,1.722,1.592
5980690,A1,2.360,-81.4,1.722,1.592
5980700,A2,1.920,-83.0,1.729,1.592
5980820,A3,2.250,-81.9,1.729,1.585
5980840,A1,2.390,-80.8,1.754,1.608
5980850,A2,1.920,-82.9,1.754,1.608
5980970,A3,2.230,-80.6,1.754,1.623
5980990,A1,2.340,-81.1,1.712,1.584
5981000,A2,1.920,-83.1,1.712,1.584
5981290,A1,2.380,-81.4,1.746,1.615
5981300,A2,1.900,-83.1,1.759,1.615
5981440,A1,2.350,-81.0,1.734,1.592
5981450,A2,1.910,-82.9,1.727,1.592
5981570,A3,2.260,-81.1,1.727,1.569
5981590,A1,2.380,-81.2,1.753,1.593
5981600,A2,1.920,-83.3,1.746,1.593
5981720,A3,2.260,-81.1,1.746,1.593
5981740,A1,2.380,-81.1,1.746,1.593
5981750,A2,1.950,-82.7,1.725,1.593
5981870,A3,2.260,-81.0,1.725,1.593
5981890,A1,2.360,-81.4,1.708,1.577
5981900,A2,1.910,-82.4,1.736,1.577
5982020,A3,2.240,-81.0,1.736,1.592
5982040,A1,2.340,-81.2,1.719,1.576
5982050,A2,1.900,-82.6,1.726,1.576
5982170,A3,2.250,-81.4,1.726,1.569
5982190,A1,2.340,-81.4,1.726,1.569
5982200,A2,1.930,-82.6,1.705,1.569
5982320,A3,2.260,-80.4,1.705,1.561
5982340,A1,2.370,-81.4,1.730,1.585
5982350,A2,1.930,-82.1,1.730,1.585
5982470,A3,2.250,-81.4,1.730,1.592
5982490,A1,2.360,-81.2,1.722,1.585
5982500,A2,1.930,-82.1,1.722,1.585
5982620,A3,2.260,-80.8,1.722,1.577
5982640,A1,2.370,-81.5,1.730,1.585
5982650,A2,1.910,-83.1,1.744,1.585
5982790,A1,2.370,-81.1,1.744,1.585
5982800,A2,1.920,-82.5,1.737,1.585
5982940,A1,2.350,-81.2,1.720,1.569
5982950,A2,1.890,-82.5,1.741,1.569
5983070,A3,2.250,-81.2,1.741,1.577
5983090,A1,2.340,-81.4,1.732,1.569
5983100,A2,1.900,-83.2,1.726,1.569
5983220,A3,2.260,-80.8,1.726,1.561
5983240,A1,2.360,-81.4,1.742,1.577
5983250,A2,1.930,-82.6,1.722,1.577
5983370,A3,2.240,-80.9,1.722,1.592
5983390,A1,2.390,-81.2,1.747,1.616
5983400,A2,1.900,-82.7,1.768,1.616
5983520,A3,2.240,-80.8,1.768,1.616
5983540,A1,2.360,-81.2,1.742,1.592
5983550,A2,1.930,-82.2,1.722,1.592
5983670,A3,2.230,-81.9,1.722,1.599
5983690,A1,2.370,-81.4,1.730,1.607
5983700,A2,1.900,-82.6,1.751,1.607
5983820,A3,2.220,-80.8,1.751,1.615
5983840,A1,2.370,-81.0,1.751,1.615
5983850,A2,1.890,-83.1,1.758,1.615
5983970,A3,2.250,-81.7,1.758,1.592
5983990,A1,2.350,-80.8,1.741,1.577
5984000,A2,1.900,-82.7,1.734,1.577
5984120,A3,2.250,-81.7,1.734,1.577
5984140,A1,2.410,-80.9,1.785,1.624
5984150,A2,1.900,-82.8,1.785,1.624
5984420,A3,2.250,-80.2,1.785,1.624
5984440,A1,2.380,-81.3,1.759,1.600
5984450,A2,1.930,-83.3,1.739,1.600
5984570,A3,2.240,-80.4,1.739,1.608
5984590,A1,2.360,-80.8,1.722,1.592
5984600,A2,1.900,-83.4,1.742,1.592
5984720,A3,2.260,-80.6,1.742,1.577
5984740,A1,2.390,-81.3,1.768,1.601
5984750,A2,1.920,-83.1,1.754,1.601
5984870,A3,2.220,-82.8,1.754,1.631
5984890,A1,2.360,-81.5,1.729,1.607
5984900,A2,1.920,-82.6,1.729,1.607
5985020,A3,2.240,-80.9,1.729,1.592
5985040,A1,2.380,-81.3,1.746,1.608
5985050,A2,1.900,-82.9,1.759,1.608
5985170,A3,2.240,-80.8,1.759,1.608
5985190,A1,2.400,-80.6,1.777,1.624
5985200,A2,1.890,-83.0,1.784,1.624
5985320,A3,2.260,-80.8,1.784,1.609
5985340,A1,2.360,-81.1,1.749,1.577
5985350,A2,1.900,-83.6,1.742,1.577
5985470,A3,2.240,-80.6,1.742,1.592
5985490,A1,2.380,-80.8,1.759,1.608
5985500,A2,1.890,-83.1,1.766,1.608
5985620,A3,2.250,-80.9,1.766,1.600
5985640,A1,2.340,-81.0,1.732,1.569
5985650,A2,1.890,-82.3,1.732,1.569
5985770,A3,2.240,-80.4,1.732,1.576
5985790,A1,2.370,-80.7,1.758,1.600
5985800,A2,1.890,-83.5,1.758,1.600
5985920,A3,2.250,-81.3,1.758,1.592
5985940,A1,2.390,-80.6,1.775,1.608
5985950,A2,1.920,-83.2,1.754,1.608
5986070,A3,2.230,-80.6,1.754,1.623
5986090,A1,2.440,-80.8,1.798,1.663
5986100,A2,1.910,-83.0,1.805,1.663
5986220,A3,2.240,-81.3,1.805,1.656
5986240,A1,2.430,-81.2,1.796,1.648
5986250,A2,1.920,-82.8,1.789,1.648
5986370,A3,2.230,-80.6,1.789,1.655
5986390,A1,2.400,-80.7,1.763,1.631
5986400,A2,1.900,-82.9,1.777,1.631
5986520,A3,2.220,-81.5,1.777,1.639
5986540,A1,2.380,-80.9,1.759,1.623
5986550,A2,1.890,-82.7,1.766,1.623
5986670,A3,2.260,-80.6,1.766,1.593
5986690,A1,2.380,-80.9,1.766,1.593
5986700,A2,1.890,-83.6,1.766,1.593
5986820,A3,2.240,-80.7,1.766,1.608
5986840,A1,2.370,-80.6,1.758,1.600
5986850,A2,1.910,-83.0,1.744,1.600
5986970,A3,2.250,-81.7,1.744,1.592
5986990,A1,2.380,-80.7,1.753,1.600
5987000,A2,1.900,-83.0,1.759,1.600
5987120,A3,2.250,-81.5,1.759,1.600
5987140,A1,2.390,-80.9,1.768,1.608
5987150,A2,1.910,-83.1,1.761,1.608
5987270,A3,2.250,-81.5,1.761,1.608
5987290,A1,2.390,-81.0,1.761,1.608
5987300,A2,1.900,-83.1,1.768,1.608
5987570,A3,2.260,-81.0,1.768,1.601
5987590,A1,2.340,-81.0,1.726,1.561
5987600,A2,1.900,-83.2,1.726,1.561
5987720,A3,2.250,-80.5,1.726,1.569
5987740,A1,2.340,-81.9,1.726,1.569
5987750,A2,1.900,-82.5,1.726,1.569
5987870,A3,2.240,-80.8,1.726,1.576
5987890,A1,2.360,-80.7,1.742,1.592
5987900,A2,1.910,-83.4,1.736,1.592
5988020,A3,2.250,-81.5,1.736,1.585
5988040,A1,2.370,-81.0,1.744,1.592
5988050,A2,1.910,-83.9,1.744,1.592
5988170,A3,2.250,-80.8,1.744,1.592
5988190,A1,2.350,-81.4,1.727,1.577
5988200,A2,1.880,-83.3,1.748,1.577
5988320,A3,2.260,-81.1,1.748,1.569
5988340,A1,2.350,-81.8,1.748,1.569
5988350,A2,1.890,-83.2,1.741,1.569
5988470,A3,2.230,-80.6,1.741,1.592
5988490,A1,2.360,-81.4,1.749,1.599
5988500,A2,1.890,-83.3,1.749,1.599
5988620,A3,2.250,-80.8,1.749,1.585
5988640,A1,2.370,-81.2,1.758,1.592
5988650,A2,1.900,-82.9,1.751,1.592
5988770,A3,2.220,-80.7,1.751,1.615
5988790,A1,2.370,-80.8,1.751,1.615
5988800,A2,1.900,-83.6,1.751,1.615
5988920,A3,2.250,-81.5,1.751,1.592
5988940,A1,2.390,-80.9,1.768,1.608
5988950,A2,1.900,-83.4,1.768,1.608
5989070,A3,2.280,-80.4,1.768,1.586
5989090,A1,2.400,-81.8,1.777,1.594
5989100,A2,1.900,-83.6,1.777,1.594
5989220,A3,2.260,-81.2,1.777,1.609
5989240,A1,2.340,-81.1,1.726,1.561
5989250,A2,1.920,-82.6,1.712,1.561
5989370,A3,2.250,-80.7,1.712,1.569
5989390,A1,2.370,-81.2,1.737,1.592
5989400,A2,1.910,-82.9,1.744,1.592
5989520,A3,2.260,-80.0,1.744,1.585
5989540,A1,2.350,-81.1,1.727,1.569
5989550,A2,1.910,-83.4,1.727,1.569
5989670,A3,2.270,-80.2,1.727,1.562
5989690,A1,2.350,-81.7,1.727,1.562
5989700,A2,1.880,-83.8,1.748,1.562
5989820,A3,2.270,-80.4,1.748,1.562
5989840,A1,2.350,-81.4,1.748,1.562
5989850,A2,1.880,-83.5,1.748,1.562
5989970,A3,2.260,-81.1,1.748,1.569
5989990,A1,2.370,-80.8,1.765,1.585
5990000,A2,1.910,-82.9,1.744,1.585
5990120,A3,2.220,-82.0,1.744,1.615
5990140,A1,2.410,-81.0,1.778,1.647
5990150,A2,1.900,-82.9,1.785,1.647
5990270,A3,2.210,-82.2,1.785,1.654
5990290,A1,2.360,-81.5,1.742,1.614
5990300,A2,1.910,-83.4,1.736,1.614
5990420,A3,2.200,-81.8,1.736,1.622
5990440,A1,2.370,-81.1,1.744,1.629
5990450,A2,1.900,-83.5,1.751,1.629
5990720,A3,2.250,-80.7,1.751,1.592
5990740,A1,2.370,-81.3,1.751,1.592
5990750,A2,1.880,-82.6,1.765,1.592
5990870,A3,2.250,-81.2,1.765,1.592
5990890,A1,2.390,-81.4,1.782,1.608
5990900,A2,1.900,-83.1,1.768,1.608
5991020,A3,2.270,-80.7,1.768,1.593
5991040,A1,2.360,-81.3,1.742,1.569
5991050,A2,1.900,-84.0,1.742,1.569
5991170,A3,2.270,-81.0,1.742,1.569
5991190,A1,2.360,-80.7,1.742,1.569
5991200,A2,1.890,-83.4,1.749,1.569
5991320,A3,2.250,-81.0,1.749,1.585
5991340,A1,2.350,-80.7,1.741,1.577
5991350,A2,1.920,-83.7,1.720,1.577
5991470,A3,2.240,-80.1,1.720,1.584
5991490,A1,2.350,-81.6,1.720,1.584
5991500,A2,1.900,-83.0,1.734,1.584
5991620,A3,2.240,-80.8,1.734,1.584
5991640,A1,2.360,-81.0,1.742,1.592
5991650,A2,1.900,-83.9,1.742,1.592
5991770,A3,2.230,-80.1,1.742,1.599
5991790,A1,2.410,-81.1,1.785,1.639
5991800,A2,1.930,-82.7,1.765,1.639
5991920,A3,2.210,-81.4,1.765,1.654
5991940,A1,2.360,-81.0,1.722,1.614
5991950,A2,1.900,-82.8,1.742,1.614
5992070,A3,2.230,-80.7,1.742,1.599
5992090,A1,2.360,-81.5,1.742,1.599
5992100,A2,1.890,-83.1,1.749,1.599
5992220,A3,2.250,-81.3,1.749,1.585
5992240,A1,2.370,-81.6,1.758,1.592
5992250,A2,1.900,-83.1,1.751,1.592
5992370,A3,2.230,-81.0,1.751,1.607
5992390,A1,2.340,-81.7,1.726,1.584
5992400,A2,1.900,-83.0,1.726,1.584
5992520,A3,2.210,-81.5,1.726,1.599
5992540,A1,2.350,-81.6,1.734,1.606
5992550,A2,1.890,-83.1,1.741,1.606
5992670,A3,2.230,-81.6,1.741,1.592
5992690,A1,2.350,-81.4,1.741,1.592
5992700,A2,1.900,-82.5,1.734,1.592
5992820,A3,2.240,-81.3,1.734,1.584
5992840,A1,2.370,-81.7,1.751,1.600
5992850,A2,1.900,-82.6,1.751,1.600
5992970,A3,2.260,-81.1,1.751,1.585
5992990,A1,2.330,-81.8,1.717,1.554
5993000,A2,1.900,-83.6,1.717,1.554
5993120,A3,2.250,-81.2,1.717,1.561
5993140,A1,2.340,-81.1,1.726,1.569
5993150,A2,1.910,-83.2,1.719,1.569
5993270,A3,2.260,-81.2,1.719,1.561
5993290,A1,2.370,-81.2,1.744,1.585
5993300,A2,1.910,-82.8,1.744,1.585
5993420,A3,2.250,-80.9,1.744,1.592
5993440,A1,2.340,-81.2,1.719,1.569
5993450,A2,1.910,-83.1,1.719,1.569
5993570,A3,2.250,-80.9,1.719,1.569
5993590,A1,2.360,-81.6,1.736,1.585
5993600,A2,1.910,-82.9,1.736,1.585
5993870,A3,2.240,-80.4,1.736,1.592
5993890,A1,2.360,-81.6,1.736,1.592
5993900,A2,1.900,-82.8,1.742,1.592
5994020,A3,2.240,-80.8,1.742,1.592
5994040,A1,2.410,-80.6,1.785,1.632
5994050,A2,1.900,-84.0,1.785,1.632
5994170,A3,2.250,-80.6,1.785,1.624
5994190,A1,2.410,-81.7,1.785,1.624
5994200,A2,1.940,-84.0,1.758,1.624
5994320,A3,2.240,-80.2,1.758,1.632
5994340,A1,2.350,-81.5,1.706,1.584
5994350,A2,1.910,-82.8,1.727,1.584
5994470,A3,2.230,-80.8,1.727,1.592
5994490,A1,2.330,-80.9,1.710,1.576
5994500,A2,1.920,-82.7,1.703,1.576
5994620,A3,2.240,-80.3,1.703,1.569
5994640,A1,2.390,-80.5,1.754,1.616
5994650,A2,1.950,-83.3,1.733,1.616
5994770,A3,2.270,-80.8,1.733,1.593
5994790,A1,2.340,-80.6,1.691,1.554
5994800,A2,1.900,-83.5,1.726,1.554
5994920,A3,2.240,-80.0,1.726,1.576
5994940,A1,2.380,-80.6,1.759,1.608
5994950,A2,1.920,-82.5,1.746,1.608
5995070,A3,2.250,-80.0,1.746,1.600
5995090,A1,2.390,-80.8,1.754,1.608
5995100,A2,1.930,-82.7,1.747,1.608
5995220,A3,2.250,-81.1,1.747,1.608
5995240,A1,2.380,-80.8,1.739,1.600
5995250,A2,1.920,-82.8,1.746,1.600
5995370,A3,2.230,-81.2,1.746,1.615
5995390,A1,2.410,-80.6,1.772,1.639
5995400,A2,1.930,-82.8,1.765,1.639
5995520,A3,2.280,-82.4,1.765,1.602
5995540,A1,2.420,-81.7,1.773,1.610
5995550,A2,1.920,-83.3,1.780,1.610
5995670,A3,2.260,-80.5,1.780,1.625
5995690,A1,2.350,-81.1,1.720,1.569
5995700,A2,1.900,-82.5,1.734,1.569
5995820,A3,2.260,-80.3,1.734,1.569
5995840,A1,2.330,-81.1,1.717,1.554
5995850,A2,1.940,-82.9,1.690,1.554
5995970,A3,2.250,-80.2,1.690,1.561
5995990,A1,2.360,-81.6,1.715,1.585
5996000,A2,1.930,-83.3,1.722,1.585
5996120,A3,2.260,-81.1,1.722,1.577
5996140,A1,2.370,-81.4,1.730,1.585
5996150,A2,1.900,-82.9,1.751,1.585
5996270,A3,2.280,-80.3,1.751,1.570
5996290,A1,2.390,-81.5,1.768,1.586
5996300,A2,1.910,-82.1,1.761,1.586
5996420,A3,2.230,-81.4,1.761,1.623
5996440,A1,2.350,-81.1,1.727,1.592
5996450,A2,1.920,-83.2,1.720,1.592
5996570,A3,2.250,-80.1,1.720,1.577
5996590,A1,2.360,-81.7,1.729,1.585
5996600,A2,1.890,-83.5,1.749,1.585
5996720,A3,2.270,-80.0,1.749,1.569
5996740,A1,2.340,-81.3,1.732,1.554
5996750,A2,1.890,-84.1,1.732,1.554
5997020,A3,2.250,-80.8,1.732,1.569
5997040,A1,2.340,-81.8,1.732,1.569
5997050,A2,1.900,-83.9,1.726,1.569
5997170,A3,2.250,-80.6,1.726,1.569
5997190,A1,2.350,-81.7,1.734,1.577
5997200,A2,1.890,-83.3,1.741,1.577
5997320,A3,2.220,-80.9,1.741,1.599
5997340,A1,2.370,-81.1,1.758,1.615
5997350,A2,1.900,-83.4,1.751,1.615
5997470,A3,2.270,-80.5,1.751,1.577
5997490,A1,2.370,-81.1,1.751,1.577
5997500,A2,1.910,-81.9,1.744,1.577
5997620,A3,2.280,-80.6,1.744,1.570
5997640,A1,2.390,-81.3,1.761,1.586
5997650,A2,1.890,-83.6,1.775,1.586
5997770,A3,2.250,-81.0,1.775,1.608
5997790,A1,2.400,-80.8,1.784,1.616
5997800,A2,1.870,-83.2,1.797,1.616
5997920,A3,2.270,-80.5,1.797,1.601
5997940,A1,2.360,-81.7,1.763,1.569
5997950,A2,1.900,-82.5,1.742,1.569
5998070,A3,2.260,-80.3,1.742,1.577
5998090,A1,2.380,-80.7,1.759,1.593
5998100,A2,1.940,-82.4,1.732,1.593
5998220,A3,2.240,-80.4,1.732,1.608
5998240,A1,2.400,-80.7,1.749,1.624
5998250,A2,1.910,-82.5,1.770,1.624
5998370,A3,2.240,-80.6,1.770,1.624
5998390,A1,2.390,-81.0,1.761,1.616
5998400,A2,1.910,-83.2,1.761,1.616
5998520,A3,2.230,-80.9,1.761,1.623
5998540,A1,2.390,-80.5,1.761,1.623
5998550,A2,1.890,-82.4,1.775,1.623
5998670,A3,2.240,-80.4,1.775,1.616
5998690,A1,2.360,-81.2,1.749,1.592
5998700,A2,1.870,-83.7,1.763,1.592
5998820,A3,2.270,-80.7,1.763,1.569
5998840,A1,2.380,-81.5,1.780,1.585
5998850,A2,1.910,-83.8,1.753,1.585
5998970,A3,2.260,-80.2,1.753,1.593
5998990,A1,2.380,-81.4,1.753,1.593
5999000,A2,1.900,-84.1,1.759,1.593
5999120,A3,2.250,-81.1,1.759,1.600
5999140,A1,2.340,-81.5,1.726,1.569
5999150,A2,1.890,-83.5,1.732,1.569
5999270,A3,2.260,-80.6,1.732,1.561
5999290,A1,2.350,-81.7,1.741,1.569
5999300,A2,1.900,-83.1,1.734,1.569
5999420,A3,2.260,-80.5,1.734,1.569
5999440,A1,2.370,-81.0,1.751,1.585
5999450,A2,1.900,-83.3,1.751,1.585
5999570,A3,2.260,-80.2,1.751,1.585
5999590,A1,2.360,-81.2,1.742,1.577
5999600,A2,1.900,-84.2,1.742,1.577
5999720,A3,2.270,-80.6,1.742,1.569
5999740,A1,2.370,-81.5,1.751,1.577
5999750,A2,1.920,-83.3,1.737,1.577
5999870,A3,2.290,-79.8,1.737,1.562
5999890,A1,2.370,-81.1,1.737,1.562
5999900,A2,1.890,-84.0,1.758,1.562
6000170,A3,2.270,-81.0,1.758,1.577
6000190,A1,2.390,-80.5,1.775,1.593
6000200,A2,1.890,-82.9,1.775,1.593
6000320,A3,2.270,-80.1,1.775,1.593
6000340,A1,2.360,-80.8,1.749,1.569
6000350,A2,1.920,-82.9,1.729,1.569
6000470,A3,2.260,-80.0,1.729,1.577
6000490,A1,2.330,-81.7,1.703,1.554
6000500,A2,1.930,-82.8,1.696,1.554
6000620,A3,2.250,-81.2,1.696,1.561
6000640,A1,2.370,-81.2,1.730,1.592
6000650,A2,1.900,-82.9,1.751,1.592
6000770,A3,2.250,-81.3,1.751,1.592
6000790,A1,2.360,-81.5,1.742,1.585
6000800,A2,1.900,-83.2,1.742,1.585
6000920,A3,2.230,-81.3,1.742,1.599
6000940,A1,2.360,-80.9,1.742,1.599
6000950,A2,1.900,-83.4,1.742,1.599
6001070,A3,2.240,-80.3,1.742,1.592
6001090,A1,2.380,-80.6,1.759,1.608
6001100,A2,1.910,-83.0,1.753,1.608
6001220,A3,2.230,-80.6,1.753,1.615
6001240,A1,2.350,-81.2,1.727,1.592
6001250,A2,1.890,-83.6,1.741,1.592
6001370,A3,2.270,-80.8,1.741,1.562
6001390,A1,2.360,-80.7,1.749,1.569
6001400,A2,1.910,-82.8,1.736,1.569
6001520,A3,2.270,-80.7,1.736,1.569
6001540,A1,2.370,-81.2,1.744,1.577
6001550,A2,1.920,-82.6,1.737,1.577
6001670,A3,2.240,-80.7,1.737,1.600
6001690,A1,2.360,-81.3,1.729,1.592
6001700,A2,1.910,-83.1,1.736,1.592
6001820,A3,2.240,-80.9,1.736,1.592
6001840,A1,2.390,-81.1,1.761,1.616
6001850,A2,1.910,-82.7,1.761,1.616
6001970,A3,2.240,-80.7,1.761,1.616
6001990,A1,2.350,-81.2,1.727,1.584
6002000,A2,1.910,-82.8,1.727,1.584
6002270,A3,2.200,-81.1,1.727,1.614
6002290,A1,2.360,-80.9,1.736,1.622
6002300,A2,1.920,-83.3,1.729,1.622
6002420,A3,2.260,-81.2,1.729,1.577
6002440,A1,2.380,-81.6,1.746,1.593
6002450,A2,1.890,-82.6,1.766,1.593
6002570,A3,2.240,-80.7,1.766,1.608
6002590,A1,2.380,-81.5,1.766,1.608
6002600,A2,1.900,-84.5,1.759,1.608
6002720,A3,2.250,-80.7,1.759,1.600
6002740,A1,2.380,-80.8,1.759,1.600
6002750,A2,1.900,-82.6,1.759,1.600
6002870,A3,2.250,-80.4,1.759,1.600
6002890,A1,2.380,-81.0,1.759,1.600
6002900,A2,1.900,-83.2,1.759,1.600
6003020,A3,2.280,-79.9,1.759,1.578
6003040,A1,2.380,-82.0,1.759,1.578
6003050,A2,1.930,-83.4,1.739,1.578
6003320,A3,2.280,-80.8,1.739,1.578
6003340,A1,2.370,-81.5,1.730,1.570
6003350,A2,1.920,-83.3,1.737,1.570
6003470,A3,2.270,-80.5,1.737,1.577
6003490,A1,2.380,-81.2,1.746,1.585
6003500,A2,1.890,-82.8,1.766,1.585
6003620,A3,2.270,-80.1,1.766,1.585
6003640,A1,2.390,-81.2,1.775,1.593
6003650,A2,1.920,-82.8,1.754,1.593
6003770,A3,2.270,-80.1,1.754,1.593
6003790,A1,2.390,-80.9,1.754,1.593
6003800,A2,1.900,-82.7,1.768,1.593
6003920,A3,2.270,-80.6,1.768,1.593
6003940,A1,2.360,-81.0,1.742,1.569
6003950,A2,1.910,-83.2,1.736,1.569
6004070,A3,2.280,-80.1,1.736,1.562
6004090,A1,2.350,-81.0,1.727,1.554
6004100,A2,1.910,-83.1,1.727,1.554
6004220,A3,2.230,-80.7,1.727,1.592
6004240,A1,2.380,-80.8,1.753,1.615
6004250,A2,1.900,-83.2,1.759,1.615
6004370,A3,2.300,-80.2,1.759,1.562
6004390,A1,2.350,-80.9,1.734,1.539
6004400,A2,1.910,-83.8,1.727,1.539
6004520,A3,2.280,-81.0,1.727,1.554
6004540,A1,2.350,-80.7,1.727,1.554
6004550,A2,1.910,-83.1,1.727,1.554
6004670,A3,2.260,-80.8,1.727,1.569
6004690,A1,2.410,-80.8,1.778,1.617
6004700,A2,1.910,-83.2,1.778,1.617
6004820,A3,2.270,-81.2,1.778,1.609
6004840,A1,2.360,-80.9,1.736,1.569
6004850,A2,1.900,-83.7,1.742,1.569
6004970,A3,2.240,-80.9,1.742,1.592
6004990,A1,2.340,-81.0,1.726,1.576
6005000,A2,1.900,-83.2,1.726,1.576
6005120,A3,2.260,-80.8,1.726,1.561
6005140,A1,2.380,-80.7,1.759,1.593
6005150,A2,1.910,-83.1,1.753,1.593
6005270,A3,2.250,-80.6,1.753,1.600
6005290,A1,2.340,-80.9,1.719,1.569
6005300,A2,1.910,-82.8,1.719,1.569
6005420,A3,2.250,-80.5,1.719,1.569
6005440,A1,2.400,-81.1,1.770,1.616
6005450,A2,1.940,-82.7,1.749,1.616
6005570,A3,2.250,-80.3,1.749,1.616
6005590,A1,2.370,-81.1,1.723,1.592
6005600,A2,1.930,-82.5,1.730,1.592
6005720,A3,2.230,-80.8,1.730,1.607
6005750,A2,1.910,-82.8,1.744,1.607
6005900,A2,1.920,-83.1,1.737,1.607
6006020,A3,2.250,-81.0,1.737,1.592
6006040,A1,2.360,-81.2,1.729,1.585
6006050,A2,1.910,-83.3,1.736,1.585
6006170,A3,2.270,-82.3,1.736,1.569
6006190,A1,2.340,-81.9,1.719,1.554
6006200,A2,1.920,-83.2,1.712,1.554
6006470,A3,2.240,-80.6,1.712,1.576
6006490,A1,2.370,-81.0,1.737,1.600
6006500,A2,1.950,-83.5,1.716,1.600
6006620,A3,2.260,-81.0,1.716,1.585
6006640,A1,2.360,-81.2,1.708,1.577
6006650,A2,1.910,-82.6,1.736,1.577
6006790,A1,2.360,-81.2,1.736,1.577
6006800,A2,1.920,-83.6,1.729,1.577
6006940,A1,2.390,-81.3,1.754,1.601
6006950,A2,1.930,-83.2,1.747,1.601
6007070,A3,2.260,-80.9,1.747,1.601
6007090,A1,2.390,-81.3,1.747,1.601
6007100,A2,1.920,-82.3,1.754,1.601
6007220,A3,2.240,-81.2,1.754,1.616
6007240,A1,2.370,-80.8,1.737,1.600
6007250,A2,1.900,-82.4,1.751,1.600
6007370,A3,2.240,-80.9,1.751,1.600
6007390,A1,2.360,-81.4,1.742,1.592
6007400,A2,1.900,-82.9,1.742,1.592
6007520,A3,2.260,-81.2,1.742,1.577
6007540,A1,2.350,-80.8,1.734,1.569
6007550,A2,1.930,-83.0,1.713,1.569
6007670,A3,2.230,-80.3,1.713,1.592
6007690,A1,2.370,-81.2,1.730,1.607
6007700,A2,1.920,-83.0,1.737,1.607
6007820,A3,2.280,-80.5,1.737,1.570
6007840,A1,2.350,-80.8,1.720,1.554
6007850,A2,1.930,-83.0,1.713,1.554
6007970,A3,2.280,-80.4,1.713,1.554
6007990,A1,2.360,-81.1,1.722,1.562
6008000,A2,1.930,-83.3,1.722,1.562
6008120,A3,2.250,-80.7,1.722,1.585
6008140,A1,2.390,-80.7,1.747,1.608
6008150,A2,1.920,-83.2,1.754,1.608
6008270,A3,2.290,-80.3,1.754,1.578
6008290,A1,2.370,-80.7,1.737,1.562
6008300,A2,1.900,-82.8,1.751,1.562
6008420,A3,2.270,-80.2,1.751,1.577
6008440,A1,2.370,-80.6,1.751,1.577
6008450,A2,1.950,-83.2,1.716,1.577
6008570,A3,2.240,-81.2,1.716,1.600
6008600,A2,1.910,-82.6,1.744,1.600
6008750,A2,1.930,-83.3,1.730,1.600
6008870,A3,2.250,-81.1,1.730,1.592
6008890,A1,2.400,-80.6,1.756,1.616
6008900,A2,1.880,-82.8,1.790,1.616
6009020,A3,2.260,-80.6,1.790,1.609
6009040,A1,2.410,-80.6,1.799,1.617
6009050,A2,1.890,-82.6,1.792,1.617
6009170,A3,2.280,-80.3,1.792,1.602
6009190,A1,2.360,-81.2,1.749,1.562
6009200,A2,1.910,-82.6,1.736,1.562
6009320,A3,2.230,-80.8,1.736,1.599
6009340,A1,2.370,-81.0,1.744,1.607
6009350,A2,1.900,-83.3,1.751,1.607
6009620,A3,2.240,-81.0,1.751,1.600
6009640,A1,2.400,-80.9,1.777,1.624
6009650,A2,1.900,-83.1,1.777,1.624
6009770,A3,2.250,-80.5,1.777,1.616
6009790,A1,2.350,-80.9,1.734,1.577
6009800,A2,1.930,-82.8,1.713,1.577
6009920,A3,2.270,-80.5,1.713,1.562
6009940,A1,2.370,-80.9,1.730,1.577
6009950,A2,1.930,-83.1,1.730,1.577
6010070,A3,2.240,-80.8,1.730,1.600
6010090,A1,2.400,-80.7,1.756,1.624
6010100,A2,1.930,-82.5,1.756,1.624
6010220,A3,2.230,-81.0,1.756,1.631
6010240,A1,2.340,-80.9,1.705,1.584
6010250,A2,1.920,-82.4,1.712,1.584
6010370,A3,2.250,-80.9,1.712,1.569
6010390,A1,2.360,-80.7,1.729,1.585
6010400,A2,1.910,-82.6,1.736,1.585
6010520,A3,2.270,-80.9,1.736,1.569
6010540,A1,2.360,-80.6,1.736,1.569
6010550,A2,1.930,-83.1,1.722,1.569
6010670,A3,2.240,-81.4,1.722,1.592
6010690,A1,2.380,-80.8,1.739,1.608
6010700,A2,1.910,-82.7,1.753,1.608
6010820,A3,2.240,-80.8,1.753,1.608
6010840,A1,2.380,-80.8,1.753,1.608
6010850,A2,1.900,-82.9,1.759,1.608
6010970,A3,2.230,-80.5,1.759,1.615
6010990,A1,2.320,-81.1,1.709,1.568
6011000,A2,1.890,-82.8,1.716,1.568
6011120,A3,2.270,-80.4,1.716,1.538
6011140,A1,2.370,-80.9,1.758,1.577
6011150,A2,1.900,-83.0,1.751,1.577
6011270,A3,2.250,-80.9,1.751,1.592
6011290,A1,2.390,-80.8,1.768,1.608
6011300,A2,1.940,-83.1,1.740,1.608
6011420,A3,2.270,-80.8,1.740,1.593
6011440,A1,2.360,-80.8,1.715,1.569
6011450,A2,1.920,-82.5,1.729,1.569
6011570,A3,2.230,-81.1,1.729,1.599
6011590,A1,2.380,-80.9,1.746,1.615
6011600,A2,1.900,-83.1,1.759,1.615
6011720,A3,2.230,-81.1,1.759,1.615
6011740,A1,2.340,-81.0,1.726,1.584
6011750,A2,1.930,-82.9,1.705,1.584
6011870,A3,2.250,-80.2,1.705,1.569
6011890,A1,2.370,-81.3,1.730,1.592
6011900,A2,1.900,-83.3,1.751,1.592
6012020,A3,2.260,-80.4,1.751,1.585
6012040,A1,2.350,-80.9,1.734,1.569
6012050,A2,1.920,-83.1,1.720,1.569
6012170,A3,2.260,-80.5,1.720,1.569
6012190,A1,2.340,-82.2,1.712,1.561
6012200,A2,1.920,-83.1,1.712,1.561
6012320,A3,2.240,-80.7,1.712,1.576
6012340,A1,2.390,-81.0,1.754,1.616
6012350,A2,1.890,-83.7,1.775,1.616
6012470,A3,2.230,-81.0,1.775,1.623
6012490,A1,2.350,-81.5,1.741,1.592
6012500,A2,1.900,-83.2,1.734,1.592
6012770,A3,2.250,-80.6,1.734,1.577
6012790,A1,2.310,-81.1,1.700,1.546
6012800,A2,1.870,-83.1,1.721,1.546
6012920,A3,2.240,-80.4,1.721,1.553
6012940,A1,2.320,-81.0,1.729,1.561
6012950,A2,1.890,-82.4,1.716,1.561
6013070,A3,2.270,-80.8,1.716,1.538
6013100,A2,1.860,-82.6,1.736,1.538
6013250,A2,1.930,-82.8,1.688,1.538
6013370,A3,2.230,-80.7,1.688,1.568
6013390,A1,2.360,-81.2,1.722,1.599
6013400,A2,1.900,-83.0,1.742,1.599
6013520,A3,2.230,-81.4,1.742,1.599
6013540,A1,2.370,-81.7,1.751,1.607
6013550,A2,1.890,-82.9,1.758,1.607
6013670,A3,2.220,-81.2,1.758,1.615
6013690,A1,2.390,-80.6,1.775,1.631
6013700,A2,1.880,-83.1,1.782,1.631
6013820,A3,2.250,-80.7,1.782,1.608
6013840,A1,2.350,-81.8,1.748,1.577
6013850,A2,1.910,-83.0,1.727,1.577
6013970,A3,2.260,-80.6,1.727,1.569
6013990,A1,2.360,-81.1,1.736,1.577
6014000,A2,1.910,-82.9,1.736,1.577
6014120,A3,2.250,-80.8,1.736,1.585
6014140,A1,2.420,-80.6,1.787,1.632
6014150,A2,1.890,-82.7,1.801,1.632
6014270,A3,2.240,-81.1,1.801,1.640
6014290,A1,2.360,-80.8,1.749,1.592
6014300,A2,1.890,-83.4,1.749,1.592
6014420,A3,2.260,-80.4,1.749,1.577
6014440,A1,2.350,-80.8,1.741,1.569
6014450,A2,1.900,-82.9,1.734,1.569
6014570,A3,2.260,-79.8,1.734,1.569
6014590,A1,2.420,-80.7,1.794,1.625
6014600,A2,1.910,-83.5,1.787,1.625
6014720,A3,2.290,-79.9,1.787,1.602
6014740,A1,2.330,-81.0,1.710,1.531
6014750,A2,1.880,-83.5,1.731,1.531
6014870,A3,2.270,-80.3,1.731,1.546
6014890,A1,2.370,-80.6,1.765,1.577
6014900,A2,1.870,-83.7,1.771,1.577
6015020,A3,2.280,-79.6,1.771,1.570
6015040,A1,2.370,-80.8,1.771,1.570
6015050,A2,1.900,-83.5,1.751,1.570
6015170,A3,2.270,-80.4,1.751,1.577
6015190,A1,2.390,-80.5,1.768,1.593
6015200,A2,1.900,-83.0,1.768,1.593
6015320,A3,2.270,-79.9,1.768,1.593
6015340,A1,2.400,-80.9,1.777,1.601
6015350,A2,1.900,-83.7,1.777,1.601
6015470,A3,2.270,-80.5,1.777,1.601
6015490,A1,2.360,-81.1,1.742,1.569
6015500,A2,1.900,-83.1,1.742,1.569
6015640,A1,2.420,-81.2,1.794,1.617
6015650,A2,1.900,-83.1,1.794,1.617
6015920,A3,2.260,-79.9,1.794,1.625
6015940,A1,2.390,-81.4,1.768,1.601
6015950,A2,1.930,-83.4,1.747,1.601
6016070,A3,2.280,-81.0,1.747,1.586
6016090,A1,2.380,-80.9,1.739,1.578
6016100,A2,1.880,-83.6,1.773,1.578
6016220,A3,2.240,-80.4,1.773,1.608
6016240,A1,2.390,-80.7,1.782,1.616
6016250,A2,1.900,-83.1,1.768,1.616
6016370,A3,2.270,-80.0,1.768,1.593
6016390,A1,2.350,-80.8,1.734,1.562
6016400,A2,1.900,-82.6,1.734,1.562
6016520,A3,2.250,-80.3,1.734,1.577
6016540,A1,2.370,-81.2,1.751,1.592
6016550,A2,1.880,-82.3,1.765,1.592
6016670,A3,2.270,-80.7,1.765,1.577
6016690,A1,2.360,-81.1,1.756,1.569
6016700,A2,1.890,-83.6,1.749,1.569
6016820,A3,2.260,-81.2,1.749,1.577
6016840,A1,2.360,-81.4,1.749,1.577
6016850,A2,1.890,-83.5,1.749,1.577
6016970,A3,2.260,-81.0,1.749,1.577
6016990,A1,2.350,-81.7,1.741,1.569
6017000,A2,1.900,-82.8,1.734,1.569
6017120,A3,2.230,-81.6,1.734,1.592
6017140,A1,2.360,-81.3,1.742,1.599
6017150,A2,1.900,-83.1,1.742,1.599
6017270,A3,2.220,-81.0,1.742,1.607
6017290,A1,2.360,-81.4,1.742,1.607
6017300,A2,1.900,-82.8,1.742,1.607
6017420,A3,2.250,-80.8,1.742,1.585
6017440,A1,2.370,-81.4,1.751,1.592
6017450,A2,1.890,-83.1,1.758,1.592
6017570,A3,2.230,-80.8,1.758,1.607
6017590,A1,2.350,-81.2,1.741,1.592
6017600,A2,1.890,-82.8,1.741,1.592
6017720,A3,2.270,-80.8,1.741,1.562
6017740,A1,2.350,-80.9,1.741,1.562
6017750,A2,1.910,-82.1,1.727,1.562
6017870,A3,2.250,-80.3,1.727,1.577
6017890,A1,2.380,-81.0,1.753,1.600
6017900,A2,1.890,-83.1,1.766,1.600
6018020,A3,2.250,-80.9,1.766,1.600
6018040,A1,2.340,-81.5,1.732,1.569
6018050,A2,1.910,-82.6,1.719,1.569
6018170,A3,2.270,-81.1,1.719,1.554
6018190,A1,2.400,-81.2,1.770,1.601
6018200,A2,1.900,-83.3,1.777,1.601
6018320,A3,2.270,-80.3,1.777,1.601
6018340,A1,2.390,-81.6,1.768,1.593
6018350,A2,1.900,-83.4,1.768,1.593
6018470,A3,2.220,-81.0,1.768,1.631
6018490,A1,2.360,-80.9,1.742,1.607
6018500,A2,1.910,-82.6,1.736,1.607
6018620,A3,2.260,-80.5,1.736,1.577
6018640,A1,2.380,-80.8,1.753,1.593
6018650,A2,1.890,-82.5,1.766,1.593
6018770,A3,2.240,-80.9,1.766,1.608
6018790,A1,2.410,-81.3,1.792,1.632
6018800,A2,1.920,-82.8,1.772,1.632
6019070,A3,2.260,-81.0,1.772,1.617
6019090,A1,2.360,-80.5,1.729,1.577
6019100,A2,1.890,-83.1,1.749,1.577
6019220,A3,2.240,-81.0,1.749,1.592
6019240,A1,2.390,-80.9,1.775,1.616
6019250,A2,1.910,-83.2,1.761,1.616
6019370,A3,2.230,-81.1,1.761,1.623
6019390,A1,2.390,-80.7,1.761,1.623
6019400,A2,1.920,-82.8,1.754,1.623
6019520,A3,2.270,-80.3,1.754,1.593
6019540,A1,2.430,-81.1,1.789,1.625
6019550,A2,1.910,-82.9,1.796,1.625
6019670,A3,2.250,-81.3,1.796,1.640
6019690,A1,2.370,-81.0,1.744,1.592
6019700,A2,1.900,-82.8,1.751,1.592
6019820,A3,2.240,-81.4,1.751,1.600
6019840,A1,2.370,-81.2,1.751,1.600
6019850,A2,1.930,-82.9,1.730,1.600
6019970,A3,2.240,-80.7,1.730,1.600
6019990,A1,2.370,-81.1,1.730,1.600
6020000,A2,1.920,-82.7,1.737,1.600
6020120,A3,2.250,-80.3,1.737,1.592
6020140,A1,2.360,-80.9,1.729,1.585
6020150,A2,1.940,-82.7,1.715,1.585
6020270,A3,2.250,-80.5,1.715,1.585
6020290,A1,2.420,-81.0,1.766,1.632
6020300,A2,1.880,-82.1,1.808,1.632
6020420,A3,2.250,-81.2,1.808,1.632
6020440,A1,2.400,-80.7,1.790,1.616
6020450,A2,1.890,-82.8,1.784,1.616
6020570,A3,2.270,-80.2,1.784,1.601
6020590,A1,2.390,-81.2,1.775,1.593
6020600,A2,1.910,-82.4,1.761,1.593
6020720,A3,2.260,-80.3,1.761,1.601
6020740,A1,2.380,-80.7,1.753,1.593
6020750,A2,1.920,-83.0,1.746,1.593
6020870,A3,2.270,-80.7,1.746,1.585
6020890,A1,2.370,-80.7,1.737,1.577
6020900,A2,1.890,-82.9,1.758,1.577
6021020,A3,2.260,-80.1,1.758,1.585
6021040,A1,2.370,-80.8,1.758,1.585
6021050,A2,1.910,-82.8,1.744,1.585
6021170,A3,2.280,-80.7,1.744,1.570
6021190,A1,2.390,-81.1,1.761,1.586
6021200,A2,1.910,-82.4,1.761,1.586
6021320,A3,2.280,-80.8,1.761,1.586
6021340,A1,2.400,-81.1,1.770,1.594
6021350,A2,1.890,-83.1,1.784,1.594
6021470,A3,2.270,-80.5,1.784,1.601
6021490,A1,2.360,-81.1,1.749,1.569
6021500,A2,1.930,-82.5,1.722,1.569
6021620,A3,2.280,-80.2,1.722,1.562
6021640,A1,2.380,-80.9,1.739,1.578
6021650,A2,1.900,-82.7,1.759,1.578
6021770,A3,2.270,-80.1,1.759,1.585
6021790,A1,2.360,-80.6,1.742,1.569
6021800,A2,1.930,-82.9,1.722,1.569
6021920,A3,2.250,-80.6,1.722,1.585
6021940,A1,2.390,-80.9,1.747,1.608
6021950,A2,1.890,-82.8,1.775,1.608
6022220,A3,2.260,-80.2,1.775,1.601
6022240,A1,2.400,-80.9,1.784,1.609
6022250,A2,1.900,-82.6,1.777,1.609
6022370,A3,2.250,-80.9,1.777,1.616
6022390,A1,2.360,-80.9,1.742,1.585
6022400,A2,1.900,-82.5,1.742,1.585
6022520,A3,2.260,-81.2,1.742,1.577
6022540,A1,2.390,-81.2,1.768,1.601
6022550,A2,1.900,-82.3,1.768,1.601
6022670,A3,2.210,-80.6,1.768,1.638
6022690,A1,2.380,-80.9,1.759,1.630
6022700,A2,1.930,-82.5,1.739,1.630
6022820,A3,2.230,-80.9,1.739,1.615
6022840,A1,2.400,-81.0,1.756,1.631
6022850,A2,1.880,-82.6,1.790,1.631
6022970,A3,2.230,-80.2,1.790,1.631
6022990,A1,2.370,-80.8,1.765,1.607
6023000,A2,1.920,-82.6,1.737,1.607
6023120,A3,2.260,-80.4,1.737,1.585
6023140,A1,2.380,-80.9,1.746,1.593
6023150,A2,1.920,-82.5,1.746,1.593
6023270,A3,2.240,-81.5,1.746,1.608
6023290,A1,2.390,-80.9,1.754,1.616
6023300,A2,1.890,-83.0,1.775,1.616
6023420,A3,2.250,-81.1,1.775,1.608
6023440,A1,2.430,-80.9,1.810,1.640
6023450,A2,1.930,-82.8,1.782,1.640
6023570,A3,2.230,-80.4,1.782,1.655
6023590,A1,2.410,-80.6,1.765,1.639
6023600,A2,1.900,-82.6,1.785,1.639
6023720,A3,2.250,-81.0,1.785,1.624
6023740,A1,2.360,-81.2,1.742,1.585
6023750,A2,1.910,-82.6,1.736,1.585
6023870,A3,2.220,-80.0,1.736,1.607
6023890,A1,2.330,-80.6,1.710,1.583
6023900,A2,1.920,-82.2,1.703,1.583
6024020,A3,2.230,-80.0,1.703,1.576
6024040,A1,2.380,-80.9,1.746,1.615
6024050,A2,1.920,-82.9,1.746,1.615
6024170,A3,2.240,-81.0,1.746,1.608
6024190,A1,2.360,-81.1,1.729,1.592
6024200,A2,1.910,-83.1,1.736,1.592
6024320,A3,2.250,-80.2,1.736,1.585
6024340,A1,2.340,-80.7,1.719,1.569
6024350,A2,1.920,-83.0,1.712,1.569
6024470,A3,2.260,-80.2,1.712,1.561
6024490,A1,2.390,-81.1,1.754,1.601
6024500,A2,1.920,-82.6,1.754,1.601
6024620,A3,2.270,-81.1,1.754,1.593
6024640,A1,2.380,-80.9,1.746,1.585
6024650,A2,1.910,-81.9,1.753,1.585
6024770,A3,2.250,-80.6,1.753,1.600
6024790,A1,2.410,-81.0,1.778,1.624
6024800,A2,1.900,-83.0,1.785,1.624
6024920,A3,2.260,-81.4,1.785,1.617
6024940,A1,2.420,-80.5,1.794,1.625
6024950,A2,1.910,-82.7,1.787,1.625
6025070,A3,2.230,-80.8,1.787,1.647
6025090,A1,2.380,-81.3,1.753,1.615
6025100,A2,1.920,-82.6,1.746,1.615
6025520,A3,2.270,-80.1,1.746,1.585
6025540,A1,2.390,-80.8,1.754,1.593
6025550,A2,1.920,-83.0,1.754,1.593
6025670,A3,2.260,-79.7,1.754,1.601
6025690,A1,2.360,-81.1,1.729,1.577
6025700,A2,1.890,-83.5,1.749,1.577
6025820,A3,2.270,-80.8,1.749,1.569
6025840,A1,2.350,-81.6,1.741,1.562
6025850,A2,1.910,-82.7,1.727,1.562
6025970,A3,2.260,-80.5,1.727,1.569
6025990,A1,2.370,-81.6,1.744,1.585
6026000,A2,1.920,-82.6,1.737,1.585
6026120,A3,2.270,-80.8,1.737,1.577
6026140,A1,2.330,-81.4,1.703,1.546
6026150,A2,1.920,-82.8,1.703,1.546
6026270,A3,2.260,-81.2,1.703,1.554
6026290,A1,2.360,-81.5,1.729,1.577
6026300,A2,1.890,-82.4,1.749,1.577
6026420,A3,2.260,-80.6,1.749,1.577
6026440,A1,2.360,-80.9,1.749,1.577
6026450,A2,1.920,-83.3,1.729,1.577
6026570,A3,2.230,-80.3,1.729,1.599
6026590,A1,2.350,-80.6,1.720,1.592
6026600,A2,1.960,-82.7,1.692,1.592
6026720,A3,2.260,-81.0,1.692,1.569
6026740,A1,2.380,-80.9,1.718,1.593
6026750,A2,1.910,-83.0,1.753,1.593
6026870,A3,2.250,-80.6,1.753,1.600
6026890,A1,2.390,-80.5,1.761,1.608
6026900,A2,1.930,-82.8,1.747,1.608
6027020,A3,2.260,-80.3,1.747,1.601
6027040,A1,2.360,-80.9,1.722,1.577
6027050,A2,1.920,-82.8,1.729,1.577
6027170,A3,2.260,-80.9,1.729,1.577
6027190,A1,2.370,-80.6,1.737,1.585
6027200,A2,1.940,-82.8,1.723,1.585
6027320,A3,2.270,-80.4,1.723,1.577
6027340,A1,2.380,-80.7,1.732,1.585
6027350,A2,1.900,-82.8,1.759,1.585
6027470,A3,2.270,-80.8,1.759,1.585
6027490,A1,2.360,-80.7,1.742,1.569
6027500,A2,1.910,-83.3,1.736,1.569
6027620,A3,2.240,-80.2,1.736,1.592
6027640,A1,2.370,-80.8,1.744,1.600
6027650,A2,1.910,-83.5,1.744,1.600
6027770,A3,2.270,-80.8,1.744,1.577
6027790,A1,2.390,-80.6,1.761,1.593
6027800,A2,1.880,-83.2,1.782,1.593
6027920,A3,2.240,-80.4,1.782,1.616
6027940,A1,2.380,-80.9,1.773,1.608
6027950,A2,1.920,-82.8,1.746,1.608
6028070,A3,2.260,-81.1,1.746,1.593
6028090,A1,2.380,-81.1,1.746,1.593
6028100,A2,1.920,-83.4,1.746,1.593
6028220,A3,2.270,-80.0,1.746,1.585
6028240,A1,2.360,-82.0,1.729,1.569
6028250,A2,1.900,-83.1,1.742,1.569
6028520,A3,2.230,-81.4,1.742,1.599
6028540,A1,2.350,-81.7,1.734,1.592
6028550,A2,1.920,-83.6,1.720,1.592
6028670,A3,2.210,-81.5,1.720,1.606
6028690,A1,2.360,-81.4,1.729,1.614
6028700,A2,1.900,-83.4,1.742,1.614
6028820,A3,2.230,-81.1,1.742,1.599
6028840,A1,2.370,-81.5,1.751,1.607
6028850,A2,1.920,-83.8,1.737,1.607
6028970,A3,2.260,-80.5,1.737,1.585
6028990,A1,2.340,-81.7,1.712,1.561
6029000,A2,1.900,-83.2,1.726,1.561
6029120,A3,2.270,-80.0,1.726,1.554
6029140,A1,2.350,-81.5,1.734,1.562
6029150,A2,1.900,-83.3,1.734,1.562
6029270,A3,2.220,-80.4,1.734,1.599
6029290,A1,2.370,-80.9,1.751,1.615
6029300,A2,1.910,-82.5,1.744,1.615
6029420,A3,2.260,-80.2,1.744,1.585
6029440,A1,2.390,-80.7,1.761,1.601
6029450,A2,1.920,-83.1,1.754,1.601
6029570,A3,2.250,-80.3,1.754,1.608
6029590,A1,2.420,-80.4,1.780,1.632
6029600,A2,1.900,-83.1,1.794,1.632
6029720,A3,2.260,-80.8,1.794,1.625
6029740,A1,2.390,-80.6,1.768,1.601
6029750,A2,1.920,-83.0,1.754,1.601
6029870,A3,2.260,-80.8,1.754,1.601
6029890,A1,2.350,-80.6,1.720,1.569
6029900,A2,1.890,-83.4,1.741,1.569
6030020,A3,2.230,-80.2,1.741,1.592
6030040,A1,2.370,-80.9,1.758,1.607
6030050,A2,1.890,-83.7,1.758,1.607
6030170,A3,2.230,-80.2,1.758,1.607
6030190,A1,2.390,-80.7,1.775,1.623
6030470,A3,2.270,-80.6,1.775,1.593
6030490,A1,2.420,-80.6,1.801,1.617
6030500,A2,1.900,-82.8,1.794,1.617
6030620,A3,2.240,-80.2,1.794,1.640
6030640,A1,2.390,-80.5,1.768,1.616
6030650,A2,1.890,-83.7,1.775,1.616
6030770,A3,2.290,-80.1,1.775,1.578
6030790,A1,2.410,-80.7,1.792,1.594
6030800,A2,1.900,-83.5,1.785,1.594
6030920,A3,2.280,-80.1,1.785,1.602
6030940,A1,2.400,-80.7,1.777,1.594
6030950,A2,1.920,-83.0,1.763,1.594
6031070,A3,2.270,-80.7,1.763,1.601
6031090,A1,2.370,-80.7,1.737,1.577
6031100,A2,1.900,-83.3,1.751,1.577
6031220,A3,2.260,-79.8,1.751,1.585
6031240,A1,2.400,-80.9,1.777,1.609
6031250,A2,1.900,-82.9,1.777,1.609
6031370,A3,2.290,-80.0,1.777,1.586
6031390,A1,2.350,-80.8,1.734,1.546
6031400,A2,1.920,-82.8,1.720,1.546
6031670,A3,2.240,-80.4,1.720,1.584
6031690,A1,2.370,-80.8,1.737,1.600
6031700,A2,1.910,-83.2,1.744,1.600
6031820,A3,2.270,-80.2,1.744,1.577
6031840,A1,2.360,-80.7,1.736,1.569
6031850,A2,1.890,-82.8,1.749,1.569
6031970,A3,2.270,-80.4,1.749,1.569
6031990,A1,2.360,-80.8,1.749,1.569
6032000,A2,1.910,-82.9,1.736,1.569
6032120,A3,2.230,-81.0,1.736,1.599
6032140,A1,2.330,-80.8,1.710,1.576
6032150,A2,1.940,-82.8,1.690,1.576
6032270,A3,2.240,-81.1,1.690,1.569
6032290,A1,2.380,-80.5,1.732,1.608
6032300,A2,1.900,-83.3,1.759,1.608
6032420,A3,2.240,-80.4,1.759,1.608
6032440,A1,2.390,-80.8,1.768,1.616
6032450,A2,1.920,-83.1,1.754,1.616
6032570,A3,2.240,-80.4,1.754,1.616
6032590,A1,2.390,-80.6,1.754,1.616
6032600,A2,1.890,-82.5,1.775,1.616
6032720,A3,2.250,-80.8,1.775,1.608
6032740,A1,2.390,-80.4,1.775,1.608
6032750,A2,1.910,-83.0,1.761,1.608
6032870,A3,2.270,-80.9,1.761,1.593
6032890,A1,2.360,-81.0,1.736,1.569
6032900,A2,1.900,-82.9,1.742,1.569
6033020,A3,2.270,-80.2,1.742,1.569
6033040,A1,2.360,-80.8,1.742,1.569
6033050,A2,1.910,-82.8,1.736,1.569
6033170,A3,2.250,-80.8,1.736,1.585
6033190,A1,2.380,-81.2,1.753,1.600
6033200,A2,1.870,-82.7,1.780,1.600
6033320,A3,2.260,-80.0,1.780,1.593
6033340,A1,2.390,-80.8,1.788,1.601
6033350,A2,1.900,-83.3,1.768,1.601
6033470,A3,2.240,-81.0,1.768,1.616
6033490,A1,2.380,-80.6,1.759,1.608
6033500,A2,1.890,-82.8,1.766,1.608
6033620,A3,2.260,-80.4,1.766,1.593
6033640,A1,2.390,-80.7,1.775,1.601
6033650,A2,1.930,-83.1,1.747,1.601
6033770,A3,2.250,-80.9,1.747,1.608
6033790,A1,2.360,-80.7,1.722,1.585
6033800,A2,1.890,-82.8,1.749,1.585
6033920,A3,2.240,-82.1,1.749,1.592
6033940,A1,2.370,-81.4,1.758,1.600
6033950,A2,1.890,-83.1,1.758,1.600
6034070,A3,2.240,-80.8,1.758,1.600
6034090,A1,2.360,-80.6,1.749,1.592
6034100,A2,1.910,-83.0,1.736,1.592
6034220,A3,2.250,-80.1,1.736,1.585
6034240,A1,2.360,-80.7,1.736,1.585
6034250,A2,1.900,-82.3,1.742,1.585
6034370,A3,2.280,-80.0,1.742,1.562
6034390,A1,2.390,-81.2,1.768,1.586
6034400,A2,1.920,-83.1,1.754,1.586
6034520,A3,2.260,-80.5,1.754,1.601
6034540,A1,2.380,-80.6,1.746,1.593
6034550,A2,1.930,-82.8,1.739,1.593
6034820,A3,2.250,-80.4,1.739,1.600
6034840,A1,2.380,-80.7,1.739,1.600
6034850,A2,1.900,-83.1,1.759,1.600
6034970,A3,2.280,-80.7,1.759,1.578
6034990,A1,2.360,-80.6,1.742,1.562
6035000,A2,1.900,-82.9,1.742,1.562
6035120,A3,2.260,-80.6,1.742,1.577
6035140,A1,2.350,-81.0,1.734,1.569
6035150,A2,1.920,-82.7,1.720,1.569
6035270,A3,2.260,-80.2,1.720,1.569
6035290,A1,2.360,-80.6,1.729,1.577
6035300,A2,1.900,-83.2,1.742,1.577
6035420,A3,2.260,-80.1,1.742,1.577
6035440,A1,2.360,-80.6,1.742,1.577
6035450,A2,1.940,-83.1,1.715,1.577
6035570,A3,2.240,-80.0,1.715,1.592
6035590,A1,2.360,-80.7,1.715,1.592
6035600,A2,1.890,-83.1,1.749,1.592
6035720,A3,2.260,-80.7,1.749,1.577
6035740,A1,2.370,-81.0,1.758,1.585
6035750,A2,1.890,-83.1,1.758,1.585
6035870,A3,2.240,-80.8,1.758,1.600
6035890,A1,2.360,-81.0,1.749,1.592
6035900,A2,1.900,-83.1,1.742,1.592
6036020,A3,2.260,-81.0,1.742,1.577
6036040,A1,2.340,-80.9,1.726,1.561
6036050,A2,1.880,-83.3,1.739,1.561
6036170,A3,2.240,-80.6,1.739,1.576
6036190,A1,2.390,-80.7,1.782,1.616
6036200,A2,1.890,-83.6,1.775,1.616
6036320,A3,2.270,-80.4,1.775,1.593
6036340,A1,2.360,-80.6,1.749,1.569
6036350,A2,1.900,-82.8,1.742,1.569
6036470,A3,2.260,-80.4,1.742,1.577
6036490,A1,2.360,-80.8,1.742,1.577
6036500,A2,1.910,-82.8,1.736,1.577
6036620,A3,2.240,-80.1,1.736,1.592
6036640,A1,2.410,-80.8,1.778,1.632
6036650,A2,1.920,-82.9,1.772,1.632
6036770,A3,2.250,-80.7,1.772,1.624
6036790,A1,2.370,-81.1,1.737,1.592
6036800,A2,1.920,-83.2,1.737,1.592
6036920,A3,2.260,-80.1,1.737,1.585
6036940,A1,2.410,-80.8,1.772,1.617
6036950,A2,1.880,-83.2,1.799,1.617
6037070,A3,2.250,-81.0,1.799,1.624
6037090,A1,2.380,-80.9,1.773,1.600
6037100,A2,1.890,-82.8,1.766,1.600
6037220,A3,2.240,-80.1,1.766,1.608
6037240,A1,2.400,-80.7,1.784,1.624
6037250,A2,1.920,-82.7,1.763,1.624
6037370,A3,2.270,-80.2,1.763,1.601
6037390,A1,2.380,-80.5,1.746,1.585
6037400,A2,1.900,-83.2,1.759,1.585
6037520,A3,2.230,-80.8,1.759,1.615
6037540,A1,2.340,-80.5,1.726,1.584
6037550,A2,1.890,-83.1,1.732,1.584
6037670,A3,2.240,-80.0,1.732,1.576
6037690,A1,2.390,-80.7,1.775,1.616
6037700,A2,1.900,-82.9,1.768,1.616
6037970,A3,2.250,-80.8,1.768,1.608
6037990,A1,2.370,-80.4,1.751,1.592
6038000,A2,1.900,-83.0,1.751,1.592
6038120,A3,2.230,-80.1,1.751,1.607
6038140,A1,2.370,-80.8,1.751,1.607
6038150,A2,1.910,-83.6,1.744,1.607
6038270,A3,2.250,-80.3,1.744,1.592
6038290,A1,2.360,-80.9,1.736,1.585
6038300,A2,1.900,-83.1,1.742,1.585
6038420,A3,2.280,-80.1,1.742,1.562
6038440,A1,2.370,-80.7,1.751,1.570
6038450,A2,1.910,-83.4,1.744,1.570
6038570,A3,2.250,-80.5,1.744,1.592
6038590,A1,2.370,-80.5,1.744,1.592
6038600,A2,1.900,-83.3,1.751,1.592
6038720,A3,2.240,-80.3,1.751,1.600
6038740,A1,2.360,-81.1,1.742,1.592
6038750,A2,1.920,-83.0,1.729,1.592
6038870,A3,2.250,-80.9,1.729,1.585
6038890,A1,2.340,-80.5,1.712,1.569
6038900,A2,1.900,-82.7,1.726,1.569
6039020,A3,2.250,-80.1,1.726,1.569
6039040,A1,2.360,-80.9,1.742,1.585
6039050,A2,1.920,-83.1,1.729,1.585
6039170,A3,2.260,-80.8,1.729,1.577
6039190,A1,2.360,-80.4,1.729,1.577
6039200,A2,1.910,-83.2,1.736,1.577
6039320,A3,2.290,-80.4,1.736,1.554
6039340,A1,2.380,-80.7,1.753,1.570
6039350,A2,1.890,-83.4,1.766,1.570
6039470,A3,2.260,-80.4,1.766,1.593
6039490,A1,2.400,-80.6,1.784,1.609
6039500,A2,1.900,-83.0,1.777,1.609
6039620,A3,2.270,-80.4,1.777,1.601
6039640,A1,2.360,-80.6,1.742,1.569
6039650,A2,1.910,-82.8,1.736,1.569
6039770,A3,2.230,-80.5,1.736,1.599
6039790,A1,2.370,-80.6,1.744,1.607
6039800,A2,1.900,-82.8,1.751,1.607
6039920,A3,2.230,-80.6,1.751,1.607
6039940,A1,2.360,-80.8,1.742,1.599
6039950,A2,1.910,-83.2,1.736,1.599
6040070,A3,2.270,-80.2,1.736,1.569
6040090,A1,2.370,-81.0,1.744,1.577
6040100,A2,1.900,-82.7,1.751,1.577
6040220,A3,2.240,-80.8,1.751,1.600
6040240,A1,2.370,-80.5,1.751,1.600
6040250,A2,1.920,-83.0,1.737,1.600
6040370,A3,2.270,-80.6,1.737,1.577
6040390,A1,2.370,-80.6,1.737,1.577
6040400,A2,1.910,-82.8,1.744,1.577
6040520,A3,2.250,-80.8,1.744,1.592
6040540,A1,2.400,-80.9,1.770,1.616
6040550,A2,1.900,-82.5,1.777,1.616
6040670,A3,2.260,-80.8,1.777,1.609
6040690,A1,2.390,-80.7,1.768,1.601
6040700,A2,1.900,-83.2,1.768,1.601
6040820,A3,2.260,-80.3,1.768,1.601
6040840,A1,2.370,-80.5,1.751,1.585
6040850,A2,1.890,-83.6,1.758,1.585
6041120,A3,2.260,-80.7,1.758,1.585
6041140,A1,2.360,-80.4,1.749,1.577
6041150,A2,1.920,-83.2,1.729,1.577
6041270,A3,2.260,-80.7,1.729,1.577
6041290,A1,2.360,-80.7,1.729,1.577
6041300,A2,1.900,-82.8,1.742,1.577
6041420,A3,2.250,-80.1,1.742,1.585
6041440,A1,2.400,-81.0,1.777,1.616
6041450,A2,1.910,-82.7,1.770,1.616
6041570,A3,2.250,-79.9,1.770,1.616
6041590,A1,2.370,-80.6,1.744,1.592
6041600,A2,1.900,-83.4,1.751,1.592
6041720,A3,2.270,-80.7,1.751,1.577
6041740,A1,2.390,-80.7,1.768,1.593
6041750,A2,1.910,-83.3,1.761,1.593
6041870,A3,2.280,-80.3,1.761,1.586
6041890,A1,2.370,-80.9,1.744,1.570
6041900,A2,1.910,-83.0,1.744,1.570
6042020,A3,2.250,-80.3,1.744,1.592
6042050,A2,1.910,-82.5,1.744,1.592
6042200,A2,1.900,-82.5,1.751,1.592
6042320,A3,2.270,-80.7,1.751,1.577
6042340,A1,2.370,-80.4,1.751,1.577
6042350,A2,1.900,-82.5,1.751,1.577
6042470,A3,2.250,-80.9,1.751,1.592
6042490,A1,2.400,-80.9,1.777,1.616
6042500,A2,1.910,-82.8,1.770,1.616
6042620,A3,2.240,-81.0,1.770,1.624
6042640,A1,2.340,-80.9,1.719,1.576
6042650,A2,1.900,-83.1,1.726,1.576
6042770,A3,2.240,-80.7,1.726,1.576
6042790,A1,2.380,-80.7,1.759,1.608
6042800,A2,1.910,-83.3,1.753,1.608
6042920,A3,2.260,-81.0,1.753,1.593
6042940,A1,2.400,-80.6,1.770,1.609
6042950,A2,1.900,-82.6,1.777,1.609
6043070,A3,2.270,-80.9,1.777,1.601
6043090,A1,2.370,-80.8,1.751,1.577
6043100,A2,1.900,-82.8,1.751,1.577
6043220,A3,2.250,-80.4,1.751,1.592
6043240,A1,2.360,-80.9,1.742,1.585
6043250,A2,1.920,-83.1,1.729,1.585
6043370,A3,2.230,-80.5,1.729,1.599
6043390,A1,2.350,-80.9,1.720,1.592
6043400,A2,1.920,-82.8,1.720,1.592
6043520,A3,2.260,-81.0,1.720,1.569
6043540,A1,2.360,-80.8,1.729,1.577
6043550,A2,1.910,-83.1,1.736,1.577
6043670,A3,2.260,-80.5,1.736,1.577
6043690,A1,2.370,-80.9,1.744,1.585
6043700,A2,1.920,-82.9,1.737,1.585
6043820,A3,2.250,-80.3,1.737,1.592
6043840,A1,2.360,-80.6,1.729,1.585
6043850,A2,1.900,-82.5,1.742,1.585
6043970,A3,2.240,-80.7,1.742,1.592
6043990,A1,2.350,-80.9,1.734,1.584
6044000,A2,1.900,-82.2,1.734,1.584
6044270,A3,2.230,-80.1,1.734,1.592
6044290,A1,2.370,-80.5,1.751,1.607
6044300,A2,1.920,-82.8,1.737,1.607
6044420,A3,2.230,-80.4,1.737,1.607
6044440,A1,2.370,-80.8,1.737,1.607
6044450,A2,1.930,-83.1,1.730,1.607
6044570,A3,2.260,-82.4,1.730,1.585
6044590,A1,2.380,-82.1,1.739,1.593
6044600,A2,1.900,-83.4,1.759,1.593
6044720,A3,2.230,-80.6,1.759,1.615
6044740,A1,2.380,-80.5,1.759,1.615
6044750,A2,1.910,-82.9,1.753,1.615
6044870,A3,2.250,-81.1,1.753,1.600
6044890,A1,2.350,-80.7,1.727,1.577
6044900,A2,1.930,-82.8,1.713,1.577
6045020,A3,2.230,-80.7,1.713,1.592
6045040,A1,2.350,-80.9,1.713,1.592
6045050,A2,1.920,-82.8,1.720,1.592
6045170,A3,2.250,-80.4,1.720,1.577
6045190,A1,2.360,-81.1,1.729,1.585
6045200,A2,1.910,-83.6,1.736,1.585
6045470,A3,2.250,-80.5,1.736,1.585
6045490,A1,2.400,-80.4,1.770,1.616
6045500,A2,1.900,-83.0,1.777,1.616
6045620,A3,2.230,-80.3,1.777,1.631
6045640,A1,2.360,-80.5,1.742,1.599
6045650,A2,1.900,-83.3,1.742,1.599
6045770,A3,2.270,-80.8,1.742,1.569
6045790,A1,2.350,-80.9,1.734,1.562
6045800,A2,1.910,-82.9,1.727,1.562
6045920,A3,2.220,-80.9,1.727,1.599
6045940,A1,2.380,-80.7,1.753,1.623
6045950,A2,1.890,-83.2,1.766,1.623
6046070,A3,2.230,-80.7,1.766,1.615
6046090,A1,2.370,-80.6,1.758,1.607
6046100,A2,1.920,-83.1,1.737,1.607
6046220,A3,2.230,-81.1,1.737,1.607
6046240,A1,2.360,-81.0,1.729,1.599
6046250,A2,1.900,-82.8,1.742,1.599
6046370,A3,2.250,-80.9,1.742,1.585
6046390,A1,2.370,-80.8,1.751,1.592
6046400,A2,1.910,-82.7,1.744,1.592
6046520,A3,2.200,-81.1,1.744,1.629
6046540,A1,2.360,-80.9,1.736,1.622
6046550,A2,1.900,-83.2,1.742,1.622
6046670,A3,2.260,-80.1,1.742,1.577
6046690,A1,2.390,-80.7,1.768,1.601
6046700,A2,1.890,-83.3,1.775,1.601
6046820,A3,2.240,-80.1,1.775,1.616
6046840,A1,2.370,-80.7,1.758,1.600
6046850,A2,1.900,-83.3,1.751,1.600
6046970,A3,2.230,-80.0,1.751,1.607
6046990,A1,2.370,-80.5,1.751,1.607
6047000,A2,1.910,-83.0,1.744,1.607
6047120,A3,2.230,-80.2,1.744,1.607
6047140,A1,2.360,-80.5,1.736,1.599
6047150,A2,1.930,-83.0,1.722,1.599
6047420,A3,2.250,-80.9,1.722,1.585
6047440,A1,2.370,-81.2,1.730,1.592
6047450,A2,1.900,-82.8,1.751,1.592
6047570,A3,2.250,-80.4,1.751,1.592
6047590,A1,2.400,-80.4,1.777,1.616
6047600,A2,1.920,-83.3,1.763,1.616
6047720,A3,2.260,-81.0,1.763,1.609
6047740,A1,2.350,-80.8,1.720,1.569
6047750,A2,1.890,-82.8,1.741,1.569
6047870,A3,2.260,-80.8,1.741,1.569
6047890,A1,2.360,-80.6,1.749,1.577
6047900,A2,1.900,-83.2,1.742,1.577
6048020,A3,2.250,-81.0,1.742,1.585
6048040,A1,2.370,-80.8,1.751,1.592
6048050,A2,1.910,-83.2,1.744,1.592
6048170,A3,2.210,-80.8,1.744,1.622
6048190,A1,2.370,-80.7,1.744,1.622
6048200,A2,1.910,-82.7,1.744,1.622
6048320,A3,2.260,-80.9,1.744,1.585
6048340,A1,2.360,-80.6,1.736,1.577
6048350,A2,1.910,-82.3,1.736,1.577
6048470,A3,2.230,-80.8,1.736,1.599
6048490,A1,2.370,-80.8,1.744,1.607
6048500,A2,1.910,-83.3,1.744,1.607
6048620,A3,2.250,-80.8,1.744,1.592
6048640,A1,2.390,-81.1,1.761,1.608
6048650,A2,1.910,-82.3,1.761,1.608
6048770,A3,2.220,-81.3,1.761,1.631
6048790,A1,2.360,-80.9,1.736,1.607
6048800,A2,1.910,-83.4,1.736,1.607
6048920,A3,2.260,-80.1,1.736,1.577
6048940,A1,2.370,-80.5,1.744,1.585
6048950,A2,1.900,-83.1,1.751,1.585
6049070,A3,2.270,-80.3,1.751,1.577
6049090,A1,2.360,-80.9,1.742,1.569
6049100,A2,1.910,-83.1,1.736,1.569
6049220,A3,2.270,-80.7,1.736,1.569
6049240,A1,2.360,-80.8,1.736,1.569
6049250,A2,1.900,-82.9,1.742,1.569
6049370,A3,2.250,-80.2,1.742,1.585
6049390,A1,2.360,-81.5,1.742,1.585
6049400,A2,1.920,-82.2,1.729,1.585
6049520,A3,2.250,-80.6,1.729,1.585
6049540,A1,2.340,-80.7,1.712,1.569
6049550,A2,1.900,-82.8,1.726,1.569
6049670,A3,2.230,-80.3,1.726,1.584
6049690,A1,2.360,-81.0,1.742,1.599
6049700,A2,1.890,-82.5,1.749,1.599
6049820,A3,2.260,-80.9,1.749,1.577
6049840,A1,2.400,-80.8,1.784,1.609
6049850,A2,1.900,-83.0,1.777,1.609
6049970,A3,2.260,-81.2,1.777,1.609
6049990,A1,2.370,-81.1,1.751,1.585
6050000,A2,1.900,-82.4,1.751,1.585
6050120,A3,2.240,-80.9,1.751,1.600
6050140,A1,2.340,-80.6,1.726,1.576
6050150,A2,1.930,-83.1,1.705,1.576
6050270,A3,2.280,-80.6,1.705,1.546
6050290,A1,2.390,-81.0,1.747,1.586
6050300,A2,1.880,-83.1,1.782,1.586
6050570,A3,2.260,-80.5,1.782,1.601
6050590,A1,2.380,-80.7,1.773,1.593
6050600,A2,1.900,-82.8,1.759,1.593
6050720,A3,2.250,-81.4,1.759,1.600
6050740,A1,2.360,-81.1,1.742,1.585
6050750,A2,1.900,-82.8,1.742,1.585
6050870,A3,2.220,-81.2,1.742,1.607
6050890,A1,2.360,-81.4,1.742,1.607
6050900,A2,1.900,-83.3,1.742,1.607
6051020,A3,2.260,-81.3,1.742,1.577
6051040,A1,2.380,-80.7,1.759,1.593
6051050,A2,1.870,-83.1,1.780,1.593
6051170,A3,2.230,-80.2,1.780,1.615
6051190,A1,2.380,-80.7,1.780,1.615
6051200,A2,1.900,-82.9,1.759,1.615
6051320,A3,2.240,-81.4,1.759,1.608
6051340,A1,2.350,-80.7,1.734,1.584
6051350,A2,1.910,-82.9,1.727,1.584
6051470,A3,2.250,-80.7,1.727,1.577
6051490,A1,2.380,-81.0,1.753,1.600
6051500,A2,1.900,-82.9,1.759,1.600
6051620,A3,2.230,-80.6,1.759,1.615
6051640,A1,2.350,-80.4,1.734,1.592
6051650,A2,1.910,-83.0,1.727,1.592
6051770,A3,2.260,-81.4,1.727,1.569
6051790,A1,2.360,-80.8,1.736,1.577
6051800,A2,1.940,-82.9,1.715,1.577
6051920,A3,2.240,-81.1,1.715,1.592
6051940,A1,2.370,-80.8,1.723,1.600
6051950,A2,1.890,-83.0,1.758,1.600
6052070,A3,2.260,-81.3,1.758,1.585
6052090,A1,2.390,-80.7,1.775,1.601
6052100,A2,1.940,-83.1,1.740,1.601
6052220,A3,2.230,-81.2,1.740,1.623
6052240,A1,2.360,-80.5,1.715,1.599
6052250,A2,1.900,-83.4,1.742,1.599
6052390,A1,2.350,-80.8,1.734,1.592
6052400,A2,1.890,-82.7,1.741,1.592
6052540,A1,2.370,-80.9,1.758,1.607
6052550,A2,1.890,-83.2,1.758,1.607
6052670,A3,2.250,-81.1,1.758,1.592
6052690,A1,2.380,-81.0,1.766,1.600
6052700,A2,1.940,-83.3,1.732,1.600
6052820,A3,2.250,-81.3,1.732,1.600
6052840,A1,2.360,-80.8,1.715,1.585
6052850,A2,1.900,-82.5,1.742,1.585
6052970,A3,2.240,-81.1,1.742,1.592
6052990,A1,2.370,-80.8,1.751,1.600
6053000,A2,1.910,-82.5,1.744,1.600
6053120,A3,2.260,-81.3,1.744,1.585
6053140,A1,2.360,-81.0,1.736,1.577
6053150,A2,1.920,-83.3,1.729,1.577
6053270,A3,2.240,-80.9,1.729,1.592
6053290,A1,2.390,-80.9,1.754,1.616
6053300,A2,1.910,-83.0,1.761,1.616
6053420,A3,2.260,-81.3,1.761,1.601
6053440,A1,2.400,-80.8,1.770,1.609
6053450,A2,1.920,-83.1,1.763,1.609
6053720,A3,2.210,-81.2,1.763,1.646
6053740,A1,2.390,-80.5,1.754,1.638
6053750,A2,1.890,-83.5,1.775,1.638
6053870,A3,2.250,-80.4,1.775,1.608
6053890,A1,2.370,-81.0,1.758,1.592
6053900,A2,1.890,-83.1,1.758,1.592
6054020,A3,2.230,-81.1,1.758,1.607
6054040,A1,2.360,-80.8,1.749,1.599
6054050,A2,1.890,-82.8,1.749,1.599
6054170,A3,2.240,-80.3,1.749,1.592
6054190,A1,2.400,-80.9,1.784,1.624
6054200,A2,1.880,-83.5,1.790,1.624
6054320,A3,2.240,-80.7,1.790,1.624
6054340,A1,2.360,-81.1,1.756,1.592
6054350,A2,1.930,-82.7,1.722,1.592
6054470,A3,2.260,-80.3,1.722,1.577
6054490,A1,2.380,-80.8,1.739,1.593
6054500,A2,1.910,-82.8,1.753,1.593
6054620,A3,2.230,-80.3,1.753,1.615
6054640,A1,2.340,-81.2,1.719,1.584
6054650,A2,1.910,-83.5,1.719,1.584
6054770,A3,2.250,-80.3,1.719,1.569
6054790,A1,2.370,-81.2,1.744,1.592
6054800,A2,1.890,-83.1,1.758,1.592
6054920,A3,2.250,-80.8,1.758,1.592
6054940,A1,2.360,-80.8,1.749,1.585
6054950,A2,1.920,-83.2,1.729,1.585
6055070,A3,2.230,-80.3,1.729,1.599
6055090,A1,2.360,-80.5,1.729,1.599
6055100,A2,1.900,-82.9,1.742,1.599
6055220,A3,2.240,-81.5,1.742,1.592
6055240,A1,2.390,-81.0,1.768,1.616
6055250,A2,1.900,-83.1,1.768,1.616
6055520,A3,2.230,-80.1,1.768,1.623
6055540,A1,2.390,-81.3,1.768,1.623
6055550,A2,1.910,-82.9,1.761,1.623
6055670,A3,2.230,-81.0,1.761,1.623
6055690,A1,2.380,-81.0,1.753,1.615
6055700,A2,1.910,-82.9,1.753,1.615
6055820,A3,2.240,-81.2,1.753,1.608
6055840,A1,2.360,-81.2,1.736,1.592
6055850,A2,1.900,-82.8,1.742,1.592
6055970,A3,2.260,-80.9,1.742,1.577
6055990,A1,2.360,-80.8,1.742,1.577
6056000,A2,1.890,-83.3,1.749,1.577
6056120,A3,2.210,-81.2,1.749,1.614
6056140,A1,2.360,-80.9,1.749,1.614
6056150,A2,1.900,-82.7,1.742,1.614
6056270,A3,2.250,-80.4,1.742,1.585
6056290,A1,2.370,-81.0,1.751,1.592
6056300,A2,1.900,-82.8,1.751,1.592
6056420,A3,2.240,-81.0,1.751,1.600
6056440,A1,2.380,-80.8,1.759,1.608
6056450,A2,1.900,-82.7,1.759,1.608
6056570,A3,2.240,-81.0,1.759,1.608
6056590,A1,2.400,-80.8,1.777,1.624
6056600,A2,1.900,-83.2,1.777,1.624
6056870,A3,2.280,-81.2,1.777,1.594
6056890,A1,2.390,-80.9,1.768,1.586
6056900,A2,1.900,-83.3,1.768,1.586
6057020,A3,2.250,-80.2,1.768,1.608
6057040,A1,2.370,-80.9,1.751,1.592
6057050,A2,1.900,-83.0,1.751,1.592
6057170,A3,2.250,-80.3,1.751,1.592
6057190,A1,2.390,-81.2,1.768,1.608
6057200,A2,1.880,-83.5,1.782,1.608
6057320,A3,2.250,-80.5,1.782,1.608
6057340,A1,2.370,-80.8,1.765,1.592
6057350,A2,1.910,-83.1,1.744,1.592
6057470,A3,2.260,-81.3,1.744,1.585
6057490,A1,2.360,-80.4,1.736,1.577
6057500,A2,1.900,-83.3,1.742,1.577
6057620,A3,2.240,-81.1,1.742,1.592
6057640,A1,2.370,-80.7,1.751,1.600
6057650,A2,1.910,-83.1,1.744,1.600
6057770,A3,2.250,-80.6,1.744,1.592
6057790,A1,2.390,-80.9,1.761,1.608
6057800,A2,1.910,-82.9,1.761,1.608
6057920,A3,2.230,-80.7,1.761,1.623
6057940,A1,2.390,-80.8,1.761,1.623
6057950,A2,1.900,-82.9,1.768,1.623
6058070,A3,2.240,-80.5,1.768,1.616
6058090,A1,2.360,-80.5,1.742,1.592
6058100,A2,1.930,-83.1,1.722,1.592
6058220,A3,2.220,-81.3,1.722,1.607
6058240,A1,2.350,-80.9,1.713,1.599
6058250,A2,1.910,-83.7,1.727,1.599
6058370,A3,2.260,-80.4,1.727,1.569
6058390,A1,2.370,-80.6,1.744,1.585
6058400,A2,1.920,-82.8,1.737,1.585
6058520,A3,2.240,-81.0,1.737,1.600
6058540,A1,2.360,-80.9,1.729,1.592
6058550,A2,1.930,-82.9,1.722,1.592
6058670,A3,2.230,-80.5,1.722,1.599
6058690,A1,2.370,-81.0,1.730,1.607
6058700,A2,1.910,-83.1,1.744,1.607
6058820,A3,2.260,-80.3,1.744,1.585
6058840,A1,2.330,-80.8,1.710,1.554
6058850,A2,1.920,-83.0,1.703,1.554
6058970,A3,2.240,-80.9,1.703,1.569
6058990,A1,2.400,-80.5,1.763,1.624
6059000,A2,1.940,-83.0,1.749,1.624
6059120,A3,2.250,-80.5,1.749,1.616
6059140,A1,2.360,-80.8,1.715,1.585
6059150,A2,1.890,-83.0,1.749,1.585
6059270,A3,2.220,-80.4,1.749,1.607
6059290,A1,2.360,-81.0,1.749,1.607
6059300,A2,1.920,-82.4,1.729,1.607
6059420,A3,2.250,-80.6,1.729,1.585
6059440,A1,2.360,-80.5,1.729,1.585
6059450,A2,1.890,-82.6,1.749,1.585
6059570,A3,2.240,-80.3,1.749,1.592
6059590,A1,2.360,-80.4,1.749,1.592
6059600,A2,1.900,-82.7,1.742,1.592
6059720,A3,2.250,-81.3,1.742,1.585
6059740,A1,2.360,-80.7,1.742,1.585
6059750,A2,1.930,-83.1,1.722,1.585
6060020,A3,2.260,-80.6,1.722,1.577
6060040,A1,2.410,-81.0,1.765,1.617
6060050,A2,1.900,-82.9,1.785,1.617
6060170,A3,2.230,-81.1,1.785,1.639
6060190,A1,2.400,-80.8,1.777,1.631
6060200,A2,1.890,-83.1,1.784,1.631
6060320,A3,2.250,-80.4,1.784,1.616
6060340,A1,2.360,-81.4,1.749,1.585
6060350,A2,1.900,-83.1,1.742,1.585
6060470,A3,2.230,-80.8,1.742,1.599
6060490,A1,2.380,-80.8,1.759,1.615
6060500,A2,1.880,-83.4,1.773,1.615
6060620,A3,2.240,-80.9,1.773,1.608
6060640,A1,2.370,-80.7,1.765,1.600
6060650,A2,1.920,-83.4,1.737,1.600
6060770,A3,2.220,-81.0,1.737,1.615
6060790,A1,2.360,-80.8,1.729,1.607
6060800,A2,1.900,-82.5,1.742,1.607
6060920,A3,2.240,-81.2,1.742,1.592
6060940,A1,2.360,-80.9,1.742,1.592
6060950,A2,1.900,-83.1,1.742,1.592
6061070,A3,2.250,-80.3,1.742,1.585
6061090,A1,2.380,-80.6,1.759,1.600
6061100,A2,1.930,-82.7,1.739,1.600
6061220,A3,2.250,-80.4,1.739,1.600
6061240,A1,2.380,-81.0,1.739,1.600
6061250,A2,1.930,-83.2,1.739,1.600
6061370,A3,2.260,-80.6,1.739,1.593
6061390,A1,2.370,-81.1,1.730,1.585
6061400,A2,1.910,-83.2,1.744,1.585
6061520,A3,2.260,-80.4,1.744,1.585
6061540,A1,2.360,-80.8,1.736,1.577
6061550,A2,1.910,-83.0,1.736,1.577
6061670,A3,2.230,-80.9,1.736,1.599
6061690,A1,2.400,-80.7,1.770,1.631
6061700,A2,1.920,-83.2,1.763,1.631
6061820,A3,2.230,-81.4,1.763,1.631
6061840,A1,2.340,-81.3,1.712,1.584
6061850,A2,1.910,-82.7,1.719,1.584
6061970,A3,2.240,-81.2,1.719,1.576
6061990,A1,2.350,-80.8,1.727,1.584
6062000,A2,1.910,-83.2,1.727,1.584
6062120,A3,2.230,-80.2,1.727,1.592
6062140,A1,2.420,-80.8,1.787,1.647
6062150,A2,1.940,-82.7,1.766,1.647
6062270,A3,2.250,-80.4,1.766,1.632
6062290,A1,2.360,-80.9,1.715,1.585
6062300,A2,1.910,-82.7,1.736,1.585
6062420,A3,2.260,-80.9,1.736,1.577
6062440,A1,2.380,-81.0,1.753,1.593
6062450,A2,1.910,-83.3,1.753,1.593
6062570,A3,2.260,-80.3,1.753,1.593
6062590,A1,2.400,-81.3,1.770,1.609
6062600,A2,1.920,-82.9,1.763,1.609
6062720,A3,2.250,-80.4,1.763,1.616
6062740,A1,2.350,-81.2,1.720,1.577
6062750,A2,1.920,-83.3,1.720,1.577
6062870,A3,2.260,-79.7,1.720,1.569
6062890,A1,2.350,-80.8,1.720,1.569
6062900,A2,1.910,-83.6,1.727,1.569
6063170,A3,2.280,-80.6,1.727,1.554
6063190,A1,2.380,-80.9,1.753,1.578
6063200,A2,1.910,-83.0,1.753,1.578
6063320,A3,2.270,-80.2,1.753,1.585
6063340,A1,2.340,-80.9,1.719,1.554
6063350,A2,1.900,-83.6,1.726,1.554
6063470,A3,2.280,-79.8,1.726,1.546
6063490,A1,2.390,-81.4,1.768,1.586
6063500,A2,1.900,-83.0,1.768,1.586
6063620,A3,2.270,-80.2,1.768,1.593
6063640,A1,2.410,-81.0,1.785,1.609
6063650,A2,1.910,-82.8,1.778,1.609
6063770,A3,2.300,-79.8,1.778,1.586
6063790,A1,2.340,-80.7,1.719,1.531
6063800,A2,1.910,-83.0,1.719,1.531
6063920,A3,2.240,-79.9,1.719,1.576
6063940,A1,2.360,-80.9,1.736,1.592
6063950,A2,1.900,-82.8,1.742,1.592
6064070,A3,2.260,-79.6,1.742,1.577
6064090,A1,2.380,-80.9,1.759,1.593
6064100,A2,1.910,-82.6,1.753,1.593
6064220,A3,2.290,-79.8,1.753,1.570
6064240,A1,2.340,-80.8,1.719,1.539
6064250,A2,1.900,-83.1,1.726,1.539
6064370,A3,2.260,-80.3,1.726,1.561
6064390,A1,2.400,-80.7,1.777,1.609
6064400,A2,1.920,-83.2,1.763,1.609
6064520,A3,2.280,-80.0,1.763,1.594
6064540,A1,2.340,-81.3,1.712,1.546
6064550,A2,1.920,-83.0,1.712,1.546
6064670,A3,2.260,-80.3,1.712,1.561
6064690,A1,2.360,-80.6,1.729,1.577
6064700,A2,1.930,-83.1,1.722,1.577
6064820,A3,2.280,-80.7,1.722,1.562
6064840,A1,2.360,-81.4,1.722,1.562
6064850,A2,1.920,-82.7,1.729,1.562
6064970,A3,2.240,-80.3,1.729,1.592
6064990,A1,2.360,-80.8,1.729,1.592
6065000,A2,1.920,-83.1,1.729,1.592
6065120,A3,2.250,-80.6,1.729,1.585
6065140,A1,2.370,-80.9,1.737,1.592
6065150,A2,1.920,-83.3,1.737,1.592
6065270,A3,2.270,-80.4,1.737,1.577
6065290,A1,2.390,-80.9,1.754,1.593
6065300,A2,1.920,-83.0,1.754,1.593
6065420,A3,2.270,-80.5,1.754,1.593
6065440,A1,2.360,-80.9,1.729,1.569
6065450,A2,1.910,-82.5,1.736,1.569
6065570,A3,2.280,-80.5,1.736,1.562
6065590,A1,2.360,-81.4,1.736,1.562
6065600,A2,1.910,-83.3,1.736,1.562
6065720,A3,2.270,-80.6,1.736,1.569
6065740,A1,2.350,-80.8,1.727,1.562
6065750,A2,1.920,-82.8,1.720,1.562
6065870,A3,2.250,-80.1,1.720,1.577
6065890,A1,2.370,-81.1,1.737,1.592
6065900,A2,1.900,-83.2,1.751,1.592
6066020,A3,2.260,-80.0,1.751,1.585
6066040,A1,2.380,-81.2,1.759,1.593
6066050,A2,1.890,-83.1,1.766,1.593
6066320,A3,2.260,-80.0,1.766,1.593
6066340,A1,2.350,-81.1,1.741,1.569
6066350,A2,1.890,-82.9,1.741,1.569
6066470,A3,2.280,-80.4,1.741,1.554
6066490,A1,2.340,-81.3,1.732,1.546
6066500,A2,1.910,-83.1,1.719,1.546
6066620,A3,2.250,-80.8,1.719,1.569
6066640,A1,2.350,-80.8,1.727,1.577
6066650,A2,1.900,-83.2,1.734,1.577
6066770,A3,2.250,-80.7,1.734,1.577
6066790,A1,2.350,-80.9,1.734,1.577
6066800,A2,1.920,-83.2,1.720,1.577
6066920,A3,2.260,-80.8,1.720,1.569
6066940,A1,2.370,-80.9,1.737,1.585
6066950,A2,1.920,-82.9,1.737,1.585
6067070,A3,2.300,-79.8,1.737,1.554
6067090,A1,2.360,-80.9,1.729,1.547
6067100,A2,1.900,-82.6,1.742,1.547
6067220,A3,2.230,-80.4,1.742,1.599
6067240,A1,2.340,-81.3,1.726,1.584
6067250,A2,1.900,-83.3,1.726,1.584
6067370,A3,2.280,-79.8,1.726,1.546
6067390,A1,2.370,-80.6,1.751,1.570
6067400,A2,1.920,-83.5,1.737,1.570
6067520,A3,2.280,-80.2,1.737,1.570
6067540,A1,2.360,-80.6,1.729,1.562
6067550,A2,1.910,-82.8,1.736,1.562
6067670,A3,2.250,-81.1,1.736,1.585
6067690,A1,2.380,-80.6,1.753,1.600
6067700,A2,1.920,-83.0,1.746,1.600
6067820,A3,2.240,-81.5,1.746,1.608
6067840,A1,2.350,-81.1,1.720,1.584
6067850,A2,1.930,-82.6,1.713,1.584
6067970,A3,2.240,-80.0,1.713,1.584
6067990,A1,2.380,-80.5,1.739,1.608
6068000,A2,1.910,-82.8,1.753,1.608
6068120,A3,2.280,-80.3,1.753,1.578
6068140,A1,2.360,-80.8,1.736,1.562
6068150,A2,1.920,-83.0,1.729,1.562
6068270,A3,2.260,-80.4,1.729,1.577
6068290,A1,2.360,-80.8,1.729,1.577
6068300,A2,1.920,-82.8,1.729,1.577
6068420,A3,2.250,-80.5,1.729,1.585
6068440,A1,2.360,-80.8,1.729,1.585
6068450,A2,1.890,-83.4,1.749,1.585
6068570,A3,2.280,-80.7,1.749,1.562
6068590,A1,2.400,-80.6,1.784,1.594
6068600,A2,1.920,-82.8,1.763,1.594
6068720,A3,2.290,-80.2,1.763,1.586
6068740,A1,2.380,-80.5,1.746,1.570
6068750,A2,1.900,-83.5,1.759,1.570
6068870,A3,2.270,-80.6,1.759,1.585
6068890,A1,2.360,-80.6,1.742,1.569
6068900,A2,1.920,-83.5,1.729,1.569
6069020,A3,2.250,-80.7,1.729,1.585
6069040,A1,2.360,-81.8,1.729,1.585
6069050,A2,1.890,-83.0,1.749,1.585
6069170,A3,2.270,-81.3,1.749,1.569
6069190,A1,2.340,-81.8,1.732,1.554
6069200,A2,1.960,-83.5,1.684,1.554
6069470,A3,2.280,-80.7,1.684,1.546
6069490,A1,2.370,-81.6,1.709,1.570
6069500,A2,1.910,-83.1,1.744,1.570
6069620,A3,2.240,-81.0,1.744,1.600
6069640,A1,2.360,-81.3,1.736,1.592
6069650,A2,1.900,-83.1,1.742,1.592
6069770,A3,2.220,-81.2,1.742,1.607
6069790,A1,2.340,-81.1,1.726,1.591
6069800,A2,1.920,-82.3,1.712,1.591
6069920,A3,2.230,-82.0,1.712,1.584
6069940,A1,2.340,-81.3,1.712,1.584
6069950,A2,1.910,-82.8,1.719,1.584
6070070,A3,2.220,-81.2,1.719,1.591
6070090,A1,2.350,-81.5,1.727,1.599
6070100,A2,1.890,-82.2,1.741,1.599
6070220,A3,2.260,-80.6,1.741,1.569
6070240,A1,2.350,-81.6,1.741,1.569
6070250,A2,1.870,-83.3,1.754,1.569
6070370,A3,2.240,-80.3,1.754,1.584
6070390,A1,2.380,-81.9,1.780,1.608
6070400,A2,1.900,-83.2,1.759,1.608
6070520,A3,2.260,-81.3,1.759,1.593
6070540,A1,2.370,-81.4,1.751,1.585
6070550,A2,1.900,-83.4,1.751,1.585
6070670,A3,2.250,-79.9,1.751,1.592
6070690,A1,2.350,-80.8,1.734,1.577
6070700,A2,1.880,-83.5,1.748,1.577
6070820,A3,2.280,-80.0,1.748,1.554
6070840,A1,2.380,-81.2,1.773,1.578
6070850,A2,1.900,-83.2,1.759,1.578
6070970,A3,2.250,-81.0,1.759,1.600
6070990,A1,2.350,-81.3,1.734,1.577
6071000,A2,1.870,-83.4,1.754,1.577
6071120,A3,2.260,-81.1,1.754,1.569
6071140,A1,2.390,-81.0,1.788,1.601
6071150,A2,1.890,-83.5,1.775,1.601
6071270,A3,2.260,-80.4,1.775,1.601
6071290,A1,2.360,-81.0,1.749,1.577
6071300,A2,1.880,-83.5,1.756,1.577
6071420,A3,2.270,-80.1,1.756,1.569
6071440,A1,2.360,-80.4,1.756,1.569
6071450,A2,1.900,-82.7,1.742,1.569
6071570,A3,2.270,-80.9,1.742,1.569
6071590,A1,2.350,-81.2,1.734,1.562
6071600,A2,1.900,-83.4,1.734,1.562
6071720,A3,2.270,-81.2,1.734,1.562
6071740,A1,2.370,-82.0,1.751,1.577
6071750,A2,1.890,-83.9,1.758,1.577
6071870,A3,2.280,-81.2,1.758,1.570
6071890,A1,2.340,-81.2,1.732,1.546
6071900,A2,1.900,-83.5,1.726,1.546
6072020,A3,2.260,-81.5,1.726,1.561
6072040,A1,2.350,-81.3,1.734,1.569
6072050,A2,1.900,-82.9,1.734,1.569
6072170,A3,2.260,-80.4,1.734,1.569
6072190,A1,2.330,-81.4,1.717,1.554
6072200,A2,1.900,-82.8,1.717,1.554
6072320,A3,2.270,-81.4,1.717,1.546
6072340,A1,2.340,-81.5,1.726,1.554
6072350,A2,1.920,-83.1,1.712,1.554
6072620,A3,2.240,-81.4,1.712,1.576
6072640,A1,2.380,-81.2,1.746,1.608
6072650,A2,1.900,-82.8,1.759,1.608
6072770,A3,2.250,-80.6,1.759,1.600
6072790,A1,2.360,-81.1,1.742,1.585
6072800,A2,1.910,-83.2,1.736,1.585
6072920,A3,2.250,-80.9,1.736,1.585
6072940,A1,2.390,-81.3,1.761,1.608
6072950,A2,1.900,-83.2,1.768,1.608
6073070,A3,2.270,-80.7,1.768,1.593
6073090,A1,2.400,-81.4,1.777,1.601
6073100,A2,1.920,-82.8,1.763,1.601
6073220,A3,2.210,-81.5,1.763,1.646
6073240,A1,2.360,-81.0,1.729,1.614
6073250,A2,1.920,-83.7,1.729,1.614
6073370,A3,2.240,-80.9,1.729,1.592
6073390,A1,2.380,-80.6,1.746,1.608
6073400,A2,1.900,-82.7,1.759,1.608
6073520,A3,2.280,-80.8,1.759,1.578
6073540,A1,2.400,-81.3,1.777,1.594
6073550,A2,1.880,-83.3,1.790,1.594
6073670,A3,2.230,-80.3,1.790,1.631
6073690,A1,2.360,-81.6,1.756,1.599
6073700,A2,1.900,-83.7,1.742,1.599
6073820,A3,2.290,-80.1,1.742,1.554
6073840,A1,2.380,-81.3,1.759,1.570
6073850,A2,1.900,-83.6,1.759,1.570
6073970,A3,2.260,-80.8,1.759,1.593
6073990,A1,2.360,-81.3,1.742,1.577
6074000,A2,1.900,-83.8,1.742,1.577
6074120,A3,2.270,-80.7,1.742,1.569
6074140,A1,2.370,-81.1,1.751,1.577
6074150,A2,1.890,-83.5,1.758,1.577
6074270,A3,2.260,-80.6,1.758,1.585
6074290,A1,2.330,-81.6,1.724,1.554
6074300,A2,1.900,-83.4,1.717,1.554
6074420,A3,2.280,-80.5,1.717,1.538
6074440,A1,2.400,-81.3,1.777,1.594
6074450,A2,1.890,-83.5,1.784,1.594
6074570,A3,2.260,-80.1,1.784,1.609
6074590,A1,2.390,-81.2,1.775,1.601
6074600,A2,1.890,-83.1,1.775,1.601
6074720,A3,2.250,-80.0,1.775,1.608
6074740,A1,2.360,-81.3,1.749,1.585
6074750,A2,1.910,-83.1,1.736,1.585
6074870,A3,2.280,-79.9,1.736,1.562
6074890,A1,2.390,-81.7,1.761,1.586
6074900,A2,1.910,-83.1,1.761,1.586
6075020,A3,2.280,-80.2,1.761,1.586
6075040,A1,2.380,-81.3,1.753,1.578
6075050,A2,1.880,-83.3,1.773,1.578
6075170,A3,2.250,-80.7,1.773,1.600
6075190,A1,2.360,-81.6,1.756,1.585
6075200,A2,1.910,-83.4,1.736,1.585
6075320,A3,2.280,-80.4,1.736,1.562
6075340,A1,2.320,-81.5,1.702,1.531
6075350,A2,1.880,-83.3,1.722,1.531
6075470,A3,2.260,-79.9,1.722,1.546
6075490,A1,2.350,-81.6,1.748,1.569
6075500,A2,1.900,-83.3,1.734,1.569
6075770,A3,2.260,-80.7,1.734,1.569
6075790,A1,2.370,-81.7,1.751,1.585
6075800,A2,1.900,-82.7,1.751,1.585
6075920,A3,2.280,-80.7,1.751,1.570
6075940,A1,2.360,-81.5,1.742,1.562
6075950,A2,1.870,-83.2,1.763,1.562
6076070,A3,2.260,-80.0,1.763,1.577
6076090,A1,2.360,-81.7,1.763,1.577
6076100,A2,1.900,-83.2,1.742,1.577
6076220,A3,2.270,-80.0,1.742,1.569
6076240,A1,2.380,-81.5,1.759,1.585
6076250,A2,1.900,-83.2,1.759,1.585
6076370,A3,2.270,-80.0,1.759,1.585
6076390,A1,2.360,-81.4,1.742,1.569
6076400,A2,1.890,-83.3,1.749,1.569
6076520,A3,2.280,-79.6,1.749,1.562
6076540,A1,2.360,-81.1,1.749,1.562
6076550,A2,1.890,-83.9,1.749,1.562
6076670,A3,2.240,-79.8,1.749,1.592
6076690,A1,2.390,-81.1,1.775,1.616
6076970,A3,2.280,-80.2,1.775,1.586
6076990,A1,2.370,-81.2,1.758,1.570
6077000,A2,1.910,-82.8,1.744,1.570
6077120,A3,2.240,-81.0,1.744,1.600
6077140,A1,2.360,-80.8,1.736,1.592
6077150,A2,1.900,-83.1,1.742,1.592
6077270,A3,2.230,-80.2,1.742,1.599
6077290,A1,2.380,-81.3,1.759,1.615
6077300,A2,1.910,-83.2,1.753,1.615
6077420,A3,2.230,-81.0,1.753,1.615
6077440,A1,2.380,-81.4,1.753,1.615
6077450,A2,1.900,-83.1,1.759,1.615
6077570,A3,2.280,-80.4,1.759,1.578
6077590,A1,2.360,-81.6,1.742,1.562
6077600,A2,1.930,-83.1,1.722,1.562
6077720,A3,2.240,-81.0,1.722,1.592
6077740,A1,2.350,-81.2,1.713,1.584
6077750,A2,1.890,-83.8,1.741,1.584
6077870,A3,2.230,-81.6,1.741,1.592
6077890,A1,2.390,-80.9,1.775,1.623
6077900,A2,1.890,-83.5,1.775,1.623
6078020,A3,2.240,-80.8,1.775,1.616
6078040,A1,2.370,-81.0,1.758,1.600
6078050,A2,1.890,-83.7,1.758,1.600
6078170,A3,2.240,-81.2,1.758,1.600
6078190,A1,2.370,-81.0,1.758,1.600
6078200,A2,1.910,-82.9,1.744,1.600
6078320,A3,2.260,-81.7,1.744,1.585
6078340,A1,2.350,-81.2,1.727,1.569
6078350,A2,1.890,-83.4,1.741,1.569
6078470,A3,2.230,-81.3,1.741,1.592
6078490,A1,2.360,-81.2,1.749,1.599
6078500,A2,1.910,-83.5,1.736,1.599
6078620,A3,2.270,-81.1,1.736,1.569
6078640,A1,2.390,-81.3,1.761,1.593
6078650,A2,1.910,-83.1,1.761,1.593
6078920,A3,2.270,-80.9,1.761,1.593
6078940,A1,2.350,-81.1,1.727,1.562
6078950,A2,1.900,-82.9,1.734,1.562
6079070,A3,2.230,-80.0,1.734,1.592
6079090,A1,2.360,-80.9,1.742,1.599
6079100,A2,1.900,-82.9,1.742,1.599
6079220,A3,2.280,-80.0,1.742,1.562
6079240,A1,2.380,-81.5,1.759,1.578
6079250,A2,1.910,-83.3,1.753,1.578
6079370,A3,2.260,-80.9,1.753,1.593
6079390,A1,2.360,-81.2,1.736,1.577
6079400,A2,1.900,-82.6,1.742,1.577
6079520,A3,2.260,-80.2,1.742,1.577
6079540,A1,2.360,-81.4,1.742,1.577
6079820,A3,2.250,-80.1,1.742,1.585
6079840,A1,2.370,-81.3,1.751,1.592
6079850,A2,1.930,-83.4,1.730,1.592
6079970,A3,2.290,-80.5,1.730,1.562
6079990,A1,2.380,-81.2,1.739,1.570
6080000,A2,1.890,-83.8,1.766,1.570
6080120,A3,2.260,-80.2,1.766,1.593
6080140,A1,2.360,-81.2,1.749,1.577
6080150,A2,1.880,-83.7,1.756,1.577
6080270,A3,2.260,-79.8,1.756,1.577
6080290,A1,2.360,-81.0,1.756,1.577
6080300,A2,1.930,-83.3,1.722,1.577
6080420,A3,2.260,-80.3,1.722,1.577
6080440,A1,2.350,-81.2,1.713,1.569
6080450,A2,1.910,-83.4,1.727,1.569
6080570,A3,2.280,-80.4,1.727,1.554
6080590,A1,2.370,-81.3,1.744,1.570
6080600,A2,1.920,-83.3,1.737,1.570
6080720,A3,2.240,-80.8,1.737,1.600
6080740,A1,2.380,-81.1,1.746,1.608
6080750,A2,1.930,-82.9,1.739,1.608
6080870,A3,2.300,-80.1,1.739,1.562
6080890,A1,2.400,-80.9,1.756,1.578
6080900,A2,1.910,-83.2,1.770,1.578
6081020,A3,2.260,-80.5,1.770,1.609
6081040,A1,2.350,-80.6,1.727,1.569
6081050,A2,1.900,-83.8,1.734,1.569
6081170,A3,2.270,-80.6,1.734,1.562
6081190,A1,2.390,-81.1,1.768,1.593
6081200,A2,1.910,-83.1,1.761,1.593
6081320,A3,2.230,-80.6,1.761,1.623
6081340,A1,2.350,-81.3,1.727,1.592
6081350,A2,1.910,-83.6,1.727,1.592
6081470,A3,2.250,-81.4,1.727,1.577
6081490,A1,2.380,-81.1,1.753,1.600
6081500,A2,1.890,-83.1,1.766,1.600
6081620,A3,2.270,-80.7,1.766,1.585
6081640,A1,2.370,-81.0,1.758,1.577
6081650,A2,1.900,-83.0,1.751,1.577
6081770,A3,2.280,-80.1,1.751,1.570
6081790,A1,2.390,-81.4,1.768,1.586
6081800,A2,1.920,-82.5,1.754,1.586
6082070,A3,2.250,-80.4,1.754,1.608
6082090,A1,2.360,-80.5,1.729,1.585
6082100,A2,1.900,-82.8,1.742,1.585
6082220,A3,2.270,-80.7,1.742,1.569
6082240,A1,2.360,-80.9,1.742,1.569
6082250,A2,1.910,-82.7,1.736,1.569
6082370,A3,2.250,-81.4,1.736,1.585
6082390,A1,2.370,-81.3,1.744,1.592
6082400,A2,1.900,-83.5,1.751,1.592
6082520,A3,2.240,-80.0,1.751,1.600
6082540,A1,2.360,-81.7,1.742,1.592
6082550,A2,1.910,-82.8,1.736,1.592
6082670,A3,2.260,-80.9,1.736,1.577
6082690,A1,2.360,-81.3,1.736,1.577
6082970,A3,2.240,-84.0,1.736,1.592
6082990,A1,2.370,-82.1,1.744,1.600
6083000,A2,1.890,-83.4,1.758,1.600
6083120,A3,2.270,-80.9,1.758,1.577
6083140,A1,2.380,-80.7,1.766,1.585
6083150,A2,1.880,-83.8,1.773,1.585
6083270,A3,2.230,-80.7,1.773,1.615
6083290,A1,2.400,-80.9,1.790,1.631
6083300,A2,1.900,-83.3,1.777,1.631
6083420,A3,2.270,-81.1,1.777,1.601
6083440,A1,2.330,-81.0,1.717,1.546
6083450,A2,1.910,-84.0,1.710,1.546
6083570,A3,2.250,-81.0,1.710,1.561
6083590,A1,2.360,-81.0,1.736,1.585
6083600,A2,1.910,-83.3,1.736,1.585
6083720,A3,2.270,-80.8,1.736,1.569
6083740,A1,2.400,-80.9,1.770,1.601
6083750,A2,1.900,-83.7,1.777,1.601
6083870,A3,2.230,-80.5,1.777,1.631
6083890,A1,2.380,-80.9,1.759,1.615
6083900,A2,1.900,-83.7,1.759,1.615
6084020,A3,2.260,-80.8,1.759,1.593
6084040,A1,2.370,-81.0,1.751,1.585
6084050,A2,1.900,-83.3,1.751,1.585
6084170,A3,2.250,-80.9,1.751,1.592
6084190,A1,2.370,-81.2,1.751,1.592
6084200,A2,1.900,-84.0,1.751,1.592
6084320,A3,2.290,-80.9,1.751,1.562
6084340,A1,2.410,-80.5,1.785,1.594
6084350,A2,1.900,-83.5,1.785,1.594
6084470,A3,2.270,-81.2,1.785,1.609
6084490,A1,2.420,-80.9,1.794,1.617
6084500,A2,1.900,-84.2,1.794,1.617
6084620,A3,2.250,-80.2,1.794,1.632
6084640,A1,2.350,-80.7,1.734,1.577
6084650,A2,1.910,-83.3,1.727,1.577
6084770,A3,2.260,-80.8,1.727,1.569
6084790,A1,2.380,-81.4,1.753,1.593
6084800,A2,1.920,-83.6,1.746,1.593
6084920,A3,2.260,-80.1,1.746,1.593
6084940,A1,2.350,-80.6,1.720,1.569
6084950,A2,1.880,-83.6,1.748,1.569
6085220,A3,2.270,-80.2,1.748,1.562
6085240,A1,2.380,-80.9,1.773,1.585
6085250,A2,1.890,-84.0,1.766,1.585
6085370,A3,2.250,-80.6,1.766,1.600
6085390,A1,2.380,-81.1,1.766,1.600
6085400,A2,1.870,-83.3,1.780,1.600
6085520,A3,2.270,-81.1,1.780,1.585
6085540,A1,2.410,-81.1,1.806,1.609
6085550,A2,1.890,-83.4,1.792,1.609
6085670,A3,2.250,-80.6,1.792,1.624
6085690,A1,2.380,-81.2,1.766,1.600
6085700,A2,1.860,-83.7,1.787,1.600
6085820,A3,2.260,-81.0,1.787,1.593
6085840,A1,2.400,-80.8,1.804,1.609
6085850,A2,1.900,-83.8,1.777,1.609
6086120,A3,2.260,-80.2,1.777,1.609
6086140,A1,2.380,-81.0,1.759,1.593
6086150,A2,1.890,-83.7,1.766,1.593
6086270,A3,2.250,-80.9,1.766,1.600
6086290,A1,2.380,-80.8,1.766,1.600
6086300,A2,1.900,-84.2,1.759,1.600
6086420,A3,2.270,-80.9,1.759,1.585
6086440,A1,2.360,-80.8,1.742,1.569
6086450,A2,1.890,-83.6,1.749,1.569
6086570,A3,2.260,-80.0,1.749,1.577
6086590,A1,2.370,-80.5,1.758,1.585
6086600,A2,1.900,-83.6,1.751,1.585
6086720,A3,2.260,-80.4,1.751,1.585
6086740,A1,2.380,-80.6,1.759,1.593
6086750,A2,1.890,-84.3,1.766,1.593
6086870,A3,2.270,-80.8,1.766,1.585
6086890,A1,2.370,-80.8,1.758,1.577
6086900,A2,1.890,-83.7,1.758,1.577
6087020,A3,2.240,-80.2,1.758,1.600
6087040,A1,2.390,-80.7,1.775,1.616
6087050,A2,1.900,-83.2,1.768,1.616
6087170,A3,2.280,-79.9,1.768,1.586
6087190,A1,2.350,-81.1,1.734,1.554
6087200,A2,1.910,-83.9,1.727,1.554
6087320,A3,2.260,-80.5,1.727,1.569
6087340,A1,2.370,-80.6,1.744,1.585
6087350,A2,1.920,-83.2,1.737,1.585
6087470,A3,2.280,-79.8,1.737,1.570
6087490,A1,2.380,-80.7,1.746,1.578
6087500,A2,1.890,-83.0,1.766,1.578
6087620,A3,2.260,-80.0,1.766,1.593
6087640,A1,2.380,-80.8,1.766,1.593
6087650,A2,1.900,-83.9,1.759,1.593
6087770,A3,2.250,-80.9,1.759,1.600
6087790,A1,2.360,-80.8,1.742,1.585
6087800,A2,1.900,-83.9,1.742,1.585
6087920,A3,2.250,-81.0,1.742,1.585
6087940,A1,2.390,-80.7,1.768,1.608
6087950,A2,1.890,-83.2,1.775,1.608
6088070,A3,2.270,-81.0,1.775,1.593
6088090,A1,2.360,-81.1,1.749,1.569
6088100,A2,1.900,-84.0,1.742,1.569
6088370,A3,2.260,-80.1,1.742,1.577
6088390,A1,2.390,-80.7,1.768,1.601
6088400,A2,1.880,-83.0,1.782,1.601
6088520,A3,2.220,-80.9,1.782,1.631
6088540,A1,2.380,-80.8,1.773,1.623
6088550,A2,1.890,-83.3,1.766,1.623
6088670,A3,2.270,-80.3,1.766,1.585
6088690,A1,2.380,-81.2,1.766,1.585
6088700,A2,1.900,-83.9,1.759,1.585
6088820,A3,2.280,-80.8,1.759,1.578
6088840,A1,2.380,-81.1,1.759,1.578
6088850,A2,1.890,-83.5,1.766,1.578
6088970,A3,2.270,-80.8,1.766,1.585
6088990,A1,2.380,-80.8,1.766,1.585
6089000,A2,1.860,-83.9,1.787,1.585
6089120,A3,2.280,-80.9,1.787,1.578
6089140,A1,2.390,-81.2,1.795,1.586
6089150,A2,1.880,-83.4,1.782,1.586
6089270,A3,2.270,-80.8,1.782,1.593
6089290,A1,2.340,-81.0,1.739,1.554
6089300,A2,1.880,-83.1,1.739,1.554
6089420,A3,2.240,-80.9,1.739,1.576
6089450,A2,1.890,-83.4,1.732,1.576
6089600,A2,1.900,-84.1,1.726,1.576
6089720,A3,2.270,-80.2,1.726,1.554
6089740,A1,2.400,-81.0,1.777,1.601
6089750,A2,1.900,-83.4,1.777,1.601
6089870,A3,2.290,-80.6,1.777,1.586
6089890,A1,2.410,-80.6,1.785,1.594
6089900,A2,1.890,-83.2,1.792,1.594
6090020,A3,2.280,-80.5,1.792,1.602
6090040,A1,2.380,-80.8,1.766,1.578
6090050,A2,1.910,-83.3,1.753,1.578
6090170,A3,2.290,-80.4,1.753,1.570
6090190,A1,2.380,-80.8,1.753,1.570
6090200,A2,1.900,-82.8,1.759,1.570
6090320,A3,2.270,-80.0,1.759,1.585
6090340,A1,2.360,-81.1,1.742,1.569
6090350,A2,1.920,-83.6,1.729,1.569
6090470,A3,2.270,-80.3,1.729,1.569
6090490,A1,2.370,-80.6,1.737,1.577
6090500,A2,1.920,-83.3,1.737,1.577
6090620,A3,2.270,-80.8,1.737,1.577
6090640,A1,2.380,-80.6,1.746,1.585
6090650,A2,1.900,-84.0,1.759,1.585
6090770,A3,2.270,-80.7,1.759,1.585
6090790,A1,2.380,-80.8,1.759,1.585
6090800,A2,1.930,-83.5,1.739,1.585
6090920,A3,2.280,-80.7,1.739,1.578
6090940,A1,2.390,-80.8,1.747,1.586
6090950,A2,1.910,-83.6,1.761,1.586
6091070,A3,2.270,-80.0,1.761,1.593
6091090,A1,2.380,-81.1,1.753,1.585
6091100,A2,1.880,-83.8,1.773,1.585
6091220,A3,2.290,-80.0,1.773,1.570
6091240,A1,2.390,-80.7,1.782,1.578
6091250,A2,1.870,-84.0,1.788,1.578
6091520,A3,2.290,-80.1,1.788,1.578
6091540,A1,2.360,-81.0,1.763,1.554
6091550,A2,1.880,-83.0,1.756,1.554
6091670,A3,2.260,-80.6,1.756,1.577
6091690,A1,2.370,-81.3,1.765,1.585
6091700,A2,1.920,-84.1,1.737,1.585
6091820,A3,2.280,-80.4,1.737,1.570
6091840,A1,2.390,-81.1,1.754,1.586
6091850,A2,1.880,-83.8,1.782,1.586
6091970,A3,2.280,-80.8,1.782,1.586
6091990,A1,2.400,-80.5,1.790,1.594
6092000,A2,1.890,-83.9,1.784,1.594
6092120,A3,2.260,-80.2,1.784,1.609
6092140,A1,2.410,-80.7,1.792,1.617
6092150,A2,1.860,-84.0,1.812,1.617
6092290,A1,2.370,-80.5,1.778,1.585
6092300,A2,1.880,-83.5,1.765,1.585
6092440,A1,2.400,-80.7,1.790,1.609
6092450,A2,1.860,-83.8,1.804,1.609
6092570,A3,2.280,-80.8,1.804,1.594
6092590,A1,2.380,-80.8,1.787,1.578
6092600,A2,1.900,-83.7,1.759,1.578
6092720,A3,2.250,-81.1,1.759,1.600
6092740,A1,2.380,-80.6,1.759,1.600
6092750,A2,1.920,-84.1,1.746,1.600
6092870,A3,2.260,-80.1,1.746,1.593
6092890,A1,2.380,-80.7,1.746,1.593
6092900,A2,1.900,-83.7,1.759,1.593
6093020,A3,2.280,-81.1,1.759,1.578
6093040,A1,2.390,-80.9,1.768,1.586
6093050,A2,1.910,-83.6,1.761,1.586
6093170,A3,2.290,-80.0,1.761,1.578
6093190,A1,2.400,-80.7,1.770,1.586
6093200,A2,1.900,-83.4,1.777,1.586
6093320,A3,2.270,-80.9,1.777,1.601
6093340,A1,2.400,-81.0,1.777,1.601
6093350,A2,1.900,-83.8,1.777,1.601
6093490,A1,2.370,-81.4,1.751,1.577
6093500,A2,1.850,-83.6,1.785,1.577
6093640,A1,2.360,-81.6,1.776,1.569
6093650,A2,1.920,-84.0,1.729,1.569
6093770,A3,2.260,-80.0,1.729,1.577
6093800,A2,1.880,-83.9,1.756,1.577
6093950,A2,1.880,-83.7,1.756,1.577
6094070,A3,2.270,-80.4,1.756,1.569
6094090,A1,2.360,-80.8,1.756,1.569
6094100,A2,1.910,-83.6,1.736,1.569
6094220,A3,2.280,-79.9,1.736,1.562
6094240,A1,2.390,-80.8,1.761,1.586
6094250,A2,1.890,-83.5,1.775,1.586
6094370,A3,2.270,-80.3,1.775,1.593
6094390,A1,2.400,-80.7,1.784,1.601
6094400,A2,1.880,-82.9,1.790,1.601
6094670,A3,2.260,-79.8,1.790,1.609
6094690,A1,2.400,-81.0,1.790,1.609
6094700,A2,1.900,-83.8,1.777,1.609
6094820,A3,2.250,-79.9,1.777,1.616
6094840,A1,2.350,-80.9,1.734,1.577
6094850,A2,1.900,-83.2,1.734,1.577
6094970,A3,2.280,-79.8,1.734,1.554
6094990,A1,2.360,-80.8,1.742,1.562
6095000,A2,1.900,-83.9,1.742,1.562
6095120,A3,2.250,-80.6,1.742,1.585
6095140,A1,2.340,-80.9,1.726,1.569
6095150,A2,1.910,-84.1,1.719,1.569
6095270,A3,2.270,-80.1,1.719,1.554
6095290,A1,2.380,-80.8,1.753,1.585
6095300,A2,1.940,-82.9,1.732,1.585
6095420,A3,2.280,-80.7,1.732,1.578
6095440,A1,2.380,-81.4,1.732,1.578
6095450,A2,1.910,-83.2,1.753,1.578
6095570,A3,2.250,-80.1,1.753,1.600
6095590,A1,2.390,-80.8,1.761,1.608
6095600,A2,1.900,-83.4,1.768,1.608
6095720,A3,2.280,-80.8,1.768,1.586
6095740,A1,2.370,-80.7,1.751,1.570
6095750,A2,1.930,-83.3,1.730,1.570
6095870,A3,2.260,-79.8,1.730,1.585
6095890,A1,2.370,-81.2,1.730,1.585
6095900,A2,1.910,-83.7,1.744,1.585
6096020,A3,2.260,-81.0,1.744,1.585
6096040,A1,2.380,-81.0,1.753,1.593
6096050,A2,1.900,-83.2,1.759,1.593
6096170,A3,2.280,-79.8,1.759,1.578
6096190,A1,2.410,-80.7,1.785,1.602
6096200,A2,1.890,-83.7,1.792,1.602
6096320,A3,2.270,-80.9,1.792,1.609
6096340,A1,2.380,-81.1,1.766,1.585
6096350,A2,1.880,-83.3,1.773,1.585
6096470,A3,2.250,-80.3,1.773,1.600
6096490,A1,2.380,-80.7,1.773,1.600
6096500,A2,1.910,-83.6,1.753,1.600
6096620,A3,2.280,-80.1,1.753,1.578
6096640,A1,2.380,-81.2,1.753,1.578
6096650,A2,1.900,-84.1,1.759,1.578
6096770,A3,2.270,-80.8,1.759,1.585
6096790,A1,2.380,-81.3,1.759,1.585
6096800,A2,1.890,-83.2,1.766,1.585
6096920,A3,2.270,-80.6,1.766,1.585
6096940,A1,2.360,-81.1,1.749,1.569
6097220,A3,2.260,-80.3,1.749,1.577
6097240,A1,2.410,-81.2,1.792,1.617
6097250,A2,1.910,-83.5,1.778,1.617
6097370,A3,2.240,-80.8,1.778,1.632
6097390,A1,2.390,-80.6,1.761,1.616
6097400,A2,1.880,-83.5,1.782,1.616
6097520,A3,2.280,-80.8,1.782,1.586
6097540,A1,2.390,-81.2,1.782,1.586
6097550,A2,1.890,-84.0,1.775,1.586
6097820,A3,2.290,-79.9,1.775,1.578
6097840,A1,2.400,-80.6,1.784,1.586
6098120,A3,2.280,-80.0,1.784,1.594
6098140,A1,2.360,-81.1,1.749,1.562
6098150,A2,1.890,-83.7,1.749,1.562
6098270,A3,2.280,-79.8,1.749,1.562
6098290,A1,2.360,-80.7,1.749,1.562
6098300,A2,1.920,-83.2,1.729,1.562
6098420,A3,2.250,-81.0,1.729,1.585
6098440,A1,2.400,-80.8,1.763,1.616
6098450,A2,1.900,-83.7,1.777,1.616
6098570,A3,2.270,-80.7,1.777,1.601
6098590,A1,2.360,-80.7,1.742,1.569
6098600,A2,1.910,-83.3,1.736,1.569
6098720,A3,2.270,-80.9,1.736,1.569
6098740,A1,2.380,-80.7,1.753,1.585
6098750,A2,1.920,-83.6,1.746,1.585
6098870,A3,2.270,-79.9,1.746,1.585
6098890,A1,2.390,-80.4,1.754,1.593
6098900,A2,1.910,-84.3,1.761,1.593
6099020,A3,2.280,-80.2,1.761,1.586
6099040,A1,2.340,-80.7,1.719,1.546
6099050,A2,1.900,-83.0,1.726,1.546
6099170,A3,2.250,-80.2,1.726,1.569
6099190,A1,2.370,-80.8,1.751,1.592
6099200,A2,1.880,-83.0,1.765,1.592
6099320,A3,2.280,-80.8,1.765,1.570
6099340,A1,2.350,-81.1,1.748,1.554
6099350,A2,1.880,-83.0,1.748,1.554
6099470,A3,2.290,-80.0,1.748,1.546
6099490,A1,2.360,-81.1,1.756,1.554
6099500,A2,1.900,-83.2,1.742,1.554
6099620,A3,2.250,-80.6,1.742,1.585
6099640,A1,2.380,-81.3,1.759,1.600
6099650,A2,1.900,-83.7,1.759,1.600
6099770,A3,2.260,-80.4,1.759,1.593
6099790,A1,2.380,-81.4,1.759,1.593
6099800,A2,1.900,-83.4,1.759,1.593
6099920,A3,2.270,-80.1,1.759,1.585
6099940,A1,2.360,-80.9,1.742,1.569
6099950,A2,1.900,-83.2,1.742,1.569
6100070,A3,2.270,-80.5,1.742,1.569
6100090,A1,2.360,-81.2,1.742,1.569
6100100,A2,1.880,-83.5,1.756,1.569
6100220,A3,2.240,-80.5,1.756,1.592
6100240,A1,2.380,-80.6,1.773,1.608
6100250,A2,1.900,-83.4,1.759,1.608
6100370,A3,2.270,-80.0,1.759,1.585
6100390,A1,2.360,-82.2,1.742,1.569
6100400,A2,1.930,-82.6,1.722,1.569
6100520,A3,2.240,-81.1,1.722,1.592
6100540,A1,2.360,-81.5,1.722,1.592
6100550,A2,1.910,-83.1,1.736,1.592
6100670,A3,2.240,-80.3,1.736,1.592
6100690,A1,2.360,-81.0,1.736,1.592
6100700,A2,1.900,-83.7,1.742,1.592
6100970,A3,2.260,-79.7,1.742,1.577
6100990,A1,2.370,-81.0,1.751,1.585
6101000,A2,1.900,-83.1,1.751,1.585
6101120,A3,2.250,-81.2,1.751,1.592
6101140,A1,2.350,-80.9,1.734,1.577
6101150,A2,1.900,-82.8,1.734,1.577
6101270,A3,2.280,-80.4,1.734,1.554
6101290,A1,2.330,-81.1,1.717,1.538
6101570,A3,2.270,-80.9,1.717,1.546
6101590,A1,2.350,-81.2,1.734,1.562
6101600,A2,1.900,-82.7,1.734,1.562
6101720,A3,2.250,-81.0,1.734,1.577
6101740,A1,2.360,-81.1,1.742,1.585
6101750,A2,1.900,-82.9,1.742,1.585
6101870,A3,2.230,-81.0,1.742,1.599
6101890,A1,2.340,-81.2,1.726,1.584
6101900,A2,1.910,-82.9,1.719,1.584
6102020,A3,2.270,-80.5,1.719,1.554
6102040,A1,2.390,-81.1,1.761,1.593
6102050,A2,1.920,-83.3,1.754,1.593
6102170,A3,2.250,-80.3,1.754,1.608
6102190,A1,2.360,-81.2,1.729,1.585
6102200,A2,1.910,-83.5,1.736,1.585
6102320,A3,2.260,-79.7,1.736,1.577
6102340,A1,2.380,-80.9,1.753,1.593
6102350,A2,1.900,-83.5,1.759,1.593
6102470,A3,2.230,-80.2,1.759,1.615
6102490,A1,2.360,-81.4,1.742,1.599
6102500,A2,1.900,-83.6,1.742,1.599
6102620,A3,2.280,-79.9,1.742,1.562
6102640,A1,2.380,-80.9,1.759,1.578
6102650,A2,1.910,-83.2,1.753,1.578
6102770,A3,2.270,-80.0,1.753,1.585
6102790,A1,2.400,-80.8,1.770,1.601
6102800,A2,1.900,-83.6,1.777,1.601
6102920,A3,2.270,-80.5,1.777,1.601
6102940,A1,2.390,-80.8,1.768,1.593
6102950,A2,1.890,-83.7,1.775,1.593
6103070,A3,2.260,-80.5,1.775,1.601
6103090,A1,2.380,-80.8,1.766,1.593
6103100,A2,1.870,-83.7,1.780,1.593
6103220,A3,2.260,-80.1,1.780,1.593
6103240,A1,2.390,-81.0,1.788,1.601
6103250,A2,1.900,-83.3,1.768,1.601
6103370,A3,2.280,-80.0,1.768,1.586
6103390,A1,2.390,-80.9,1.768,1.586
6103400,A2,1.920,-83.9,1.754,1.586
6103520,A3,2.260,-80.7,1.754,1.601
6103540,A1,2.410,-81.0,1.772,1.617
6103550,A2,1.900,-83.2,1.785,1.617
6103670,A3,2.280,-80.3,1.785,1.602
6103690,A1,2.420,-80.7,1.794,1.610
6103700,A2,1.900,-83.4,1.794,1.610
6103820,A3,2.280,-80.0,1.794,1.610
6103840,A1,2.350,-81.0,1.734,1.554
6103850,A2,1.910,-83.4,1.727,1.554
6104120,A3,2.240,-80.9,1.727,1.584
6104140,A1,2.360,-81.0,1.736,1.592
6104150,A2,1.890,-83.8,1.749,1.592
6104270,A3,2.270,-80.6,1.749,1.569
6104290,A1,2.360,-81.1,1.749,1.569
6104300,A2,1.890,-83.7,1.749,1.569
6104420,A3,2.270,-80.7,1.749,1.569
6104440,A1,2.360,-81.4,1.749,1.569
6104450,A2,1.900,-83.9,1.742,1.569
6104570,A3,2.260,-80.8,1.742,1.577
6104600,A2,1.870,-84.1,1.763,1.577
6104750,A2,1.880,-84.2,1.756,1.577
6104870,A3,2.260,-80.6,1.756,1.577
6104890,A1,2.360,-80.9,1.756,1.577
6104900,A2,1.910,-83.2,1.736,1.577
6105020,A3,2.260,-80.5,1.736,1.577
6105040,A1,2.400,-80.7,1.770,1.609
6105050,A2,1.880,-83.9,1.790,1.609
6105170,A3,2.260,-80.8,1.790,1.609
6105190,A1,2.360,-81.2,1.756,1.577
6105200,A2,1.900,-84.3,1.742,1.577
6105320,A3,2.260,-80.7,1.742,1.577
6105340,A1,2.390,-80.8,1.768,1.601
6105350,A2,1.900,-83.4,1.768,1.601
6105470,A3,2.260,-80.3,1.768,1.601
6105490,A1,2.380,-81.2,1.759,1.593
6105500,A2,1.920,-83.6,1.746,1.593
6105620,A3,2.270,-80.5,1.746,1.585
6105640,A1,2.350,-81.0,1.720,1.562
6105650,A2,1.890,-83.9,1.741,1.562
6105770,A3,2.280,-80.4,1.741,1.554
6105790,A1,2.380,-80.6,1.766,1.578
6105800,A2,1.900,-83.4,1.759,1.578
6105920,A3,2.280,-80.5,1.759,1.578
6105940,A1,2.350,-80.6,1.734,1.554
6105950,A2,1.900,-83.7,1.734,1.554
6106070,A3,2.280,-80.1,1.734,1.554
6106090,A1,2.360,-80.7,1.742,1.562
6106100,A2,1.910,-83.8,1.736,1.562
6106220,A3,2.270,-80.6,1.736,1.569
6106240,A1,2.370,-81.2,1.744,1.577
6106250,A2,1.900,-83.8,1.751,1.577
6106370,A3,2.290,-80.1,1.751,1.562
6106390,A1,2.360,-80.6,1.742,1.554
6106400,A2,1.910,-84.0,1.736,1.554
6106520,A3,2.260,-80.6,1.736,1.577
6106540,A1,2.370,-81.0,1.744,1.585
6106550,A2,1.930,-82.9,1.730,1.585
6106670,A3,2.250,-80.9,1.730,1.592
6106690,A1,2.360,-81.0,1.722,1.585
6106700,A2,1.890,-83.4,1.749,1.585
6106820,A3,2.250,-80.7,1.749,1.585
6106840,A1,2.370,-80.6,1.758,1.592
6106850,A2,1.910,-83.3,1.744,1.592
6106970,A3,2.250,-81.1,1.744,1.592
6106990,A1,2.380,-81.0,1.753,1.600
6107000,A2,1.920,-83.3,1.746,1.600
6107270,A3,2.240,-80.6,1.746,1.608
6107290,A1,2.380,-80.9,1.746,1.608
6107300,A2,1.900,-82.9,1.759,1.608
6107420,A3,2.260,-80.8,1.759,1.593
6107440,A1,2.330,-80.9,1.717,1.554
6107450,A2,1.910,-83.3,1.710,1.554
6107570,A3,2.260,-81.0,1.710,1.554
6107590,A1,2.370,-81.0,1.744,1.585
6107600,A2,1.900,-83.4,1.751,1.585
6107720,A3,2.250,-81.2,1.751,1.592
6107740,A1,2.370,-81.2,1.751,1.592
6107750,A2,1.910,-83.5,1.744,1.592
6107870,A3,2.230,-80.6,1.744,1.607
6107890,A1,2.400,-80.9,1.770,1.631
6107900,A2,1.880,-83.3,1.790,1.631
6108020,A3,2.250,-81.2,1.790,1.616
6108040,A1,2.390,-80.9,1.782,1.608
6108050,A2,1.910,-83.7,1.761,1.608
6108170,A3,2.250,-81.3,1.761,1.608
6108190,A1,2.360,-81.2,1.736,1.585
6108200,A2,1.920,-83.4,1.729,1.585
6108320,A3,2.230,-81.4,1.729,1.599
6108340,A1,2.380,-81.0,1.746,1.615
6108350,A2,1.900,-83.2,1.759,1.615
6108470,A3,2.260,-80.7,1.759,1.593
6108490,A1,2.350,-80.8,1.734,1.569
6108500,A2,1.920,-83.3,1.720,1.569
6108620,A3,2.280,-80.7,1.720,1.554
6108640,A1,2.370,-81.3,1.737,1.570
6108650,A2,1.890,-83.4,1.758,1.570
6108770,A3,2.280,-81.1,1.758,1.570
6108790,A1,2.390,-80.9,1.775,1.586
6108800,A2,1.900,-83.7,1.768,1.586
6108920,A3,2.250,-80.9,1.768,1.608
6108940,A1,2.380,-81.1,1.759,1.600
6108950,A2,1.900,-83.0,1.759,1.600
6109070,A3,2.270,-80.2,1.759,1.585
6109090,A1,2.370,-80.6,1.751,1.577
6109100,A2,1.910,-82.8,1.744,1.577
6109220,A3,2.280,-80.5,1.744,1.570
6109240,A1,2.360,-80.7,1.736,1.562
6109250,A2,1.900,-83.8,1.742,1.562
6109370,A3,2.270,-80.6,1.742,1.569
6109390,A1,2.360,-81.0,1.742,1.569
6109400,A2,1.880,-83.4,1.756,1.569
6109520,A3,2.260,-79.9,1.756,1.577
6109540,A1,2.380,-80.8,1.773,1.593
6109550,A2,1.890,-83.8,1.766,1.593
6109670,A3,2.260,-80.4,1.766,1.593
6109690,A1,2.350,-81.3,1.741,1.569
6109700,A2,1.900,-83.2,1.734,1.569
6109820,A3,2.280,-79.9,1.734,1.554
6109840,A1,2.370,-81.1,1.751,1.570
6109850,A2,1.870,-83.5,1.771,1.570
6109970,A3,2.280,-79.9,1.771,1.570
6109990,A1,2.320,-81.3,1.729,1.531
6110000,A2,1.870,-83.5,1.729,1.531
6110120,A3,2.260,-80.3,1.729,1.546
6110140,A1,2.370,-80.9,1.771,1.585
6110150,A2,1.900,-83.9,1.751,1.585
6110420,A3,2.260,-80.8,1.751,1.585
6110440,A1,2.380,-81.5,1.759,1.593
6110450,A2,1.900,-83.0,1.759,1.593
6110570,A3,2.280,-80.3,1.759,1.578
6110590,A1,2.350,-81.8,1.734,1.554
6110600,A2,1.900,-83.5,1.734,1.554
6110720,A3,2.220,-80.4,1.734,1.599
6110740,A1,2.360,-81.4,1.742,1.607
6110750,A2,1.920,-83.0,1.729,1.607
6110870,A3,2.270,-80.8,1.729,1.569
6110890,A1,2.340,-81.4,1.712,1.554
6110900,A2,1.880,-83.8,1.739,1.554
6111020,A3,2.250,-80.2,1.739,1.569
6111040,A1,2.360,-81.4,1.756,1.585
6111050,A2,1.910,-83.4,1.736,1.585
6111170,A3,2.270,-80.5,1.736,1.569
6111190,A1,2.360,-81.4,1.736,1.569
6111200,A2,1.900,-83.1,1.742,1.569
6111320,A3,2.240,-82.2,1.742,1.592
6111340,A1,2.380,-81.4,1.759,1.608
6111350,A2,1.890,-83.1,1.766,1.608
6111470,A3,2.250,-80.0,1.766,1.600
6111490,A1,2.400,-81.0,1.784,1.616
6111500,A2,1.880,-83.6,1.790,1.616
6111620,A3,2.270,-80.7,1.790,1.601
6111640,A1,2.380,-81.2,1.773,1.585
6111650,A2,1.870,-83.7,1.780,1.585
6111770,A3,2.260,-80.4,1.780,1.593
6111790,A1,2.380,-81.0,1.780,1.593
6111800,A2,1.910,-84.0,1.753,1.593
6111920,A3,2.260,-80.7,1.753,1.593
6111940,A1,2.350,-81.7,1.727,1.569
6111950,A2,1.910,-83.6,1.727,1.569
6112070,A3,2.240,-81.1,1.727,1.584
6112090,A1,2.350,-81.1,1.727,1.584
6112100,A2,1.910,-82.6,1.727,1.584
6112220,A3,2.250,-81.0,1.727,1.577
6112240,A1,2.360,-81.1,1.736,1.585
6112250,A2,1.910,-82.5,1.736,1.585
6112370,A3,2.240,-80.6,1.736,1.592
6112390,A1,2.350,-80.9,1.727,1.584
6112400,A2,1.900,-82.9,1.734,1.584
6112520,A3,2.250,-80.5,1.734,1.577
6112540,A1,2.390,-81.4,1.768,1.608
6112550,A2,1.920,-83.3,1.754,1.608
6112670,A3,2.260,-80.6,1.754,1.601
6112690,A1,2.330,-81.6,1.703,1.554
6112700,A2,1.910,-83.4,1.710,1.554
6112820,A3,2.240,-81.3,1.710,1.569
6112840,A1,2.350,-81.6,1.727,1.584
6112850,A2,1.870,-82.9,1.754,1.584
6112970,A3,2.240,-80.7,1.754,1.584
6112990,A1,2.350,-81.3,1.754,1.584
6113000,A2,1.900,-83.3,1.734,1.584
6113120,A3,2.250,-80.5,1.734,1.577
6113140,A1,2.360,-81.1,1.742,1.585
6113150,A2,1.890,-82.7,1.749,1.585
6113270,A3,2.270,-80.3,1.749,1.569
6113290,A1,2.350,-81.4,1.741,1.562
6113570,A3,2.240,-81.5,1.741,1.584
6113590,A1,2.360,-80.8,1.749,1.592
6113600,A2,1.910,-82.9,1.736,1.592
6113720,A3,2.210,-82.1,1.736,1.614
6113740,A1,2.380,-81.2,1.753,1.630
6113750,A2,1.900,-82.2,1.759,1.630
6113870,A3,2.220,-81.8,1.759,1.623
6113890,A1,2.350,-80.6,1.734,1.599
6113900,A2,1.900,-83.1,1.734,1.599
6114020,A3,2.240,-81.4,1.734,1.584
6114040,A1,2.330,-81.3,1.717,1.569
6114050,A2,1.950,-83.3,1.683,1.569
6114170,A3,2.240,-80.3,1.683,1.569
6114190,A1,2.380,-80.8,1.725,1.608
6114200,A2,1.920,-82.9,1.746,1.608
6114320,A3,2.280,-80.8,1.746,1.578
6114340,A1,2.390,-80.6,1.754,1.586
6114350,A2,1.880,-83.4,1.782,1.586
6114470,A3,2.260,-80.4,1.782,1.601
6114490,A1,2.370,-81.6,1.765,1.585
6114500,A2,1.910,-83.2,1.744,1.585
6114620,A3,2.260,-80.4,1.744,1.585
6114640,A1,2.370,-81.5,1.744,1.585
6114650,A2,1.890,-83.0,1.758,1.585
6114770,A3,2.250,-80.6,1.758,1.592
6114790,A1,2.390,-80.7,1.775,1.608
6114800,A2,1.890,-83.2,1.775,1.608
6114920,A3,2.250,-80.8,1.775,1.608
6114940,A1,2.370,-81.1,1.758,1.592
6114950,A2,1.920,-83.4,1.737,1.592
6115070,A3,2.210,-80.3,1.737,1.622
6115090,A1,2.380,-80.6,1.746,1.630
6115100,A2,1.910,-82.9,1.753,1.630
6115220,A3,2.270,-79.8,1.753,1.585
6115240,A1,2.390,-80.8,1.761,1.593
6115250,A2,1.900,-82.7,1.768,1.593
6115370,A3,2.270,-79.6,1.768,1.593
6115390,A1,2.390,-80.9,1.768,1.593
6115400,A2,1.900,-82.6,1.768,1.593
6115520,A3,2.230,-81.6,1.768,1.623
6115540,A1,2.400,-81.4,1.777,1.631
6115550,A2,1.900,-83.8,1.777,1.631
6115670,A3,2.250,-80.0,1.777,1.616
6115690,A1,2.360,-81.1,1.742,1.585
6115700,A2,1.860,-83.6,1.769,1.585
6115820,A3,2.260,-80.2,1.769,1.577
6115840,A1,2.380,-81.5,1.787,1.593
6115850,A2,1.910,-83.4,1.753,1.593
6115970,A3,2.260,-80.7,1.753,1.593
6115990,A1,2.370,-81.0,1.744,1.585
6116000,A2,1.880,-84.1,1.765,1.585
6116120,A3,2.250,-80.5,1.765,1.592
6116140,A1,2.360,-80.9,1.756,1.585
6116150,A2,1.900,-84.0,1.742,1.585
6116270,A3,2.260,-80.4,1.742,1.577
6116290,A1,2.360,-81.4,1.742,1.577
6116300,A2,1.910,-83.3,1.736,1.577
6116420,A3,2.290,-80.9,1.736,1.554
6116440,A1,2.330,-81.2,1.710,1.531
6116450,A2,1.920,-83.3,1.703,1.531
6116720,A3,2.280,-80.6,1.703,1.538
6116740,A1,2.380,-81.1,1.746,1.578
6116750,A2,1.890,-83.2,1.766,1.578
6116870,A3,2.250,-80.5,1.766,1.600
6116890,A1,2.360,-81.4,1.749,1.585
6116900,A2,1.880,-84.0,1.756,1.585
6117020,A3,2.280,-80.5,1.756,1.562
6117040,A1,2.340,-80.8,1.739,1.546
6117050,A2,1.890,-84.4,1.732,1.546
6117170,A3,2.270,-80.5,1.732,1.554
6117190,A1,2.390,-81.1,1.775,1.593
6117200,A2,1.890,-83.7,1.775,1.593
6117320,A3,2.270,-79.8,1.775,1.593
6117340,A1,2.360,-81.2,1.749,1.569
6117350,A2,1.900,-83.7,1.742,1.569
6117470,A3,2.270,-80.5,1.742,1.569
6117490,A1,2.370,-81.1,1.751,1.577
6117500,A2,1.840,-84.2,1.791,1.577
6117620,A3,2.270,-79.9,1.791,1.577
6117640,A1,2.400,-81.0,1.817,1.601
6117650,A2,1.920,-83.6,1.763,1.601
6117770,A3,2.260,-80.4,1.763,1.609
6117790,A1,2.360,-80.8,1.729,1.577
6117800,A2,1.910,-83.8,1.736,1.577
6117920,A3,2.250,-80.7,1.736,1.585
6117940,A1,2.380,-81.5,1.753,1.600
6117950,A2,1.890,-83.7,1.766,1.600
6118070,A3,2.260,-80.7,1.766,1.593
6118090,A1,2.360,-81.3,1.749,1.577
6118100,A2,1.900,-83.8,1.742,1.577
6118220,A3,2.270,-80.8,1.742,1.569
6118240,A1,2.360,-81.2,1.742,1.569
6118250,A2,1.900,-83.8,1.742,1.569
6118370,A3,2.270,-80.1,1.742,1.569
6118390,A1,2.350,-80.8,1.734,1.562
6118400,A2,1.910,-84.0,1.727,1.562
6118520,A3,2.250,-80.7,1.727,1.577
6118540,A1,2.390,-80.9,1.761,1.608
6118550,A2,1.890,-83.5,1.775,1.608
6118670,A3,2.270,-80.1,1.775,1.593
6118690,A1,2.390,-81.2,1.775,1.593
6118700,A2,1.890,-83.8,1.775,1.593
6118820,A3,2.260,-80.1,1.775,1.601
6118840,A1,2.350,-81.4,1.741,1.569
6118850,A2,1.900,-84.0,1.734,1.569
6118970,A3,2.260,-80.0,1.734,1.569
6118990,A1,2.360,-81.4,1.742,1.577
6119000,A2,1.900,-83.8,1.742,1.577
6119120,A3,2.280,-81.3,1.742,1.562
6119140,A1,2.350,-80.9,1.734,1.554
6119150,A2,1.920,-84.3,1.720,1.554
6119270,A3,2.290,-80.3,1.720,1.546
6119290,A1,2.390,-80.8,1.754,1.578
6119300,A2,1.900,-83.5,1.768,1.578
6119420,A3,2.270,-80.2,1.768,1.593
6119440,A1,2.380,-81.2,1.759,1.585
6119450,A2,1.890,-82.9,1.766,1.585
6119570,A3,2.280,-79.6,1.766,1.578
6119590,A1,2.380,-80.9,1.766,1.578
6119600,A2,1.880,-83.1,1.773,1.578
6119870,A3,2.270,-79.8,1.773,1.585
6119890,A1,2.390,-81.2,1.782,1.593
6119900,A2,1.900,-83.6,1.768,1.593
6120020,A3,2.270,-80.1,1.768,1.593
6120040,A1,2.380,-80.8,1.759,1.585
6120050,A2,1.900,-83.6,1.759,1.585
6120170,A3,2.280,-80.4,1.759,1.578
6120190,A1,2.350,-80.9,1.734,1.554
6120200,A2,1.910,-83.6,1.727,1.554
6120320,A3,2.280,-80.6,1.727,1.554
6120340,A1,2.360,-80.9,1.736,1.562
6120350,A2,1.890,-82.9,1.749,1.562
6120470,A3,2.270,-79.8,1.749,1.569
6120490,A1,2.390,-81.1,1.775,1.593
6120500,A2,1.910,-83.5,1.761,1.593
6120620,A3,2.270,-80.5,1.761,1.593
6120640,A1,2.370,-81.2,1.744,1.577
6120650,A2,1.890,-83.2,1.758,1.577
6120770,A3,2.280,-80.8,1.758,1.570
6120790,A1,2.370,-80.9,1.758,1.570
6120800,A2,1.910,-83.9,1.744,1.570
6120920,A3,2.260,-79.9,1.744,1.585
6120940,A1,2.370,-80.9,1.744,1.585
6120950,A2,1.900,-83.1,1.751,1.585
6121070,A3,2.270,-80.9,1.751,1.577
6121090,A1,2.380,-81.2,1.759,1.585
6121100,A2,1.890,-83.4,1.766,1.585
6121220,A3,2.260,-80.0,1.766,1.593
6121240,A1,2.370,-80.9,1.758,1.585
6121250,A2,1.880,-83.4,1.765,1.585
6121370,A3,2.260,-81.9,1.765,1.585
6121390,A1,2.360,-81.2,1.756,1.577
6121400,A2,1.890,-83.3,1.749,1.577
6121520,A3,2.260,-80.0,1.749,1.577
6121540,A1,2.370,-81.4,1.758,1.585
6121550,A2,1.890,-83.1,1.758,1.585
6121690,A1,2.370,-80.9,1.758,1.585
6121700,A2,1.890,-83.1,1.758,1.585
6121840,A1,2.380,-81.0,1.766,1.593
6121850,A2,1.880,-83.2,1.773,1.593
6121970,A3,2.290,-80.6,1.773,1.570
6121990,A1,2.360,-80.7,1.756,1.554
6122000,A2,1.920,-83.4,1.729,1.554
6122120,A3,2.280,-80.7,1.729,1.562
6122140,A1,2.360,-81.2,1.729,1.562
6122150,A2,1.910,-83.3,1.736,1.562
6122270,A3,2.290,-80.5,1.736,1.554
6122290,A1,2.370,-80.8,1.744,1.562
6122300,A2,1.900,-83.8,1.751,1.562
6122420,A3,2.280,-80.1,1.751,1.570
6122440,A1,2.360,-81.0,1.742,1.562
6122450,A2,1.900,-83.4,1.742,1.562
6122570,A3,2.270,-80.7,1.742,1.569
6122590,A1,2.370,-80.7,1.751,1.577
6122600,A2,1.900,-83.0,1.751,1.577
6122720,A3,2.270,-80.2,1.751,1.577
6122740,A1,2.370,-80.7,1.751,1.577
6122750,A2,1.900,-83.5,1.751,1.577
6123020,A3,2.260,-80.7,1.751,1.585
6123040,A1,2.380,-80.8,1.759,1.593
6123050,A2,1.930,-83.3,1.739,1.593
6123170,A3,2.280,-80.8,1.739,1.578
6123190,A1,2.380,-81.0,1.739,1.578
6123200,A2,1.910,-83.2,1.753,1.578
6123320,A3,2.250,-80.1,1.753,1.600
6123340,A1,2.370,-80.9,1.744,1.592
6123350,A2,1.890,-83.9,1.758,1.592
6123470,A3,2.290,-80.9,1.758,1.562
6123490,A1,2.370,-80.8,1.758,1.562
6123500,A2,1.900,-83.9,1.751,1.562
6123620,A3,2.250,-81.0,1.751,1.592
6123640,A1,2.380,-80.7,1.759,1.600
6123650,A2,1.910,-83.6,1.753,1.600
6123770,A3,2.270,-80.8,1.753,1.585
6123790,A1,2.370,-81.1,1.744,1.577
6123800,A2,1.870,-83.0,1.771,1.577
6123920,A3,2.260,-80.0,1.771,1.585
6123940,A1,2.390,-81.0,1.788,1.601
6123950,A2,1.920,-83.5,1.754,1.601
6124070,A3,2.230,-80.7,1.754,1.623
6124090,A1,2.390,-81.2,1.754,1.623
6124370,A3,2.270,-80.8,1.754,1.593
6124390,A1,2.380,-80.8,1.746,1.585
6124400,A2,1.920,-83.4,1.746,1.585
6124520,A3,2.270,-81.0,1.746,1.585
6124540,A1,2.390,-81.0,1.754,1.593
6124550,A2,1.870,-84.1,1.788,1.593
6124670,A3,2.260,-80.6,1.788,1.601
6124690,A1,2.340,-81.0,1.746,1.561
6124700,A2,1.910,-83.8,1.719,1.561
6124820,A3,2.280,-80.7,1.719,1.546
6124840,A1,2.340,-81.2,1.719,1.546
6124850,A2,1.890,-84.0,1.732,1.546
6124970,A3,2.270,-80.1,1.732,1.554
6124990,A1,2.350,-81.2,1.741,1.562
6125000,A2,1.920,-83.1,1.720,1.562
6125120,A3,2.270,-80.5,1.720,1.562
6125140,A1,2.360,-81.2,1.729,1.569
6125150,A2,1.920,-83.3,1.729,1.569
6125270,A3,2.300,-80.6,1.729,1.547
6125300,A2,1.880,-83.8,1.756,1.547
6125450,A2,1.920,-83.6,1.729,1.547
6125570,A3,2.280,-80.8,1.729,1.562
6125590,A1,2.380,-80.9,1.746,1.578
6125600,A2,1.880,-83.2,1.773,1.578
6125720,A3,2.280,-80.3,1.773,1.578
6125740,A1,2.410,-81.2,1.799,1.602
6125750,A2,1.880,-83.5,1.799,1.602
6125870,A3,2.250,-80.9,1.799,1.624
6125890,A1,2.360,-81.5,1.756,1.585
6125900,A2,1.890,-84.2,1.749,1.585
6126170,A3,2.270,-80.8,1.749,1.569
6126190,A1,2.390,-81.0,1.775,1.593
6126200,A2,1.920,-83.8,1.754,1.593
6126320,A3,2.250,-80.9,1.754,1.608
6126340,A1,2.340,-81.1,1.712,1.569
6126350,A2,1.920,-83.4,1.712,1.569
6126470,A3,2.250,-80.8,1.712,1.569
6126490,A1,2.350,-81.1,1.720,1.577
6126500,A2,1.950,-83.0,1.699,1.577
6126620,A3,2.240,-80.9,1.699,1.584
6126640,A1,2.380,-80.8,1.725,1.608
6126650,A2,1.920,-83.1,1.746,1.608
6126770,A3,2.220,-80.5,1.746,1.623
6126790,A1,2.380,-80.9,1.746,1.623
6126800,A2,1.900,-82.6,1.759,1.623
6126920,A3,2.260,-80.9,1.759,1.593
6126940,A1,2.360,-81.2,1.742,1.577
6126950,A2,1.900,-82.8,1.742,1.577
6127070,A3,2.280,-81.0,1.742,1.562
6127090,A1,2.360,-80.7,1.742,1.562
6127100,A2,1.930,-82.9,1.722,1.562
6127220,A3,2.270,-81.0,1.722,1.569
6127240,A1,2.350,-80.9,1.713,1.562
6127250,A2,1.910,-82.5,1.727,1.562
6127370,A3,2.250,-80.7,1.727,1.577
6127390,A1,2.350,-81.0,1.727,1.577
6127400,A2,1.900,-82.5,1.734,1.577
6127520,A3,2.250,-80.9,1.734,1.577
6127540,A1,2.370,-80.5,1.751,1.592
6127550,A2,1.900,-82.8,1.751,1.592
6127670,A3,2.270,-80.6,1.751,1.577
6127690,A1,2.330,-81.0,1.717,1.546
6127700,A2,1.880,-83.5,1.731,1.546
6127820,A3,2.280,-80.4,1.731,1.538
6127840,A1,2.370,-81.0,1.765,1.570
6127850,A2,1.910,-83.1,1.744,1.570
6127970,A3,2.260,-80.6,1.744,1.585
6127990,A1,2.360,-81.3,1.736,1.577
6128000,A2,1.920,-82.9,1.729,1.577
6128120,A3,2.240,-81.0,1.729,1.592
6128140,A1,2.390,-81.1,1.754,1.616
6128150,A2,1.910,-83.2,1.761,1.616
6128270,A3,2.240,-80.6,1.761,1.616
6128290,A1,2.370,-81.4,1.744,1.600
6128300,A2,1.890,-83.2,1.758,1.600
6128420,A3,2.250,-80.7,1.758,1.592
6128440,A1,2.350,-81.0,1.741,1.577
6128450,A2,1.900,-84.0,1.734,1.577
6128570,A3,2.230,-80.8,1.734,1.592
6128590,A1,2.390,-81.1,1.768,1.623
6128600,A2,1.930,-83.3,1.747,1.623
6128720,A3,2.270,-80.8,1.747,1.593
6128740,A1,2.360,-80.9,1.722,1.569
6128750,A2,1.910,-82.8,1.736,1.569
6128870,A3,2.270,-80.8,1.736,1.569
6128890,A1,2.350,-81.0,1.727,1.562
6128900,A2,1.900,-83.2,1.734,1.562
6129020,A3,2.250,-80.5,1.734,1.577
6129040,A1,2.380,-81.0,1.759,1.600
6129050,A2,1.910,-83.7,1.753,1.600
6129320,A3,2.270,-80.3,1.753,1.585
6129340,A1,2.380,-81.3,1.753,1.585
6129350,A2,1.910,-83.5,1.753,1.585
6129470,A3,2.250,-80.7,1.753,1.600
6129490,A1,2.380,-81.2,1.753,1.600
6129500,A2,1.890,-83.7,1.766,1.600
6129620,A3,2.280,-80.6,1.766,1.578
6129640,A1,2.390,-80.9,1.775,1.586
6129650,A2,1.890,-83.0,1.775,1.586
6129770,A3,2.280,-80.0,1.775,1.586
6129790,A1,2.400,-80.6,1.784,1.594
6129800,A2,1.900,-83.8,1.777,1.594
6129920,A3,2.280,-80.8,1.777,1.594
6129940,A1,2.380,-81.1,1.759,1.578
6129950,A2,1.900,-83.5,1.759,1.578
6130070,A3,2.260,-80.3,1.759,1.593
6130090,A1,2.380,-81.4,1.759,1.593
6130100,A2,1.920,-83.3,1.746,1.593
6130220,A3,2.260,-80.3,1.746,1.593
6130240,A1,2.360,-80.7,1.729,1.577
6130250,A2,1.890,-83.3,1.749,1.577
6130370,A3,2.280,-80.3,1.749,1.562
6130390,A1,2.380,-81.2,1.766,1.578
6130400,A2,1.890,-83.5,1.766,1.578
6130520,A3,2.280,-80.2,1.766,1.578
6130540,A1,2.390,-81.1,1.775,1.586
6130550,A2,1.880,-83.1,1.782,1.586
6130670,A3,2.280,-80.1,1.782,1.586
6130690,A1,2.380,-81.1,1.773,1.578
6130700,A2,1.910,-84.1,1.753,1.578
6130820,A3,2.260,-80.1,1.753,1.593
6130840,A1,2.410,-80.9,1.778,1.617
6130850,A2,1.920,-83.0,1.772,1.617
6130970,A3,2.270,-80.4,1.772,1.609
6130990,A1,2.340,-80.8,1.712,1.554
6131000,A2,1.900,-83.3,1.726,1.554
6131120,A3,2.270,-80.2,1.726,1.554
6131140,A1,2.370,-81.1,1.751,1.577
6131150,A2,1.920,-83.9,1.737,1.577
6131270,A3,2.250,-80.0,1.737,1.592
6131290,A1,2.360,-81.0,1.729,1.585
6131300,A2,1.900,-83.2,1.742,1.585
6131420,A3,2.270,-80.5,1.742,1.569
6131440,A1,2.390,-81.0,1.768,1.593
6131450,A2,1.940,-83.5,1.740,1.593
6131570,A3,2.270,-80.2,1.740,1.593
6131590,A1,2.370,-80.9,1.723,1.577
6131600,A2,1.910,-83.9,1.744,1.577
6131720,A3,2.280,-80.1,1.744,1.570
6131740,A1,2.350,-81.2,1.727,1.554
6131750,A2,1.930,-83.2,1.713,1.554
6131870,A3,2.280,-79.7,1.713,1.554
6131890,A1,2.390,-81.0,1.747,1.586
6131900,A2,1.920,-83.1,1.754,1.586
6132020,A3,2.260,-82.6,1.754,1.601
6132040,A1,2.390,-81.8,1.754,1.601
6132050,A2,1.900,-84.1,1.768,1.601
6132170,A3,2.280,-80.2,1.768,1.586
6132190,A1,2.360,-81.2,1.742,1.562
6132200,A2,1.900,-84.2,1.742,1.562
6132470,A3,2.220,-80.5,1.742,1.607
6132490,A1,2.350,-81.1,1.734,1.599
6132500,A2,1.900,-83.7,1.734,1.599
6132620,A3,2.240,-80.7,1.734,1.584
6132640,A1,2.360,-81.1,1.742,1.592
6132650,A2,1.880,-83.7,1.756,1.592
6132770,A3,2.280,-80.1,1.756,1.562
6132790,A1,2.360,-81.0,1.756,1.562
6132800,A2,1.880,-83.9,1.756,1.562
6132920,A3,2.290,-80.1,1.756,1.554
6132940,A1,2.360,-81.4,1.756,1.554
6132950,A2,1.900,-83.8,1.742,1.554
6133070,A3,2.290,-80.1,1.742,1.554
6133090,A1,2.390,-80.9,1.768,1.578
6133100,A2,1.910,-83.5,1.761,1.578
6133220,A3,2.260,-80.5,1.761,1.601
6133240,A1,2.390,-80.9,1.761,1.601
6133250,A2,1.900,-83.3,1.768,1.601
6133370,A3,2.260,-80.3,1.768,1.601
6133390,A1,2.360,-80.9,1.742,1.577
6133400,A2,1.930,-83.5,1.722,1.577
6133520,A3,2.260,-80.5,1.722,1.577
6133540,A1,2.360,-81.2,1.722,1.577
6133550,A2,1.880,-83.7,1.756,1.577
6133670,A3,2.280,-80.4,1.756,1.562
6133690,A1,2.370,-81.3,1.765,1.570
6133700,A2,1.900,-84.0,1.751,1.570
6133820,A3,2.290,-80.1,1.751,1.562
6133840,A1,2.370,-81.2,1.751,1.562
6133850,A2,1.900,-83.4,1.751,1.562
6133970,A3,2.270,-80.1,1.751,1.577
6133990,A1,2.370,-80.8,1.751,1.577
6134000,A2,1.880,-83.2,1.765,1.577
6134120,A3,2.290,-80.4,1.765,1.562
6134140,A1,2.380,-81.6,1.773,1.570
6134150,A2,1.890,-83.9,1.766,1.570
6134270,A3,2.280,-80.5,1.766,1.578
6134290,A1,2.360,-80.8,1.749,1.562
6134300,A2,1.900,-83.7,1.742,1.562
6134420,A3,2.260,-80.7,1.742,1.577
6134440,A1,2.380,-80.9,1.759,1.593
6134720,A3,2.250,-80.6,1.759,1.600
6134740,A1,2.400,-80.8,1.777,1.616
6134750,A2,1.900,-84.1,1.777,1.616
6134870,A3,2.280,-80.5,1.777,1.594
6134890,A1,2.400,-81.2,1.777,1.594
6134900,A2,1.900,-84.0,1.777,1.594
6135020,A3,2.250,-80.5,1.777,1.616
6135040,A1,2.380,-81.0,1.759,1.600
6135050,A2,1.930,-83.0,1.739,1.600
6135170,A3,2.270,-80.2,1.739,1.585
6135190,A1,2.370,-81.1,1.730,1.577
6135200,A2,1.910,-83.0,1.744,1.577
6135320,A3,2.230,-80.4,1.744,1.607
6135340,A1,2.400,-81.4,1.770,1.631
6135350,A2,1.930,-83.2,1.756,1.631
6135620,A3,2.270,-80.5,1.756,1.601
6135640,A1,2.370,-80.7,1.730,1.577
6135650,A2,1.900,-83.8,1.751,1.577
6135770,A3,2.280,-80.4,1.751,1.570
6135790,A1,2.390,-81.2,1.768,1.586
6135800,A2,1.890,-84.2,1.775,1.586
6135920,A3,2.240,-80.3,1.775,1.616
6135940,A1,2.360,-80.9,1.749,1.592
6135950,A2,1.910,-83.7,1.736,1.592
6136070,A3,2.270,-80.1,1.736,1.569
6136090,A1,2.360,-81.2,1.736,1.569
6136100,A2,1.900,-83.2,1.742,1.569
6136220,A3,2.270,-80.6,1.742,1.569
6136240,A1,2.360,-81.3,1.742,1.569
6136250,A2,1.900,-83.1,1.742,1.569
6136370,A3,2.290,-80.5,1.742,1.554
6136390,A1,2.370,-81.1,1.751,1.562
6136400,A2,1.900,-83.9,1.751,1.562
6136520,A3,2.260,-80.5,1.751,1.585
6136540,A1,2.360,-81.4,1.742,1.577
6136550,A2,1.920,-83.4,1.729,1.577
6136670,A3,2.240,-80.0,1.729,1.592
6136690,A1,2.370,-81.1,1.737,1.600
6136700,A2,1.940,-83.3,1.723,1.600
6136820,A3,2.280,-80.2,1.723,1.570
6136840,A1,2.350,-81.1,1.706,1.554
6136850,A2,1.910,-83.3,1.727,1.554
6136970,A3,2.260,-80.8,1.727,1.569
6136990,A1,2.360,-81.1,1.736,1.577
6137000,A2,1.900,-83.5,1.742,1.577
6137120,A3,2.250,-80.4,1.742,1.585
6137140,A1,2.380,-81.3,1.759,1.600
6137150,A2,1.900,-83.1,1.759,1.600
6137270,A3,2.250,-80.3,1.759,1.600
6137290,A1,2.360,-81.1,1.742,1.585
6137300,A2,1.870,-83.7,1.763,1.585
6137420,A3,2.270,-80.4,1.763,1.569
6137440,A1,2.340,-80.8,1.746,1.554
6137450,A2,1.900,-83.0,1.726,1.554
6137570,A3,2.250,-80.5,1.726,1.569
6137590,A1,2.370,-80.9,1.751,1.592
6137600,A2,1.920,-83.8,1.737,1.592
6137720,A3,2.250,-80.3,1.737,1.592
6137740,A1,2.370,-81.0,1.737,1.592
6137750,A2,1.880,-83.6,1.765,1.592
6137870,A3,2.280,-80.3,1.765,1.570
6137890,A1,2.370,-81.1,1.765,1.570
6137900,A2,1.930,-83.5,1.730,1.570
6138020,A3,2.280,-80.3,1.730,1.570
6138040,A1,2.370,-81.5,1.730,1.570
6138050,A2,1.910,-83.2,1.744,1.570
6138170,A3,2.260,-80.3,1.744,1.585
6138190,A1,2.360,-80.9,1.736,1.577
6138200,A2,1.920,-83.4,1.729,1.577
6138320,A3,2.290,-80.4,1.729,1.554
6138340,A1,2.380,-81.3,1.746,1.570
6138350,A2,1.910,-83.5,1.753,1.570
6138470,A3,2.280,-80.6,1.753,1.578
6138490,A1,2.360,-81.0,1.736,1.562
6138500,A2,1.920,-83.5,1.729,1.562
6138770,A3,2.270,-80.3,1.729,1.569
6138790,A1,2.360,-81.2,1.729,1.569
6138800,A2,1.900,-83.6,1.742,1.569
6138920,A3,2.240,-80.1,1.742,1.592
6138940,A1,2.360,-80.9,1.742,1.592
6138950,A2,1.900,-83.8,1.742,1.592
6139070,A3,2.270,-80.5,1.742,1.569
6139090,A1,2.380,-81.1,1.759,1.585
6139100,A2,1.900,-84.0,1.759,1.585
6139220,A3,2.270,-80.4,1.759,1.585
6139240,A1,2.350,-81.0,1.734,1.562
6139250,A2,1.900,-83.8,1.734,1.562
6139370,A3,2.250,-80.4,1.734,1.577
6139390,A1,2.370,-81.3,1.751,1.592
6139400,A2,1.900,-83.7,1.751,1.592
6139520,A3,2.220,-80.6,1.751,1.615
6139540,A1,2.400,-80.9,1.777,1.639
6139550,A2,1.920,-83.6,1.763,1.639
6139670,A3,2.290,-80.5,1.763,1.586
6139690,A1,2.360,-80.9,1.729,1.554
6139700,A2,1.900,-84.0,1.742,1.554
6139820,A3,2.270,-80.2,1.742,1.569
6139840,A1,2.360,-80.7,1.742,1.569
6139850,A2,1.870,-83.5,1.763,1.569
6139970,A3,2.270,-80.7,1.763,1.569
6139990,A1,2.360,-81.1,1.763,1.569
6140000,A2,1.920,-83.4,1.729,1.569
6140120,A3,2.250,-80.5,1.729,1.585
6140140,A1,2.380,-81.0,1.746,1.600
6140150,A2,1.900,-84.2,1.759,1.600
6140270,A3,2.280,-80.7,1.759,1.578
6140290,A1,2.390,-81.2,1.768,1.586
6140300,A2,1.920,-83.1,1.754,1.586
6140420,A3,2.240,-80.7,1.754,1.616
6140440,A1,2.350,-81.2,1.720,1.584
6140450,A2,1.890,-84.0,1.741,1.584
6140570,A3,2.280,-80.3,1.741,1.554
6140590,A1,2.370,-81.1,1.758,1.570
6140600,A2,1.900,-83.7,1.751,1.570
6140720,A3,2.280,-80.2,1.751,1.570
6140740,A1,2.360,-80.8,1.742,1.562
6140750,A2,1.900,-83.2,1.742,1.562
6140870,A3,2.280,-80.6,1.742,1.562
6140890,A1,2.350,-81.3,1.734,1.554
6140900,A2,1.900,-83.7,1.734,1.554
6141020,A3,2.250,-80.2,1.734,1.577
6141040,A1,2.370,-81.1,1.751,1.592
6141050,A2,1.910,-84.3,1.744,1.592
6141170,A3,2.260,-80.4,1.744,1.585
6141190,A1,2.390,-80.7,1.761,1.601
6141200,A2,1.920,-83.7,1.754,1.601
6141320,A3,2.280,-80.5,1.754,1.586
6141340,A1,2.350,-81.4,1.720,1.554
6141350,A2,1.900,-83.9,1.734,1.554
6141470,A3,2.280,-80.4,1.734,1.554
6141490,A1,2.360,-81.1,1.742,1.562
6141500,A2,1.900,-83.2,1.742,1.562
6141620,A3,2.260,-80.4,1.742,1.577
6141640,A1,2.350,-81.0,1.734,1.569
6141650,A2,1.910,-83.3,1.727,1.569
6141920,A3,2.260,-80.3,1.727,1.569
6141940,A1,2.350,-81.0,1.727,1.569
6141950,A2,1.900,-83.8,1.734,1.569
6142070,A3,2.240,-80.7,1.734,1.584
6142090,A1,2.370,-81.1,1.751,1.600
6142100,A2,1.920,-83.2,1.737,1.600
6142220,A3,2.250,-80.4,1.737,1.592
6142240,A1,2.360,-81.2,1.729,1.585
6142250,A2,1.880,-83.8,1.756,1.585
6142370,A3,2.280,-80.5,1.756,1.562
6142390,A1,2.370,-81.1,1.765,1.570
6142400,A2,1.900,-83.3,1.751,1.570
6142520,A3,2.290,-80.3,1.751,1.562
6142540,A1,2.350,-81.1,1.734,1.546
6142550,A2,1.900,-83.5,1.734,1.546
6142670,A3,2.270,-81.9,1.734,1.562
6142690,A1,2.380,-82.1,1.759,1.585
6142700,A2,1.900,-83.5,1.759,1.585
6142820,A3,2.240,-80.4,1.759,1.608
6142840,A1,2.360,-81.3,1.742,1.592
6142850,A2,1.870,-83.6,1.763,1.592
6142970,A3,2.280,-80.1,1.763,1.562
6142990,A1,2.350,-81.1,1.754,1.554
6143000,A2,1.900,-84.0,1.734,1.554
6143120,A3,2.270,-80.3,1.734,1.562
6143140,A1,2.370,-81.5,1.751,1.577
6143150,A2,1.900,-84.6,1.751,1.577
6143270,A3,2.240,-80.4,1.751,1.600
6143290,A1,2.380,-80.8,1.759,1.608
6143300,A2,1.900,-83.4,1.759,1.608
6143420,A3,2.270,-80.3,1.759,1.585
6143440,A1,2.370,-81.4,1.751,1.577
6143450,A2,1.900,-83.3,1.751,1.577
6143570,A3,2.270,-80.5,1.751,1.577
6143590,A1,2.380,-81.1,1.759,1.585
6143600,A2,1.920,-83.1,1.746,1.585
6143720,A3,2.280,-80.6,1.746,1.578
6143740,A1,2.360,-81.3,1.729,1.562
6143750,A2,1.900,-83.5,1.742,1.562
6143870,A3,2.260,-80.4,1.742,1.577
6143890,A1,2.370,-80.8,1.751,1.585
6143900,A2,1.910,-83.2,1.744,1.585
6144020,A3,2.280,-80.1,1.744,1.570
6144040,A1,2.360,-81.3,1.736,1.562
6144050,A2,1.910,-82.9,1.736,1.562
6144170,A3,2.280,-80.2,1.736,1.562
6144190,A1,2.360,-80.9,1.736,1.562
6144200,A2,1.860,-83.7,1.769,1.562
6144320,A3,2.240,-80.3,1.769,1.592
6144340,A1,2.380,-80.6,1.787,1.608
6144350,A2,1.870,-83.4,1.780,1.608
6144470,A3,2.260,-80.4,1.780,1.593
6144490,A1,2.360,-80.8,1.763,1.577
6144500,A2,1.880,-83.8,1.756,1.577
6144620,A3,2.280,-80.4,1.756,1.562
6144640,A1,2.380,-80.9,1.773,1.578
6144650,A2,1.910,-83.8,1.753,1.578
6144770,A3,2.260,-80.4,1.753,1.593
6144790,A1,2.350,-81.1,1.727,1.569
6144800,A2,1.900,-83.8,1.734,1.569
6145070,A3,2.280,-80.4,1.734,1.554
6145090,A1,2.390,-80.7,1.768,1.586
6145100,A2,1.890,-83.3,1.775,1.586
6145220,A3,2.270,-80.5,1.775,1.593
6145240,A1,2.330,-81.4,1.724,1.546
6145250,A2,1.900,-83.6,1.717,1.546
6145370,A3,2.270,-80.2,1.717,1.546
6145390,A1,2.380,-81.1,1.759,1.585
6145400,A2,1.920,-83.4,1.746,1.585
6145520,A3,2.260,-80.2,1.746,1.593
6145540,A1,2.330,-81.2,1.703,1.554
6145550,A2,1.930,-83.8,1.696,1.554
6145670,A3,2.280,-80.4,1.696,1.538
6145690,A1,2.370,-81.1,1.730,1.570
6145700,A2,1.890,-83.5,1.758,1.570
6145820,A3,2.270,-80.4,1.758,1.577
6145840,A1,2.370,-81.0,1.758,1.577
6145850,A2,1.920,-83.4,1.737,1.577
6145970,A3,2.230,-80.2,1.737,1.607
6145990,A1,2.360,-80.9,1.729,1.599
6146000,A2,1.930,-83.5,1.722,1.599
6146120,A3,2.280,-80.1,1.722,1.562
6146140,A1,2.360,-81.2,1.722,1.562
6146150,A2,1.900,-83.2,1.742,1.562
6146270,A3,2.270,-80.4,1.742,1.569
6146290,A1,2.390,-80.9,1.768,1.593
6146300,A2,1.900,-83.8,1.768,1.593
6146420,A3,2.260,-80.2,1.768,1.601
6146440,A1,2.380,-81.0,1.759,1.593
6146450,A2,1.890,-83.3,1.766,1.593
6146570,A3,2.280,-80.4,1.766,1.578
6146590,A1,2.380,-80.8,1.766,1.578
6146600,A2,1.900,-83.3,1.759,1.578
6146720,A3,2.280,-80.5,1.759,1.578
6146740,A1,2.400,-80.7,1.777,1.594
6146750,A2,1.900,-83.5,1.777,1.594
6146870,A3,2.250,-80.3,1.777,1.616
6146890,A1,2.360,-81.1,1.742,1.585
6146900,A2,1.900,-83.4,1.742,1.585
6147020,A3,2.280,-80.0,1.742,1.562
6147040,A1,2.360,-81.3,1.742,1.562
6147050,A2,1.900,-84.0,1.742,1.562
6147170,A3,2.260,-80.1,1.742,1.577
6147190,A1,2.360,-80.8,1.742,1.577
6147200,A2,1.900,-83.8,1.742,1.577
6147320,A3,2.260,-80.1,1.742,1.577
6147340,A1,2.360,-80.9,1.742,1.577
6147350,A2,1.890,-84.0,1.749,1.577
6147470,A3,2.280,-80.1,1.749,1.562
6147490,A1,2.370,-81.1,1.758,1.570
6147500,A2,1.880,-83.0,1.765,1.570
6147620,A3,2.270,-80.2,1.765,1.577
6147640,A1,2.360,-80.8,1.756,1.569
6147650,A2,1.910,-84.2,1.736,1.569
6147770,A3,2.260,-80.0,1.736,1.577
6147790,A1,2.360,-81.0,1.736,1.577
6147800,A2,1.890,-84.2,1.749,1.577
6147920,A3,2.280,-80.5,1.749,1.562
6147940,A1,2.380,-81.3,1.766,1.578
6147950,A2,1.900,-83.2,1.759,1.578
6148220,A3,2.240,-80.2,1.759,1.608
6148240,A1,2.340,-81.4,1.726,1.576
6148250,A2,1.910,-83.4,1.719,1.576
6148370,A3,2.290,-80.5,1.719,1.539
6148390,A1,2.370,-81.1,1.744,1.562
6148400,A2,1.900,-83.4,1.751,1.562
6148520,A3,2.250,-80.5,1.751,1.592
6148540,A1,2.360,-81.0,1.742,1.585
6148550,A2,1.900,-83.6,1.742,1.585
6148670,A3,2.270,-80.6,1.742,1.569
6148690,A1,2.350,-81.3,1.734,1.562
6148700,A2,1.890,-83.5,1.741,1.562
6148820,A3,2.270,-80.6,1.741,1.562
6148840,A1,2.380,-81.3,1.766,1.585
6148850,A2,1.890,-83.2,1.766,1.585
6148970,A3,2.230,-80.3,1.766,1.615
6148990,A1,2.360,-81.0,1.749,1.599
6149000,A2,1.880,-83.7,1.756,1.599
6149120,A3,2.280,-80.7,1.756,1.562
6149140,A1,2.400,-81.1,1.790,1.594
6149150,A2,1.900,-83.2,1.777,1.594
6149270,A3,2.270,-80.7,1.777,1.601
6149290,A1,2.360,-81.2,1.742,1.569
6149570,A3,2.270,-80.3,1.742,1.569
6149590,A1,2.360,-81.2,1.742,1.569
6149600,A2,1.910,-83.1,1.736,1.569
6149720,A3,2.250,-80.7,1.736,1.585
6149740,A1,2.360,-80.8,1.736,1.585
6149750,A2,1.910,-83.6,1.736,1.585
6149870,A3,2.280,-80.6,1.736,1.562
6149890,A1,2.360,-81.1,1.736,1.562
6149900,A2,1.900,-83.5,1.742,1.562
6150020,A3,2.270,-80.4,1.742,1.569
6150040,A1,2.360,-81.0,1.742,1.569
6150050,A2,1.890,-83.1,1.749,1.569
6150170,A3,2.260,-80.6,1.749,1.577
6150190,A1,2.390,-80.7,1.775,1.601
6150200,A2,1.920,-83.6,1.754,1.601
6150320,A3,2.260,-80.3,1.754,1.601
6150340,A1,2.370,-81.1,1.737,1.585
6150350,A2,1.910,-83.4,1.744,1.585
6150470,A3,2.260,-80.6,1.744,1.585
6150490,A1,2.350,-81.1,1.727,1.569
6150500,A2,1.910,-83.5,1.727,1.569
6150620,A3,2.290,-80.7,1.727,1.546
6150640,A1,2.390,-80.9,1.761,1.578
6150650,A2,1.880,-83.3,1.782,1.578
6150770,A3,2.250,-80.6,1.782,1.608
6150790,A1,2.370,-81.3,1.765,1.592
6150800,A2,1.910,-82.9,1.744,1.592
6150920,A3,2.300,-80.1,1.744,1.554
6150940,A1,2.370,-80.9,1.744,1.554
6150950,A2,1.900,-84.1,1.751,1.554
6151070,A3,2.280,-80.3,1.751,1.570
6151090,A1,2.360,-80.9,1.742,1.562
6151100,A2,1.910,-83.4,1.736,1.562
6151370,A3,2.280,-80.4,1.736,1.562
6151390,A1,2.390,-80.9,1.761,1.586
6151400,A2,1.900,-83.2,1.768,1.586
6151520,A3,2.240,-80.3,1.768,1.616
6151540,A1,2.380,-81.0,1.759,1.608
6151550,A2,1.890,-83.0,1.766,1.608
6151670,A3,2.290,-80.4,1.766,1.570
6151690,A1,2.400,-81.3,1.784,1.586
6151700,A2,1.920,-83.3,1.763,1.586
6151820,A3,2.260,-80.3,1.763,1.609
6151840,A1,2.440,-80.9,1.798,1.641
6151850,A2,1.910,-83.4,1.805,1.641
6151970,A3,2.280,-80.7,1.805,1.626
6151990,A1,2.360,-81.3,1.736,1.562
6152270,A3,2.280,-80.1,1.736,1.562
6152290,A1,2.370,-80.9,1.744,1.570
6152300,A2,1.900,-84.0,1.751,1.570
6152420,A3,2.270,-80.5,1.751,1.577
6152440,A1,2.400,-81.2,1.777,1.601
6152450,A2,1.930,-83.7,1.756,1.601
6152570,A3,2.260,-80.1,1.756,1.609
6152590,A1,2.380,-81.3,1.739,1.593
6152600,A2,1.920,-83.0,1.746,1.593
6152720,A3,2.250,-80.7,1.746,1.600
6152740,A1,2.390,-80.8,1.754,1.608
6152750,A2,1.890,-83.8,1.775,1.608
6152870,A3,2.270,-80.4,1.775,1.593
6152890,A1,2.360,-81.3,1.749,1.569
6152900,A2,1.880,-83.7,1.756,1.569
6153020,A3,2.260,-80.1,1.756,1.577
6153050,A2,1.900,-83.3,1.742,1.577
6153200,A2,1.890,-82.7,1.749,1.577
6153320,A3,2.250,-81.2,1.749,1.585
6153340,A1,2.390,-81.2,1.775,1.608
6153350,A2,1.900,-83.9,1.768,1.608
6153470,A3,2.240,-80.7,1.768,1.616
6153490,A1,2.380,-80.9,1.759,1.608
6153500,A2,1.910,-83.3,1.753,1.608
6153620,A3,2.240,-81.1,1.753,1.608
6153640,A1,2.370,-80.7,1.744,1.600
6153650,A2,1.920,-82.6,1.737,1.600
6153770,A3,2.260,-80.2,1.737,1.585
6153790,A1,2.410,-80.7,1.772,1.617
6153800,A2,1.900,-83.2,1.785,1.617
6153920,A3,2.240,-80.0,1.785,1.632
6153940,A1,2.380,-81.4,1.759,1.608
6153950,A2,1.900,-82.9,1.759,1.608
6154070,A3,2.280,-80.2,1.759,1.578
6154090,A1,2.360,-82.0,1.742,1.562
6154100,A2,1.930,-82.6,1.722,1.562
6154220,A3,2.280,-80.6,1.722,1.562
6154240,A1,2.350,-82.1,1.713,1.554
6154250,A2,1.900,-82.1,1.734,1.554
6154520,A3,2.250,-80.3,1.734,1.577
6154540,A1,2.340,-82.4,1.726,1.569
6154550,A2,1.910,-82.7,1.719,1.569
6154670,A3,2.280,-80.1,1.719,1.546
6154690,A1,2.390,-81.7,1.761,1.586
6154700,A2,1.910,-83.2,1.761,1.586
6154820,A3,2.280,-80.5,1.761,1.586
6154840,A1,2.390,-81.0,1.761,1.586
6154850,A2,1.930,-82.7,1.747,1.586
6154970,A3,2.250,-81.3,1.747,1.608
6154990,A1,2.350,-80.9,1.713,1.577
6155000,A2,1.930,-83.3,1.713,1.577
6155120,A3,2.230,-80.0,1.713,1.592
6155140,A1,2.350,-80.7,1.713,1.592
6155150,A2,1.900,-82.9,1.734,1.592
6155270,A3,2.270,-80.1,1.734,1.562
6155290,A1,2.370,-81.3,1.751,1.577
6155300,A2,1.900,-82.9,1.751,1.577
6155420,A3,2.260,-80.3,1.751,1.585
6155440,A1,2.350,-81.6,1.734,1.569
6155450,A2,1.870,-83.6,1.754,1.569
6155570,A3,2.270,-80.2,1.754,1.562
6155590,A1,2.380,-81.1,1.780,1.585
6155600,A2,1.900,-83.8,1.759,1.585
6155720,A3,2.250,-80.6,1.759,1.600
6155740,A1,2.360,-81.0,1.742,1.585
6155750,A2,1.920,-83.6,1.729,1.585
6155870,A3,2.250,-80.8,1.729,1.585
6155890,A1,2.370,-81.2,1.737,1.592
6155900,A2,1.860,-84.1,1.778,1.592
6156020,A3,2.240,-80.5,1.778,1.600
6156040,A1,2.370,-81.0,1.778,1.600
6156050,A2,1.900,-83.3,1.751,1.600
6156190,A1,2.370,-81.2,1.751,1.600
6156200,A2,1.890,-83.4,1.758,1.600
6156340,A1,2.360,-81.2,1.749,1.592
6156350,A2,1.890,-83.5,1.749,1.592
6156470,A3,2.280,-80.9,1.749,1.562
6156490,A1,2.370,-81.3,1.758,1.570
6156500,A2,1.890,-83.7,1.758,1.570
6156620,A3,2.250,-80.8,1.758,1.592
6156640,A1,2.370,-81.0,1.758,1.592
6156650,A2,1.920,-83.2,1.737,1.592
6156770,A3,2.270,-80.8,1.737,1.577
6156790,A1,2.360,-80.9,1.729,1.569
6156800,A2,1.920,-83.5,1.729,1.569
6156920,A3,2.260,-80.4,1.729,1.577
6156940,A1,2.370,-81.4,1.737,1.585
6156950,A2,1.890,-83.8,1.758,1.585
6157070,A3,2.270,-80.1,1.758,1.577
6157090,A1,2.360,-81.2,1.749,1.569
6157100,A2,1.900,-83.3,1.742,1.569
6157220,A3,2.270,-80.0,1.742,1.569
6157240,A1,2.430,-81.3,1.803,1.625
6157250,A2,1.890,-83.3,1.810,1.625
6157370,A3,2.230,-80.6,1.810,1.655
6157390,A1,2.360,-81.6,1.749,1.599
6157400,A2,1.890,-83.1,1.749,1.599
6157670,A3,2.280,-80.2,1.749,1.562
6157690,A1,2.340,-81.6,1.732,1.546
6157700,A2,1.920,-83.9,1.712,1.546
6157820,A3,2.250,-81.2,1.712,1.569
6157840,A1,2.390,-81.3,1.754,1.608
6157850,A2,1.880,-83.6,1.782,1.608
6157970,A3,2.270,-80.9,1.782,1.593
6157990,A1,2.350,-81.1,1.748,1.562
6158000,A2,1.850,-84.0,1.768,1.562
6158120,A3,2.250,-81.2,1.768,1.577
6158140,A1,2.360,-81.2,1.776,1.585
6158150,A2,1.890,-84.1,1.749,1.585
6158270,A3,2.250,-81.1,1.749,1.585
6158290,A1,2.360,-81.5,1.749,1.585
6158300,A2,1.900,-83.2,1.742,1.585
6158440,A1,2.330,-81.3,1.717,1.561
6158450,A2,1.910,-84.0,1.710,1.561
6158590,A1,2.370,-81.6,1.744,1.592
6158600,A2,1.890,-83.1,1.758,1.592
6158720,A3,2.260,-80.1,1.758,1.585
6158740,A1,2.370,-81.3,1.758,1.585
6158750,A2,1.900,-83.3,1.751,1.585
6158870,A3,2.260,-80.2,1.751,1.585
6158890,A1,2.370,-81.3,1.751,1.585
6158900,A2,1.920,-83.3,1.737,1.585
6159020,A3,2.260,-80.7,1.737,1.585
6159040,A1,2.360,-80.8,1.729,1.577
6159050,A2,1.900,-83.8,1.742,1.577
6159170,A3,2.250,-80.7,1.742,1.585
6159190,A1,2.360,-80.8,1.742,1.585
6159200,A2,1.890,-83.4,1.749,1.585
6159320,A3,2.260,-80.6,1.749,1.577
6159340,A1,2.370,-81.3,1.758,1.585
6159350,A2,1.920,-84.1,1.737,1.585
6159470,A3,2.260,-80.7,1.737,1.585
6159490,A1,2.370,-81.1,1.737,1.585
6159500,A2,1.920,-83.5,1.737,1.585
6159620,A3,2.260,-81.0,1.737,1.585
6159640,A1,2.380,-81.7,1.746,1.593
6159650,A2,1.900,-83.3,1.759,1.593
6159770,A3,2.250,-80.6,1.759,1.600
6159790,A1,2.370,-81.4,1.751,1.592
6159800,A2,1.900,-83.6,1.751,1.592
6159920,A3,2.240,-80.3,1.751,1.600
6159940,A1,2.380,-81.1,1.759,1.608
6159950,A2,1.900,-83.7,1.759,1.608
6160070,A3,2.250,-80.9,1.759,1.600
6160090,A1,2.350,-81.3,1.734,1.577
6160100,A2,1.910,-83.1,1.727,1.577
6160220,A3,2.240,-80.4,1.727,1.584
6160240,A1,2.350,-81.3,1.727,1.584
6160250,A2,1.910,-83.7,1.727,1.584
6160370,A3,2.270,-80.6,1.727,1.562
6160390,A1,2.360,-81.1,1.736,1.569
6160400,A2,1.910,-83.7,1.736,1.569
6160520,A3,2.260,-80.5,1.736,1.577
6160540,A1,2.370,-81.3,1.744,1.585
6160550,A2,1.900,-83.6,1.751,1.585
6160820,A3,2.250,-80.6,1.751,1.592
6160840,A1,2.370,-81.0,1.751,1.592
6160850,A2,1.920,-83.7,1.737,1.592
6160970,A3,2.260,-80.4,1.737,1.585
6160990,A1,2.360,-80.9,1.729,1.577
6161000,A2,1.910,-83.3,1.736,1.577
6161120,A3,2.260,-80.6,1.736,1.577
6161140,A1,2.410,-81.0,1.778,1.617
6161150,A2,1.910,-83.7,1.778,1.617
6161270,A3,2.230,-80.3,1.778,1.639
6161290,A1,2.330,-81.1,1.710,1.576
6161300,A2,1.900,-83.3,1.717,1.576
6161420,A3,2.270,-80.8,1.717,1.546
6161450,A2,1.920,-84.1,1.703,1.546
6161600,A2,1.890,-83.1,1.724,1.546
6161720,A3,2.250,-80.5,1.724,1.561
6161740,A1,2.410,-80.7,1.792,1.624
6161750,A2,1.900,-84.2,1.785,1.624
6161870,A3,2.290,-80.5,1.785,1.594
6161890,A1,2.370,-80.8,1.751,1.562
6161900,A2,1.910,-83.2,1.744,1.562
6162020,A3,2.270,-80.3,1.744,1.577
6162040,A1,2.380,-81.3,1.753,1.585
6162050,A2,1.930,-83.6,1.739,1.585
6162170,A3,2.240,-80.2,1.739,1.608
6162190,A1,2.360,-81.1,1.722,1.592
6162200,A2,1.900,-83.6,1.742,1.592
6162320,A3,2.270,-80.6,1.742,1.569
6162340,A1,2.360,-81.1,1.742,1.569
6162350,A2,1.910,-83.6,1.736,1.569
6162470,A3,2.250,-80.6,1.736,1.585
6162490,A1,2.390,-80.7,1.761,1.608
6162500,A2,1.890,-84.1,1.775,1.608
6162620,A3,2.240,-80.9,1.775,1.616
6162640,A1,2.370,-80.8,1.758,1.600
6162650,A2,1.890,-84.4,1.758,1.600
6162770,A3,2.280,-80.8,1.758,1.570
6162790,A1,2.390,-80.7,1.775,1.586
6162800,A2,1.910,-84.2,1.761,1.586
6162920,A3,2.240,-80.6,1.761,1.616
6162940,A1,2.400,-80.8,1.770,1.624
6162950,A2,1.900,-84.0,1.777,1.624
6163070,A3,2.250,-80.8,1.777,1.616
6163090,A1,2.370,-80.5,1.751,1.592
6163100,A2,1.900,-83.6,1.751,1.592
6163220,A3,2.260,-80.6,1.751,1.585
6163240,A1,2.390,-81.1,1.768,1.601
6163250,A2,1.890,-83.5,1.775,1.601
6163370,A3,2.250,-80.2,1.775,1.608
6163390,A1,2.360,-80.8,1.749,1.585
6163400,A2,1.910,-83.8,1.736,1.585
6163520,A3,2.260,-80.3,1.736,1.577
6163540,A1,2.360,-80.6,1.736,1.577
6163550,A2,1.910,-83.6,1.736,1.577
6163670,A3,2.270,-80.9,1.736,1.569
6163690,A1,2.370,-80.7,1.744,1.577
6163700,A2,1.890,-84.0,1.758,1.577
6163970,A3,2.250,-80.6,1.758,1.592
6163990,A1,2.370,-80.8,1.758,1.592
6164000,A2,1.920,-83.3,1.737,1.592
6164120,A3,2.280,-80.3,1.737,1.570
6164140,A1,2.400,-81.2,1.763,1.594
6164150,A2,1.900,-83.7,1.777,1.594
6164270,A3,2.250,-80.6,1.777,1.616
6164290,A1,2.360,-80.9,1.742,1.585
6164300,A2,1.890,-83.7,1.749,1.585
6164420,A3,2.240,-80.7,1.749,1.592
6164440,A1,2.360,-80.8,1.749,1.592
6164450,A2,1.870,-83.7,1.763,1.592
6164570,A3,2.270,-80.7,1.763,1.569
6164590,A1,2.380,-81.1,1.780,1.585
6164600,A2,1.900,-83.7,1.759,1.585
6164720,A3,2.250,-80.8,1.759,1.600
6164740,A1,2.370,-81.1,1.751,1.592
6164750,A2,1.890,-83.9,1.758,1.592
6164870,A3,2.260,-80.6,1.758,1.585
6164890,A1,2.380,-81.3,1.766,1.593
6164900,A2,1.900,-83.7,1.759,1.593
6165020,A3,2.260,-80.9,1.759,1.593
6165040,A1,2.350,-80.8,1.734,1.569
6165050,A2,1.910,-83.7,1.727,1.569
6165170,A3,2.260,-80.7,1.727,1.569
6165190,A1,2.360,-80.8,1.736,1.577
6165200,A2,1.900,-83.5,1.742,1.577
6165320,A3,2.240,-80.5,1.742,1.592
6165340,A1,2.370,-81.0,1.751,1.600
6165350,A2,1.890,-83.7,1.758,1.600
6165470,A3,2.240,-80.7,1.758,1.600
6165490,A1,2.370,-81.3,1.758,1.600
6165500,A2,1.920,-84.2,1.737,1.600
6165620,A3,2.250,-80.8,1.737,1.592
6165640,A1,2.390,-81.1,1.754,1.608
6165650,A2,1.890,-83.7,1.775,1.608
6165770,A3,2.220,-80.5,1.775,1.631
6165790,A1,2.360,-81.1,1.749,1.607
6165800,A2,1.890,-83.7,1.749,1.607
6165920,A3,2.250,-80.8,1.749,1.585
6165940,A1,2.360,-81.3,1.749,1.585
6165950,A2,1.880,-83.9,1.756,1.585
6166070,A3,2.300,-80.3,1.756,1.547
6166090,A1,2.380,-81.2,1.773,1.562
6166100,A2,1.900,-83.7,1.759,1.562
6166220,A3,2.260,-80.2,1.759,1.593
6166240,A1,2.360,-81.1,1.742,1.577
6166250,A2,1.920,-83.1,1.729,1.577
6166370,A3,2.280,-80.1,1.729,1.562
6166390,A1,2.360,-81.1,1.729,1.562
6166400,A2,1.910,-83.6,1.736,1.562
6166520,A3,2.270,-80.3,1.736,1.569
6166540,A1,2.380,-80.9,1.753,1.585
6166550,A2,1.860,-83.6,1.787,1.585
6166670,A3,2.270,-80.1,1.787,1.585
6166690,A1,2.390,-81.5,1.795,1.593
6166700,A2,1.910,-83.5,1.761,1.593
6166820,A3,2.250,-80.4,1.761,1.608
6166840,A1,2.380,-80.9,1.753,1.600
6166850,A2,1.910,-83.3,1.753,1.600
6167120,A3,2.260,-80.5,1.753,1.593
6167140,A1,2.380,-80.9,1.753,1.593
6167150,A2,1.880,-83.9,1.773,1.593
6167270,A3,2.260,-80.5,1.773,1.593
6167290,A1,2.380,-81.0,1.773,1.593
6167300,A2,1.920,-83.3,1.746,1.593
6167420,A3,2.270,-80.2,1.746,1.585
6167440,A1,2.350,-81.3,1.720,1.562
6167450,A2,1.890,-83.3,1.741,1.562
6167570,A3,2.260,-80.5,1.741,1.569
6167590,A1,2.380,-80.8,1.766,1.593
6167600,A2,1.900,-83.5,1.759,1.593
6167720,A3,2.270,-80.2,1.759,1.585
6167740,A1,2.360,-81.4,1.742,1.569
6167750,A2,1.880,-83.3,1.756,1.569
6167870,A3,2.280,-80.7,1.756,1.562
6167890,A1,2.370,-81.0,1.765,1.570
6167900,A2,1.900,-83.7,1.751,1.570
6168020,A3,2.250,-80.4,1.751,1.592
6168040,A1,2.390,-80.9,1.768,1.608
6168050,A2,1.900,-83.3,1.768,1.608
6168170,A3,2.240,-80.2,1.768,1.616
6168190,A1,2.400,-81.4,1.777,1.624
6168200,A2,1.900,-83.6,1.777,1.624
6168320,A3,2.290,-80.3,1.777,1.586
6168340,A1,2.370,-81.1,1.751,1.562
6168350,A2,1.890,-83.8,1.758,1.562
6168470,A3,2.280,-80.4,1.758,1.570
6168490,A1,2.400,-81.2,1.784,1.594
6168500,A2,1.860,-83.5,1.804,1.594
6168620,A3,2.280,-80.6,1.804,1.594
6168640,A1,2.370,-81.2,1.778,1.570
6168650,A2,1.890,-84.2,1.758,1.570
6168770,A3,2.250,-80.2,1.758,1.592
6168790,A1,2.360,-81.3,1.749,1.585
6168800,A2,1.900,-83.9,1.742,1.585
6168920,A3,2.250,-80.2,1.742,1.585
6168940,A1,2.390,-81.2,1.768,1.608
6168950,A2,1.900,-83.9,1.768,1.608
6169070,A3,2.280,-80.6,1.768,1.586
6169090,A1,2.370,-80.9,1.751,1.570
6169100,A2,1.900,-83.6,1.751,1.570
6169220,A3,2.270,-80.5,1.751,1.577
6169240,A1,2.360,-81.0,1.742,1.569
6169250,A2,1.900,-84.2,1.742,1.569
6169370,A3,2.250,-80.3,1.742,1.585
6169390,A1,2.370,-81.1,1.751,1.592
6169400,A2,1.880,-83.7,1.765,1.592
6169520,A3,2.270,-80.4,1.765,1.577
6169540,A1,2.380,-81.0,1.773,1.585
6169550,A2,1.910,-83.3,1.753,1.585
6169690,A1,2.380,-81.1,1.753,1.585
6169700,A2,1.900,-83.8,1.759,1.585
6169840,A1,2.380,-81.5,1.759,1.585
6169850,A2,1.900,-83.7,1.759,1.585
6169970,A3,2.260,-80.2,1.759,1.593
6169990,A1,2.360,-81.1,1.742,1.577
6170000,A2,1.900,-83.6,1.742,1.577
6170270,A3,2.240,-80.4,1.742,1.592
6170290,A1,2.360,-81.2,1.742,1.592
6170300,A2,1.900,-84.1,1.742,1.592
6170420,A3,2.270,-81.8,1.742,1.569
6170440,A1,2.390,-81.6,1.768,1.593
6170450,A2,1.890,-84.2,1.775,1.593
6170570,A3,2.250,-80.3,1.775,1.608
6170590,A1,2.360,-81.0,1.749,1.585
6170600,A2,1.900,-83.8,1.742,1.585
6170720,A3,2.260,-80.3,1.742,1.577
6170740,A1,2.360,-81.0,1.742,1.577
6170750,A2,1.910,-83.7,1.736,1.577
6170870,A3,2.280,-80.7,1.736,1.562
6170890,A1,2.350,-81.6,1.727,1.554
6170900,A2,1.870,-83.9,1.754,1.554
6171020,A3,2.250,-80.7,1.754,1.577
6171040,A1,2.380,-81.6,1.780,1.600
6171050,A2,1.890,-83.7,1.766,1.600
6171170,A3,2.250,-80.4,1.766,1.600
6171190,A1,2.370,-81.2,1.758,1.592
6171200,A2,1.910,-83.7,1.744,1.592
6171320,A3,2.250,-80.4,1.744,1.592
6171340,A1,2.390,-80.8,1.761,1.608
6171350,A2,1.900,-83.1,1.768,1.608
6171470,A3,2.260,-80.8,1.768,1.601
6171490,A1,2.360,-81.2,1.742,1.577
6171500,A2,1.900,-83.8,1.742,1.577
6171620,A3,2.240,-80.5,1.742,1.592
6171640,A1,2.380,-81.4,1.759,1.608
6171650,A2,1.870,-84.0,1.780,1.608
6171770,A3,2.240,-80.7,1.780,1.608
6171790,A1,2.360,-81.1,1.763,1.592
6171800,A2,1.900,-84.0,1.742,1.592
6171920,A3,2.250,-80.5,1.742,1.585
6171940,A1,2.380,-81.0,1.759,1.600
6171950,A2,1.900,-83.3,1.759,1.600
6172070,A3,2.250,-80.5,1.759,1.600
6172090,A1,2.350,-80.9,1.734,1.577
6172100,A2,1.880,-84.1,1.748,1.577
6172220,A3,2.230,-80.6,1.748,1.592
6172240,A1,2.360,-80.9,1.756,1.599
6172250,A2,1.910,-83.9,1.736,1.599
6172370,A3,2.240,-80.9,1.736,1.592
6172390,A1,2.360,-81.1,1.736,1.592
6172400,A2,1.890,-84.3,1.749,1.592
6172520,A3,2.300,-80.7,1.749,1.547
6172540,A1,2.360,-81.0,1.749,1.547
6172550,A2,1.900,-83.7,1.742,1.547
6172670,A3,2.270,-80.7,1.742,1.569
6172690,A1,2.360,-80.9,1.742,1.569
6172700,A2,1.900,-83.9,1.742,1.569
6172820,A3,2.230,-80.5,1.742,1.599
6172840,A1,2.370,-80.8,1.751,1.607
6172850,A2,1.890,-83.7,1.758,1.607
6172970,A3,2.250,-80.5,1.758,1.592
6172990,A1,2.360,-81.3,1.749,1.585
6173000,A2,1.910,-83.7,1.736,1.585
6173120,A3,2.270,-80.6,1.736,1.569
6173140,A1,2.390,-80.8,1.761,1.593
6173150,A2,1.900,-83.6,1.768,1.593
6173420,A3,2.260,-80.5,1.768,1.601
6173440,A1,2.350,-80.8,1.734,1.569
6173450,A2,1.910,-83.6,1.727,1.569
6173570,A3,2.250,-80.8,1.727,1.577
6173590,A1,2.360,-81.0,1.736,1.585
6173600,A2,1.900,-84.2,1.742,1.585
6173720,A3,2.270,-80.5,1.742,1.569
6173740,A1,2.360,-80.9,1.742,1.569
6173750,A2,1.940,-83.7,1.715,1.569
6173870,A3,2.260,-80.3,1.715,1.577
6173890,A1,2.380,-80.7,1.732,1.593
6173900,A2,1.890,-84.0,1.766,1.593
6174020,A3,2.250,-80.4,1.766,1.600
6174040,A1,2.370,-81.2,1.758,1.592
6174050,A2,1.880,-84.1,1.765,1.592
6174170,A3,2.240,-80.8,1.765,1.600
6174190,A1,2.340,-81.3,1.739,1.576
6174200,A2,1.890,-83.8,1.732,1.576
6174320,A3,2.260,-80.7,1.732,1.561
6174340,A1,2.360,-80.9,1.749,1.577
6174350,A2,1.900,-83.8,1.742,1.577
6174470,A3,2.240,-80.7,1.742,1.592
6174490,A1,2.380,-80.8,1.759,1.608
6174500,A2,1.900,-83.2,1.759,1.608
6174620,A3,2.260,-80.3,1.759,1.593
6174640,A1,2.380,-81.0,1.759,1.593
6174650,A2,1.920,-84.0,1.746,1.593
6174770,A3,2.260,-80.9,1.746,1.593
6174790,A1,2.350,-80.7,1.720,1.569
6174800,A2,1.900,-83.7,1.734,1.569
6174920,A3,2.250,-80.3,1.734,1.577
6174940,A1,2.370,-80.8,1.751,1.592
6174950,A2,1.900,-83.7,1.751,1.592
6175070,A3,2.230,-80.8,1.751,1.607
6175090,A1,2.360,-81.1,1.742,1.599
6175100,A2,1.900,-84.2,1.742,1.599
6175220,A3,2.250,-80.3,1.742,1.585
6175240,A1,2.360,-80.8,1.742,1.585
6175250,A2,1.890,-83.4,1.749,1.585
6175370,A3,2.240,-80.9,1.749,1.592
6175390,A1,2.370,-80.7,1.758,1.600
6175400,A2,1.890,-83.7,1.758,1.600
6175520,A3,2.230,-80.4,1.758,1.607
6175540,A1,2.370,-81.2,1.758,1.607
6175550,A2,1.900,-83.4,1.751,1.607
6175670,A3,2.250,-80.8,1.751,1.592
6175690,A1,2.350,-81.1,1.734,1.577
6175700,A2,1.920,-83.7,1.720,1.577
6175820,A3,2.260,-80.6,1.720,1.569
6175840,A1,2.360,-81.1,1.729,1.577
6175850,A2,1.900,-83.8,1.742,1.577
6175970,A3,2.280,-80.4,1.742,1.562
6175990,A1,2.370,-80.7,1.751,1.570
6176000,A2,1.900,-84.3,1.751,1.570
6176120,A3,2.230,-80.7,1.751,1.607
6176140,A1,2.360,-80.9,1.742,1.599
6176150,A2,1.910,-83.7,1.736,1.599
6176270,A3,2.250,-80.5,1.736,1.585
6176290,A1,2.390,-81.1,1.761,1.608
6176300,A2,1.900,-83.6,1.768,1.608
6176570,A3,2.270,-80.7,1.768,1.593
6176590,A1,2.370,-81.3,1.751,1.577
6176600,A2,1.900,-83.4,1.751,1.577
6176720,A3,2.240,-80.5,1.751,1.600
6176740,A1,2.390,-81.0,1.768,1.616
6176750,A2,1.900,-83.2,1.768,1.616
6176870,A3,2.250,-80.4,1.768,1.608
6176890,A1,2.370,-81.1,1.751,1.592
6176900,A2,1.900,-84.0,1.751,1.592
6177020,A3,2.280,-80.2,1.751,1.570
6177040,A1,2.380,-81.2,1.759,1.578
6177050,A2,1.900,-84.2,1.759,1.578
6177170,A3,2.260,-80.4,1.759,1.593
6177190,A1,2.410,-81.0,1.785,1.617
6177200,A2,1.870,-83.6,1.806,1.617
6177320,A3,2.250,-80.3,1.806,1.624
6177340,A1,2.390,-81.3,1.788,1.608
6177350,A2,1.910,-83.3,1.761,1.608
6177470,A3,2.270,-80.8,1.761,1.593
6177490,A1,2.360,-81.3,1.736,1.569
6177500,A2,1.900,-83.9,1.742,1.569
6177620,A3,2.270,-80.5,1.742,1.569
6177640,A1,2.380,-81.1,1.759,1.585
6177650,A2,1.900,-83.5,1.759,1.585
6177770,A3,2.250,-80.6,1.759,1.600
6177790,A1,2.360,-81.0,1.742,1.585
6177800,A2,1.890,-84.0,1.749,1.585
6177920,A3,2.240,-80.7,1.749,1.592
6177940,A1,2.390,-81.2,1.775,1.616
6177950,A2,1.900,-83.1,1.768,1.616
6178070,A3,2.280,-80.5,1.768,1.586
6178090,A1,2.410,-80.6,1.785,1.602
6178100,A2,1.900,-84.0,1.785,1.602
6178220,A3,2.260,-80.6,1.785,1.617
6178240,A1,2.380,-80.7,1.759,1.593
6178250,A2,1.890,-83.8,1.766,1.593
6178370,A3,2.250,-80.6,1.766,1.600
6178390,A1,2.400,-81.0,1.784,1.616
6178400,A2,1.900,-83.8,1.777,1.616
6178520,A3,2.270,-80.4,1.777,1.601
6178540,A1,2.380,-81.0,1.759,1.585
6178550,A2,1.880,-84.7,1.773,1.585
6178670,A3,2.280,-80.7,1.773,1.578
6178690,A1,2.390,-80.9,1.782,1.586
6178700,A2,1.880,-83.8,1.782,1.586
6178820,A3,2.260,-80.5,1.782,1.601
6178840,A1,2.370,-80.9,1.765,1.585
6178850,A2,1.920,-83.8,1.737,1.585
6178970,A3,2.290,-80.2,1.737,1.562
6178990,A1,2.340,-81.0,1.712,1.539
6179000,A2,1.880,-84.1,1.739,1.539
6179120,A3,2.270,-80.3,1.739,1.554
6179140,A1,2.380,-80.7,1.773,1.585
6179150,A2,1.920,-83.8,1.746,1.585
6179270,A3,2.270,-80.6,1.746,1.585
6179290,A1,2.390,-81.0,1.754,1.593
6179300,A2,1.910,-83.5,1.761,1.593
6179420,A3,2.260,-80.3,1.761,1.601
6179440,A1,2.380,-81.2,1.753,1.593
6179450,A2,1.890,-82.9,1.766,1.593
6179720,A3,2.260,-80.3,1.766,1.593
6179740,A1,2.360,-81.3,1.749,1.577
6180020,A3,2.260,-80.2,1.749,1.577
6180040,A1,2.370,-80.7,1.758,1.585
6180050,A2,1.910,-83.9,1.744,1.585
6180190,A1,2.360,-81.5,1.736,1.577
6180200,A2,1.930,-83.2,1.722,1.577
6180340,A1,2.360,-81.1,1.722,1.577
6180350,A2,1.910,-83.5,1.736,1.577
6180470,A3,2.270,-80.5,1.736,1.569
6180490,A1,2.360,-81.0,1.736,1.569
6180500,A2,1.890,-83.5,1.749,1.569
6180620,A3,2.270,-80.2,1.749,1.569
6180640,A1,2.370,-80.8,1.758,1.577
6180650,A2,1.900,-83.0,1.751,1.577
6180770,A3,2.280,-80.3,1.751,1.570
6180790,A1,2.390,-81.2,1.768,1.586
6180800,A2,1.900,-84.2,1.768,1.586
6180920,A3,2.240,-80.5,1.768,1.616
6180940,A1,2.380,-81.0,1.759,1.608
6180950,A2,1.900,-83.4,1.759,1.608
6181070,A3,2.260,-82.7,1.759,1.593
6181090,A1,2.350,-81.6,1.734,1.569
6181100,A2,1.900,-83.2,1.734,1.569
6181220,A3,2.250,-80.6,1.734,1.577
6181240,A1,2.390,-80.8,1.768,1.608
6181250,A2,1.910,-83.4,1.761,1.608
6181370,A3,2.250,-80.5,1.761,1.608
6181390,A1,2.380,-81.2,1.753,1.600
6181400,A2,1.920,-83.0,1.746,1.600
6181520,A3,2.240,-80.4,1.746,1.608
6181540,A1,2.390,-81.1,1.754,1.616
6181550,A2,1.910,-83.4,1.761,1.616
6181670,A3,2.290,-80.7,1.761,1.578
6181690,A1,2.370,-80.8,1.744,1.562
6181700,A2,1.900,-83.7,1.751,1.562
6181820,A3,2.250,-80.3,1.751,1.592
6181840,A1,2.380,-81.0,1.759,1.600
6181850,A2,1.920,-83.0,1.746,1.600
6181970,A3,2.250,-80.6,1.746,1.600
6181990,A1,2.370,-80.6,1.737,1.592
6182000,A2,1.900,-83.5,1.751,1.592
6182120,A3,2.270,-80.5,1.751,1.577
6182140,A1,2.360,-80.9,1.742,1.569
6182150,A2,1.890,-83.4,1.749,1.569
6182270,A3,2.260,-80.6,1.749,1.577
6182290,A1,2.360,-81.1,1.749,1.577
6182300,A2,1.900,-83.2,1.742,1.577
6182420,A3,2.250,-80.6,1.742,1.585
6182440,A1,2.370,-80.8,1.751,1.592
6182450,A2,1.920,-83.2,1.737,1.592
6182570,A3,2.260,-80.6,1.737,1.585
6182590,A1,2.370,-80.8,1.737,1.585
6182600,A2,1.900,-84.1,1.751,1.585
6182870,A3,2.270,-80.4,1.751,1.577
6182890,A1,2.360,-81.0,1.742,1.569
6182900,A2,1.920,-83.6,1.729,1.569
6183020,A3,2.270,-80.5,1.729,1.569
6183040,A1,2.370,-80.9,1.737,1.577
6183050,A2,1.890,-83.8,1.758,1.577
6183170,A3,2.290,-80.7,1.758,1.562
6183190,A1,2.400,-80.9,1.784,1.586
6183200,A2,1.900,-83.3,1.777,1.586
6183320,A3,2.250,-80.3,1.777,1.616
6183340,A1,2.350,-81.2,1.734,1.577
6183350,A2,1.920,-83.8,1.720,1.577
6183470,A3,2.250,-80.7,1.720,1.577
6183490,A1,2.370,-80.9,1.737,1.592
6183500,A2,1.900,-84.1,1.751,1.592
6183620,A3,2.270,-80.6,1.751,1.577
6183640,A1,2.380,-81.1,1.759,1.585
6183650,A2,1.860,-83.8,1.787,1.585
6183770,A3,2.250,-80.3,1.787,1.600
6183790,A1,2.390,-80.7,1.795,1.608
6183800,A2,1.910,-83.5,1.761,1.608
6183920,A3,2.280,-80.6,1.761,1.586
6183940,A1,2.360,-81.2,1.736,1.562
6183950,A2,1.910,-84.2,1.736,1.562
6184070,A3,2.260,-80.6,1.736,1.577
6184090,A1,2.380,-80.9,1.753,1.593
6184100,A2,1.880,-83.8,1.773,1.593
6184220,A3,2.240,-80.5,1.773,1.608
6184240,A1,2.360,-81.2,1.756,1.592
6184250,A2,1.920,-83.7,1.729,1.592
6184370,A3,2.260,-80.4,1.729,1.577
6184390,A1,2.350,-80.8,1.720,1.569
6184400,A2,1.920,-84.0,1.720,1.569
6184520,A3,2.260,-80.7,1.720,1.569
6184540,A1,2.380,-81.0,1.746,1.593
6184550,A2,1.900,-84.0,1.759,1.593
6184670,A3,2.230,-80.5,1.759,1.615
6184690,A1,2.380,-81.1,1.759,1.615
6184700,A2,1.910,-83.6,1.753,1.615
6184820,A3,2.230,-80.5,1.753,1.615
6184840,A1,2.380,-80.7,1.753,1.615
6184850,A2,1.920,-83.6,1.746,1.615
6184970,A3,2.260,-80.8,1.746,1.593
6185000,A2,1.910,-83.5,1.753,1.593
6185150,A2,1.920,-83.6,1.746,1.593
6185270,A3,2.270,-80.5,1.746,1.585
6185290,A1,2.360,-81.1,1.729,1.569
6185300,A2,1.900,-83.7,1.742,1.569
6185420,A3,2.260,-80.5,1.742,1.577
6185440,A1,2.350,-80.9,1.734,1.569
6185450,A2,1.900,-83.1,1.734,1.569
6185570,A3,2.260,-81.1,1.734,1.569
6185590,A1,2.340,-81.3,1.726,1.561
6185600,A2,1.900,-83.3,1.726,1.561
6185720,A3,2.260,-80.4,1.726,1.561
6185740,A1,2.370,-81.4,1.751,1.585
6185750,A2,1.910,-83.8,1.744,1.585
6186020,A3,2.270,-80.3,1.744,1.577
6186040,A1,2.360,-81.1,1.736,1.569
6186050,A2,1.900,-84.0,1.742,1.569
6186170,A3,2.260,-80.5,1.742,1.577
6186190,A1,2.390,-80.9,1.768,1.601
6186200,A2,1.900,-83.6,1.768,1.601
6186320,A3,2.250,-80.4,1.768,1.608
6186340,A1,2.380,-80.8,1.759,1.600
6186350,A2,1.890,-83.6,1.766,1.600
6186470,A3,2.260,-80.3,1.766,1.593
6186490,A1,2.370,-80.8,1.758,1.585
6186500,A2,1.910,-83.2,1.744,1.585
6186620,A3,2.260,-80.6,1.744,1.585
6186640,A1,2.390,-81.1,1.761,1.601
6186650,A2,1.890,-84.0,1.775,1.601
6186770,A3,2.260,-80.2,1.775,1.601
6186790,A1,2.390,-80.9,1.775,1.601
6186800,A2,1.910,-83.5,1.761,1.601
6186920,A3,2.250,-80.4,1.761,1.608
6186940,A1,2.360,-81.2,1.736,1.585
6186950,A2,1.920,-83.4,1.729,1.585
6187070,A3,2.250,-80.4,1.729,1.585
6187090,A1,2.360,-80.9,1.729,1.585
6187100,A2,1.910,-83.9,1.736,1.585
6187220,A3,2.270,-80.3,1.736,1.569
6187240,A1,2.410,-81.1,1.778,1.609
6187250,A2,1.890,-83.7,1.792,1.609
6187370,A3,2.260,-80.3,1.792,1.617
6187390,A1,2.370,-81.2,1.758,1.585
6187400,A2,1.910,-83.2,1.744,1.585
6187520,A3,2.290,-80.5,1.744,1.562
6187540,A1,2.390,-81.4,1.761,1.578
6187550,A2,1.890,-83.4,1.775,1.578
6187670,A3,2.250,-80.4,1.775,1.608
6187690,A1,2.370,-81.0,1.758,1.592
6187700,A2,1.900,-84.2,1.751,1.592
6187820,A3,2.250,-80.4,1.751,1.592
6187840,A1,2.380,-80.5,1.759,1.600
6188120,A3,2.250,-80.2,1.759,1.600
6188140,A1,2.380,-80.9,1.759,1.600
6188150,A2,1.900,-83.6,1.759,1.600
6188270,A3,2.270,-80.2,1.759,1.585
6188290,A1,2.360,-81.1,1.742,1.569
6188300,A2,1.930,-83.5,1.722,1.569
6188420,A3,2.250,-80.4,1.722,1.585
6188440,A1,2.350,-80.9,1.713,1.577
6188450,A2,1.900,-83.8,1.734,1.577
6188720,A3,2.250,-80.5,1.734,1.577
6188740,A1,2.400,-80.7,1.777,1.616
6188750,A2,1.900,-83.0,1.777,1.616
6188870,A3,2.270,-80.3,1.777,1.601
6188890,A1,2.380,-80.9,1.759,1.585
6188900,A2,1.910,-83.4,1.753,1.585
6189170,A3,2.250,-80.4,1.753,1.600
6189190,A1,2.360,-80.9,1.736,1.585
6189200,A2,1.900,-84.1,1.742,1.585
6189320,A3,2.260,-80.2,1.742,1.577
6189340,A1,2.390,-81.2,1.768,1.601
6189350,A2,1.900,-83.8,1.768,1.601
6189470,A3,2.280,-80.2,1.768,1.586
6189490,A1,2.390,-80.8,1.768,1.586
6189500,A2,1.900,-83.5,1.768,1.586
6189620,A3,2.290,-80.4,1.768,1.578
6189640,A1,2.350,-81.1,1.734,1.546
6189650,A2,1.910,-83.1,1.727,1.546
6189770,A3,2.250,-80.4,1.727,1.577
6189790,A1,2.360,-81.1,1.736,1.585
6189800,A2,1.910,-83.0,1.736,1.585
6189920,A3,2.260,-80.6,1.736,1.577
6189940,A1,2.360,-81.1,1.736,1.577
6189950,A2,1.900,-83.2,1.742,1.577
6190070,A3,2.270,-80.1,1.742,1.569
6190090,A1,2.360,-81.0,1.742,1.569
6190100,A2,1.920,-84.0,1.729,1.569
6190220,A3,2.280,-80.4,1.729,1.562
6190240,A1,2.400,-81.2,1.763,1.594
6190250,A2,1.900,-84.0,1.777,1.594
6190370,A3,2.280,-80.6,1.777,1.594
6190390,A1,2.360,-80.8,1.742,1.562
6190400,A2,1.900,-83.4,1.742,1.562
6190520,A3,2.250,-80.4,1.742,1.585
6190540,A1,2.380,-80.6,1.759,1.600
6190550,A2,1.890,-83.9,1.766,1.600
6190670,A3,2.260,-80.3,1.766,1.593
6190690,A1,2.380,-80.9,1.766,1.593
6190700,A2,1.900,-83.5,1.759,1.593
6190820,A3,2.280,-80.6,1.759,1.578
6190840,A1,2.370,-81.1,1.751,1.570
6190850,A2,1.910,-84.0,1.744,1.570
6190970,A3,2.270,-80.3,1.744,1.577
6190990,A1,2.360,-80.9,1.736,1.569
6191000,A2,1.890,-83.2,1.749,1.569
6191120,A3,2.270,-80.4,1.749,1.569
6191140,A1,2.340,-80.9,1.732,1.554
6191150,A2,1.900,-83.7,1.726,1.554
6191270,A3,2.280,-80.2,1.726,1.546
6191290,A1,2.400,-80.9,1.777,1.594
6191300,A2,1.900,-83.3,1.777,1.594
6191420,A3,2.240,-80.6,1.777,1.624
6191440,A1,2.380,-81.1,1.759,1.608
6191450,A2,1.900,-83.2,1.759,1.608
6191570,A3,2.270,-80.3,1.759,1.585
6191590,A1,2.380,-81.1,1.759,1.585
6191600,A2,1.920,-84.0,1.746,1.585
6191720,A3,2.250,-82.0,1.746,1.600
6191740,A1,2.370,-81.5,1.737,1.592
6191750,A2,1.900,-83.5,1.751,1.592
6191870,A3,2.270,-80.1,1.751,1.577
6191890,A1,2.390,-80.9,1.768,1.593
6191900,A2,1.890,-84.0,1.775,1.593
6192020,A3,2.240,-80.5,1.775,1.616
6192040,A1,2.360,-81.0,1.749,1.592
6192050,A2,1.910,-83.6,1.736,1.592
6192320,A3,2.280,-80.4,1.736,1.562
6192340,A1,2.370,-81.0,1.744,1.570
6192350,A2,1.920,-84.0,1.737,1.570
6192470,A3,2.280,-80.6,1.737,1.570
6192490,A1,2.360,-80.9,1.729,1.562
6192500,A2,1.900,-83.7,1.742,1.562
6192620,A3,2.240,-80.3,1.742,1.592
6192640,A1,2.370,-81.1,1.751,1.600
6192650,A2,1.890,-83.5,1.758,1.600
6192770,A3,2.260,-80.6,1.758,1.585
6192790,A1,2.390,-81.1,1.775,1.601
6192800,A2,1.910,-83.7,1.761,1.601
6192920,A3,2.270,-80.3,1.761,1.593
6192940,A1,2.370,-81.0,1.744,1.577
6192950,A2,1.910,-83.5,1.744,1.577
6193070,A3,2.250,-80.5,1.744,1.592
6193090,A1,2.370,-81.0,1.744,1.592
6193100,A2,1.910,-83.9,1.744,1.592
6193220,A3,2.270,-80.7,1.744,1.577
6193240,A1,2.340,-81.1,1.719,1.554
6193250,A2,1.930,-83.5,1.705,1.554
6193370,A3,2.270,-80.4,1.705,1.554
6193390,A1,2.360,-80.7,1.722,1.569
6193400,A2,1.910,-84.0,1.736,1.569
6193520,A3,2.250,-80.4,1.736,1.585
6193540,A1,2.340,-81.1,1.719,1.569
6193550,A2,1.880,-83.6,1.739,1.569
6193670,A3,2.290,-80.4,1.739,1.539
6193690,A1,2.390,-80.8,1.782,1.578
6193700,A2,1.910,-84.0,1.761,1.578
6193820,A3,2.300,-80.3,1.761,1.570
6193840,A1,2.360,-81.1,1.736,1.547
6193850,A2,1.920,-83.4,1.729,1.547
6193970,A3,2.280,-80.3,1.729,1.562
6193990,A1,2.350,-80.8,1.720,1.554
6194000,A2,1.920,-83.2,1.720,1.554
6194120,A3,2.270,-80.6,1.720,1.562
6194140,A1,2.360,-80.7,1.729,1.569
6194150,A2,1.920,-84.1,1.729,1.569
6194270,A3,2.260,-80.3,1.729,1.577
6194290,A1,2.380,-80.7,1.746,1.593
6194300,A2,1.920,-83.4,1.746,1.593
6194420,A3,2.260,-80.6,1.746,1.593
6194440,A1,2.370,-81.2,1.737,1.585
6194450,A2,1.900,-84.4,1.751,1.585
6194570,A3,2.230,-80.8,1.751,1.607
6194590,A1,2.370,-80.9,1.751,1.607
6194600,A2,1.900,-83.6,1.751,1.607
6194720,A3,2.260,-80.7,1.751,1.585
6194740,A1,2.370,-81.1,1.751,1.585
6194750,A2,1.900,-83.6,1.751,1.585
6194870,A3,2.280,-80.6,1.751,1.570
6194900,A2,1.890,-83.5,1.758,1.570
6195050,A2,1.930,-83.3,1.730,1.570
6195170,A3,2.270,-80.6,1.730,1.577
6195190,A1,2.400,-80.9,1.756,1.601
6195200,A2,1.900,-83.9,1.777,1.601
6195470,A3,2.270,-80.7,1.777,1.601
6195490,A1,2.360,-81.0,1.742,1.569
6195500,A2,1.900,-84.0,1.742,1.569
6195620,A3,2.230,-80.9,1.742,1.599
6195640,A1,2.360,-80.8,1.742,1.599
6195650,A2,1.910,-83.3,1.736,1.599
6195770,A3,2.260,-80.5,1.736,1.577
6195790,A1,2.360,-81.2,1.736,1.577
6195800,A2,1.910,-84.0,1.736,1.577
6195920,A3,2.240,-80.5,1.736,1.592
6195940,A1,2.390,-81.1,1.761,1.616
6195950,A2,1.910,-83.7,1.761,1.616
6196070,A3,2.260,-80.5,1.761,1.601
6196090,A1,2.370,-81.1,1.744,1.585
6196100,A2,1.890,-83.6,1.758,1.585
6196220,A3,2.260,-80.4,1.758,1.585
6196240,A1,2.370,-80.8,1.758,1.585
6196250,A2,1.900,-83.5,1.751,1.585
6196370,A3,2.220,-80.5,1.751,1.615
6196390,A1,2.360,-80.8,1.742,1.607
6196400,A2,1.890,-84.3,1.749,1.607
6196520,A3,2.260,-80.8,1.749,1.577
6196540,A1,2.380,-80.9,1.766,1.593
6196550,A2,1.880,-83.6,1.773,1.593
6196670,A3,2.260,-80.7,1.773,1.593
6196690,A1,2.380,-80.9,1.773,1.593
6196700,A2,1.900,-83.8,1.759,1.593
6196820,A3,2.230,-80.6,1.759,1.615
6196850,A2,1.900,-83.4,1.759,1.615
6197000,A2,1.890,-83.9,1.766,1.615
6197120,A3,2.250,-80.6,1.766,1.600
6197140,A1,2.390,-80.9,1.775,1.608
6197150,A2,1.920,-83.6,1.754,1.608
6197270,A3,2.250,-80.5,1.754,1.608
6197290,A1,2.370,-80.8,1.737,1.592
6197300,A2,1.880,-84.3,1.765,1.592
6197420,A3,2.260,-80.9,1.765,1.585
6197440,A1,2.370,-81.3,1.765,1.585
6197450,A2,1.900,-83.8,1.751,1.585
6197570,A3,2.280,-80.6,1.751,1.570
6197590,A1,2.370,-81.1,1.751,1.570
6197600,A2,1.880,-84.3,1.765,1.570
6197740,A1,2.360,-80.9,1.756,1.562
6197750,A2,1.900,-83.8,1.742,1.562
6197890,A1,2.380,-81.2,1.759,1.578
6197900,A2,1.900,-83.8,1.759,1.578
6198020,A3,2.260,-80.7,1.759,1.593
6198040,A1,2.380,-81.3,1.759,1.593
6198050,A2,1.890,-83.7,1.766,1.593
6198170,A3,2.240,-80.8,1.766,1.608
6198190,A1,2.360,-81.3,1.749,1.592
6198200,A2,1.900,-83.6,1.742,1.592
6198320,A3,2.270,-80.9,1.742,1.569
6198340,A1,2.400,-81.1,1.777,1.601
6198350,A2,1.900,-83.5,1.777,1.601
6198620,A3,2.240,-80.8,1.777,1.624
6198640,A1,2.380,-80.7,1.759,1.608
6198650,A2,1.920,-83.2,1.746,1.608
6198770,A3,2.240,-80.6,1.746,1.608
6198790,A1,2.360,-81.0,1.729,1.592
6198800,A2,1.900,-83.6,1.742,1.592
6198920,A3,2.260,-80.5,1.742,1.577
6198940,A1,2.370,-81.2,1.751,1.585
6198950,A2,1.920,-82.9,1.737,1.585
6199070,A3,2.240,-80.6,1.737,1.600
6199090,A1,2.390,-81.4,1.754,1.616
6199100,A2,1.900,-83.4,1.768,1.616
6199220,A3,2.260,-80.8,1.768,1.601
6199240,A1,2.380,-80.7,1.759,1.593
6199250,A2,1.920,-83.5,1.746,1.593
6199520,A3,2.260,-80.6,1.746,1.593
6199540,A1,2.360,-80.8,1.729,1.577
6199550,A2,1.890,-83.5,1.749,1.577
6199670,A3,2.260,-80.7,1.749,1.577
6199690,A1,2.370,-81.1,1.758,1.585
6199700,A2,1.910,-83.8,1.744,1.585
6199820,A3,2.220,-80.5,1.744,1.615
6199840,A1,2.350,-81.3,1.727,1.599
6199850,A2,1.900,-83.7,1.734,1.599
6199970,A3,2.250,-80.7,1.734,1.577
6199990,A1,2.370,-81.1,1.751,1.592
6200000,A2,1.890,-83.5,1.758,1.592
6200120,A3,2.250,-80.5,1.758,1.592
6200140,A1,2.360,-80.9,1.749,1.585
6200150,A2,1.900,-83.1,1.742,1.585
6200270,A3,2.280,-80.9,1.742,1.562
6200290,A1,2.380,-80.8,1.759,1.578
6200300,A2,1.900,-83.8,1.759,1.578
6200420,A3,2.270,-80.5,1.759,1.585
6200440,A1,2.370,-80.8,1.751,1.577
6200450,A2,1.900,-83.4,1.751,1.577
6200570,A3,2.250,-80.8,1.751,1.592
6200590,A1,2.410,-81.0,1.785,1.624
6200600,A2,1.900,-84.0,1.785,1.624
6200720,A3,2.270,-80.5,1.785,1.609
6200740,A1,2.360,-80.9,1.742,1.569
6200750,A2,1.890,-83.8,1.749,1.569
6200870,A3,2.240,-80.6,1.749,1.592
6200890,A1,2.400,-80.7,1.784,1.624
6200900,A2,1.890,-84.2,1.784,1.624
6201020,A3,2.240,-80.6,1.784,1.624
6201040,A1,2.380,-81.1,1.766,1.608
6201050,A2,1.890,-83.8,1.766,1.608
6201170,A3,2.240,-80.9,1.766,1.608
6201190,A1,2.360,-80.9,1.749,1.592
6201200,A2,1.900,-83.5,1.742,1.592
6201320,A3,2.230,-80.6,1.742,1.599
6201340,A1,2.360,-81.1,1.742,1.599
6201350,A2,1.900,-83.3,1.742,1.599
6201470,A3,2.250,-81.1,1.742,1.585
6201490,A1,2.380,-80.9,1.759,1.600
6201500,A2,1.950,-83.4,1.725,1.600
6201770,A3,2.240,-80.8,1.725,1.608
6201790,A1,2.370,-80.6,1.716,1.600
6201800,A2,1.900,-83.9,1.751,1.600
6201920,A3,2.250,-80.5,1.751,1.592
6201940,A1,2.360,-80.8,1.742,1.585
6201950,A2,1.880,-83.7,1.756,1.585
6202070,A3,2.260,-80.5,1.756,1.577
6202090,A1,2.410,-80.6,1.799,1.617
6202100,A2,1.910,-83.6,1.778,1.617
6202220,A3,2.240,-80.5,1.778,1.632
6202240,A1,2.400,-81.3,1.770,1.624
6202250,A2,1.920,-83.7,1.763,1.624
6202370,A3,2.260,-80.6,1.763,1.609
6202390,A1,2.370,-81.1,1.737,1.585
6202400,A2,1.900,-83.3,1.751,1.585
6202520,A3,2.270,-80.8,1.751,1.577
6202540,A1,2.390,-80.9,1.768,1.593
6202550,A2,1.910,-83.3,1.761,1.593
6202670,A3,2.240,-80.6,1.761,1.616
6202690,A1,2.380,-81.0,1.753,1.608
6202700,A2,1.920,-84.3,1.746,1.608
6202840,A1,2.360,-80.8,1.729,1.592
6202850,A2,1.900,-83.9,1.742,1.592
6202990,A1,2.370,-80.8,1.751,1.600
6203000,A2,1.920,-84.3,1.737,1.600
6203120,A3,2.250,-80.8,1.737,1.592
6203140,A1,2.370,-81.1,1.737,1.592
6203150,A2,1.870,-84.1,1.771,1.592
6203270,A3,2.260,-80.5,1.771,1.585
6203290,A1,2.360,-81.1,1.763,1.577
6203300,A2,1.910,-83.6,1.736,1.577
6203420,A3,2.280,-80.4,1.736,1.562
6203440,A1,2.400,-80.8,1.770,1.594
6203450,A2,1.930,-82.9,1.756,1.594
6203570,A3,2.250,-80.6,1.756,1.616
6203590,A1,2.360,-81.0,1.722,1.585
6203600,A2,1.900,-83.7,1.742,1.585
6203720,A3,2.270,-80.5,1.742,1.569
6203740,A1,2.370,-80.8,1.751,1.577
6203750,A2,1.930,-83.0,1.730,1.577
6203870,A3,2.240,-80.6,1.730,1.600
6203890,A1,2.350,-81.3,1.713,1.584
6203900,A2,1.920,-83.1,1.720,1.584
6204020,A3,2.260,-80.5,1.720,1.569
6204040,A1,2.370,-80.4,1.737,1.585
6204050,A2,1.900,-83.5,1.751,1.585
6204170,A3,2.260,-80.5,1.751,1.585
6204190,A1,2.370,-81.1,1.751,1.585
6204200,A2,1.880,-84.0,1.765,1.585
6204320,A3,2.250,-80.9,1.765,1.592
6204340,A1,2.390,-80.9,1.782,1.608
6204350,A2,1.890,-84.3,1.775,1.608
6204470,A3,2.250,-80.5,1.775,1.608
6204490,A1,2.360,-81.4,1.749,1.585
6204500,A2,1.900,-83.7,1.742,1.585
6204620,A3,2.250,-80.6,1.742,1.585
6204640,A1,2.390,-81.0,1.768,1.608
6204650,A2,1.890,-84.2,1.775,1.608
6204920,A3,2.280,-80.2,1.775,1.586
6204940,A1,2.380,-81.1,1.766,1.578
6204950,A2,1.900,-83.7,1.759,1.578
6205070,A3,2.270,-80.2,1.759,1.585
6205090,A1,2.420,-80.7,1.794,1.617
6205100,A2,1.910,-83.4,1.787,1.617
6205220,A3,2.260,-80.2,1.787,1.625
6205240,A1,2.400,-80.6,1.770,1.609
6205250,A2,1.890,-82.9,1.784,1.609
6205370,A3,2.250,-80.6,1.784,1.616
6205390,A1,2.390,-81.3,1.775,1.608
6205670,A3,2.270,-80.7,1.775,1.593
6205690,A1,2.380,-80.9,1.766,1.585
6205700,A2,1.910,-84.2,1.753,1.585
6205820,A3,2.230,-80.8,1.753,1.615
6205840,A1,2.400,-81.0,1.770,1.631
6205850,A2,1.910,-84.3,1.770,1.631
6205970,A3,2.280,-81.0,1.770,1.594
6205990,A1,2.410,-80.9,1.778,1.602
6206000,A2,1.900,-83.5,1.785,1.602
6206120,A3,2.230,-80.6,1.785,1.639
6206140,A1,2.380,-80.8,1.759,1.615
6206150,A2,1.890,-83.4,1.766,1.615
6206270,A3,2.260,-80.6,1.766,1.593
6206290,A1,2.410,-81.1,1.792,1.617
6206300,A2,1.910,-83.8,1.778,1.617
6206420,A3,2.250,-80.8,1.778,1.624
6206440,A1,2.390,-81.0,1.761,1.608
6206450,A2,1.910,-83.8,1.761,1.608
6206570,A3,2.250,-80.5,1.761,1.608
6206590,A1,2.360,-81.2,1.736,1.585
6206600,A2,1.910,-83.7,1.736,1.585
6206720,A3,2.280,-80.6,1.736,1.562
6206740,A1,2.360,-81.1,1.736,1.562
6206750,A2,1.890,-83.7,1.749,1.562
6206870,A3,2.240,-80.6,1.749,1.592
6206890,A1,2.380,-80.6,1.766,1.608
6206900,A2,1.890,-84.3,1.766,1.608
6207020,A3,2.260,-80.8,1.766,1.593
6207040,A1,2.370,-80.8,1.758,1.585
6207050,A2,1.890,-83.2,1.758,1.585
6207170,A3,2.260,-80.6,1.758,1.585
6207190,A1,2.380,-80.9,1.766,1.593
6207200,A2,1.900,-83.6,1.759,1.593
6207320,A3,2.270,-80.4,1.759,1.585
6207340,A1,2.380,-80.8,1.759,1.585
6207350,A2,1.900,-83.4,1.759,1.585
6207470,A3,2.240,-80.6,1.759,1.608
6207490,A1,2.360,-80.7,1.742,1.592
6207500,A2,1.910,-84.1,1.736,1.592
6207620,A3,2.230,-80.5,1.736,1.599
6207640,A1,2.380,-81.2,1.753,1.615
6207650,A2,1.910,-83.5,1.753,1.615
6207770,A3,2.260,-80.7,1.753,1.593
6207790,A1,2.390,-81.0,1.761,1.601
6207800,A2,1.910,-83.4,1.761,1.601
6208070,A3,2.250,-80.6,1.761,1.608
6208090,A1,2.360,-81.2,1.736,1.585
6208100,A2,1.900,-83.7,1.742,1.585
6208220,A3,2.250,-80.6,1.742,1.585
6208240,A1,2.360,-80.9,1.742,1.585
6208250,A2,1.900,-84.0,1.742,1.585
6208370,A3,2.240,-80.8,1.742,1.592
6208390,A1,2.380,-81.0,1.759,1.608
6208400,A2,1.890,-83.7,1.766,1.608
6208520,A3,2.270,-80.6,1.766,1.585
6208540,A1,2.350,-80.8,1.741,1.562
6208550,A2,1.930,-83.6,1.713,1.562
6208670,A3,2.270,-80.4,1.713,1.562
6208690,A1,2.370,-80.8,1.730,1.577
6208700,A2,1.920,-83.5,1.737,1.577
6208820,A3,2.240,-81.5,1.737,1.600
6208840,A1,2.350,-81.3,1.720,1.584
6208850,A2,1.920,-84.1,1.720,1.584
6208970,A3,2.260,-80.6,1.720,1.569
6208990,A1,2.360,-80.9,1.729,1.577
6209000,A2,1.900,-84.0,1.742,1.577
6209120,A3,2.290,-80.8,1.742,1.554
6209140,A1,2.380,-81.0,1.759,1.570
6209150,A2,1.900,-83.8,1.759,1.570
6209270,A3,2.260,-80.8,1.759,1.593
6209290,A1,2.360,-80.8,1.742,1.577
6209300,A2,1.900,-83.4,1.742,1.577
6209420,A3,2.280,-80.8,1.742,1.562
6209440,A1,2.400,-81.0,1.777,1.594
6209450,A2,1.910,-83.7,1.770,1.594
6209570,A3,2.270,-80.5,1.770,1.601
6209590,A1,2.370,-80.7,1.744,1.577
6209600,A2,1.900,-83.8,1.751,1.577
6209720,A3,2.240,-80.9,1.751,1.600
6209740,A1,2.380,-81.1,1.759,1.608
6209750,A2,1.910,-82.8,1.753,1.608
6209870,A3,2.240,-80.7,1.753,1.608
6209890,A1,2.370,-80.8,1.744,1.600
6209900,A2,1.900,-83.9,1.751,1.600
6210020,A3,2.240,-80.7,1.751,1.600
6210040,A1,2.350,-81.1,1.734,1.584
6210050,A2,1.890,-83.3,1.741,1.584
6210170,A3,2.260,-80.8,1.741,1.569
6210190,A1,2.380,-81.4,1.766,1.593
6210200,A2,1.910,-83.4,1.753,1.593
6210320,A3,2.240,-80.9,1.753,1.608
6210340,A1,2.390,-81.1,1.761,1.616
6210350,A2,1.920,-83.5,1.754,1.616
6210470,A3,2.250,-80.6,1.754,1.608
6210490,A1,2.360,-80.8,1.729,1.585
6210500,A2,1.880,-84.0,1.756,1.585
6210620,A3,2.260,-80.6,1.756,1.577
6210640,A1,2.350,-80.8,1.748,1.569
6210650,A2,1.900,-83.7,1.734,1.569
6210770,A3,2.270,-80.7,1.734,1.562
6210790,A1,2.370,-80.8,1.751,1.577
6210800,A2,1.910,-84.0,1.744,1.577
6210920,A3,2.260,-80.9,1.744,1.585
6210940,A1,2.380,-80.7,1.753,1.593
6210950,A2,1.890,-83.4,1.766,1.593
6211220,A3,2.230,-80.7,1.766,1.615
6211240,A1,2.380,-81.1,1.766,1.615
6211250,A2,1.910,-83.5,1.753,1.615
6211370,A3,2.240,-81.0,1.753,1.608
6211390,A1,2.390,-81.2,1.761,1.616
6211400,A2,1.880,-83.4,1.782,1.616
6211520,A3,2.260,-80.8,1.782,1.601
6211540,A1,2.410,-81.1,1.799,1.617
6211550,A2,1.900,-82.9,1.785,1.617
6211670,A3,2.240,-80.3,1.785,1.632
6211690,A1,2.370,-81.2,1.751,1.600
6211700,A2,1.880,-83.8,1.765,1.600
6211820,A3,2.260,-80.8,1.765,1.585
6211840,A1,2.400,-80.7,1.790,1.609
6211850,A2,1.910,-83.0,1.770,1.609
6211970,A3,2.260,-80.7,1.770,1.609
6211990,A1,2.360,-80.8,1.736,1.577
6212000,A2,1.900,-82.9,1.742,1.577
6212120,A3,2.260,-81.1,1.742,1.577
6212140,A1,2.400,-80.7,1.777,1.609
6212150,A2,1.940,-82.6,1.749,1.609
6212270,A3,2.250,-80.8,1.749,1.616
6212290,A1,2.370,-80.9,1.723,1.592
6212300,A2,1.900,-83.8,1.751,1.592
6212420,A3,2.270,-81.0,1.751,1.577
6212440,A1,2.380,-81.2,1.759,1.585
6212450,A2,1.900,-83.8,1.759,1.585
6212570,A3,2.250,-80.6,1.759,1.600
6212600,A2,1.900,-83.1,1.759,1.600
6212750,A2,1.910,-83.1,1.753,1.600
6212870,A3,2.250,-80.4,1.753,1.600
6212890,A1,2.390,-81.1,1.761,1.608
6212900,A2,1.910,-83.5,1.761,1.608
6213020,A3,2.280,-81.0,1.761,1.586
6213040,A1,2.390,-80.7,1.761,1.586
6213050,A2,1.870,-84.0,1.788,1.586
6213170,A3,2.270,-80.4,1.788,1.593
6213190,A1,2.350,-80.8,1.754,1.562
6213200,A2,1.910,-83.0,1.727,1.562
6213320,A3,2.230,-80.5,1.727,1.592
6213340,A1,2.360,-81.2,1.736,1.599
6213350,A2,1.900,-83.3,1.742,1.599
6213470,A3,2.270,-80.9,1.742,1.569
6213490,A1,2.410,-80.7,1.785,1.609
6213500,A2,1.890,-82.7,1.792,1.609
6213620,A3,2.250,-80.7,1.792,1.624
6213640,A1,2.370,-81.2,1.758,1.592
6213650,A2,1.900,-83.4,1.751,1.592
6213770,A3,2.260,-80.4,1.751,1.585
6213790,A1,2.390,-81.1,1.768,1.601
6213800,A2,1.900,-83.5,1.768,1.601
6213920,A3,2.250,-80.8,1.768,1.608
6213940,A1,2.400,-80.7,1.777,1.616
6213950,A2,1.890,-83.5,1.784,1.616
6214070,A3,2.250,-80.8,1.784,1.616
6214090,A1,2.370,-81.2,1.758,1.592
6214100,A2,1.900,-83.4,1.751,1.592
6214370,A3,2.260,-81.0,1.751,1.585
6214390,A1,2.390,-81.2,1.768,1.601
6214400,A2,1.900,-83.1,1.768,1.601
6214520,A3,2.240,-80.7,1.768,1.616
6214540,A1,2.420,-80.7,1.794,1.640
6214550,A2,1.890,-83.3,1.801,1.640
6214670,A3,2.250,-80.8,1.801,1.632
6214690,A1,2.380,-80.7,1.766,1.600
6214700,A2,1.880,-82.7,1.773,1.600
6214820,A3,2.270,-81.1,1.773,1.585
6214840,A1,2.380,-81.1,1.773,1.585
6214850,A2,1.910,-84.0,1.753,1.585
6214970,A3,2.250,-80.8,1.753,1.600
6214990,A1,2.350,-81.0,1.727,1.577
6215000,A2,1.890,-83.5,1.741,1.577
6215120,A3,2.270,-81.0,1.741,1.562
6215140,A1,2.370,-80.8,1.758,1.577
6215150,A2,1.910,-82.8,1.744,1.577
6215270,A3,2.220,-80.4,1.744,1.615
6215290,A1,2.380,-81.2,1.753,1.623
6215300,A2,1.900,-83.9,1.759,1.623
6215420,A3,2.260,-81.1,1.759,1.593
6215440,A1,2.370,-81.1,1.751,1.585
6215450,A2,1.920,-83.6,1.737,1.585
6215570,A3,2.250,-80.7,1.737,1.592
6215590,A1,2.370,-80.8,1.737,1.592
6215600,A2,1.910,-83.9,1.744,1.592
6215720,A3,2.260,-81.0,1.744,1.585
6215740,A1,2.440,-80.7,1.805,1.641
6215750,A2,1.910,-83.4,1.805,1.641
6215870,A3,2.270,-80.9,1.805,1.633
6215890,A1,2.400,-80.6,1.770,1.601
6215900,A2,1.900,-83.6,1.777,1.601
6216020,A3,2.240,-80.8,1.777,1.624
6216040,A1,2.370,-80.6,1.751,1.600
6216050,A2,1.900,-82.9,1.751,1.600
6216170,A3,2.260,-80.6,1.751,1.585
6216190,A1,2.360,-80.7,1.742,1.577
6216200,A2,1.910,-82.6,1.736,1.577
6216320,A3,2.240,-80.7,1.736,1.592
6216340,A1,2.370,-80.9,1.744,1.600
6216350,A2,1.910,-83.9,1.744,1.600
6216470,A3,2.240,-80.7,1.744,1.600
6216490,A1,2.350,-81.5,1.727,1.584
6216500,A2,1.900,-84.7,1.734,1.584
6216620,A3,2.250,-80.5,1.734,1.577
6216640,A1,2.360,-80.7,1.742,1.585
6216650,A2,1.910,-84.3,1.736,1.585
6216770,A3,2.270,-80.7,1.736,1.569
6216790,A1,2.370,-81.3,1.744,1.577
6216800,A2,1.900,-83.4,1.751,1.577
6216920,A3,2.280,-80.9,1.751,1.570
6216940,A1,2.370,-81.0,1.751,1.570
6216950,A2,1.900,-84.0,1.751,1.570
6217070,A3,2.240,-80.8,1.751,1.600
6217090,A1,2.370,-80.9,1.751,1.600
6217100,A2,1.930,-83.5,1.730,1.600
6217220,A3,2.250,-81.2,1.730,1.592
6217240,A1,2.390,-80.6,1.747,1.608
6217250,A2,1.910,-83.4,1.761,1.608
6217520,A3,2.240,-81.3,1.761,1.616
6217540,A1,2.390,-81.3,1.761,1.616
6217550,A2,1.900,-83.6,1.768,1.616
6217670,A3,2.260,-80.6,1.768,1.601
6217690,A1,2.380,-81.0,1.759,1.593
6217700,A2,1.910,-83.0,1.753,1.593
6217820,A3,2.250,-80.8,1.753,1.600
6217840,A1,2.370,-80.9,1.744,1.592
6217850,A2,1.920,-83.3,1.737,1.592
6217970,A3,2.250,-80.6,1.737,1.592
6217990,A1,2.430,-81.0,1.789,1.640
6218000,A2,1.910,-83.7,1.796,1.640
6218120,A3,2.240,-80.6,1.796,1.648
6218140,A1,2.400,-81.0,1.770,1.624
6218150,A2,1.900,-83.8,1.777,1.624
6218270,A3,2.300,-80.4,1.777,1.578
6218290,A1,2.360,-80.9,1.742,1.547
6218300,A2,1.890,-83.8,1.749,1.547
6218420,A3,2.260,-80.8,1.749,1.577
6218440,A1,2.350,-81.1,1.741,1.569
6218450,A2,1.910,-83.2,1.727,1.569
6218570,A3,2.270,-80.4,1.727,1.562
6218590,A1,2.360,-81.1,1.736,1.569
6218600,A2,1.920,-83.3,1.729,1.569
6218720,A3,2.240,-81.3,1.729,1.592
6218740,A1,2.350,-81.1,1.720,1.584
6218750,A2,1.900,-83.6,1.734,1.584
6218870,A3,2.210,-80.2,1.734,1.606
6218890,A1,2.380,-81.0,1.759,1.630
6218900,A2,1.900,-83.5,1.759,1.630
6219020,A3,2.270,-80.0,1.759,1.585
6219040,A1,2.380,-80.9,1.759,1.585
6219050,A2,1.910,-83.1,1.753,1.585
6219170,A3,2.270,-80.8,1.753,1.585
6219190,A1,2.400,-80.5,1.770,1.601
6219200,A2,1.920,-83.5,1.763,1.601
6219320,A3,2.240,-79.9,1.763,1.624
6219350,A2,1.900,-83.2,1.777,1.624
6219500,A2,1.890,-83.2,1.784,1.624
6219620,A3,2.250,-79.7,1.784,1.616
6219640,A1,2.390,-80.6,1.775,1.608
6219650,A2,1.910,-82.9,1.761,1.608
6219770,A3,2.280,-79.9,1.761,1.586
6219790,A1,2.360,-80.6,1.736,1.562
6219800,A2,1.900,-83.9,1.742,1.562
6219940,A1,2.370,-81.2,1.751,1.570
6219950,A2,1.910,-83.4,1.744,1.570
6220090,A1,2.380,-81.3,1.753,1.578
6220100,A2,1.910,-83.4,1.753,1.578
6220220,A3,2.280,-80.2,1.753,1.578
6220240,A1,2.370,-81.0,1.744,1.570
6220250,A2,1.900,-83.4,1.751,1.570
6220370,A3,2.280,-80.4,1.751,1.570
6220390,A1,2.360,-80.9,1.742,1.562
6220400,A2,1.920,-83.0,1.729,1.562
6220670,A3,2.250,-80.7,1.729,1.585
6220690,A1,2.370,-81.1,1.737,1.592
6220700,A2,1.920,-83.4,1.737,1.592
6220840,A1,2.370,-80.9,1.737,1.592
6220850,A2,1.900,-83.4,1.751,1.592
6220990,A1,2.380,-80.8,1.759,1.600
6221000,A2,1.920,-84.1,1.746,1.600
6221120,A3,2.280,-80.6,1.746,1.578
6221140,A1,2.400,-80.8,1.763,1.594
6221150,A2,1.900,-83.1,1.777,1.594
6221270,A3,2.280,-80.8,1.777,1.594
6221290,A1,2.400,-80.9,1.777,1.594
6221300,A2,1.900,-83.0,1.777,1.594
6221420,A3,2.290,-80.7,1.777,1.586
6221440,A1,2.360,-80.9,1.742,1.554
6221450,A2,1.920,-82.8,1.729,1.554
6221570,A3,2.280,-80.7,1.729,1.562
6221590,A1,2.390,-80.7,1.754,1.586
6221600,A2,1.890,-83.7,1.775,1.586
6221720,A3,2.260,-79.9,1.775,1.601
6221740,A1,2.410,-80.6,1.792,1.617
6221750,A2,1.880,-83.4,1.799,1.617
6221870,A3,2.280,-80.1,1.799,1.602
6221890,A1,2.400,-81.2,1.790,1.594
6221900,A2,1.910,-83.4,1.770,1.594
6222020,A3,2.240,-80.8,1.770,1.624
6222040,A1,2.380,-81.0,1.753,1.608
6222050,A2,1.870,-83.8,1.780,1.608
6222170,A3,2.250,-80.5,1.780,1.600
6222190,A1,2.410,-80.8,1.806,1.624
6222200,A2,1.900,-83.7,1.785,1.624
6222320,A3,2.270,-81.1,1.785,1.609
6222340,A1,2.380,-80.8,1.759,1.585
6222350,A2,1.920,-82.9,1.746,1.585
6222470,A3,2.260,-80.8,1.746,1.593
6222490,A1,2.360,-81.3,1.729,1.577
6222500,A2,1.890,-83.5,1.749,1.577
6222620,A3,2.260,-80.8,1.749,1.577
6222640,A1,2.390,-80.8,1.775,1.601
6222650,A2,1.880,-84.0,1.782,1.601
6222770,A3,2.260,-80.6,1.782,1.601
6222790,A1,2.350,-80.8,1.748,1.569
6222800,A2,1.900,-83.0,1.734,1.569
6222920,A3,2.280,-80.2,1.734,1.554
6222940,A1,2.380,-80.8,1.759,1.578
6222950,A2,1.930,-83.4,1.739,1.578
6223070,A3,2.290,-80.1,1.739,1.570
6223090,A1,2.360,-80.7,1.722,1.554
6223100,A2,1.930,-83.3,1.722,1.554
6223220,A3,2.260,-80.3,1.722,1.577
6223240,A1,2.360,-80.5,1.722,1.577
6223250,A2,1.890,-83.8,1.749,1.577
6223370,A3,2.250,-80.3,1.749,1.585
6223390,A1,2.360,-81.0,1.749,1.585
6223400,A2,1.920,-83.6,1.729,1.585
6223520,A3,2.250,-80.7,1.729,1.585
6223540,A1,2.340,-81.3,1.712,1.569
6223550,A2,1.900,-83.8,1.726,1.569
6223820,A3,2.240,-80.2,1.726,1.576
6223840,A1,2.370,-80.9,1.751,1.600
6223850,A2,1.870,-83.7,1.771,1.600
6223970,A3,2.280,-80.2,1.771,1.570
6223990,A1,2.360,-80.7,1.763,1.562
6224000,A2,1.900,-84.3,1.742,1.562
6224120,A3,2.260,-81.1,1.742,1.577
6224140,A1,2.380,-81.2,1.759,1.593
6224150,A2,1.870,-84.1,1.780,1.593
6224270,A3,2.280,-80.3,1.780,1.578
6224290,A1,2.370,-81.0,1.771,1.570
6224300,A2,1.910,-83.7,1.744,1.570
6224420,A3,2.260,-80.8,1.744,1.585
6224440,A1,2.360,-81.2,1.736,1.577
6224450,A2,1.890,-83.5,1.749,1.577
6224570,A3,2.250,-81.0,1.749,1.585
6224590,A1,2.340,-81.1,1.732,1.569
6224600,A2,1.910,-83.8,1.719,1.569
6224720,A3,2.250,-80.9,1.719,1.569
6224740,A1,2.360,-81.5,1.736,1.585
6224750,A2,1.920,-83.0,1.729,1.585
6224870,A3,2.270,-80.9,1.729,1.569
6224890,A1,2.330,-81.2,1.703,1.546
6224900,A2,1.900,-83.8,1.717,1.546
6225020,A3,2.270,-80.9,1.717,1.546
6225040,A1,2.380,-81.2,1.759,1.585
6225050,A2,1.910,-83.6,1.753,1.585
6225170,A3,2.260,-80.2,1.753,1.593
6225190,A1,2.340,-81.5,1.719,1.561
6225200,A2,1.900,-83.7,1.726,1.561
6225320,A3,2.240,-80.5,1.726,1.576
6225340,A1,2.360,-80.9,1.742,1.592
6225350,A2,1.890,-83.7,1.749,1.592
6225470,A3,2.250,-81.3,1.749,1.585
6225490,A1,2.340,-81.2,1.732,1.569
6225500,A2,1.900,-83.2,1.726,1.569
6225620,A3,2.240,-80.3,1.726,1.576
6225640,A1,2.340,-81.2,1.726,1.576
6225650,A2,1.900,-83.6,1.726,1.576
6225770,A3,2.280,-81.2,1.726,1.546
6225790,A1,2.390,-80.8,1.768,1.586
6225800,A2,1.890,-83.4,1.775,1.586
6225920,A3,2.280,-81.0,1.775,1.586
6225940,A1,2.350,-80.8,1.741,1.554
6225950,A2,1.910,-83.2,1.727,1.554
6226070,A3,2.270,-80.5,1.727,1.562
6226090,A1,2.360,-80.7,1.736,1.569
6226100,A2,1.900,-83.1,1.742,1.569
6226220,A3,2.270,-81.1,1.742,1.569
6226240,A1,2.360,-81.0,1.742,1.569
6226250,A2,1.890,-83.2,1.749,1.569
6226370,A3,2.260,-80.6,1.749,1.577
6226390,A1,2.380,-80.7,1.766,1.593
6226400,A2,1.900,-83.5,1.759,1.593
6226520,A3,2.250,-80.2,1.759,1.600
6226540,A1,2.370,-81.1,1.751,1.592
6226550,A2,1.920,-83.4,1.737,1.592
6226670,A3,2.250,-80.4,1.737,1.592
6226690,A1,2.330,-80.7,1.703,1.561
6226700,A2,1.900,-83.1,1.717,1.561
6226970,A3,2.250,-80.8,1.717,1.561
6226990,A1,2.400,-80.6,1.777,1.616
6227000,A2,1.890,-84.0,1.784,1.616
6227120,A3,2.270,-80.5,1.784,1.601
6227140,A1,2.370,-80.9,1.758,1.577
6227150,A2,1.880,-83.4,1.765,1.577
6227270,A3,2.250,-80.2,1.765,1.592
6227290,A1,2.370,-81.1,1.765,1.592
6227300,A2,1.880,-83.7,1.765,1.592
6227420,A3,2.270,-81.1,1.765,1.577
6227440,A1,2.380,-80.8,1.773,1.585
6227450,A2,1.880,-83.7,1.773,1.585
6227570,A3,2.250,-80.2,1.773,1.600
6227590,A1,2.370,-80.8,1.765,1.592
6227600,A2,1.900,-83.5,1.751,1.592
6227720,A3,2.250,-80.2,1.751,1.592
6227740,A1,2.350,-80.7,1.734,1.577
6227750,A2,1.900,-84.0,1.734,1.577
6227870,A3,2.250,-80.1,1.734,1.577
6227890,A1,2.400,-81.0,1.777,1.616
6227900,A2,1.920,-83.2,1.763,1.616
6228020,A3,2.310,-80.1,1.763,1.571
6228040,A1,2.360,-81.1,1.729,1.539
6228050,A2,1.910,-83.4,1.736,1.539
6228170,A3,2.250,-81.0,1.736,1.585
6228190,A1,2.390,-81.2,1.761,1.608
6228200,A2,1.900,-83.0,1.768,1.608
6228320,A3,2.300,-80.2,1.768,1.570
6228340,A1,2.360,-80.9,1.742,1.547
6228350,A2,1.900,-83.2,1.742,1.547
6228470,A3,2.280,-80.2,1.742,1.562
6228490,A1,2.380,-81.2,1.759,1.578
6228500,A2,1.880,-83.6,1.773,1.578
6228620,A3,2.240,-80.7,1.773,1.608
6228640,A1,2.410,-80.8,1.799,1.632
6228650,A2,1.870,-83.2,1.806,1.632
6228770,A3,2.270,-81.0,1.806,1.609
6228790,A1,2.350,-80.8,1.754,1.562
6228800,A2,1.890,-83.6,1.741,1.562
6228920,A3,2.270,-80.1,1.741,1.562
6228940,A1,2.370,-81.2,1.758,1.577
6228950,A2,1.900,-83.3,1.751,1.577
6229070,A3,2.270,-80.2,1.751,1.577
6229090,A1,2.340,-81.3,1.726,1.554
6229100,A2,1.900,-83.4,1.726,1.554
6229220,A3,2.260,-80.7,1.726,1.561
6229240,A1,2.340,-80.9,1.726,1.561
6229250,A2,1.910,-83.4,1.719,1.561
6229370,A3,2.270,-81.0,1.719,1.554
6229390,A1,2.360,-80.8,1.736,1.569
6229400,A2,1.910,-83.2,1.736,1.569
6229520,A3,2.260,-80.8,1.736,1.577
6229540,A1,2.390,-80.9,1.761,1.601
6229550,A2,1.880,-83.7,1.782,1.601
6229670,A3,2.250,-80.8,1.782,1.608
6229690,A1,2.340,-81.2,1.739,1.569
6229700,A2,1.900,-83.3,1.726,1.569
6229820,A3,2.230,-80.3,1.726,1.584
6229840,A1,2.360,-81.3,1.742,1.599
6229850,A2,1.900,-83.6,1.742,1.599
6230120,A3,2.250,-82.7,1.742,1.585
6230140,A1,2.360,-81.7,1.742,1.585
6230150,A2,1.890,-84.5,1.749,1.585
6230270,A3,2.270,-80.6,1.749,1.569
6230290,A1,2.340,-81.7,1.732,1.554
6230300,A2,1.890,-83.5,1.732,1.554
6230420,A3,2.270,-80.8,1.732,1.554
6230440,A1,2.390,-80.9,1.775,1.593
6230450,A2,1.900,-83.4,1.768,1.593
6230570,A3,2.270,-81.2,1.768,1.593
6230590,A1,2.360,-81.3,1.742,1.569
6230600,A2,1.900,-83.5,1.742,1.569
6230720,A3,2.260,-80.1,1.742,1.577
6230740,A1,2.400,-81.1,1.777,1.609
6230750,A2,1.910,-83.3,1.770,1.609
6230890,A1,2.390,-81.1,1.761,1.601
6230900,A2,1.890,-83.2,1.775,1.601
6231040,A1,2.360,-81.2,1.749,1.577
6231050,A2,1.890,-82.9,1.749,1.577
6231170,A3,2.260,-80.1,1.749,1.577
6231190,A1,2.360,-81.2,1.749,1.577
6231200,A2,1.890,-84.2,1.749,1.577
6231320,A3,2.240,-80.1,1.749,1.592
6231340,A1,2.340,-81.4,1.732,1.576
6231350,A2,1.890,-83.1,1.732,1.576
6231470,A3,2.260,-80.9,1.732,1.561
6231490,A1,2.340,-81.2,1.732,1.561
6231500,A2,1.910,-83.9,1.719,1.561
6231620,A3,2.270,-80.8,1.719,1.554
6231640,A1,2.370,-81.2,1.744,1.577
6231650,A2,1.890,-83.0,1.758,1.577
6231770,A3,2.250,-80.8,1.758,1.592
6231790,A1,2.360,-81.1,1.749,1.585
6231800,A2,1.860,-83.4,1.769,1.585
6231920,A3,2.250,-80.8,1.769,1.585
6231940,A1,2.400,-81.1,1.804,1.616
6231950,A2,1.890,-83.6,1.784,1.616
6232070,A3,2.290,-81.1,1.784,1.586
6232090,A1,2.400,-80.8,1.784,1.586
6232100,A2,1.890,-83.8,1.784,1.586
6232220,A3,2.250,-80.9,1.784,1.616
6232240,A1,2.360,-81.1,1.749,1.585
6232250,A2,1.870,-83.6,1.763,1.585
6232390,A1,2.360,-81.1,1.763,1.585
6232400,A2,1.890,-83.2,1.749,1.585
6232540,A1,2.370,-80.7,1.758,1.592
6232550,A2,1.910,-83.3,1.744,1.592
6232670,A3,2.260,-80.7,1.744,1.585
6232690,A1,2.380,-81.1,1.753,1.593
6232700,A2,1.900,-83.6,1.759,1.593
6232820,A3,2.250,-80.1,1.759,1.600
6232840,A1,2.400,-81.3,1.777,1.616
6232850,A2,1.920,-83.6,1.763,1.616
6232970,A3,2.270,-80.3,1.763,1.601
6232990,A1,2.370,-81.2,1.737,1.577
6233000,A2,1.870,-83.8,1.771,1.577
6233270,A3,2.240,-80.9,1.771,1.600
6233290,A1,2.380,-81.0,1.780,1.608
6233300,A2,1.900,-83.5,1.759,1.608
6233420,A3,2.260,-80.5,1.759,1.593
6233440,A1,2.370,-80.3,1.751,1.585
6233450,A2,1.880,-84.0,1.765,1.585
6233570,A3,2.250,-80.6,1.765,1.592
6233590,A1,2.380,-81.3,1.773,1.600
6233600,A2,1.890,-83.9,1.766,1.600
6233720,A3,2.240,-81.0,1.766,1.608
6233740,A1,2.410,-81.2,1.792,1.632
6233750,A2,1.900,-83.7,1.785,1.632
6233870,A3,2.270,-80.3,1.785,1.609
6233890,A1,2.340,-81.1,1.726,1.554
6233900,A2,1.900,-82.7,1.726,1.554
6234020,A3,2.280,-80.2,1.726,1.546
6234040,A1,2.360,-80.7,1.742,1.562
6234050,A2,1.880,-82.9,1.756,1.562
6234170,A3,2.270,-80.4,1.756,1.569
6234190,A1,2.380,-80.8,1.773,1.585
6234200,A2,1.890,-83.6,1.766,1.585
6234320,A3,2.270,-80.0,1.766,1.585
6234340,A1,2.380,-80.6,1.766,1.585
6234350,A2,1.890,-83.9,1.766,1.585
6234470,A3,2.290,-80.3,1.766,1.570
6234490,A1,2.370,-81.2,1.758,1.562
6234500,A2,1.890,-83.4,1.758,1.562
6234620,A3,2.250,-80.1,1.758,1.592
6234640,A1,2.370,-80.9,1.758,1.592
6234650,A2,1.900,-83.1,1.751,1.592
6234770,A3,2.260,-80.7,1.751,1.585
6234790,A1,2.360,-81.1,1.742,1.577
6234800,A2,1.900,-83.9,1.742,1.577
6234920,A3,2.280,-79.8,1.742,1.562
