timestamp_ms,anchor,distance_m,rxPower_dBm,x_calculated_m,y_calculated_m
2389850,A3,1.510,-82.0,0.924,2.080
2389870,A2,2.850,-82.1,0.965,2.080
2389880,A1,2.430,-81.8,0.991,2.104
2390000,A3,1.540,-81.8,0.991,2.089
2390020,A2,2.820,-81.9,1.022,2.089
2390030,A1,2.420,-81.9,1.013,2.081
2390150,A3,1.540,-81.6,1.013,2.081
2390170,A2,2.850,-82.4,0.982,2.081
2390180,A1,2.430,-81.3,0.991,2.089
2390300,A3,1.550,-81.6,0.991,2.084
2390320,A2,2.870,-81.9,0.971,2.084
2390330,A1,2.410,-81.5,0.953,2.068
2390450,A3,1.530,-82.1,0.953,2.078
2390470,A2,2.850,-82.2,0.974,2.078
2390480,A1,2.420,-81.5,0.982,2.086
2390600,A3,1.510,-81.2,0.982,2.096
2390620,A2,2.850,-81.9,0.982,2.096
2390630,A1,2.420,-81.7,0.982,2.096
2390750,A3,1.530,-82.0,0.982,2.086
2390770,A2,2.880,-81.9,0.952,2.086
2390780,A1,2.400,-81.7,0.934,2.070
2390900,A3,1.530,-81.9,0.934,2.070
2390920,A2,2.850,-82.1,0.965,2.070
2390930,A1,2.420,-81.7,0.982,2.086
2391050,A3,1.530,-81.4,0.982,2.086
2391070,A2,2.870,-81.9,0.962,2.086
2391080,A1,2.400,-81.7,0.945,2.070
2391200,A3,1.540,-82.2,0.945,2.065
2391220,A2,2.850,-81.9,0.965,2.065
2391230,A1,2.420,-82.1,0.982,2.081
2391350,A3,1.520,-82.4,0.982,2.091
2391370,A2,2.870,-82.4,0.962,2.091
2391380,A1,2.420,-81.7,0.962,2.091
2391500,A3,1.520,-82.3,0.962,2.091
2391520,A2,2.860,-82.4,0.972,2.091
2391530,A1,2.400,-81.5,0.955,2.075
2391650,A3,1.490,-82.4,0.955,2.090
2391680,A1,2.420,-81.7,0.972,2.106
2391950,A3,1.520,-81.2,0.972,2.091
2391970,A2,2.830,-81.8,1.003,2.091
2391980,A1,2.440,-81.6,1.020,2.107
2392100,A3,1.530,-82.3,1.020,2.102
2392120,A2,2.870,-81.9,0.979,2.102
2392130,A1,2.400,-82.4,0.945,2.070
2392250,A3,1.520,-82.4,0.945,2.075
2392270,A2,2.860,-82.0,0.955,2.075
2392280,A1,2.430,-81.6,0.981,2.099
2392400,A3,1.540,-81.8,0.981,2.089
2392420,A2,2.840,-82.3,1.001,2.089
2392430,A1,2.420,-82.0,0.993,2.081
2392550,A3,1.520,-81.9,0.993,2.091
2392570,A2,2.850,-82.0,0.982,2.091
2392580,A1,2.440,-82.0,1.000,2.107
2392700,A3,1.550,-81.4,1.000,2.092
2392720,A2,2.850,-88.7,1.000,2.092
2392730,A1,2.390,-82.3,0.956,2.052
2392850,A3,1.510,-82.4,0.956,2.072
2392870,A2,2.870,-81.8,0.936,2.072
2392880,A1,2.420,-82.5,0.962,2.096
2393000,A3,1.520,-82.0,0.962,2.091
2393020,A2,2.870,-81.5,0.962,2.091
2393030,A1,2.420,-82.0,0.962,2.091
2393150,A3,1.530,-82.8,0.962,2.086
2393170,A2,2.820,-82.0,1.013,2.086
2393180,A1,2.390,-82.2,0.987,2.062
2393300,A3,1.520,-83.2,0.987,2.067
2393320,A2,2.870,-81.9,0.936,2.067
2393330,A1,2.390,-82.0,0.936,2.067
2393450,A3,1.520,-83.2,0.936,2.067
2393470,A2,2.870,-81.6,0.936,2.067
2393480,A1,2.440,-82.0,0.979,2.107
2393600,A3,1.540,-82.1,0.979,2.097
2393620,A2,2.860,-82.1,0.990,2.097
2393630,A1,2.450,-82.1,0.998,2.105
2393750,A3,1.530,-81.9,0.998,2.110
2393770,A2,2.850,-82.6,1.009,2.110
2393780,A1,2.430,-82.4,0.991,2.094
2393900,A3,1.550,-82.5,0.991,2.084
2393920,A2,2.870,-82.5,0.971,2.084
2393930,A1,2.450,-82.0,0.988,2.100
2394050,A3,1.520,-82.1,0.988,2.115
2394070,A2,2.880,-90.1,0.978,2.115
2394080,A1,2.400,-82.0,0.934,2.075
2394200,A3,1.510,-82.1,0.934,2.080
2394220,A2,2.890,-82.4,0.924,2.080
2394230,A1,2.410,-81.9,0.932,2.088
2394350,A3,1.520,-81.6,0.932,2.083
2394370,A2,2.860,-81.9,0.963,2.083
2394380,A1,2.440,-82.1,0.990,2.107
2394500,A3,1.530,-83.5,0.990,2.102
2394520,A2,2.890,-81.8,0.959,2.102
2394530,A1,2.410,-82.5,0.932,2.078
2394650,A3,1.510,-81.8,0.932,2.088
2394670,A2,2.870,-82.2,0.953,2.088
2394680,A1,2.430,-82.4,0.971,2.104
2394800,A3,1.560,-81.9,0.971,2.079
2394820,A2,2.890,-81.9,0.950,2.079
2394830,A1,2.420,-82.6,0.941,2.070
2395100,A3,1.530,-81.9,0.941,2.086
2395120,A2,2.870,-81.5,0.962,2.086
2395130,A1,2.420,-81.9,0.962,2.086
2395250,A3,1.550,-82.1,0.962,2.076
2395270,A2,2.860,-82.3,0.972,2.076
2395280,A1,2.390,-81.8,0.946,2.052
2395400,A3,1.560,-81.3,0.946,2.046
2395420,A2,2.860,-82.5,0.946,2.046
2395430,A1,2.430,-81.9,0.981,2.079
2395550,A3,1.520,-82.0,0.981,2.099
2395570,A2,2.870,-86.3,0.971,2.099
2395580,A1,2.420,-82.1,0.962,2.091
2395700,A3,1.550,-81.3,0.962,2.076
2395720,A2,2.840,-82.1,0.993,2.076
2395730,A1,2.410,-82.3,0.984,2.068
2395850,A3,1.520,-81.1,0.984,2.083
2395870,A2,2.880,-82.0,0.943,2.083
2395880,A1,2.400,-82.5,0.934,2.075
2396000,A3,1.530,-81.4,0.934,2.070
2396020,A2,2.830,-82.0,0.986,2.070
2396030,A1,2.410,-82.0,0.994,2.078
2396150,A3,1.540,-80.8,0.994,2.073
2396170,A2,2.850,-82.3,0.974,2.073
2396180,A1,2.410,-82.6,0.974,2.073
2396300,A3,1.530,-81.8,0.974,2.078
2396320,A2,2.830,-82.3,0.994,2.078
2396330,A1,2.390,-82.8,0.977,2.062
2396450,A3,1.540,-81.5,0.977,2.057
2396470,A2,2.850,-81.8,0.956,2.057
2396480,A1,2.390,-82.8,0.956,2.057
2396600,A3,1.550,-81.9,0.956,2.052
2396620,A2,2.880,-82.7,0.926,2.052
2396630,A1,2.420,-81.8,0.952,2.076
2396750,A3,1.550,-82.2,0.952,2.076
2396770,A2,2.880,-82.6,0.952,2.076
2396780,A1,2.450,-81.8,0.978,2.100
2396900,A3,1.550,-82.0,0.978,2.100
2396920,A2,2.860,-82.3,0.998,2.100
2396930,A1,2.420,-81.6,0.972,2.076
2397200,A3,1.570,-81.1,0.972,2.065
2397220,A2,2.850,-81.3,0.982,2.065
2397230,A1,2.400,-82.3,0.965,2.049
2397350,A3,1.550,-80.8,0.965,2.060
2397370,A2,2.890,-82.0,0.924,2.060
2397380,A1,2.400,-82.5,0.924,2.060
2397500,A3,1.550,-80.8,0.924,2.060
2397520,A2,2.860,-81.4,0.955,2.060
2397530,A1,2.380,-82.9,0.938,2.044
2397650,A3,1.560,-81.7,0.938,2.038
2397670,A2,2.860,-81.6,0.938,2.038
2397680,A1,2.370,-82.8,0.929,2.031
2397800,A3,1.570,-81.7,0.929,2.025
2397820,A2,2.870,-82.2,0.919,2.025
2397830,A1,2.390,-83.4,0.936,2.041
2397950,A3,1.540,-82.6,0.936,2.057
2397970,A2,2.850,-81.8,0.956,2.057
2397980,A1,2.390,-83.1,0.956,2.057
2398250,A3,1.570,-80.9,0.956,2.041
2398270,A2,2.860,-81.8,0.946,2.041
2398280,A1,2.420,-82.6,0.972,2.065
2398400,A3,1.520,-81.1,0.972,2.091
2398420,A2,2.840,-82.1,0.993,2.091
2398430,A1,2.390,-82.8,0.967,2.067
2398550,A3,1.580,-81.5,0.967,2.036
2398570,A2,2.860,-82.2,0.946,2.036
2398580,A1,2.380,-82.6,0.938,2.028
2398700,A3,1.520,-81.8,0.938,2.059
2398720,A2,2.860,-81.9,0.938,2.059
2398730,A1,2.410,-82.8,0.963,2.083
2398850,A3,1.570,-81.7,0.963,2.057
2398870,A2,2.840,-82.2,0.984,2.057
2398880,A1,2.400,-82.7,0.975,2.049
2399000,A3,1.540,-81.7,0.975,2.065
2399020,A2,2.870,-81.7,0.945,2.065
2399030,A1,2.430,-81.8,0.971,2.089
2399150,A3,1.520,-82.3,0.971,2.099
2399170,A2,2.830,-81.5,1.012,2.099
2399180,A1,2.410,-81.8,0.994,2.083
2399300,A3,1.520,-82.2,0.994,2.083
2399320,A2,2.850,-81.8,0.974,2.083
2399330,A1,2.400,-81.8,0.965,2.075
2399450,A3,1.570,-81.9,0.965,2.049
2399470,A2,2.880,-81.6,0.934,2.049
2399480,A1,2.410,-81.6,0.943,2.057
2399600,A3,1.540,-81.3,0.943,2.073
2399620,A2,2.860,-82.0,0.963,2.073
2399630,A1,2.410,-82.1,0.963,2.073
2399750,A3,1.520,-81.2,0.963,2.083
2399770,A2,2.880,-82.2,0.943,2.083
2399780,A1,2.420,-82.0,0.952,2.091
2399900,A3,1.520,-81.2,0.952,2.091
2399920,A2,2.850,-82.0,0.982,2.091
2399930,A1,2.430,-81.8,0.991,2.099
2400050,A3,1.540,-81.8,0.991,2.089
2400070,A2,2.860,-82.4,0.981,2.089
2400080,A1,2.410,-82.6,0.963,2.073
2400200,A3,1.570,-81.2,0.963,2.057
2400220,A2,2.860,-82.1,0.963,2.057
2400230,A1,2.410,-82.1,0.963,2.057
2400350,A3,1.540,-81.0,0.963,2.073
2400370,A2,2.860,-82.2,0.963,2.073
2400380,A1,2.420,-82.4,0.972,2.081
2400500,A3,1.530,-81.9,0.972,2.086
2400520,A2,2.870,-82.3,0.962,2.086
2400530,A1,2.400,-82.4,0.945,2.070
2400650,A3,1.550,-81.5,0.945,2.060
2400670,A2,2.830,-81.7,0.986,2.060
2400680,A1,2.390,-82.8,0.977,2.052
2400800,A3,1.530,-81.4,0.977,2.062
2400820,A2,2.840,-81.8,0.967,2.062
2400830,A1,2.400,-82.9,0.975,2.070
2400950,A3,1.530,-81.7,0.975,2.070
2400970,A2,2.830,-81.6,0.986,2.070
2400980,A1,2.420,-82.1,1.003,2.086
2401100,A3,1.560,-81.9,1.003,2.070
2401120,A2,2.840,-81.8,0.993,2.070
2401130,A1,2.420,-82.4,0.993,2.070
2401400,A3,1.540,-81.6,0.993,2.081
2401420,A2,2.860,-81.5,0.972,2.081
2401430,A1,2.430,-82.4,0.981,2.089
2401550,A3,1.520,-81.8,0.981,2.099
2401570,A2,2.840,-81.6,1.001,2.099
2401580,A1,2.400,-82.4,0.975,2.075
2401700,A3,1.570,-81.5,0.975,2.049
2401720,A2,2.840,-82.0,0.975,2.049
2402000,A3,1.540,-81.5,0.975,2.065
2402020,A2,2.870,-81.6,0.945,2.065
2402030,A1,2.380,-82.4,0.927,2.049
2402150,A3,1.540,-81.3,0.927,2.049
2402170,A2,2.850,-81.9,0.948,2.049
2402180,A1,2.380,-82.2,0.948,2.049
2402300,A3,1.540,-81.6,0.948,2.049
2402320,A2,2.860,-81.3,0.938,2.049
2402330,A1,2.430,-82.4,0.981,2.089
2402450,A3,1.530,-81.5,0.981,2.094
2402470,A2,2.840,-81.4,1.001,2.094
2402480,A1,2.400,-82.8,0.975,2.070
2402600,A3,1.530,-81.2,0.975,2.070
2402620,A2,2.830,-81.6,0.986,2.070
2402630,A1,2.410,-82.6,0.994,2.078
2402750,A3,1.530,-81.6,0.994,2.078
2402770,A2,2.870,-81.4,0.953,2.078
2402780,A1,2.420,-82.2,0.962,2.086
2402900,A3,1.550,-81.6,0.962,2.076
2402920,A2,2.820,-81.4,1.013,2.076
2402930,A1,2.410,-82.3,1.004,2.068
2403050,A3,1.530,-81.5,1.004,2.078
2403070,A2,2.870,-81.4,0.953,2.078
2403080,A1,2.410,-82.3,0.953,2.078
2403200,A3,1.540,-81.2,0.953,2.073
2403220,A2,2.850,-82.0,0.974,2.073
2403230,A1,2.400,-82.2,0.965,2.065
2403350,A3,1.540,-81.9,0.965,2.065
2403370,A2,2.830,-82.1,0.986,2.065
2403380,A1,2.410,-82.3,0.994,2.073
2403500,A3,1.530,-81.1,0.994,2.078
2403520,A2,2.830,-82.0,0.994,2.078
2403530,A1,2.410,-82.6,0.994,2.078
2403650,A3,1.490,-81.4,0.994,2.098
2403670,A2,2.830,-82.2,0.994,2.098
2403680,A1,2.410,-82.9,0.994,2.098
2403800,A3,1.560,-81.5,0.994,2.062
2403820,A2,2.850,-81.5,0.974,2.062
2403830,A1,2.410,-82.5,0.974,2.062
2403950,A3,1.530,-81.7,0.974,2.078
2403970,A2,2.830,-81.9,0.994,2.078
2403980,A1,2.410,-82.2,0.994,2.078
2404100,A3,1.560,-82.2,0.994,2.062
2404120,A2,2.840,-81.4,0.984,2.062
2404130,A1,2.410,-82.6,0.984,2.062
2404250,A3,1.540,-81.6,0.984,2.073
2404270,A2,2.820,-82.0,1.004,2.073
2404280,A1,2.410,-82.1,1.004,2.073
2404550,A3,1.530,-81.2,1.004,2.078
2404570,A2,2.820,-81.8,1.004,2.078
2404580,A1,2.400,-82.5,0.996,2.070
2404700,A3,1.540,-81.8,0.996,2.065
2404720,A2,2.830,-81.7,0.986,2.065
2404730,A1,2.430,-82.7,1.012,2.089
2404850,A3,1.540,-81.3,1.012,2.089
2404870,A2,2.850,-81.9,0.991,2.089
2404880,A1,2.420,-82.7,0.982,2.081
2405000,A3,1.540,-81.5,0.982,2.081
2405020,A2,2.850,-81.4,0.982,2.081
2405030,A1,2.400,-82.1,0.965,2.065
2405150,A3,1.530,-81.8,0.965,2.070
2405170,A2,2.830,-81.8,0.986,2.070
2405180,A1,2.410,-82.0,0.994,2.078
2405300,A3,1.560,-81.7,0.994,2.062
2405320,A2,2.840,-81.6,0.984,2.062
2405330,A1,2.380,-82.2,0.958,2.038
2405450,A3,1.540,-81.5,0.958,2.049
2405470,A2,2.850,-81.7,0.948,2.049
2405480,A1,2.390,-82.7,0.956,2.057
2405600,A3,1.550,-81.4,0.956,2.052
2405620,A2,2.850,-81.8,0.956,2.052
2405630,A1,2.420,-82.9,0.982,2.076
2405750,A3,1.530,-81.6,0.982,2.086
2405770,A2,2.850,-81.9,0.982,2.086
2405780,A1,2.410,-82.5,0.974,2.078
2405900,A3,1.550,-81.8,0.974,2.068
2405920,A2,2.810,-82.0,1.014,2.068
2405930,A1,2.420,-82.3,1.023,2.076
2406050,A3,1.540,-81.2,1.023,2.081
2406070,A2,2.840,-81.8,0.993,2.081
2406080,A1,2.400,-82.3,0.975,2.065
2406200,A3,1.550,-81.1,0.975,2.060
2406220,A2,2.810,-81.9,1.006,2.060
2406230,A1,2.420,-82.4,1.023,2.076
2406350,A3,1.540,-81.4,1.023,2.081
2406370,A2,2.860,-82.2,0.972,2.081
2406380,A1,2.420,-82.7,0.972,2.081
2406500,A3,1.520,-81.7,0.972,2.091
2406520,A2,2.850,-81.4,0.982,2.091
2406530,A1,2.390,-81.9,0.956,2.067
2406650,A3,1.540,-81.8,0.956,2.057
2406670,A2,2.840,-82.0,0.967,2.057
2406680,A1,2.430,-82.8,1.001,2.089
2406800,A3,1.540,-80.8,1.001,2.089
2406820,A2,2.880,-82.1,0.960,2.089
2406830,A1,2.420,-82.5,0.952,2.081
2406950,A3,1.540,-81.3,0.952,2.081
2406970,A2,2.860,-81.6,0.972,2.081
2406980,A1,2.410,-82.8,0.963,2.073
2407100,A3,1.520,-81.6,0.963,2.083
2407120,A2,2.840,-81.3,0.984,2.083
2407130,A1,2.410,-82.8,0.984,2.083
2407250,A3,1.550,-81.9,0.984,2.068
2407270,A2,2.850,-81.5,0.974,2.068
2407280,A1,2.410,-82.1,0.974,2.068
2407400,A3,1.530,-81.2,0.974,2.078
2407420,A2,2.860,-82.0,0.963,2.078
2407430,A1,2.390,-81.9,0.946,2.062
2407700,A3,1.560,-81.3,0.946,2.046
2407720,A2,2.850,-81.6,0.956,2.046
2407730,A1,2.390,-82.7,0.956,2.046
2407850,A3,1.570,-81.5,0.956,2.041
2407870,A2,2.860,-81.7,0.946,2.041
2407880,A1,2.440,-81.9,0.990,2.081
2408000,A3,1.540,-81.4,0.990,2.097
2408020,A2,2.880,-81.6,0.969,2.097
2408030,A1,2.420,-81.8,0.952,2.081
2408150,A3,1.560,-81.6,0.952,2.070
2408170,A2,2.840,-82.5,0.993,2.070
2408180,A1,2.430,-82.0,1.001,2.079
2408300,A3,1.540,-81.6,1.001,2.089
2408320,A2,2.850,-82.2,0.991,2.089
2408330,A1,2.430,-81.6,0.991,2.089
2408450,A3,1.540,-81.0,0.991,2.089
2408470,A2,2.870,-81.8,0.971,2.089
2408480,A1,2.420,-82.1,0.962,2.081
2408600,A3,1.540,-80.9,0.962,2.081
2408620,A2,2.850,-81.6,0.982,2.081
2408630,A1,2.430,-82.1,0.991,2.089
2408750,A3,1.540,-81.9,0.991,2.089
2408770,A2,2.840,-81.8,1.001,2.089
2408780,A1,2.430,-81.9,1.001,2.089
2408900,A3,1.520,-81.5,1.001,2.099
2408920,A2,2.840,-81.8,1.001,2.099
2408930,A1,2.430,-81.4,1.001,2.099
2409050,A3,1.550,-81.0,1.001,2.084
2409070,A2,2.860,-82.2,0.981,2.084
2409080,A1,2.450,-81.4,0.998,2.100
2409200,A3,1.550,-81.7,0.998,2.100
2409220,A2,2.860,-82.2,0.998,2.100
2409230,A1,2.450,-81.4,0.998,2.100
2409350,A3,1.530,-81.6,0.998,2.110
2409370,A2,2.870,-81.9,0.988,2.110
2409380,A1,2.440,-81.5,0.979,2.102
2409500,A3,1.560,-81.6,0.979,2.087
2409520,A2,2.860,-81.8,0.990,2.087
2409530,A1,2.440,-81.4,0.990,2.087
2409650,A3,1.520,-81.5,0.990,2.107
2409670,A2,2.840,-81.8,1.010,2.107
2409680,A1,2.450,-81.1,1.019,2.115
2409800,A3,1.560,-81.3,1.019,2.095
2409820,A2,2.830,-81.6,1.029,2.095
2409830,A1,2.450,-81.7,1.029,2.095
2409950,A3,1.560,-81.6,1.029,2.095
2409970,A2,2.830,-81.9,1.029,2.095
2409980,A1,2.470,-81.6,1.047,2.111
2410100,A3,1.530,-80.6,1.047,2.127
2410120,A2,2.850,-81.7,1.026,2.127
2410130,A1,2.470,-81.4,1.026,2.127
2410250,A3,1.540,-81.0,1.026,2.122
2410270,A2,2.850,-82.1,1.026,2.122
2410280,A1,2.440,-81.6,1.000,2.097
2410400,A3,1.540,-81.6,1.000,2.097
2410420,A2,2.840,-82.3,1.010,2.097
2410430,A1,2.460,-81.6,1.028,2.113
2410550,A3,1.540,-81.4,1.028,2.113
2410570,A2,2.860,-82.3,1.007,2.113
2410580,A1,2.430,-81.5,0.981,2.089
2410850,A3,1.520,-81.4,0.981,2.099
2410870,A2,2.860,-81.8,0.981,2.099
2410880,A1,2.420,-81.6,0.972,2.091
2411000,A3,1.530,-81.3,0.972,2.086
2411020,A2,2.870,-82.2,0.962,2.086
2411030,A1,2.420,-82.1,0.962,2.086
2411150,A3,1.550,-81.1,0.962,2.076
2411170,A2,2.830,-82.2,1.003,2.076
2411180,A1,2.460,-82.0,1.038,2.108
2411300,A3,1.540,-81.6,1.038,2.113
2411320,A2,2.870,-82.1,0.997,2.113
2411330,A1,2.440,-81.8,0.979,2.097
2411450,A3,1.540,-81.5,0.979,2.097
2411470,A2,2.820,-81.9,1.031,2.097
2411480,A1,2.450,-81.7,1.039,2.105
2411600,A3,1.540,-82.2,1.039,2.105
2411620,A2,2.850,-82.4,1.009,2.105
2411630,A1,2.410,-82.7,0.974,2.073
2411750,A3,1.520,-82.0,0.974,2.083
2411770,A2,2.850,-81.8,0.974,2.083
2412050,A3,1.550,-81.7,0.974,2.068
2412070,A2,2.840,-81.7,0.984,2.068
2412080,A1,2.410,-82.3,0.984,2.068
2412200,A3,1.550,-81.1,0.984,2.068
2412220,A2,2.860,-82.1,0.963,2.068
2412230,A1,2.440,-81.8,0.990,2.092
2412350,A3,1.540,-81.5,0.990,2.097
2412370,A2,2.840,-82.1,1.010,2.097
2412380,A1,2.420,-82.2,0.993,2.081
2412500,A3,1.530,-81.1,0.993,2.086
2412520,A2,2.870,-81.7,0.962,2.086
2412530,A1,2.430,-82.3,0.971,2.094
2412650,A3,1.570,-81.5,0.971,2.073
2412670,A2,2.830,-81.8,1.012,2.073
2412680,A1,2.420,-82.0,1.003,2.065
2412800,A3,1.540,-81.4,1.003,2.081
2412820,A2,2.850,-82.3,0.982,2.081
2412830,A1,2.430,-82.2,0.991,2.089
2412950,A3,1.520,-81.8,0.991,2.099
2412970,A2,2.860,-82.2,0.981,2.099
2412980,A1,2.410,-81.9,0.963,2.083
2413100,A3,1.530,-81.7,0.963,2.078
2413120,A2,2.840,-82.1,0.984,2.078
2413130,A1,2.390,-82.2,0.967,2.062
2413250,A3,1.550,-81.3,0.967,2.052
2413280,A1,2.410,-82.4,0.984,2.068
2413430,A1,2.420,-82.4,0.993,2.076
2413550,A3,1.520,-81.4,0.993,2.091
2413570,A2,2.860,-81.8,0.972,2.091
2413580,A1,2.450,-81.8,0.998,2.115
2413700,A3,1.530,-81.1,0.998,2.110
2413720,A2,2.870,-82.1,0.988,2.110
2413730,A1,2.420,-82.1,0.962,2.086
2414020,A2,2.850,-82.0,0.982,2.086
2414030,A1,2.420,-82.3,0.982,2.086
2414170,A2,2.860,-81.8,0.972,2.086
2414180,A1,2.430,-82.2,0.981,2.094
2414300,A3,1.540,-81.5,0.981,2.089
2414320,A2,2.850,-82.4,0.991,2.089
2414600,A3,1.530,-80.8,0.991,2.094
2414620,A2,2.840,-82.0,1.001,2.094
2414630,A1,2.430,-82.4,1.001,2.094
2414750,A3,1.550,-81.2,1.001,2.084
2414770,A2,2.830,-82.0,1.012,2.084
2414780,A1,2.440,-82.2,1.020,2.092
2414900,A3,1.500,-80.7,1.020,2.117
2414920,A2,2.830,-82.0,1.020,2.117
2414930,A1,2.430,-82.4,1.012,2.109
2415050,A3,1.540,-81.5,1.012,2.089
2415070,A2,2.820,-81.8,1.022,2.089
2415080,A1,2.410,-82.9,1.004,2.073
2415200,A3,1.560,-81.2,1.004,2.062
2415220,A2,2.870,-82.2,0.953,2.062
2415230,A1,2.410,-82.6,0.953,2.062
2415350,A3,1.570,-80.9,0.953,2.057
2415370,A2,2.860,-82.3,0.963,2.057
2415380,A1,2.420,-82.7,0.972,2.065
2415500,A3,1.550,-80.6,0.972,2.076
2415520,A2,2.840,-82.3,0.993,2.076
2415530,A1,2.410,-83.2,0.984,2.068
2415650,A3,1.540,-80.7,0.984,2.073
2415670,A2,2.820,-82.0,1.004,2.073
2415680,A1,2.420,-82.5,1.013,2.081
2415800,A3,1.570,-81.2,1.013,2.065
2415820,A2,2.840,-82.1,0.993,2.065
2415830,A1,2.440,-82.1,1.010,2.081
2415950,A3,1.570,-81.9,1.010,2.081
2415970,A2,2.830,-81.9,1.020,2.081
2415980,A1,2.430,-81.4,1.012,2.073
2416100,A3,1.530,-81.7,1.012,2.094
2416120,A2,2.850,-82.1,0.991,2.094
2416130,A1,2.440,-81.7,1.000,2.102
2416250,A3,1.530,-81.1,1.000,2.102
2416270,A2,2.820,-81.6,1.031,2.102
2416280,A1,2.430,-81.9,1.022,2.094
2416400,A3,1.550,-81.0,1.022,2.084
2416420,A2,2.830,-82.0,1.012,2.084
2416430,A1,2.440,-81.7,1.020,2.092
2416550,A3,1.550,-81.2,1.020,2.092
2416570,A2,2.840,-82.0,1.010,2.092
2416580,A1,2.470,-81.5,1.037,2.116
2416700,A3,1.540,-81.7,1.037,2.122
2416720,A2,2.830,-82.1,1.047,2.122
2416730,A1,2.440,-81.9,1.020,2.097
2416850,A3,1.520,-81.6,1.020,2.107
2416870,A2,2.840,-81.9,1.010,2.107
2416880,A1,2.430,-82.2,1.001,2.099
2417150,A3,1.540,-81.6,1.001,2.089
2417170,A2,2.830,-82.1,1.012,2.089
2417180,A1,2.410,-82.7,0.994,2.073
2417300,A3,1.540,-81.3,0.994,2.073
2417320,A2,2.830,-82.1,0.994,2.073
2417330,A1,2.390,-82.3,0.977,2.057
2417450,A3,1.540,-80.9,0.977,2.057
2417470,A2,2.850,-82.2,0.956,2.057
2417480,A1,2.420,-82.4,0.982,2.081
2417600,A3,1.540,-81.1,0.982,2.081
2417620,A2,2.840,-82.0,0.993,2.081
2417630,A1,2.410,-82.7,0.984,2.073
2417750,A3,1.550,-81.7,0.984,2.068
2417770,A2,2.840,-82.0,0.984,2.068
2417780,A1,2.420,-82.8,0.993,2.076
2417900,A3,1.510,-81.3,0.993,2.096
2417920,A2,2.820,-82.0,1.013,2.096
2417930,A1,2.440,-82.2,1.031,2.112
2418050,A3,1.540,-81.3,1.031,2.097
2418070,A2,2.840,-81.9,1.010,2.097
2418080,A1,2.420,-82.2,0.993,2.081
2418200,A3,1.560,-81.5,0.993,2.070
2418220,A2,2.840,-81.9,0.993,2.070
2418230,A1,2.420,-82.2,0.993,2.070
2418350,A3,1.540,-81.2,0.993,2.081
2418370,A2,2.850,-81.5,0.982,2.081
2418380,A1,2.430,-82.2,0.991,2.089
2418500,A3,1.520,-81.2,0.991,2.099
2418520,A2,2.840,-82.1,1.001,2.099
2418530,A1,2.430,-81.8,1.001,2.099
2418650,A3,1.550,-81.0,1.001,2.084
2418670,A2,2.860,-82.2,0.981,2.084
2418680,A1,2.410,-82.5,0.963,2.068
2418800,A3,1.540,-81.5,0.963,2.073
2418820,A2,2.840,-82.1,0.984,2.073
2418830,A1,2.440,-82.4,1.010,2.097
2418950,A3,1.540,-81.4,1.010,2.097
2418970,A2,2.850,-82.0,1.000,2.097
2418980,A1,2.410,-82.6,0.974,2.073
2419100,A3,1.530,-81.5,0.974,2.078
2419120,A2,2.860,-82.3,0.963,2.078
2419130,A1,2.410,-82.4,0.963,2.078
2419250,A3,1.540,-81.3,0.963,2.073
2419270,A2,2.840,-81.9,0.984,2.073
2419280,A1,2.430,-82.6,1.001,2.089
2419400,A3,1.550,-81.7,1.001,2.084
2419420,A2,2.840,-82.0,1.001,2.084
2419430,A1,2.430,-82.2,1.001,2.084
2419550,A3,1.540,-81.8,1.001,2.089
2419570,A2,2.880,-82.1,0.960,2.089
2419850,A3,1.550,-81.2,0.960,2.084
2419870,A2,2.850,-82.1,0.991,2.084
2419880,A1,2.410,-83.2,0.974,2.068
2420300,A3,1.540,-81.1,0.974,2.073
2420320,A2,2.850,-81.9,0.974,2.073
2420330,A1,2.400,-83.1,0.965,2.065
2420450,A3,1.550,-81.3,0.965,2.060
2420470,A2,2.840,-82.2,0.975,2.060
2420480,A1,2.420,-82.8,0.993,2.076
2420600,A3,1.530,-81.2,0.993,2.086
2420620,A2,2.840,-81.8,0.993,2.086
2420630,A1,2.420,-82.9,0.993,2.086
2420750,A3,1.520,-81.3,0.993,2.091
2420770,A2,2.870,-82.2,0.962,2.091
2420780,A1,2.400,-82.6,0.945,2.075
2420900,A3,1.520,-81.5,0.945,2.075
2420920,A2,2.860,-81.9,0.955,2.075
2420930,A1,2.440,-82.2,0.990,2.107
2421050,A3,1.550,-81.3,0.990,2.092
2421070,A2,2.830,-82.2,1.020,2.092
2421080,A1,2.420,-82.4,1.003,2.076
2421200,A3,1.550,-81.6,1.003,2.076
2421220,A2,2.820,-82.0,1.013,2.076
2421230,A1,2.450,-82.3,1.039,2.100
2421350,A3,1.500,-82.0,1.039,2.125
2421370,A2,2.830,-81.7,1.029,2.125
2421380,A1,2.410,-82.7,0.994,2.093
2421500,A3,1.520,-82.2,0.994,2.083
2421520,A2,2.830,-81.7,0.994,2.083
2421530,A1,2.390,-82.0,0.977,2.067
2421650,A3,1.520,-81.8,0.977,2.067
2421670,A2,2.870,-81.8,0.936,2.067
2421680,A1,2.440,-82.5,0.979,2.107
2421800,A3,1.540,-82.1,0.979,2.097
2421820,A2,2.880,-81.9,0.969,2.097
2421830,A1,2.440,-82.4,0.969,2.097
2421950,A3,1.530,-81.6,0.969,2.102
2421970,A2,2.850,-81.6,1.000,2.102
2421980,A1,2.440,-82.1,1.000,2.102
2422100,A3,1.530,-82.3,1.000,2.102
2422120,A2,2.870,-81.8,0.979,2.102
2422130,A1,2.430,-82.4,0.971,2.094
2422250,A3,1.520,-83.5,0.971,2.099
2422270,A2,2.840,-82.0,1.001,2.099
2422280,A1,2.410,-83.4,0.984,2.083
2422400,A3,1.530,-82.0,0.984,2.078
2422420,A2,2.870,-81.8,0.953,2.078
2422430,A1,2.420,-82.8,0.962,2.086
2422550,A3,1.540,-81.9,0.962,2.081
2422570,A2,2.860,-81.6,0.972,2.081
2422580,A1,2.390,-82.8,0.946,2.057
2422700,A3,1.540,-82.3,0.946,2.057
2422720,A2,2.860,-81.6,0.946,2.057
2422730,A1,2.400,-82.3,0.955,2.065
2422850,A3,1.530,-82.3,0.955,2.070
2422870,A2,2.870,-81.7,0.945,2.070
2422880,A1,2.410,-82.7,0.953,2.078
2423000,A3,1.520,-82.1,0.953,2.083
2423020,A2,2.840,-81.4,0.984,2.083
2423030,A1,2.430,-82.5,1.001,2.099
2423150,A3,1.520,-81.9,1.001,2.099
2423170,A2,2.860,-81.9,0.981,2.099
2423180,A1,2.420,-82.5,0.972,2.091
2423450,A3,1.550,-82.0,0.972,2.076
2423470,A2,2.870,-81.8,0.962,2.076
2423750,A3,1.540,-81.6,0.962,2.081
2423770,A2,2.840,-81.9,0.993,2.081
2423780,A1,2.440,-82.5,1.010,2.097
2423900,A3,1.540,-81.8,1.010,2.097
2423920,A2,2.870,-81.8,0.979,2.097
2423930,A1,2.430,-82.4,0.971,2.089
2424050,A3,1.540,-81.7,0.971,2.089
2424070,A2,2.860,-81.9,0.981,2.089
2424080,A1,2.410,-82.9,0.963,2.073
2424200,A3,1.510,-82.0,0.963,2.088
2424220,A2,2.830,-81.6,0.994,2.088
2424230,A1,2.420,-82.9,1.003,2.096
2424350,A3,1.520,-81.4,1.003,2.091
2424380,A1,2.390,-82.4,0.977,2.067
2424530,A1,2.420,-82.4,1.003,2.091
2424650,A3,1.550,-81.6,1.003,2.076
2424670,A2,2.860,-81.9,0.972,2.076
2424680,A1,2.420,-82.7,0.972,2.076
2424800,A3,1.560,-81.5,0.972,2.070
2424820,A2,2.830,-82.3,1.003,2.070
2424830,A1,2.410,-82.9,0.994,2.062
2424950,A3,1.540,-82.0,0.994,2.073
2424970,A2,2.830,-81.8,0.994,2.073
2424980,A1,2.420,-82.4,1.003,2.081
2425100,A3,1.520,-81.4,1.003,2.091
2425120,A2,2.850,-81.9,0.982,2.091
2425130,A1,2.420,-82.0,0.982,2.091
2425250,A3,1.530,-81.8,0.982,2.086
2425270,A2,2.870,-81.7,0.962,2.086
2425280,A1,2.440,-81.8,0.979,2.102
2425400,A3,1.520,-81.8,0.979,2.107
2425420,A2,2.870,-81.8,0.979,2.107
2425430,A1,2.440,-81.9,0.979,2.107
2425550,A3,1.550,-81.8,0.979,2.092
2425570,A2,2.860,-82.2,0.990,2.092
2425580,A1,2.440,-81.6,0.990,2.092
2425700,A3,1.560,-82.2,0.990,2.087
2425720,A2,2.870,-81.9,0.979,2.087
2425730,A1,2.440,-81.8,0.979,2.087
2425850,A3,1.550,-81.7,0.979,2.092
2425870,A2,2.860,-82.0,0.990,2.092
2425880,A1,2.440,-81.6,0.990,2.092
2426000,A3,1.510,-81.5,0.990,2.112
2426020,A2,2.870,-82.0,0.979,2.112
2426030,A1,2.440,-81.6,0.979,2.112
2426150,A3,1.540,-81.7,0.979,2.097
2426170,A2,2.840,-81.6,1.010,2.097
2426180,A1,2.430,-81.6,1.001,2.089
2426300,A3,1.540,-82.0,1.001,2.089
2426320,A2,2.840,-81.9,1.001,2.089
2426330,A1,2.420,-81.7,0.993,2.081
2426600,A3,1.520,-81.4,0.993,2.091
2426620,A2,2.860,-81.8,0.972,2.091
2426630,A1,2.430,-81.8,0.981,2.099
2426750,A3,1.520,-81.1,0.981,2.099
2426770,A2,2.860,-82.2,0.981,2.099
2426780,A1,2.440,-81.5,0.990,2.107
2426900,A3,1.540,-81.4,0.990,2.097
2426920,A2,2.850,-81.7,1.000,2.097
2426930,A1,2.450,-81.8,1.009,2.105
2427050,A3,1.550,-81.9,1.009,2.100
2427070,A2,2.860,-82.0,0.998,2.100
2427080,A1,2.430,-82.0,0.981,2.084
2427200,A3,1.530,-81.2,0.981,2.094
2427220,A2,2.840,-81.8,1.001,2.094
2427230,A1,2.430,-82.1,1.001,2.094
2427350,A3,1.530,-81.6,1.001,2.094
2427370,A2,2.860,-82.0,0.981,2.094
2427380,A1,2.440,-82.2,0.990,2.102
2427500,A3,1.530,-81.8,0.990,2.102
2427520,A2,2.840,-81.7,1.010,2.102
2427530,A1,2.440,-82.3,1.010,2.102
2427650,A3,1.540,-82.0,1.010,2.097
2427670,A2,2.850,-82.1,1.000,2.097
2427680,A1,2.430,-82.3,0.991,2.089
2427800,A3,1.510,-82.2,0.991,2.104
2427820,A2,2.840,-81.6,1.001,2.104
2427830,A1,2.420,-82.1,0.993,2.096
2427950,A3,1.530,-81.8,0.993,2.086
2427970,A2,2.840,-81.8,0.993,2.086
2427980,A1,2.440,-82.1,1.010,2.102
2428100,A3,1.520,-81.3,1.010,2.107
2428120,A2,2.850,-81.6,1.000,2.107
2428130,A1,2.430,-81.8,0.991,2.099
2428250,A3,1.560,-81.7,0.991,2.079
2428270,A2,2.860,-81.6,0.981,2.079
2428280,A1,2.460,-81.6,1.007,2.103
2428400,A3,1.550,-81.3,1.007,2.108
2428420,A2,2.850,-81.9,1.018,2.108
2428430,A1,2.430,-82.2,0.991,2.084
2428550,A3,1.530,-82.0,0.991,2.094
2428570,A2,2.860,-82.3,0.981,2.094
2428580,A1,2.440,-81.6,0.990,2.102
2428700,A3,1.520,-81.6,0.990,2.107
2428720,A2,2.840,-82.2,1.010,2.107
2428730,A1,2.450,-81.6,1.019,2.115
2428850,A3,1.540,-81.1,1.019,2.105
2428870,A2,2.850,-82.1,1.009,2.105
2428880,A1,2.450,-81.6,1.009,2.105
2429000,A3,1.550,-82.0,1.009,2.100
2429020,A2,2.850,-81.9,1.009,2.100
2429030,A1,2.430,-82.2,0.991,2.084
2429150,A3,1.540,-81.9,0.991,2.089
2429170,A2,2.840,-81.9,1.001,2.089
2429180,A1,2.440,-82.0,1.010,2.097
2429320,A2,2.860,-81.8,0.990,2.097
2429330,A1,2.450,-81.8,0.998,2.105
2429470,A2,2.880,-81.8,0.978,2.105
2429480,A1,2.410,-82.3,0.943,2.073
2429750,A3,1.520,-82.3,0.943,2.083
2429770,A2,2.830,-82.2,0.994,2.083
2429780,A1,2.440,-81.9,1.020,2.107
2429900,A3,1.540,-81.5,1.020,2.097
2429920,A2,2.870,-81.8,0.979,2.097
2429930,A1,2.430,-82.0,0.971,2.089
2430050,A3,1.520,-81.5,0.971,2.099
2430070,A2,2.860,-81.8,0.981,2.099
2430080,A1,2.430,-82.1,0.981,2.099
2430200,A3,1.530,-82.0,0.981,2.094
2430220,A2,2.860,-81.8,0.981,2.094
2430230,A1,2.430,-82.0,0.981,2.094
2430350,A3,1.530,-81.4,0.981,2.094
2430370,A2,2.840,-81.4,1.001,2.094
2430380,A1,2.450,-81.8,1.019,2.110
2430500,A3,1.550,-82.0,1.019,2.100
2430520,A2,2.860,-82.0,0.998,2.100
2430530,A1,2.430,-81.9,0.981,2.084
2430650,A3,1.510,-82.2,0.981,2.104
2430670,A2,2.870,-81.9,0.971,2.104
2430680,A1,2.400,-82.6,0.945,2.080
2430800,A3,1.520,-81.9,0.945,2.075
2430820,A2,2.820,-81.9,0.996,2.075
2430830,A1,2.410,-81.9,1.004,2.083
2430950,A3,1.530,-81.1,1.004,2.078
2430970,A2,2.850,-81.8,0.974,2.078
2430980,A1,2.430,-82.1,0.991,2.094
2431100,A3,1.570,-81.5,0.991,2.073
2431120,A2,2.850,-81.9,0.991,2.073
2431130,A1,2.440,-82.1,1.000,2.081
2431250,A3,1.560,-81.5,1.000,2.087
2431270,A2,2.820,-82.0,1.031,2.087
2431280,A1,2.440,-82.2,1.031,2.087
2431400,A3,1.520,-81.7,1.031,2.107
2431420,A2,2.850,-81.6,1.000,2.107
2431430,A1,2.420,-82.3,0.982,2.091
2431550,A3,1.540,-81.7,0.982,2.081
2431570,A2,2.870,-82.2,0.962,2.081
2431580,A1,2.430,-82.2,0.971,2.089
2431700,A3,1.560,-81.7,0.971,2.079
2431720,A2,2.850,-82.3,0.991,2.079
2431730,A1,2.400,-82.3,0.965,2.054
2431850,A3,1.540,-82.0,0.965,2.065
2431870,A2,2.840,-81.7,0.975,2.065
2431880,A1,2.430,-82.3,1.001,2.089
2432000,A3,1.520,-81.9,1.001,2.099
2432020,A2,2.850,-81.9,0.991,2.099
2432030,A1,2.440,-82.7,1.000,2.107
2432150,A3,1.530,-81.6,1.000,2.102
2432170,A2,2.870,-82.4,0.979,2.102
2432180,A1,2.410,-82.7,0.953,2.078
2432300,A3,1.510,-81.6,0.953,2.088
2432320,A2,2.830,-81.7,0.994,2.088
2432330,A1,2.430,-82.2,1.012,2.104
2432450,A3,1.520,-81.5,1.012,2.099
2432470,A2,2.860,-82.3,0.981,2.099
2432480,A1,2.430,-82.2,0.981,2.099
2432600,A3,1.530,-80.9,0.981,2.094
2432620,A2,2.840,-81.9,1.001,2.094
2432630,A1,2.420,-82.1,0.993,2.086
2432900,A3,1.540,-83.2,0.993,2.081
2432920,A2,2.840,-82.2,0.993,2.081
2432930,A1,2.420,-83.3,0.993,2.081
2433050,A3,1.530,-82.1,0.993,2.086
2433070,A2,2.830,-81.7,1.003,2.086
2433080,A1,2.440,-81.7,1.020,2.102
2433200,A3,1.520,-81.6,1.020,2.107
2433220,A2,2.850,-82.0,1.000,2.107
2433230,A1,2.440,-82.1,1.000,2.107
2433350,A3,1.540,-81.9,1.000,2.097
2433370,A2,2.900,-82.4,0.948,2.097
2433380,A1,2.430,-82.1,0.939,2.089
2433500,A3,1.540,-81.9,0.939,2.089
2433520,A2,2.850,-82.5,0.991,2.089
2433530,A1,2.440,-82.1,1.000,2.097
2433650,A3,1.520,-81.9,1.000,2.107
2433670,A2,2.890,-82.4,0.959,2.107
2433680,A1,2.410,-82.9,0.932,2.083
2433800,A3,1.510,-81.9,0.932,2.088
2433820,A2,2.850,-82.5,0.974,2.088
2433830,A1,2.420,-82.0,0.982,2.096
2433950,A3,1.510,-81.7,0.982,2.096
2433970,A2,2.840,-82.5,0.993,2.096
2434250,A3,1.540,-82.4,0.993,2.081
2434270,A2,2.860,-81.9,0.972,2.081
2434280,A1,2.420,-82.4,0.972,2.081
2434400,A3,1.530,-82.2,0.972,2.086
2434420,A2,2.830,-81.9,1.003,2.086
2434430,A1,2.400,-82.4,0.986,2.070
2434550,A3,1.500,-82.3,0.986,2.085
2434570,A2,2.830,-82.2,0.986,2.085
2434580,A1,2.430,-82.8,1.012,2.109
2434700,A3,1.500,-81.7,1.012,2.109
2434720,A2,2.880,-82.3,0.960,2.109
2434730,A1,2.420,-82.8,0.952,2.101
2434850,A3,1.530,-82.1,0.952,2.086
2434870,A2,2.840,-82.2,0.993,2.086
2434880,A1,2.420,-83.0,0.993,2.086
2435000,A3,1.530,-82.4,0.993,2.086
2435020,A2,2.850,-82.1,0.982,2.086
2435030,A1,2.440,-82.4,1.000,2.102
2435150,A3,1.520,-81.8,1.000,2.107
2435170,A2,2.830,-82.3,1.020,2.107
2435180,A1,2.420,-82.9,1.003,2.091
2435300,A3,1.530,-82.6,1.003,2.086
2435320,A2,2.850,-82.2,0.982,2.086
2435330,A1,2.420,-83.2,0.982,2.086
2435450,A3,1.510,-82.0,0.982,2.096
2435470,A2,2.840,-82.3,0.993,2.096
2435480,A1,2.430,-82.6,1.001,2.104
2435600,A3,1.530,-82.2,1.001,2.094
2435620,A2,2.850,-82.2,0.991,2.094
2435630,A1,2.430,-82.9,0.991,2.094
2435750,A3,1.520,-81.9,0.991,2.099
2435770,A2,2.860,-82.0,0.981,2.099
2435780,A1,2.400,-82.5,0.955,2.075
2436050,A3,1.500,-82.1,0.955,2.085
2436070,A2,2.840,-82.4,0.975,2.085
2436080,A1,2.410,-82.3,0.984,2.093
2436200,A3,1.540,-82.1,0.984,2.073
2436220,A2,2.850,-81.8,0.974,2.073
2436230,A1,2.420,-82.3,0.982,2.081
2436350,A3,1.540,-82.1,0.982,2.081
2436370,A2,2.820,-82.2,1.013,2.081
2436380,A1,2.420,-82.9,1.013,2.081
2436500,A3,1.520,-82.5,1.013,2.091
2436520,A2,2.840,-82.1,0.993,2.091
2436530,A1,2.440,-82.3,1.010,2.107
2436650,A3,1.520,-81.7,1.010,2.107
2436670,A2,2.830,-81.8,1.020,2.107
2436680,A1,2.390,-82.1,0.977,2.067
2436800,A3,1.520,-81.6,0.977,2.067
2436820,A2,2.840,-82.4,0.967,2.067
2436830,A1,2.410,-82.2,0.984,2.083
2436950,A3,1.520,-82.7,0.984,2.083
2436970,A2,2.850,-82.0,0.974,2.083
2436980,A1,2.410,-82.5,0.974,2.083
2437100,A3,1.510,-82.1,0.974,2.088
2437120,A2,2.840,-82.3,0.984,2.088
2437130,A1,2.440,-82.3,1.010,2.112
2437250,A3,1.540,-81.9,1.010,2.097
2437270,A2,2.820,-82.3,1.031,2.097
2437280,A1,2.410,-82.3,1.004,2.073
2437400,A3,1.530,-82.3,1.004,2.078
2437420,A2,2.850,-82.0,0.974,2.078
2437430,A1,2.410,-82.8,0.974,2.078
2437550,A3,1.510,-82.7,0.974,2.088
2437570,A2,2.830,-82.2,0.994,2.088
2437580,A1,2.420,-82.9,1.003,2.096
2437700,A3,1.500,-82.3,1.003,2.101
2437720,A2,2.850,-82.1,0.982,2.101
2437730,A1,2.440,-82.3,1.000,2.117
2437850,A3,1.550,-82.8,1.000,2.092
2437870,A2,2.840,-82.1,1.010,2.092
2437880,A1,2.420,-82.7,0.993,2.076
2438000,A3,1.520,-83.2,0.993,2.091
2438020,A2,2.860,-82.2,0.972,2.091
2438030,A1,2.430,-82.3,0.981,2.099
2438150,A3,1.490,-82.5,0.981,2.114
2438170,A2,2.860,-81.7,0.981,2.114
2438180,A1,2.430,-82.5,0.981,2.114
2438300,A3,1.530,-82.0,0.981,2.094
2438320,A2,2.830,-82.3,1.012,2.094
2438330,A1,2.420,-82.6,1.003,2.086
2438450,A3,1.540,-82.1,1.003,2.081
2438470,A2,2.860,-82.6,0.972,2.081
2438480,A1,2.420,-82.4,0.972,2.081
2438600,A3,1.540,-81.9,0.972,2.081
2438620,A2,2.910,-82.2,0.920,2.081
2438630,A1,2.440,-82.2,0.938,2.097
2438750,A3,1.540,-81.8,0.938,2.097
2438770,A2,2.850,-82.0,1.000,2.097
2438780,A1,2.450,-81.4,1.009,2.105
2438900,A3,1.550,-81.4,1.009,2.100
2438920,A2,2.820,-81.7,1.039,2.100
2438930,A1,2.470,-81.1,1.057,2.116
2439200,A3,1.530,-81.8,1.057,2.127
2439220,A2,2.860,-82.0,1.016,2.127
2439230,A1,2.440,-82.1,0.990,2.102
2439350,A3,1.560,-81.8,0.990,2.087
2439370,A2,2.870,-82.1,0.979,2.087
2439380,A1,2.420,-82.2,0.962,2.070
2439500,A3,1.520,-81.9,0.962,2.091
2439520,A2,2.870,-82.4,0.962,2.091
2439530,A1,2.400,-82.4,0.945,2.075
2439650,A3,1.520,-81.7,0.945,2.075
2439670,A2,2.850,-82.1,0.965,2.075
2439680,A1,2.410,-82.2,0.974,2.083
2439800,A3,1.560,-81.2,0.974,2.062
2439820,A2,2.850,-82.3,0.974,2.062
2439830,A1,2.420,-83.0,0.982,2.070
2439950,A3,1.540,-80.8,0.982,2.081
2439970,A2,2.830,-82.2,1.003,2.081
2439980,A1,2.430,-82.4,1.012,2.089
2440100,A3,1.530,-80.8,1.012,2.094
2440120,A2,2.820,-82.1,1.022,2.094
2440130,A1,2.420,-82.4,1.013,2.086
2440250,A3,1.540,-80.9,1.013,2.081
2440270,A2,2.860,-81.9,0.972,2.081
2440280,A1,2.430,-82.7,0.981,2.089
2440400,A3,1.530,-81.1,0.981,2.094
2440420,A2,2.830,-82.4,1.012,2.094
2440430,A1,2.430,-81.9,1.012,2.094
2440550,A3,1.540,-80.8,1.012,2.089
2440570,A2,2.830,-82.2,1.012,2.089
2440580,A1,2.430,-82.0,1.012,2.089
2440700,A3,1.530,-81.2,1.012,2.094
2440720,A2,2.860,-82.1,0.981,2.094
2440730,A1,2.420,-81.9,0.972,2.086
2440850,A3,1.520,-80.9,0.972,2.091
2440870,A2,2.840,-82.1,0.993,2.091
2440880,A1,2.420,-82.6,0.993,2.091
2441000,A3,1.560,-80.8,0.993,2.070
2441020,A2,2.850,-82.2,0.982,2.070
2441030,A1,2.410,-82.2,0.974,2.062
2441150,A3,1.560,-80.7,0.974,2.062
2441170,A2,2.880,-82.1,0.943,2.062
2441180,A1,2.430,-82.6,0.960,2.079
2441300,A3,1.550,-81.0,0.960,2.084
2441320,A2,2.870,-81.9,0.971,2.084
2441330,A1,2.420,-82.2,0.962,2.076
2441450,A3,1.520,-81.1,0.962,2.091
2441470,A2,2.860,-82.4,0.972,2.091
2441480,A1,2.430,-82.3,0.981,2.099
2441620,A2,2.860,-82.2,0.981,2.099
2441630,A1,2.430,-82.1,0.981,2.099
2441770,A2,2.850,-82.2,0.991,2.099
2441780,A1,2.410,-82.6,0.974,2.083
2441900,A3,1.540,-80.8,0.974,2.073
2441920,A2,2.850,-81.8,0.974,2.073
2441930,A1,2.430,-82.4,0.991,2.089
2442050,A3,1.520,-81.0,0.991,2.099
2442070,A2,2.870,-82.1,0.971,2.099
2442080,A1,2.430,-81.9,0.971,2.099
2442350,A3,1.550,-81.2,0.971,2.084
2442370,A2,2.850,-82.3,0.991,2.084
2442380,A1,2.410,-82.5,0.974,2.068
2442500,A3,1.540,-81.1,0.974,2.073
2442520,A2,2.850,-81.9,0.974,2.073
2442530,A1,2.410,-82.6,0.974,2.073
2442650,A3,1.530,-81.4,0.974,2.078
2442670,A2,2.850,-81.9,0.974,2.078
2442680,A1,2.460,-82.3,1.018,2.118
2442800,A3,1.570,-80.8,1.018,2.098
2442820,A2,2.850,-81.9,1.018,2.098
2442830,A1,2.410,-82.2,0.974,2.057
2442950,A3,1.550,-81.3,0.974,2.068
2442970,A2,2.850,-81.8,0.974,2.068
2442980,A1,2.420,-82.3,0.982,2.076
2443100,A3,1.540,-81.1,0.982,2.081
2443120,A2,2.850,-82.2,0.982,2.081
2443130,A1,2.440,-82.1,1.000,2.097
2443250,A3,1.540,-80.9,1.000,2.097
2443280,A1,2.440,-82.0,1.000,2.097
2443430,A1,2.440,-81.8,1.000,2.097
2443550,A3,1.530,-81.8,1.000,2.102
2443570,A2,2.860,-82.3,0.990,2.102
2443580,A1,2.430,-82.7,0.981,2.094
2443700,A3,1.550,-81.0,0.981,2.084
2443720,A2,2.820,-82.2,1.022,2.084
2443730,A1,2.410,-82.8,1.004,2.068
2443850,A3,1.530,-81.8,1.004,2.078
2443870,A2,2.840,-82.0,0.984,2.078
2443880,A1,2.410,-82.3,0.984,2.078
2444000,A3,1.540,-81.7,0.984,2.073
2444020,A2,2.870,-81.8,0.953,2.073
2444030,A1,2.410,-82.6,0.953,2.073
2444150,A3,1.540,-82.0,0.953,2.073
2444170,A2,2.840,-81.9,0.984,2.073
2444180,A1,2.420,-82.0,0.993,2.081
2444300,A3,1.530,-81.2,0.993,2.086
2444320,A2,2.820,-82.1,1.013,2.086
2444330,A1,2.420,-82.1,1.013,2.086
2444450,A3,1.520,-81.9,1.013,2.091
2444470,A2,2.850,-82.1,0.982,2.091
2444480,A1,2.410,-81.9,0.974,2.083
2444600,A3,1.520,-82.0,0.974,2.083
2444620,A2,2.870,-82.1,0.953,2.083
2444630,A1,2.420,-82.8,0.962,2.091
2444750,A3,1.540,-82.1,0.962,2.081
2444770,A2,2.820,-82.4,1.013,2.081
2444780,A1,2.410,-83.3,1.004,2.073
2444900,A3,1.510,-81.3,1.004,2.088
2444920,A2,2.860,-82.1,0.963,2.088
2444930,A1,2.380,-83.0,0.938,2.064
2445050,A3,1.550,-82.2,0.938,2.044
2445070,A2,2.830,-82.1,0.968,2.044
2445080,A1,2.420,-82.7,1.003,2.076
2445200,A3,1.520,-82.3,1.003,2.091
2445220,A2,2.890,-81.8,0.941,2.091
2445230,A1,2.410,-82.4,0.932,2.083
2445500,A3,1.500,-82.5,0.932,2.093
2445520,A2,2.830,-82.2,0.994,2.093
2445530,A1,2.420,-82.2,1.003,2.101
2445650,A3,1.530,-83.0,1.003,2.086
2445670,A2,2.820,-82.4,1.013,2.086
2445680,A1,2.390,-82.1,0.987,2.062
2445800,A3,1.520,-81.9,0.987,2.067
2445820,A2,2.820,-82.2,0.987,2.067
2445830,A1,2.410,-82.7,1.004,2.083
2445950,A3,1.520,-81.5,1.004,2.083
2445970,A2,2.840,-82.0,0.984,2.083
2445980,A1,2.430,-81.9,1.001,2.099
2446100,A3,1.570,-81.7,1.001,2.073
2446120,A2,2.860,-82.0,0.981,2.073
2446400,A3,1.550,-81.4,0.981,2.084
2446420,A2,2.860,-82.2,0.981,2.084
2446430,A1,2.390,-83.0,0.946,2.052
2446550,A3,1.520,-81.9,0.946,2.067
2446570,A2,2.870,-82.2,0.936,2.067
2446580,A1,2.420,-82.6,0.962,2.091
2446700,A3,1.560,-82.2,0.962,2.070
2446720,A2,2.890,-82.7,0.941,2.070
2446730,A1,2.420,-82.2,0.941,2.070
2446850,A3,1.520,-81.6,0.941,2.091
2446870,A2,2.870,-82.2,0.962,2.091
2446880,A1,2.400,-81.9,0.945,2.075
2447000,A3,1.550,-81.8,0.945,2.060
2447020,A2,2.830,-82.8,0.986,2.060
2447030,A1,2.370,-82.9,0.960,2.036
2447150,A3,1.520,-82.0,0.960,2.051
2447170,A2,2.820,-82.2,0.970,2.051
2447180,A1,2.430,-81.8,1.022,2.099
2447300,A3,1.530,-82.0,1.022,2.094
2447320,A2,2.850,-82.4,0.991,2.094
2447330,A1,2.430,-81.8,0.991,2.094
2447450,A3,1.500,-82.7,0.991,2.109
2447470,A2,2.820,-82.3,1.022,2.109
2447480,A1,2.430,-82.6,1.022,2.109
2447600,A3,1.520,-81.7,1.022,2.099
2447620,A2,2.860,-81.8,0.981,2.099
2447630,A1,2.420,-81.9,0.972,2.091
2447750,A3,1.530,-82.4,0.972,2.086
2447770,A2,2.850,-81.9,0.982,2.086
2447780,A1,2.410,-83.2,0.974,2.078
2447900,A3,1.540,-81.0,0.974,2.073
2447920,A2,2.860,-81.8,0.963,2.073
2447930,A1,2.410,-81.9,0.963,2.073
2448050,A3,1.550,-81.7,0.963,2.068
2448070,A2,2.890,-82.0,0.932,2.068
2448080,A1,2.430,-81.4,0.950,2.084
2448200,A3,1.490,-82.3,0.950,2.114
2448220,A2,2.890,-82.2,0.950,2.114
2448230,A1,2.420,-81.4,0.941,2.106
2448350,A3,1.540,-81.1,0.941,2.081
2448370,A2,2.890,-82.1,0.941,2.081
2448380,A1,2.420,-81.3,0.941,2.081
2448650,A3,1.540,-81.2,0.941,2.081
2448670,A2,2.860,-81.7,0.972,2.081
2448680,A1,2.460,-81.4,1.007,2.113
2448800,A3,1.560,-81.1,1.007,2.103
2448820,A2,2.860,-82.4,1.007,2.103
2448830,A1,2.380,-83.0,0.938,2.038
2448950,A3,1.500,-81.9,0.938,2.069
2448970,A2,2.890,-82.0,0.907,2.069
2448980,A1,2.420,-81.8,0.941,2.101
2449100,A3,1.540,-81.2,0.941,2.081
2449120,A2,2.860,-81.8,0.972,2.081
2449130,A1,2.430,-81.5,0.981,2.089
2449250,A3,1.520,-81.5,0.981,2.099
2449270,A2,2.880,-81.6,0.960,2.099
2449280,A1,2.430,-82.2,0.960,2.099
2449400,A3,1.550,-81.7,0.960,2.084
2449420,A2,2.890,-82.6,0.950,2.084
2449430,A1,2.430,-81.4,0.950,2.084
2449550,A3,1.550,-81.2,0.950,2.084
2449570,A2,2.850,-82.3,0.991,2.084
2449580,A1,2.420,-81.9,0.982,2.076
2449700,A3,1.520,-82.7,0.982,2.091
2449720,A2,2.880,-82.0,0.952,2.091
2449730,A1,2.380,-82.3,0.917,2.059
2449850,A3,1.510,-81.6,0.917,2.064
2449870,A2,2.860,-81.9,0.938,2.064
2449880,A1,2.430,-81.8,0.981,2.104
2450000,A3,1.540,-82.6,0.981,2.089
2450020,A2,2.860,-82.4,0.981,2.089
2450030,A1,2.380,-82.5,0.938,2.049
2450150,A3,1.540,-82.3,0.938,2.049
2450170,A2,2.870,-81.9,0.927,2.049
2450180,A1,2.440,-82.0,0.979,2.097
2450300,A3,1.540,-82.0,0.979,2.097
2450320,A2,2.870,-81.2,0.979,2.097
2450330,A1,2.380,-82.4,0.927,2.049
2450450,A3,1.520,-81.7,0.927,2.059
2450470,A2,2.890,-82.1,0.907,2.059
2450480,A1,2.430,-81.5,0.950,2.099
2450600,A3,1.530,-81.8,0.950,2.094
2450620,A2,2.880,-82.6,0.960,2.094
2450630,A1,2.460,-81.1,0.987,2.118
2450750,A3,1.510,-81.7,0.987,2.129
2450770,A2,2.840,-82.3,1.028,2.129
2450780,A1,2.480,-80.7,1.046,2.145
2450900,A3,1.520,-81.8,1.046,2.140
2450920,A2,2.860,-81.8,1.025,2.140
2450930,A1,2.450,-80.8,0.998,2.115
2451050,A3,1.530,-82.2,0.998,2.110
2451070,A2,2.850,-82.0,1.009,2.110
2451080,A1,2.430,-81.2,0.991,2.094
2451200,A3,1.530,-82.2,0.991,2.094
2451220,A2,2.840,-81.9,1.001,2.094
2451230,A1,2.450,-81.2,1.019,2.110
2451350,A3,1.540,-82.2,1.019,2.105
2451370,A2,2.840,-81.8,1.019,2.105
2451380,A1,2.440,-81.3,1.010,2.097
2451500,A3,1.550,-81.9,1.010,2.092
2451520,A2,2.820,-82.3,1.031,2.092
2451530,A1,2.440,-81.0,1.031,2.092
2451800,A3,1.530,-82.6,1.031,2.102
2451820,A2,2.860,-81.6,0.990,2.102
2451830,A1,2.440,-81.3,0.990,2.102
2451950,A3,1.540,-83.2,0.990,2.097
2451970,A2,2.850,-82.0,1.000,2.097
2451980,A1,2.400,-81.9,0.965,2.065
2452100,A3,1.540,-82.4,0.965,2.065
2452120,A2,2.830,-81.8,0.986,2.065
2452130,A1,2.420,-81.3,1.003,2.081
2452250,A3,1.520,-81.4,1.003,2.091
2452270,A2,2.850,-81.8,0.982,2.091
2452280,A1,2.430,-81.1,0.991,2.099
2452400,A3,1.520,-81.9,0.991,2.099
2452420,A2,2.870,-82.5,0.971,2.099
2452430,A1,2.420,-81.5,0.962,2.091
2452550,A3,1.520,-82.9,0.962,2.091
2452570,A2,2.870,-82.2,0.962,2.091
2452580,A1,2.430,-81.4,0.971,2.099
2452700,A3,1.520,-82.2,0.971,2.099
2452720,A2,2.860,-82.0,0.981,2.099
2452730,A1,2.430,-81.3,0.981,2.099
2452850,A3,1.500,-81.6,0.981,2.109
2452870,A2,2.880,-82.1,0.960,2.109
2452880,A1,2.420,-81.2,0.952,2.101
2453000,A3,1.510,-82.6,0.952,2.096
2453020,A2,2.850,-82.1,0.982,2.096
2453030,A1,2.440,-81.3,1.000,2.112
2453150,A3,1.510,-82.2,1.000,2.112
2453170,A2,2.860,-82.4,0.990,2.112
2453180,A1,2.430,-81.8,0.981,2.104
2453300,A3,1.540,-82.6,0.981,2.089
2453320,A2,2.880,-82.0,0.960,2.089
2453330,A1,2.440,-81.5,0.969,2.097
2453450,A3,1.540,-82.1,0.969,2.097
2453470,A2,2.850,-82.0,1.000,2.097
2453480,A1,2.410,-82.1,0.974,2.073
2453600,A3,1.530,-81.9,0.974,2.078
2453620,A2,2.870,-82.0,0.953,2.078
2453630,A1,2.400,-82.0,0.945,2.070
2453750,A3,1.510,-82.4,0.945,2.080
2453770,A2,2.860,-82.0,0.955,2.080
2453780,A1,2.420,-81.6,0.972,2.096
2453900,A3,1.500,-82.8,0.972,2.101
2453920,A2,2.850,-82.1,0.982,2.101
2453930,A1,2.410,-82.3,0.974,2.093
2454050,A3,1.520,-83.0,0.974,2.083
2454070,A2,2.850,-81.8,0.974,2.083
2454080,A1,2.410,-81.9,0.974,2.083
2454200,A3,1.490,-82.3,0.974,2.098
2454220,A2,2.890,-82.1,0.932,2.098
2454230,A1,2.400,-81.8,0.924,2.090
2454350,A3,1.530,-82.2,0.924,2.070
2454370,A2,2.830,-82.0,0.986,2.070
2454380,A1,2.410,-82.4,0.994,2.078
2454500,A3,1.530,-82.3,0.994,2.078
2454520,A2,2.850,-82.1,0.974,2.078
2454530,A1,2.430,-82.2,0.991,2.094
2454650,A3,1.540,-82.8,0.991,2.089
2454670,A2,2.830,-82.1,1.012,2.089
2454680,A1,2.420,-81.8,1.003,2.081
2454950,A3,1.510,-81.9,1.003,2.096
2454970,A2,2.820,-81.9,1.013,2.096
2454980,A1,2.410,-81.7,1.004,2.088
2455100,A3,1.530,-82.9,1.004,2.078
2455120,A2,2.890,-82.2,0.932,2.078
2455130,A1,2.440,-81.1,0.959,2.102
2455250,A3,1.520,-82.3,0.959,2.107
2455270,A2,2.880,-82.1,0.969,2.107
2455280,A1,2.430,-81.3,0.960,2.099
2455400,A3,1.520,-82.5,0.960,2.099
2455420,A2,2.850,-81.9,0.991,2.099
2455430,A1,2.420,-81.1,0.982,2.091
2455550,A3,1.520,-81.6,0.982,2.091
2455570,A2,2.820,-82.0,1.013,2.091
2455580,A1,2.440,-81.3,1.031,2.107
2455700,A3,1.520,-82.4,1.031,2.107
2455720,A2,2.870,-81.9,0.979,2.107
2455730,A1,2.440,-81.2,0.979,2.107
2455850,A3,1.510,-81.5,0.979,2.112
2455870,A2,2.830,-82.1,1.020,2.112
2455880,A1,2.420,-81.3,1.003,2.096
2456000,A3,1.520,-81.5,1.003,2.091
2456020,A2,2.870,-88.9,0.962,2.091
2456030,A1,2.420,-81.7,0.962,2.091
2456150,A3,1.500,-82.3,0.962,2.101
2456170,A2,2.840,-82.2,0.993,2.101
2456180,A1,2.420,-81.1,0.993,2.101
2456300,A3,1.510,-82.3,0.993,2.096
2456320,A2,2.870,-81.9,0.962,2.096
2456330,A1,2.440,-81.3,0.979,2.112
2456450,A3,1.520,-82.4,0.979,2.107
2456470,A2,2.860,-82.3,0.990,2.107
2456480,A1,2.400,-81.1,0.955,2.075
2456600,A3,1.540,-81.5,0.955,2.065
2456620,A2,2.910,-82.0,0.903,2.065
2456630,A1,2.440,-81.2,0.938,2.097
2456750,A3,1.520,-82.3,0.938,2.107
2456770,A2,2.870,-82.4,0.979,2.107
2456780,A1,2.410,-81.5,0.953,2.083
2456900,A3,1.550,-82.4,0.953,2.068
2456920,A2,2.860,-81.8,0.963,2.068
2456930,A1,2.440,-81.2,0.990,2.092
2457050,A3,1.530,-82.1,0.990,2.102
2457070,A2,2.880,-82.1,0.969,2.102
2457080,A1,2.440,-81.0,0.969,2.102
2457200,A3,1.550,-82.1,0.969,2.092
2457220,A2,2.880,-81.8,0.969,2.092
2457230,A1,2.410,-81.6,0.943,2.068
2457350,A3,1.550,-81.2,0.943,2.068
2457370,A2,2.900,-82.4,0.922,2.068
2457380,A1,2.440,-81.0,0.948,2.092
2457650,A3,1.560,-81.8,0.948,2.087
2457670,A2,2.860,-82.1,0.990,2.087
2457680,A1,2.440,-81.6,0.990,2.087
2457800,A3,1.540,-81.0,0.990,2.097
2457820,A2,2.840,-82.1,1.010,2.097
2457830,A1,2.410,-81.5,0.984,2.073
2458100,A3,1.540,-81.1,0.984,2.073
2458120,A2,2.810,-82.2,1.014,2.073
2458130,A1,2.410,-81.5,1.014,2.073
2458250,A3,1.550,-80.7,1.014,2.068
2458270,A2,2.860,-82.2,0.963,2.068
2458280,A1,2.400,-81.6,0.955,2.060
2458400,A3,1.540,-81.4,0.955,2.065
2458420,A2,2.840,-81.9,0.975,2.065
2458430,A1,2.430,-81.6,1.001,2.089
2458550,A3,1.580,-81.5,1.001,2.068
2458570,A2,2.860,-81.8,0.981,2.068
2458580,A1,2.410,-81.6,0.963,2.052
2458700,A3,1.540,-80.8,0.963,2.073
2458720,A2,2.850,-81.8,0.974,2.073
2458730,A1,2.440,-81.2,1.000,2.097
2458850,A3,1.520,-81.6,1.000,2.107
2458870,A2,2.830,-82.1,1.020,2.107
2458880,A1,2.430,-81.0,1.012,2.099
2459000,A3,1.530,-81.3,1.012,2.094
2459020,A2,2.850,-82.0,0.991,2.094
2459030,A1,2.440,-81.2,1.000,2.102
2459150,A3,1.530,-81.1,1.000,2.102
2459170,A2,2.840,-81.8,1.010,2.102
2459180,A1,2.460,-81.5,1.028,2.118
2459300,A3,1.540,-80.6,1.028,2.113
2459320,A2,2.860,-81.8,1.007,2.113
2459330,A1,2.440,-81.3,0.990,2.097
2459450,A3,1.540,-81.6,0.990,2.097
2459470,A2,2.860,-81.9,0.990,2.097
2459480,A1,2.430,-81.7,0.981,2.089
2459600,A3,1.520,-80.5,0.981,2.099
2459620,A2,2.850,-82.1,0.991,2.099
2459630,A1,2.440,-81.2,1.000,2.107
2459750,A3,1.530,-81.6,1.000,2.102
2459770,A2,2.870,-81.8,0.979,2.102
2459780,A1,2.410,-81.8,0.953,2.078
2459900,A3,1.540,-81.1,0.953,2.073
2459920,A2,2.830,-81.9,0.994,2.073
2459930,A1,2.420,-81.3,1.003,2.081
2460050,A3,1.550,-81.1,1.003,2.076
2460070,A2,2.870,-82.1,0.962,2.076
2460080,A1,2.420,-81.6,0.962,2.076
2460200,A3,1.520,-80.6,0.962,2.091
2460220,A2,2.860,-81.7,0.972,2.091
2460230,A1,2.410,-81.8,0.963,2.083
2460350,A3,1.550,-81.2,0.963,2.068
2460370,A2,2.790,-82.1,1.035,2.068
2460380,A1,2.430,-81.8,1.052,2.084
2460500,A3,1.540,-80.8,1.052,2.089
2460520,A2,2.840,-82.0,1.001,2.089
2460530,A1,2.390,-81.7,0.967,2.057
2460650,A3,1.530,-82.2,0.967,2.062
2460670,A2,2.830,-82.4,0.977,2.062
2460680,A1,2.430,-82.2,1.012,2.094
2460800,A3,1.520,-81.8,1.012,2.099
2460820,A2,2.840,-81.8,1.001,2.099
2460830,A1,2.390,-81.4,0.967,2.067
2460950,A3,1.550,-81.7,0.967,2.052
2460970,A2,2.840,-82.1,0.967,2.052
2460980,A1,2.410,-81.7,0.984,2.068
2461250,A3,1.540,-81.8,0.984,2.073
2461270,A2,2.840,-81.4,0.984,2.073
2461280,A1,2.420,-82.4,0.993,2.081
2461400,A3,1.540,-81.6,0.993,2.081
2461420,A2,2.870,-81.6,0.962,2.081
2461430,A1,2.410,-82.2,0.953,2.073
2461550,A3,1.530,-82.2,0.953,2.078
2461570,A2,2.850,-81.8,0.974,2.078
2461580,A1,2.420,-81.9,0.982,2.086
2461700,A3,1.540,-81.7,0.982,2.081
2461720,A2,2.890,-81.7,0.941,2.081
2461730,A1,2.410,-82.1,0.932,2.073
2461850,A3,1.520,-81.8,0.932,2.083
2461870,A2,2.840,-81.7,0.984,2.083
2461880,A1,2.400,-82.8,0.975,2.075
2462000,A3,1.560,-81.6,0.975,2.054
2462020,A2,2.870,-81.7,0.945,2.054
2462030,A1,2.410,-81.9,0.953,2.062
2462150,A3,1.550,-82.3,0.953,2.068
2462170,A2,2.860,-81.7,0.963,2.068
2462180,A1,2.400,-81.9,0.955,2.060
2462300,A3,1.530,-81.6,0.955,2.070
2462320,A2,2.830,-81.7,0.986,2.070
2462330,A1,2.410,-81.9,0.994,2.078
2462450,A3,1.540,-81.8,0.994,2.073
2462470,A2,2.830,-82.2,0.994,2.073
2462480,A1,2.410,-82.3,0.994,2.073
2462600,A3,1.510,-82.0,0.994,2.088
2462620,A2,2.880,-81.8,0.943,2.088
2462630,A1,2.410,-82.0,0.943,2.088
2462750,A3,1.500,-81.8,0.943,2.093
2462780,A1,2.420,-81.9,0.952,2.101
2462930,A1,2.410,-82.2,0.943,2.093
2463050,A3,1.510,-82.2,0.943,2.088
2463070,A2,2.860,-81.8,0.963,2.088
2463080,A1,2.420,-81.7,0.972,2.096
2463200,A3,1.510,-81.2,0.972,2.096
2463220,A2,2.830,-81.5,1.003,2.096
2463230,A1,2.420,-82.2,1.003,2.096
2463350,A3,1.510,-81.9,1.003,2.096
2463370,A2,2.860,-81.4,0.972,2.096
2463380,A1,2.400,-81.4,0.955,2.080
2463500,A3,1.550,-81.6,0.955,2.060
2463520,A2,2.880,-81.6,0.934,2.060
2463530,A1,2.390,-82.6,0.926,2.052
2463650,A3,1.530,-81.6,0.926,2.062
2463670,A2,2.850,-81.4,0.956,2.062
2463680,A1,2.400,-81.5,0.965,2.070
2463800,A3,1.550,-81.3,0.965,2.060
2463820,A2,2.860,-82.1,0.955,2.060
2463830,A1,2.440,-81.9,0.990,2.092
2463950,A3,1.530,-82.0,0.990,2.102
2463970,A2,2.870,-81.8,0.979,2.102
2463980,A1,2.440,-81.6,0.979,2.102
2464100,A3,1.520,-82.0,0.979,2.107
2464120,A2,2.860,-81.5,0.990,2.107
2464130,A1,2.430,-82.2,0.981,2.099
2464400,A3,1.540,-81.9,0.981,2.089
2464420,A2,2.860,-81.9,0.981,2.089
2464430,A1,2.400,-82.4,0.955,2.065
2464550,A3,1.520,-81.5,0.955,2.075
2464570,A2,2.830,-81.5,0.986,2.075
2464580,A1,2.440,-81.9,1.020,2.107
2464700,A3,1.510,-81.6,1.020,2.112
2464720,A2,2.820,-81.7,1.031,2.112
2464730,A1,2.380,-82.5,0.978,2.064
2464850,A3,1.510,-81.6,0.978,2.064
2464870,A2,2.860,-81.6,0.938,2.064
2464880,A1,2.430,-82.2,0.981,2.104
2465000,A3,1.550,-82.2,0.981,2.084
2465020,A2,2.830,-81.9,1.012,2.084
2465030,A1,2.400,-81.7,0.986,2.060
2465150,A3,1.560,-81.4,0.986,2.054
2465170,A2,2.850,-81.2,0.965,2.054
2465180,A1,2.410,-82.5,0.974,2.062
2465300,A3,1.560,-82.1,0.974,2.062
2465320,A2,2.860,-81.7,0.963,2.062
2465330,A1,2.410,-81.8,0.963,2.062
2465450,A3,1.500,-81.9,0.963,2.093
2465470,A2,2.880,-81.6,0.943,2.093
2465480,A1,2.380,-82.7,0.917,2.069
2465600,A3,1.520,-81.1,0.917,2.059
2465620,A2,2.870,-81.9,0.927,2.059
2465630,A1,2.420,-81.6,0.962,2.091
2465750,A3,1.530,-81.4,0.962,2.086
2465770,A2,2.830,-81.8,1.003,2.086
2465780,A1,2.420,-81.8,1.003,2.086
2465900,A3,1.530,-82.0,1.003,2.086
2465920,A2,2.870,-81.5,0.962,2.086
2465930,A1,2.410,-81.5,0.953,2.078
2466050,A3,1.530,-81.6,0.953,2.078
2466070,A2,2.870,-81.5,0.953,2.078
2466080,A1,2.430,-81.5,0.971,2.094
2466200,A3,1.520,-81.7,0.971,2.099
2466220,A2,2.850,-81.6,0.991,2.099
2466230,A1,2.420,-82.4,0.982,2.091
2466350,A3,1.530,-82.2,0.982,2.086
2466370,A2,2.860,-81.9,0.972,2.086
2466380,A1,2.440,-81.6,0.990,2.102
2466500,A3,1.540,-81.5,0.990,2.097
2466520,A2,2.860,-82.1,0.990,2.097
2466530,A1,2.440,-81.5,0.990,2.097
2466650,A3,1.530,-81.6,0.990,2.102
2466670,A2,2.890,-81.7,0.959,2.102
2466680,A1,2.440,-81.4,0.959,2.102
2466800,A3,1.520,-81.6,0.959,2.107
2466820,A2,2.870,-81.8,0.979,2.107
2466830,A1,2.400,-82.0,0.945,2.075
2466970,A2,2.850,-81.8,0.965,2.075
2466980,A1,2.420,-81.6,0.982,2.091
2467120,A2,2.850,-81.5,0.982,2.091
2467130,A1,2.440,-82.2,1.000,2.107
2467250,A3,1.520,-81.5,1.000,2.107
2467270,A2,2.890,-81.7,0.959,2.107
2467280,A1,2.420,-81.3,0.941,2.091
2467550,A3,1.550,-81.3,0.941,2.076
2467570,A2,2.850,-81.4,0.982,2.076
2467580,A1,2.420,-81.7,0.982,2.076
2467700,A3,1.540,-81.4,0.982,2.081
2467720,A2,2.890,-81.5,0.941,2.081
2467730,A1,2.410,-82.0,0.932,2.073
2467850,A3,1.530,-81.7,0.932,2.078
2467870,A2,2.830,-81.6,0.994,2.078
2467880,A1,2.450,-82.1,1.029,2.110
2468000,A3,1.500,-81.9,1.029,2.125
2468020,A2,2.850,-82.1,1.009,2.125
2468030,A1,2.430,-81.6,0.991,2.109
2468150,A3,1.530,-81.9,0.991,2.094
2468170,A2,2.880,-81.6,0.960,2.094
2468180,A1,2.390,-82.2,0.926,2.062
2468300,A3,1.530,-82.1,0.926,2.062
2468320,A2,2.860,-81.4,0.946,2.062
2468330,A1,2.420,-81.5,0.972,2.086
2468450,A3,1.560,-82.0,0.972,2.070
2468470,A2,2.840,-81.6,0.993,2.070
2468480,A1,2.420,-81.7,0.993,2.070
2468600,A3,1.540,-81.3,0.993,2.081
2468630,A1,2.430,-81.8,1.001,2.089
2468780,A1,2.400,-82.2,0.975,2.065
2468920,A2,2.860,-82.0,0.955,2.065
2468930,A1,2.420,-82.0,0.972,2.081
2469070,A2,2.850,-81.4,0.982,2.081
2469080,A1,2.430,-81.7,0.991,2.089
2469200,A3,1.550,-82.0,0.991,2.084
2469220,A2,2.830,-81.3,1.012,2.084
2469230,A1,2.400,-81.6,0.986,2.060
2469350,A3,1.520,-81.9,0.986,2.075
2469370,A2,2.850,-81.7,0.965,2.075
2469380,A1,2.430,-81.5,0.991,2.099
2469650,A3,1.520,-81.7,0.991,2.099
2469670,A2,2.870,-81.4,0.971,2.099
2469680,A1,2.420,-82.2,0.962,2.091
2469800,A3,1.520,-81.1,0.962,2.091
2469820,A2,2.860,-81.2,0.972,2.091
2469830,A1,2.430,-81.7,0.981,2.099
2469950,A3,1.520,-81.0,0.981,2.099
2469970,A2,2.890,-81.4,0.950,2.099
2469980,A1,2.430,-82.0,0.950,2.099
2470100,A3,1.510,-81.7,0.950,2.104
2470120,A2,2.860,-81.0,0.981,2.104
2470130,A1,2.420,-81.3,0.972,2.096
2470250,A3,1.520,-81.9,0.972,2.091
2470270,A2,2.850,-81.2,0.982,2.091
2470280,A1,2.430,-81.6,0.991,2.099
2470400,A3,1.520,-81.6,0.991,2.099
2470420,A2,2.830,-81.9,1.012,2.099
2470430,A1,2.420,-81.9,1.003,2.091
2470700,A3,1.560,-82.1,1.003,2.070
2470720,A2,2.820,-81.8,1.013,2.070
2470730,A1,2.430,-82.1,1.022,2.079
2470850,A3,1.560,-81.3,1.022,2.079
2470870,A2,2.860,-81.8,0.981,2.079
2470880,A1,2.430,-82.5,0.981,2.079
2471020,A2,2.830,-82.1,1.012,2.079
2471030,A1,2.410,-82.3,0.994,2.062
2471170,A2,2.890,-82.1,0.932,2.062
2471180,A1,2.430,-82.0,0.950,2.079
2471300,A3,1.540,-83.1,0.950,2.089
2471320,A2,2.820,-87.8,1.022,2.089
2471330,A1,2.410,-82.8,1.004,2.073
2471450,A3,1.550,-81.2,1.004,2.068
2471470,A2,2.820,-87.6,1.004,2.068
2471480,A1,2.390,-81.9,0.987,2.052
2471600,A3,1.550,-81.3,0.987,2.052
2471620,A2,2.850,-81.4,0.956,2.052
2471630,A1,2.410,-82.1,0.974,2.068
2471750,A3,1.520,-81.6,0.974,2.083
2471770,A2,2.850,-81.5,0.974,2.083
2471780,A1,2.410,-81.7,0.974,2.083
2471900,A3,1.540,-81.2,0.974,2.073
2471920,A2,2.850,-88.1,0.974,2.073
2471930,A1,2.430,-82.5,0.991,2.089
2472050,A3,1.550,-81.6,0.991,2.084
2472070,A2,2.860,-81.6,0.981,2.084
2472080,A1,2.410,-81.7,0.963,2.068
2472200,A3,1.530,-81.9,0.963,2.078
2472220,A2,2.860,-81.7,0.963,2.078
2472230,A1,2.410,-82.0,0.963,2.078
2472350,A3,1.530,-81.0,0.963,2.078
2472370,A2,2.840,-82.3,0.984,2.078
2472380,A1,2.410,-82.3,0.984,2.078
2472500,A3,1.550,-81.1,0.984,2.068
2472520,A2,2.870,-82.0,0.953,2.068
2472530,A1,2.430,-81.4,0.971,2.084
2472650,A3,1.530,-80.9,0.971,2.094
2472670,A2,2.880,-82.2,0.960,2.094
2472680,A1,2.420,-81.3,0.952,2.086
2472800,A3,1.520,-81.3,0.952,2.091
2472820,A2,2.850,-82.0,0.982,2.091
2472830,A1,2.460,-81.2,1.018,2.124
2472950,A3,1.530,-82.3,1.018,2.118
2472970,A2,2.830,-82.2,1.038,2.118
2472980,A1,2.420,-82.0,1.003,2.086
2473100,A3,1.550,-81.1,1.003,2.076
2473120,A2,2.850,-81.9,0.982,2.076
2473130,A1,2.430,-81.6,0.991,2.084
2473250,A3,1.540,-81.3,0.991,2.089
2473270,A2,2.860,-82.2,0.981,2.089
2473280,A1,2.440,-81.7,0.990,2.097
2473400,A3,1.560,-81.0,0.990,2.087
2473420,A2,2.870,-82.2,0.979,2.087
2473430,A1,2.450,-81.0,0.988,2.095
2473550,A3,1.550,-81.4,0.988,2.100
2473570,A2,2.860,-82.6,0.998,2.100
2473580,A1,2.440,-81.5,0.990,2.092
2473850,A3,1.550,-81.4,0.990,2.092
2473870,A2,2.860,-82.1,0.990,2.092
2473880,A1,2.450,-81.4,0.998,2.100
2474000,A3,1.520,-81.4,0.998,2.115
2474020,A2,2.870,-82.1,0.988,2.115
2474030,A1,2.430,-81.5,0.971,2.099
2474150,A3,1.540,-80.8,0.971,2.089
2474170,A2,2.840,-82.4,1.001,2.089
2474450,A3,1.540,-81.5,1.001,2.089
2474470,A2,2.850,-82.4,0.991,2.089
2474480,A1,2.440,-81.2,1.000,2.097
2474600,A3,1.540,-80.5,1.000,2.097
2474620,A2,2.860,-82.3,0.990,2.097
2474630,A1,2.420,-82.7,0.972,2.081
2474750,A3,1.540,-80.8,0.972,2.081
2474770,A2,2.860,-82.5,0.972,2.081
2474780,A1,2.440,-81.3,0.990,2.097
2474900,A3,1.570,-81.4,0.990,2.081
2474920,A2,2.840,-82.6,1.010,2.081
2474930,A1,2.440,-81.3,1.010,2.081
2475050,A3,1.520,-80.4,1.010,2.107
2475070,A2,2.870,-82.7,0.979,2.107
2475080,A1,2.420,-80.9,0.962,2.091
2475200,A3,1.540,-81.3,0.962,2.081
2475220,A2,2.860,-82.1,0.972,2.081
2475230,A1,2.450,-81.0,0.998,2.105
2475350,A3,1.550,-80.7,0.998,2.100
2475370,A2,2.840,-82.5,1.019,2.100
2475380,A1,2.440,-81.0,1.010,2.092
2475500,A3,1.530,-80.3,1.010,2.102
2475520,A2,2.890,-82.5,0.959,2.102
2475530,A1,2.450,-80.9,0.967,2.110
2475650,A3,1.570,-80.9,0.967,2.090
2475670,A2,2.900,-82.4,0.957,2.090
2475680,A1,2.450,-81.3,0.957,2.090
2475800,A3,1.560,-81.1,0.957,2.095
2475820,A2,2.870,-82.6,0.988,2.095
2475830,A1,2.420,-81.1,0.962,2.070
2475950,A3,1.510,-80.4,0.962,2.096
2475970,A2,2.850,-82.4,0.982,2.096
2475980,A1,2.440,-81.3,1.000,2.112
2476100,A3,1.530,-80.7,1.000,2.102
2476120,A2,2.840,-82.4,1.010,2.102
2476130,A1,2.440,-81.1,1.010,2.102
2476250,A3,1.540,-81.4,1.010,2.097
2476270,A2,2.880,-82.3,0.969,2.097
2476280,A1,2.460,-81.4,0.987,2.113
2476400,A3,1.550,-81.2,0.987,2.108
2476420,A2,2.850,-82.3,1.018,2.108
2476430,A1,2.460,-80.9,1.018,2.108
2476550,A3,1.530,-81.4,1.018,2.118
2476570,A2,2.860,-82.5,1.007,2.118
2476580,A1,2.460,-81.5,1.007,2.118
2476700,A3,1.540,-80.3,1.007,2.113
2476720,A2,2.890,-82.1,0.976,2.113
2476730,A1,2.450,-81.2,0.967,2.105
2477000,A3,1.540,-81.1,0.967,2.105
2477020,A2,2.840,-82.5,1.019,2.105
2477030,A1,2.470,-81.1,1.037,2.122
2477150,A3,1.550,-80.9,1.037,2.116
2477170,A2,2.870,-82.2,1.006,2.116
2477180,A1,2.440,-81.2,0.979,2.092
2477300,A3,1.540,-80.9,0.979,2.097
2477320,A2,2.870,-82.3,0.979,2.097
2477330,A1,2.450,-81.1,0.988,2.105
2477450,A3,1.540,-80.3,0.988,2.105
2477470,A2,2.860,-82.2,0.998,2.105
2477480,A1,2.440,-81.8,0.990,2.097
2477600,A3,1.560,-80.2,0.990,2.087
2477620,A2,2.870,-82.1,0.979,2.087
2477630,A1,2.440,-82.0,0.979,2.087
2477750,A3,1.540,-80.5,0.979,2.097
2477770,A2,2.870,-81.8,0.979,2.097
2477780,A1,2.460,-81.1,0.997,2.113
2477900,A3,1.550,-81.2,0.997,2.108
2477920,A2,2.870,-82.1,0.997,2.108
2477930,A1,2.450,-81.2,0.988,2.100
2478050,A3,1.530,-81.1,0.988,2.110
2478070,A2,2.870,-82.4,0.988,2.110
2478080,A1,2.460,-81.1,0.997,2.118
2478200,A3,1.550,-81.5,0.997,2.108
2478220,A2,2.860,-82.5,1.007,2.108
2478230,A1,2.440,-81.3,0.990,2.092
2478350,A3,1.550,-81.2,0.990,2.092
2478370,A2,2.890,-82.5,0.959,2.092
2478380,A1,2.440,-81.1,0.959,2.092
2478500,A3,1.530,-81.4,0.959,2.102
2478520,A2,2.860,-82.2,0.990,2.102
2478530,A1,2.450,-81.2,0.998,2.110
2478650,A3,1.520,-81.2,0.998,2.115
2478670,A2,2.860,-82.2,0.998,2.115
2478680,A1,2.440,-81.1,0.990,2.107
2478800,A3,1.520,-81.8,0.990,2.107
2478820,A2,2.870,-82.1,0.979,2.107
2478830,A1,2.450,-81.1,0.988,2.115
2478950,A3,1.530,-81.0,0.988,2.110
2478970,A2,2.830,-82.1,1.029,2.110
2478980,A1,2.440,-81.3,1.020,2.102
2479100,A3,1.550,-81.3,1.020,2.092
2479120,A2,2.840,-81.7,1.010,2.092
2479130,A1,2.440,-81.7,1.010,2.092
2479250,A3,1.550,-81.5,1.010,2.092
2479270,A2,2.840,-82.0,1.010,2.092
2479280,A1,2.440,-81.4,1.010,2.092
2479400,A3,1.550,-81.2,1.010,2.092
2479420,A2,2.890,-81.8,0.959,2.092
2479430,A1,2.450,-81.2,0.967,2.100
2479550,A3,1.530,-81.3,0.967,2.110
2479570,A2,2.890,-81.9,0.967,2.110
2479580,A1,2.420,-81.4,0.941,2.086
2479700,A3,1.560,-81.0,0.941,2.070
2479720,A2,2.890,-81.6,0.941,2.070
2479730,A1,2.420,-82.1,0.941,2.070
2479850,A3,1.550,-81.0,0.941,2.076
2479870,A2,2.860,-82.0,0.972,2.076
2479880,A1,2.400,-82.3,0.955,2.060
2480150,A3,1.540,-81.4,0.955,2.065
2480170,A2,2.830,-82.4,0.986,2.065
2480180,A1,2.410,-81.7,0.994,2.073
2480300,A3,1.560,-80.8,0.994,2.062
2480320,A2,2.890,-82.1,0.932,2.062
2480330,A1,2.440,-81.7,0.959,2.087
2480450,A3,1.530,-81.1,0.959,2.102
2480470,A2,2.880,-81.9,0.969,2.102
2480480,A1,2.410,-81.6,0.943,2.078
2480600,A3,1.550,-81.1,0.943,2.068
2480620,A2,2.900,-82.2,0.922,2.068
2480630,A1,2.420,-81.8,0.931,2.076
2480750,A3,1.550,-81.0,0.931,2.076
2480770,A2,2.820,-82.1,1.013,2.076
2480780,A1,2.420,-82.3,1.013,2.076
2480900,A3,1.560,-80.6,1.013,2.070
2480920,A2,2.860,-81.8,0.972,2.070
2480930,A1,2.420,-81.9,0.972,2.070
2481050,A3,1.530,-81.3,0.972,2.086
2481070,A2,2.840,-82.3,0.993,2.086
2481080,A1,2.430,-82.2,1.001,2.094
2481200,A3,1.550,-81.7,1.001,2.084
2481220,A2,2.850,-82.1,0.991,2.084
2481230,A1,2.390,-81.8,0.956,2.052
2481350,A3,1.530,-81.4,0.956,2.062
2481370,A2,2.840,-81.9,0.967,2.062
2481380,A1,2.440,-81.7,1.010,2.102
2481500,A3,1.540,-82.1,1.010,2.097
2481520,A2,2.880,-81.5,0.969,2.097
2481530,A1,2.440,-81.2,0.969,2.097
2481800,A3,1.530,-81.4,0.969,2.102
2481820,A2,2.860,-82.0,0.990,2.102
2481830,A1,2.420,-81.8,0.972,2.086
2481950,A3,1.530,-83.0,0.972,2.086
2481970,A2,2.850,-82.0,0.982,2.086
2481980,A1,2.420,-82.7,0.982,2.086
2482100,A3,1.520,-81.9,0.982,2.091
2482120,A2,2.860,-81.4,0.972,2.091
2482130,A1,2.430,-82.4,0.981,2.099
2482250,A3,1.540,-82.7,0.981,2.089
2482270,A2,2.870,-81.7,0.971,2.089
2482280,A1,2.410,-82.3,0.953,2.073
2482400,A3,1.520,-81.2,0.953,2.083
2482420,A2,2.870,-81.9,0.953,2.083
2482430,A1,2.400,-82.4,0.945,2.075
2482550,A3,1.520,-81.7,0.945,2.075
2482570,A2,2.860,-81.7,0.955,2.075
2482580,A1,2.380,-82.0,0.938,2.059
2482700,A3,1.540,-82.0,0.938,2.049
2482720,A2,2.880,-81.4,0.917,2.049
2482730,A1,2.400,-82.1,0.934,2.065
2482850,A3,1.550,-81.4,0.934,2.060
2482870,A2,2.870,-81.7,0.945,2.060
2482880,A1,2.410,-82.1,0.953,2.068
2483000,A3,1.540,-80.8,0.953,2.073
2483020,A2,2.860,-81.6,0.963,2.073
2483030,A1,2.420,-81.8,0.972,2.081
2483300,A3,1.530,-81.0,0.972,2.086
2483320,A2,2.890,-81.9,0.941,2.086
2483330,A1,2.410,-81.9,0.932,2.078
2483450,A3,1.530,-81.2,0.932,2.078
2483470,A2,2.820,-81.7,1.004,2.078
2483480,A1,2.430,-82.3,1.022,2.094
2483600,A3,1.520,-81.3,1.022,2.099
2483620,A2,2.880,-81.8,0.960,2.099
2483630,A1,2.420,-82.1,0.952,2.091
2483750,A3,1.520,-82.9,0.952,2.091
2483770,A2,2.880,-82.0,0.952,2.091
2483780,A1,2.430,-82.2,0.960,2.099
2483900,A3,1.540,-82.5,0.960,2.089
2483920,A2,2.850,-82.4,0.991,2.089
2483930,A1,2.440,-81.6,1.000,2.097
2484050,A3,1.530,-82.7,1.000,2.102
2484070,A2,2.860,-82.0,0.990,2.102
2484080,A1,2.390,-82.0,0.946,2.062
2484200,A3,1.500,-82.0,0.946,2.077
2484220,A2,2.870,-82.1,0.936,2.077
2484230,A1,2.420,-81.5,0.962,2.101
2484370,A2,2.860,-82.3,0.972,2.101
2484380,A1,2.420,-81.3,0.972,2.101
2484520,A2,2.870,-82.4,0.962,2.101
2484530,A1,2.440,-81.4,0.979,2.117
2484650,A3,1.530,-82.3,0.979,2.102
2484670,A2,2.870,-82.0,0.979,2.102
2484680,A1,2.440,-81.2,0.979,2.102
2484800,A3,1.560,-83.0,0.979,2.087
2484820,A2,2.820,-82.5,1.031,2.087
2484830,A1,2.430,-81.9,1.022,2.079
2484950,A3,1.530,-82.0,1.022,2.094
2484970,A2,2.880,-81.8,0.960,2.094
2484980,A1,2.430,-81.9,0.960,2.094
2485100,A3,1.550,-81.9,0.960,2.084
2485120,A2,2.850,-82.2,0.991,2.084
2485130,A1,2.420,-81.2,0.982,2.076
2485250,A3,1.550,-81.3,0.982,2.076
2485270,A2,2.820,-82.0,1.013,2.076
2485280,A1,2.410,-81.1,1.004,2.068
2485400,A3,1.540,-81.1,1.004,2.073
2485420,A2,2.890,-82.7,0.932,2.073
2485430,A1,2.410,-81.9,0.932,2.073
2485550,A3,1.520,-81.6,0.932,2.083
2485570,A2,2.860,-82.2,0.963,2.083
2485580,A1,2.430,-81.5,0.981,2.099
2485700,A3,1.540,-81.2,0.981,2.089
2485720,A2,2.890,-81.8,0.950,2.089
2485730,A1,2.420,-81.6,0.941,2.081
2485850,A3,1.560,-81.8,0.941,2.070
2485870,A2,2.880,-82.5,0.952,2.070
2485880,A1,2.420,-81.4,0.952,2.070
2486000,A3,1.560,-81.8,0.952,2.070
2486020,A2,2.860,-82.1,0.972,2.070
2486030,A1,2.420,-81.7,0.972,2.070
2486150,A3,1.520,-81.7,0.972,2.091
2486170,A2,2.870,-82.2,0.962,2.091
2486180,A1,2.410,-81.4,0.953,2.083
2486450,A3,1.530,-81.9,0.953,2.078
2486470,A2,2.850,-81.9,0.974,2.078
2486480,A1,2.410,-81.7,0.974,2.078
2486600,A3,1.530,-81.4,0.974,2.078
2486620,A2,2.880,-82.6,0.943,2.078
2486630,A1,2.400,-81.8,0.934,2.070
2486750,A3,1.530,-80.8,0.934,2.070
2486770,A2,2.880,-82.4,0.934,2.070
2486780,A1,2.410,-81.6,0.943,2.078
2486900,A3,1.540,-80.8,0.943,2.073
2486920,A2,2.840,-82.4,0.984,2.073
2486930,A1,2.400,-81.8,0.975,2.065
2487050,A3,1.530,-81.1,0.975,2.070
2487070,A2,2.850,-82.2,0.965,2.070
2487080,A1,2.410,-81.7,0.974,2.078
2487200,A3,1.540,-81.7,0.974,2.073
2487220,A2,2.870,-82.0,0.953,2.073
2487230,A1,2.400,-81.7,0.945,2.065
2487350,A3,1.530,-80.8,0.945,2.070
2487370,A2,2.880,-82.3,0.934,2.070
2487380,A1,2.420,-82.2,0.952,2.086
2487500,A3,1.520,-81.8,0.952,2.091
2487520,A2,2.870,-82.4,0.962,2.091
2487530,A1,2.430,-81.9,0.971,2.099
2487650,A3,1.540,-81.1,0.971,2.089
2487670,A2,2.860,-81.8,0.981,2.089
2487680,A1,2.410,-81.8,0.963,2.073
2487800,A3,1.540,-81.5,0.963,2.073
2487820,A2,2.820,-82.3,1.004,2.073
2487830,A1,2.410,-81.4,1.004,2.073
2487950,A3,1.520,-81.5,1.004,2.083
2487970,A2,2.860,-82.3,0.963,2.083
2487980,A1,2.400,-81.4,0.955,2.075
2488100,A3,1.530,-81.3,0.955,2.070
2488120,A2,2.840,-82.1,0.975,2.070
2488130,A1,2.410,-82.0,0.984,2.078
2488250,A3,1.520,-81.3,0.984,2.083
2488270,A2,2.850,-82.1,0.974,2.083
2488280,A1,2.410,-81.9,0.974,2.083
2488400,A3,1.520,-81.2,0.974,2.083
2488420,A2,2.850,-82.2,0.974,2.083
2488430,A1,2.390,-82.0,0.956,2.067
2488570,A2,2.880,-82.3,0.926,2.067
2488580,A1,2.400,-81.8,0.934,2.075
2488720,A2,2.860,-82.2,0.955,2.075
2488730,A1,2.410,-81.8,0.963,2.083
2488850,A3,1.530,-81.1,0.963,2.078
2488870,A2,2.840,-82.1,0.984,2.078
2488880,A1,2.410,-81.7,0.984,2.078
2489000,A3,1.530,-81.2,0.984,2.078
2489020,A2,2.820,-82.0,1.004,2.078
2489030,A1,2.390,-81.5,0.987,2.062
2489150,A3,1.520,-81.5,0.987,2.067
2489170,A2,2.850,-81.9,0.956,2.067
2489180,A1,2.400,-81.6,0.965,2.075
2489300,A3,1.520,-81.3,0.965,2.075
2489320,A2,2.870,-81.9,0.945,2.075
2489330,A1,2.420,-81.6,0.962,2.091
2489600,A3,1.550,-81.8,0.962,2.076
2489620,A2,2.850,-82.0,0.982,2.076
2489630,A1,2.430,-81.5,0.991,2.084
2489750,A3,1.540,-81.9,0.991,2.089
2489770,A2,2.850,-82.2,0.991,2.089
2489780,A1,2.400,-81.6,0.965,2.065
2489900,A3,1.530,-81.2,0.965,2.070
2489920,A2,2.830,-89.1,0.986,2.070
2489930,A1,2.420,-81.9,1.003,2.086
2490050,A3,1.540,-81.8,1.003,2.081
2490070,A2,2.850,-81.9,0.982,2.081
2490080,A1,2.420,-81.3,0.982,2.081
2490200,A3,1.550,-81.8,0.982,2.076
2490220,A2,2.850,-82.4,0.982,2.076
2490230,A1,2.420,-81.6,0.982,2.076
2490350,A3,1.550,-81.0,0.982,2.076
2490370,A2,2.860,-82.2,0.972,2.076
2490380,A1,2.420,-81.5,0.972,2.076
2490500,A3,1.530,-81.1,0.972,2.086
2490520,A2,2.840,-82.1,0.993,2.086
2490530,A1,2.420,-81.7,0.993,2.086
2490650,A3,1.560,-81.6,0.993,2.070
2490670,A2,2.840,-82.0,0.993,2.070
2490680,A1,2.410,-81.7,0.984,2.062
2490800,A3,1.570,-81.2,0.984,2.057
2490820,A2,2.860,-82.0,0.963,2.057
2490830,A1,2.410,-81.8,0.963,2.057
2490950,A3,1.530,-80.6,0.963,2.078
2490970,A2,2.840,-82.2,0.984,2.078
2490980,A1,2.430,-81.2,1.001,2.094
2491100,A3,1.520,-81.1,1.001,2.099
2491120,A2,2.880,-82.3,0.960,2.099
2491130,A1,2.420,-81.5,0.952,2.091
2491250,A3,1.530,-80.6,0.952,2.086
2491270,A2,2.860,-81.8,0.972,2.086
2491280,A1,2.430,-81.9,0.981,2.094
2491400,A3,1.550,-81.2,0.981,2.084
2491420,A2,2.830,-82.3,1.012,2.084
2491430,A1,2.410,-82.1,0.994,2.068
2491550,A3,1.540,-80.6,0.994,2.073
2491570,A2,2.880,-82.1,0.943,2.073
2491580,A1,2.410,-81.6,0.943,2.073
2491700,A3,1.560,-80.9,0.943,2.062
2491720,A2,2.860,-81.9,0.963,2.062
2491730,A1,2.440,-81.7,0.990,2.087
2491850,A3,1.550,-81.8,0.990,2.092
2491870,A2,2.840,-82.2,1.010,2.092
2491880,A1,2.430,-81.9,1.001,2.084
2492000,A3,1.540,-81.7,1.001,2.089
2492020,A2,2.850,-82.0,0.991,2.089
2492030,A1,2.400,-82.1,0.965,2.065
2492150,A3,1.540,-80.6,0.965,2.065
2492170,A2,2.850,-82.3,0.965,2.065
2492180,A1,2.400,-81.6,0.965,2.065
2492300,A3,1.540,-81.6,0.965,2.065
2492320,A2,2.870,-81.7,0.945,2.065
2492330,A1,2.410,-82.0,0.953,2.073
2492450,A3,1.530,-81.6,0.953,2.078
2492470,A2,2.870,-81.9,0.953,2.078
2492480,A1,2.410,-82.2,0.953,2.078
2492750,A3,1.520,-81.1,0.953,2.083
2492770,A2,2.850,-81.6,0.974,2.083
2492780,A1,2.400,-82.1,0.965,2.075
2492900,A3,1.550,-81.8,0.965,2.060
2492920,A2,2.840,-81.8,0.975,2.060
2492930,A1,2.400,-81.9,0.975,2.060
2493050,A3,1.570,-82.3,0.975,2.049
2493070,A2,2.850,-82.0,0.965,2.049
2493080,A1,2.440,-81.1,1.000,2.081
2493200,A3,1.560,-82.1,1.000,2.087
2493220,A2,2.870,-82.0,0.979,2.087
2493230,A1,2.410,-81.7,0.953,2.062
2493350,A3,1.560,-82.2,0.953,2.062
2493370,A2,2.880,-81.9,0.943,2.062
2493380,A1,2.420,-81.3,0.952,2.070
2493500,A3,1.540,-81.8,0.952,2.081
2493520,A2,2.840,-82.0,0.993,2.081
2493530,A1,2.430,-81.9,1.001,2.089
2493650,A3,1.560,-81.8,1.001,2.079
2493670,A2,2.850,-82.0,0.991,2.079
2493680,A1,2.420,-81.2,0.982,2.070
2493800,A3,1.570,-80.9,0.982,2.065
2493820,A2,2.900,-82.2,0.931,2.065
2493830,A1,2.380,-81.7,0.896,2.033
2493950,A3,1.520,-81.5,0.896,2.059
2493970,A2,2.910,-82.1,0.886,2.059
2493980,A1,2.410,-81.7,0.912,2.083
2494100,A3,1.520,-81.3,0.912,2.083
2494120,A2,2.840,-81.8,0.984,2.083
2494130,A1,2.440,-81.5,1.010,2.107
2494250,A3,1.530,-81.2,1.010,2.102
2494270,A2,2.850,-88.8,1.000,2.102
2494280,A1,2.400,-81.3,0.965,2.070
2494400,A3,1.550,-81.6,0.965,2.060
2494420,A2,2.860,-82.4,0.955,2.060
2494430,A1,2.430,-81.7,0.981,2.084
2494550,A3,1.530,-82.2,0.981,2.094
2494570,A2,2.850,-81.9,0.991,2.094
2494580,A1,2.410,-82.3,0.974,2.078
2494700,A3,1.540,-81.4,0.974,2.073
2494720,A2,2.880,-82.2,0.943,2.073
2494730,A1,2.380,-82.4,0.917,2.049
2494850,A3,1.530,-82.3,0.917,2.054
2494870,A2,2.850,-82.3,0.948,2.054
2494880,A1,2.410,-82.3,0.974,2.078
2495000,A3,1.520,-81.9,0.974,2.083
2495020,A2,2.860,-82.2,0.963,2.083
2495030,A1,2.420,-82.1,0.972,2.091
2495150,A3,1.510,-82.0,0.972,2.096
2495170,A2,2.840,-82.2,0.993,2.096
2495180,A1,2.420,-82.4,0.993,2.096
2495300,A3,1.530,-81.9,0.993,2.086
2495320,A2,2.810,-82.1,1.023,2.086
2495330,A1,2.390,-81.9,0.997,2.062
2495450,A3,1.540,-82.4,0.997,2.057
2495470,A2,2.840,-82.5,0.967,2.057
2495480,A1,2.430,-81.9,1.001,2.089
2495600,A3,1.530,-82.2,1.001,2.094
2495620,A2,2.890,-82.1,0.950,2.094
2495630,A1,2.410,-81.5,0.932,2.078
2495900,A3,1.550,-80.6,0.932,2.068
2495920,A2,2.830,-81.9,0.994,2.068
2495930,A1,2.400,-81.3,0.986,2.060
2496050,A3,1.540,-81.4,0.986,2.065
2496070,A2,2.860,-81.5,0.955,2.065
2496080,A1,2.420,-81.7,0.972,2.081
2496200,A3,1.550,-81.7,0.972,2.076
2496220,A2,2.870,-82.0,0.962,2.076
2496230,A1,2.430,-81.4,0.971,2.084
2496350,A3,1.560,-81.1,0.971,2.079
2496370,A2,2.860,-82.0,0.981,2.079
2496380,A1,2.420,-81.4,0.972,2.070
2496500,A3,1.530,-81.9,0.972,2.086
2496520,A2,2.870,-82.3,0.962,2.086
2496530,A1,2.370,-82.2,0.919,2.046
2496650,A3,1.490,-81.4,0.919,2.066
2496670,A2,2.880,-81.9,0.908,2.066
2496680,A1,2.420,-82.6,0.952,2.106
2496800,A3,1.510,-82.0,0.952,2.096
2496820,A2,2.860,-82.1,0.972,2.096
2496830,A1,2.400,-81.8,0.955,2.080
2496950,A3,1.570,-81.7,0.955,2.049
2496970,A2,2.860,-81.9,0.955,2.049
2496980,A1,2.380,-82.4,0.938,2.033
2497100,A3,1.570,-81.6,0.938,2.033
2497120,A2,2.830,-81.9,0.968,2.033
2497130,A1,2.410,-81.8,0.994,2.057
2497250,A3,1.540,-81.6,0.994,2.073
2497270,A2,2.890,-81.9,0.932,2.073
2497280,A1,2.410,-81.7,0.932,2.073
2497400,A3,1.560,-80.8,0.932,2.062
2497420,A2,2.860,-82.2,0.963,2.062
2497430,A1,2.410,-81.5,0.963,2.062
2497550,A3,1.530,-80.9,0.963,2.078
2497570,A2,2.870,-81.9,0.953,2.078
2497580,A1,2.420,-81.3,0.962,2.086
2497700,A3,1.540,-81.7,0.962,2.081
2497720,A2,2.850,-81.7,0.982,2.081
2497730,A1,2.400,-81.3,0.965,2.065
2497850,A3,1.530,-81.8,0.965,2.070
2497870,A2,2.870,-82.0,0.945,2.070
2497880,A1,2.400,-81.7,0.945,2.070
2498000,A3,1.520,-81.3,0.945,2.075
2498020,A2,2.900,-81.8,0.913,2.075
2498030,A1,2.390,-81.9,0.905,2.067
2498150,A3,1.530,-81.2,0.905,2.062
2498170,A2,2.840,-81.9,0.967,2.062
2498180,A1,2.420,-81.8,0.993,2.086
2498300,A3,1.540,-81.4,0.993,2.081
2498320,A2,2.880,-82.1,0.952,2.081
2498330,A1,2.400,-82.1,0.934,2.065
2498450,A3,1.560,-81.0,0.934,2.054
2498470,A2,2.880,-81.7,0.934,2.054
2498480,A1,2.400,-81.9,0.934,2.054
2498600,A3,1.540,-81.1,0.934,2.065
2498620,A2,2.860,-82.1,0.955,2.065
2498630,A1,2.420,-81.7,0.972,2.081
2498750,A3,1.540,-80.9,0.972,2.081
2498770,A2,2.860,-82.0,0.972,2.081
2498780,A1,2.400,-82.2,0.955,2.065
2499050,A3,1.540,-81.0,0.955,2.065
2499070,A2,2.840,-81.8,0.975,2.065
2499080,A1,2.410,-81.8,0.984,2.073
2499200,A3,1.550,-80.7,0.984,2.068
2499220,A2,2.870,-82.3,0.953,2.068
2499230,A1,2.400,-82.2,0.945,2.060
2499350,A3,1.560,-80.9,0.945,2.054
2499370,A2,2.870,-81.9,0.945,2.054
2499380,A1,2.420,-81.7,0.962,2.070
2499500,A3,1.540,-81.2,0.962,2.081
2499520,A2,2.880,-81.6,0.952,2.081
2499530,A1,2.390,-82.0,0.926,2.057
2499650,A3,1.530,-80.8,0.926,2.062
2499670,A2,2.860,-82.2,0.946,2.062
2499680,A1,2.390,-82.2,0.946,2.062
2499800,A3,1.560,-81.1,0.946,2.046
2499820,A2,2.850,-81.8,0.956,2.046
2499830,A1,2.410,-81.7,0.974,2.062
2499950,A3,1.530,-80.9,0.974,2.078
2499970,A2,2.830,-81.8,0.994,2.078
2499980,A1,2.410,-81.9,0.994,2.078
2500100,A3,1.550,-81.3,0.994,2.068
2500120,A2,2.870,-82.0,0.953,2.068
2500130,A1,2.410,-81.7,0.953,2.068
2500250,A3,1.570,-81.3,0.953,2.057
2500270,A2,2.830,-82.0,0.994,2.057
2500280,A1,2.390,-81.8,0.977,2.041
2500400,A3,1.540,-81.2,0.977,2.057
2500420,A2,2.890,-81.8,0.915,2.057
2500430,A1,2.400,-81.4,0.924,2.065
2500550,A3,1.560,-81.5,0.924,2.054
2500570,A2,2.830,-81.9,0.986,2.054
2500580,A1,2.410,-81.6,0.994,2.062
2500700,A3,1.550,-80.7,0.994,2.068
2500720,A2,2.860,-81.7,0.963,2.068
2500730,A1,2.410,-82.1,0.963,2.068
2500850,A3,1.550,-81.2,0.963,2.068
2500870,A2,2.820,-81.6,1.004,2.068
2500880,A1,2.400,-82.3,0.996,2.060
2501000,A3,1.580,-80.6,0.996,2.044
2501020,A2,2.880,-82.1,0.934,2.044
2501030,A1,2.390,-81.6,0.926,2.036
2501150,A3,1.550,-80.9,0.926,2.052
2501170,A2,2.860,-82.2,0.946,2.052
2501180,A1,2.390,-81.7,0.946,2.052
2501300,A3,1.550,-81.3,0.946,2.052
2501320,A2,2.900,-81.7,0.905,2.052
2501330,A1,2.410,-81.8,0.922,2.068
2501450,A3,1.550,-80.5,0.922,2.068
2501470,A2,2.870,-81.9,0.953,2.068
2501480,A1,2.390,-82.0,0.936,2.052
2501600,A3,1.530,-80.8,0.936,2.062
2501620,A2,2.830,-82.0,0.977,2.062
2501630,A1,2.400,-81.8,0.986,2.070
2501750,A3,1.550,-80.4,0.986,2.060
2501770,A2,2.860,-82.3,0.955,2.060
2501780,A1,2.390,-82.1,0.946,2.052
2501900,A3,1.530,-80.7,0.946,2.062
2501920,A2,2.860,-81.8,0.946,2.062
2501930,A1,2.410,-81.7,0.963,2.078
2502200,A3,1.540,-80.9,0.963,2.073
2502220,A2,2.850,-82.1,0.974,2.073
2502230,A1,2.410,-81.9,0.974,2.073
2502350,A3,1.550,-80.7,0.974,2.068
2502370,A2,2.820,-81.7,1.004,2.068
2502380,A1,2.420,-81.7,1.013,2.076
2502500,A3,1.540,-80.5,1.013,2.081
2502520,A2,2.870,-81.7,0.962,2.081
2502530,A1,2.410,-81.9,0.953,2.073
2502650,A3,1.560,-80.8,0.953,2.062
2502670,A2,2.820,-82.1,1.004,2.062
2502680,A1,2.410,-81.9,1.004,2.062
2502800,A3,1.550,-80.6,1.004,2.068
2502820,A2,2.830,-81.9,0.994,2.068
2502830,A1,2.390,-81.5,0.977,2.052
2502950,A3,1.570,-80.9,0.977,2.041
2502970,A2,2.870,-82.2,0.936,2.041
2502980,A1,2.400,-82.3,0.945,2.049
2503100,A3,1.550,-80.6,0.945,2.060
2503120,A2,2.860,-82.1,0.955,2.060
2503130,A1,2.410,-81.5,0.963,2.068
2503250,A3,1.560,-81.0,0.963,2.062
2503270,A2,2.880,-81.8,0.943,2.062
2503280,A1,2.430,-81.6,0.960,2.079
2503400,A3,1.570,-80.6,0.960,2.073
2503420,A2,2.860,-81.9,0.981,2.073
2503430,A1,2.410,-81.7,0.963,2.057
2503550,A3,1.580,-81.1,0.963,2.052
2503570,A2,2.870,-81.8,0.953,2.052
2503580,A1,2.410,-81.8,0.953,2.052
2503700,A3,1.540,-80.7,0.953,2.073
2503720,A2,2.860,-82.1,0.963,2.073
2503730,A1,2.430,-81.9,0.981,2.089
2503850,A3,1.570,-81.1,0.981,2.073
2503870,A2,2.850,-81.9,0.991,2.073
2503880,A1,2.380,-81.5,0.948,2.033
2504000,A3,1.530,-81.1,0.948,2.054
2504020,A2,2.860,-81.9,0.938,2.054
2504030,A1,2.420,-81.8,0.972,2.086
2504150,A3,1.590,-80.8,0.972,2.055
2504170,A2,2.850,-82.3,0.982,2.055
2504180,A1,2.420,-81.9,0.982,2.055
2504300,A3,1.530,-81.3,0.982,2.086
2504320,A2,2.860,-81.8,0.972,2.086
2504330,A1,2.410,-81.4,0.963,2.078
2504450,A3,1.560,-81.3,0.963,2.062
2504470,A2,2.820,-81.8,1.004,2.062
2504480,A1,2.410,-81.6,1.004,2.062
2504600,A3,1.550,-81.1,1.004,2.068
2504620,A2,2.880,-81.5,0.943,2.068
2504630,A1,2.400,-81.7,0.934,2.060
2504750,A3,1.560,-81.0,0.934,2.054
2504770,A2,2.860,-81.8,0.955,2.054
2504780,A1,2.390,-81.8,0.946,2.046
2504900,A3,1.530,-81.2,0.946,2.062
2504920,A2,2.830,-82.0,0.977,2.062
2504930,A1,2.400,-82.2,0.986,2.070
2505050,A3,1.570,-80.7,0.986,2.049
2505070,A2,2.850,-81.6,0.965,2.049
2505080,A1,2.410,-82.3,0.974,2.057
2505350,A3,1.550,-80.5,0.974,2.068
2505370,A2,2.850,-81.8,0.974,2.068
2505380,A1,2.410,-82.2,0.974,2.068
2505500,A3,1.570,-80.9,0.974,2.057
2505520,A2,2.860,-82.0,0.963,2.057
2505530,A1,2.390,-81.9,0.946,2.041
2505650,A3,1.530,-81.3,0.946,2.062
2505670,A2,2.860,-81.9,0.946,2.062
2505680,A1,2.410,-81.9,0.963,2.078
2505800,A3,1.590,-81.2,0.963,2.047
2505820,A2,2.850,-82.2,0.974,2.047
2505830,A1,2.400,-81.7,0.965,2.039
2505950,A3,1.560,-81.4,0.965,2.054
2505970,A2,2.840,-81.9,0.975,2.054
2505980,A1,2.380,-81.8,0.958,2.038
2506100,A3,1.540,-80.8,0.958,2.049
2506120,A2,2.830,-81.8,0.968,2.049
2506130,A1,2.380,-82.1,0.968,2.049
2506250,A3,1.590,-80.7,0.968,2.023
2506270,A2,2.860,-81.6,0.938,2.023
2506280,A1,2.400,-81.5,0.955,2.039
2506400,A3,1.560,-81.1,0.955,2.054
2506420,A2,2.840,-82.3,0.975,2.054
2506430,A1,2.420,-82.2,0.993,2.070
2506550,A3,1.550,-80.4,0.993,2.076
2506580,A1,2.420,-81.8,0.993,2.076
2506730,A1,2.410,-82.1,0.984,2.068
2506850,A3,1.560,-80.8,0.984,2.062
2506870,A2,2.840,-81.8,0.984,2.062
2506880,A1,2.410,-81.4,0.984,2.062
2507000,A3,1.590,-81.1,0.984,2.047
2507020,A2,2.830,-81.8,0.994,2.047
2507030,A1,2.400,-81.5,0.986,2.039
2507150,A3,1.530,-81.1,0.986,2.070
2507170,A2,2.850,-81.6,0.965,2.070
2507180,A1,2.400,-81.5,0.965,2.070
2507300,A3,1.580,-80.7,0.965,2.044
2507320,A2,2.880,-81.4,0.934,2.044
2507330,A1,2.420,-82.2,0.952,2.060
2507450,A3,1.570,-81.3,0.952,2.065
2507470,A2,2.870,-81.8,0.962,2.065
2507480,A1,2.410,-81.6,0.953,2.057
2507600,A3,1.560,-80.6,0.953,2.062
2507620,A2,2.820,-81.8,1.004,2.062
2507630,A1,2.430,-81.7,1.022,2.079
2507750,A3,1.550,-81.2,1.022,2.084
2507770,A2,2.860,-82.0,0.981,2.084
2507780,A1,2.390,-81.8,0.946,2.052
2507900,A3,1.540,-80.8,0.946,2.057
2507920,A2,2.870,-81.8,0.936,2.057
2507930,A1,2.420,-82.0,0.962,2.081
2508050,A3,1.580,-81.0,0.962,2.060
2508070,A2,2.870,-82.0,0.962,2.060
2508080,A1,2.380,-82.1,0.927,2.028
2508200,A3,1.550,-81.2,0.927,2.044
2508220,A2,2.850,-82.1,0.948,2.044
2508500,A3,1.570,-80.7,0.948,2.033
2508520,A2,2.850,-81.7,0.948,2.033
2508530,A1,2.400,-81.6,0.965,2.049
2508650,A3,1.550,-81.4,0.965,2.060
2508670,A2,2.880,-81.9,0.934,2.060
2508680,A1,2.390,-82.1,0.926,2.052
2508800,A3,1.540,-80.8,0.926,2.057
2508820,A2,2.890,-81.7,0.915,2.057
2508830,A1,2.420,-81.6,0.941,2.081
2508950,A3,1.550,-81.3,0.941,2.076
2508970,A2,2.820,-81.9,1.013,2.076
2508980,A1,2.420,-81.5,1.013,2.076
2509100,A3,1.530,-81.3,1.013,2.086
2509120,A2,2.860,-81.9,0.972,2.086
2509130,A1,2.390,-81.5,0.946,2.062
2509250,A3,1.540,-80.7,0.946,2.057
2509270,A2,2.860,-81.6,0.946,2.057
2509280,A1,2.420,-81.9,0.972,2.081
2509400,A3,1.570,-80.8,0.972,2.065
2509420,A2,2.890,-81.7,0.941,2.065
2509430,A1,2.410,-82.0,0.932,2.057
2509550,A3,1.540,-81.2,0.932,2.073
2509570,A2,2.870,-81.7,0.953,2.073
2509580,A1,2.410,-81.6,0.953,2.073
2509700,A3,1.540,-83.3,0.953,2.073
2509720,A2,2.880,-82.3,0.943,2.073
2509730,A1,2.430,-82.8,0.960,2.089
2509850,A3,1.570,-80.7,0.960,2.073
2509870,A2,2.860,-81.9,0.981,2.073
2509880,A1,2.420,-81.8,0.972,2.065
2510000,A3,1.530,-80.7,0.972,2.086
2510020,A2,2.880,-81.9,0.952,2.086
2510030,A1,2.430,-81.8,0.960,2.094
2510150,A3,1.540,-80.6,0.960,2.089
2510170,A2,2.890,-81.7,0.950,2.089
2510180,A1,2.420,-82.1,0.941,2.081
2510300,A3,1.550,-80.7,0.941,2.076
2510320,A2,2.870,-81.7,0.962,2.076
2510330,A1,2.430,-81.4,0.971,2.084
2510450,A3,1.560,-81.1,0.971,2.079
2510470,A2,2.850,-81.8,0.991,2.079
2510480,A1,2.420,-81.4,0.982,2.070
2510600,A3,1.550,-81.2,0.982,2.076
2510620,A2,2.870,-82.1,0.962,2.076
2510630,A1,2.430,-81.6,0.971,2.084
2510750,A3,1.550,-81.2,0.971,2.084
2510770,A2,2.850,-82.1,0.991,2.084
2510780,A1,2.390,-81.7,0.956,2.052
2510900,A3,1.540,-80.9,0.956,2.057
2510920,A2,2.870,-82.1,0.936,2.057
2510930,A1,2.390,-81.8,0.936,2.057
2511050,A3,1.550,-80.8,0.936,2.052
2511070,A2,2.870,-81.9,0.936,2.052
2511080,A1,2.420,-81.6,0.962,2.076
2511200,A3,1.540,-80.7,0.962,2.081
2511220,A2,2.850,-81.7,0.982,2.081
2511230,A1,2.410,-81.5,0.974,2.073
2511350,A3,1.540,-80.9,0.974,2.073
2511370,A2,2.840,-81.7,0.984,2.073
2511380,A1,2.420,-82.1,0.993,2.081
2511650,A3,1.540,-81.2,0.993,2.081
2511670,A2,2.810,-82.2,1.023,2.081
2511680,A1,2.400,-81.6,1.006,2.065
2511800,A3,1.580,-80.8,1.006,2.044
2511820,A2,2.860,-82.1,0.955,2.044
2511830,A1,2.420,-82.2,0.972,2.060
2511950,A3,1.560,-81.1,0.972,2.070
2511970,A2,2.840,-81.8,0.993,2.070
2511980,A1,2.410,-81.9,0.984,2.062
2512100,A3,1.550,-81.2,0.984,2.068
2512120,A2,2.860,-81.9,0.963,2.068
2512130,A1,2.400,-81.7,0.955,2.060
2512250,A3,1.540,-80.5,0.955,2.065
2512270,A2,2.820,-81.5,0.996,2.065
2512280,A1,2.390,-81.5,0.987,2.057
2512400,A3,1.550,-81.1,0.987,2.052
2512420,A2,2.870,-81.8,0.936,2.052
2512430,A1,2.420,-81.4,0.962,2.076
2512550,A3,1.540,-80.8,0.962,2.081
2512570,A2,2.830,-81.8,1.003,2.081
2512580,A1,2.400,-82.0,0.986,2.065
2512700,A3,1.560,-81.1,0.986,2.054
2512720,A2,2.840,-81.8,0.975,2.054
2512730,A1,2.400,-81.8,0.975,2.054
2512850,A3,1.550,-80.6,0.975,2.060
2512870,A2,2.860,-82.4,0.955,2.060
2512880,A1,2.410,-82.0,0.963,2.068
2513000,A3,1.560,-81.5,0.963,2.062
2513020,A2,2.840,-81.8,0.984,2.062
2513030,A1,2.410,-81.9,0.984,2.062
2513150,A3,1.540,-81.1,0.984,2.073
2513170,A2,2.850,-81.8,0.974,2.073
2513180,A1,2.420,-81.8,0.982,2.081
2513300,A3,1.560,-80.4,0.982,2.070
2513320,A2,2.870,-81.5,0.962,2.070
2513330,A1,2.390,-81.8,0.936,2.046
2513450,A3,1.580,-80.6,0.936,2.036
2513470,A2,2.860,-81.7,0.946,2.036
2513480,A1,2.420,-82.0,0.972,2.060
2513600,A3,1.530,-80.7,0.972,2.086
2513620,A2,2.840,-82.2,0.993,2.086
2513630,A1,2.420,-82.1,0.993,2.086
2513750,A3,1.540,-80.9,0.993,2.081
2513770,A2,2.850,-82.0,0.982,2.081
2513780,A1,2.410,-81.5,0.974,2.073
2513900,A3,1.550,-80.5,0.974,2.068
2513920,A2,2.860,-81.9,0.963,2.068
2513930,A1,2.410,-81.6,0.963,2.068
2514050,A3,1.550,-81.1,0.963,2.068
2514070,A2,2.860,-81.9,0.963,2.068
2514080,A1,2.420,-82.0,0.972,2.076
2514200,A3,1.540,-80.8,0.972,2.081
2514220,A2,2.830,-82.1,1.003,2.081
2514230,A1,2.410,-82.1,0.994,2.073
2514350,A3,1.540,-81.0,0.994,2.073
2514370,A2,2.880,-81.8,0.943,2.073
2514380,A1,2.400,-82.2,0.934,2.065
2514500,A3,1.560,-80.7,0.934,2.054
2514520,A2,2.840,-81.8,0.975,2.054
2514530,A1,2.410,-81.7,0.984,2.062
2514800,A3,1.540,-81.2,0.984,2.073
2514820,A2,2.850,-82.2,0.974,2.073
2514830,A1,2.410,-81.9,0.974,2.073
2514950,A3,1.540,-80.8,0.974,2.073
2514970,A2,2.880,-81.6,0.943,2.073
2514980,A1,2.410,-81.8,0.943,2.073
2515100,A3,1.550,-80.6,0.943,2.068
2515120,A2,2.870,-81.9,0.953,2.068
2515130,A1,2.400,-82.0,0.945,2.060
2515250,A3,1.550,-80.6,0.945,2.060
2515270,A2,2.860,-82.0,0.955,2.060
2515280,A1,2.410,-81.7,0.963,2.068
2515400,A3,1.560,-81.2,0.963,2.062
2515420,A2,2.870,-82.3,0.953,2.062
2515430,A1,2.410,-81.6,0.953,2.062
2515550,A3,1.560,-80.9,0.953,2.062
2515570,A2,2.860,-82.1,0.963,2.062
2515580,A1,2.420,-81.7,0.972,2.070
2515700,A3,1.550,-81.2,0.972,2.076
2515720,A2,2.810,-82.2,1.023,2.076
2515730,A1,2.420,-81.4,1.023,2.076
2515850,A3,1.540,-81.1,1.023,2.081
2515870,A2,2.850,-81.9,0.982,2.081
2515880,A1,2.410,-81.5,0.974,2.073
2516000,A3,1.570,-80.8,0.974,2.057
2516020,A2,2.870,-82.0,0.953,2.057
2516030,A1,2.400,-81.7,0.945,2.049
2516150,A3,1.570,-80.7,0.945,2.049
2516170,A2,2.860,-81.7,0.955,2.049
2516180,A1,2.400,-81.7,0.955,2.049
2516300,A3,1.560,-80.8,0.955,2.054
2516320,A2,2.840,-82.3,0.975,2.054
2516330,A1,2.430,-81.7,1.001,2.079
2516450,A3,1.560,-80.7,1.001,2.079
2516470,A2,2.860,-82.3,0.981,2.079
2516480,A1,2.420,-82.3,0.972,2.070
2516600,A3,1.590,-80.4,0.972,2.055
2516620,A2,2.860,-81.8,0.972,2.055
2516630,A1,2.420,-81.6,0.972,2.055
2516750,A3,1.560,-80.9,0.972,2.070
2516770,A2,2.870,-82.3,0.962,2.070
2516780,A1,2.390,-81.9,0.936,2.046
2516900,A3,1.570,-81.0,0.936,2.041
2516920,A2,2.840,-81.6,0.967,2.041
2516930,A1,2.400,-81.9,0.975,2.049
2517050,A3,1.570,-80.8,0.975,2.049
2517070,A2,2.860,-82.1,0.955,2.049
2517080,A1,2.380,-81.6,0.938,2.033
2517200,A3,1.560,-80.8,0.938,2.038
2517220,A2,2.840,-82.1,0.958,2.038
2517230,A1,2.430,-81.4,1.001,2.079
2517350,A3,1.570,-80.9,1.001,2.073
2517370,A2,2.890,-82.2,0.950,2.073
2517380,A1,2.420,-81.5,0.941,2.065
2517500,A3,1.590,-81.0,0.941,2.055
2517520,A2,2.860,-81.9,0.972,2.055
2517530,A1,2.410,-81.8,0.963,2.047
2517650,A3,1.570,-81.2,0.963,2.057
2517670,A2,2.850,-82.1,0.974,2.057
2517680,A1,2.410,-81.7,0.974,2.057
2517950,A3,1.580,-81.2,0.974,2.052
2517970,A2,2.860,-81.9,0.963,2.052
2517980,A1,2.410,-81.4,0.963,2.052
2518100,A3,1.560,-81.0,0.963,2.062
2518120,A2,2.850,-82.0,0.974,2.062
2518130,A1,2.430,-82.0,0.991,2.079
2518250,A3,1.570,-80.8,0.991,2.073
2518270,A2,2.870,-81.8,0.971,2.073
2518280,A1,2.420,-81.9,0.962,2.065
2518400,A3,1.540,-80.9,0.962,2.081
2518420,A2,2.840,-81.7,0.993,2.081
2518430,A1,2.410,-81.5,0.984,2.073
2518550,A3,1.520,-80.5,0.984,2.083
2518570,A2,2.850,-81.9,0.974,2.083
2518580,A1,2.420,-81.6,0.982,2.091
2518700,A3,1.560,-81.2,0.982,2.070
2518720,A2,2.850,-81.7,0.982,2.070
2518730,A1,2.420,-81.5,0.982,2.070
2518850,A3,1.550,-81.2,0.982,2.076
2518870,A2,2.850,-81.7,0.982,2.076
2518880,A1,2.390,-81.8,0.956,2.052
2519000,A3,1.540,-81.4,0.956,2.057
2519020,A2,2.860,-82.0,0.946,2.057
2519030,A1,2.410,-81.8,0.963,2.073
2519150,A3,1.560,-80.7,0.963,2.062
2519170,A2,2.850,-81.9,0.974,2.062
2519180,A1,2.410,-81.2,0.974,2.062
2519300,A3,1.560,-80.9,0.974,2.062
2519320,A2,2.840,-81.9,0.984,2.062
2519330,A1,2.420,-81.3,0.993,2.070
2519450,A3,1.570,-81.2,0.993,2.065
2519470,A2,2.870,-81.6,0.962,2.065
2519480,A1,2.430,-82.0,0.971,2.073
2519600,A3,1.550,-80.7,0.971,2.084
2519620,A2,2.840,-81.8,1.001,2.084
2519630,A1,2.410,-81.5,0.984,2.068
2519750,A3,1.550,-81.0,0.984,2.068
2519770,A2,2.850,-81.8,0.974,2.068
2519780,A1,2.430,-81.8,0.991,2.084
2519900,A3,1.540,-80.8,0.991,2.089
2519920,A2,2.850,-81.6,0.991,2.089
2519930,A1,2.400,-81.8,0.965,2.065
2520050,A3,1.550,-81.2,0.965,2.060
2520070,A2,2.840,-82.0,0.975,2.060
2520080,A1,2.420,-81.4,0.993,2.076
2520220,A2,2.850,-82.1,0.982,2.076
2520230,A1,2.430,-81.6,0.991,2.084
2520370,A2,2.850,-82.4,0.991,2.084
2520380,A1,2.430,-82.5,0.991,2.084
2520500,A3,1.540,-81.6,0.991,2.089
2520520,A2,2.860,-81.8,0.981,2.089
2520530,A1,2.400,-81.5,0.955,2.065
2520800,A3,1.550,-81.9,0.955,2.060
2520820,A2,2.820,-81.8,0.996,2.060
2520830,A1,2.390,-81.3,0.987,2.052
2521100,A3,1.540,-81.8,0.987,2.057
2521120,A2,2.860,-81.9,0.946,2.057
2521130,A1,2.400,-82.2,0.955,2.065
2521250,A3,1.540,-81.3,0.955,2.065
2521270,A2,2.840,-82.3,0.975,2.065
2521280,A1,2.430,-81.3,1.001,2.089
2521400,A3,1.560,-81.1,1.001,2.079
2521420,A2,2.880,-81.9,0.960,2.079
2521430,A1,2.440,-81.4,0.969,2.087
2521550,A3,1.560,-81.5,0.969,2.087
2521570,A2,2.890,-81.8,0.959,2.087
2521580,A1,2.410,-81.5,0.932,2.062
2521700,A3,1.550,-81.1,0.932,2.068
2521720,A2,2.920,-81.8,0.901,2.068
2521730,A1,2.410,-81.8,0.901,2.068
2521850,A3,1.550,-81.8,0.901,2.068
2521870,A2,2.900,-82.0,0.922,2.068
2521880,A1,2.420,-81.8,0.931,2.076
2522000,A3,1.550,-81.7,0.931,2.076
2522020,A2,2.880,-81.9,0.952,2.076
2522030,A1,2.440,-82.1,0.969,2.092
2522150,A3,1.520,-81.6,0.969,2.107
2522170,A2,2.850,-81.8,1.000,2.107
2522180,A1,2.400,-81.5,0.965,2.075
2522300,A3,1.560,-81.1,0.965,2.054
2522320,A2,2.880,-81.9,0.934,2.054
2522330,A1,2.400,-82.0,0.934,2.054
2522450,A3,1.580,-81.3,0.934,2.044
2522470,A2,2.860,-81.9,0.955,2.044
2522480,A1,2.400,-81.2,0.955,2.044
2522600,A3,1.550,-81.5,0.955,2.060
2522620,A2,2.860,-82.2,0.955,2.060
2522630,A1,2.430,-81.4,0.981,2.084
2522750,A3,1.560,-81.2,0.981,2.079
2522770,A2,2.850,-81.9,0.991,2.079
2522780,A1,2.440,-81.3,1.000,2.087
2522900,A3,1.550,-81.4,1.000,2.092
2522920,A2,2.860,-81.5,0.990,2.092
2522930,A1,2.440,-81.7,0.990,2.092
2523050,A3,1.530,-81.2,0.990,2.102
2523070,A2,2.880,-82.2,0.969,2.102
2523080,A1,2.420,-81.5,0.952,2.086
2523200,A3,1.550,-81.1,0.952,2.076
2523220,A2,2.870,-81.7,0.962,2.076
2523230,A1,2.430,-81.3,0.971,2.084
2523350,A3,1.530,-80.9,0.971,2.094
2523370,A2,2.890,-82.0,0.950,2.094
2523380,A1,2.410,-81.8,0.932,2.078
2523500,A3,1.550,-81.7,0.932,2.068
2523520,A2,2.880,-81.7,0.943,2.068
2523530,A1,2.430,-81.5,0.960,2.084
2523650,A3,1.570,-81.6,0.960,2.073
2523670,A2,2.870,-81.9,0.971,2.073
2523680,A1,2.420,-82.0,0.962,2.065
2523800,A3,1.540,-81.4,0.962,2.081
2523820,A2,2.880,-82.0,0.952,2.081
2523830,A1,2.390,-82.1,0.926,2.057
2523950,A3,1.560,-81.4,0.926,2.046
2523970,A2,2.890,-81.9,0.915,2.046
2523980,A1,2.430,-81.5,0.950,2.079
2524250,A3,1.550,-81.1,0.950,2.084
2524270,A2,2.820,-82.1,1.022,2.084
2524280,A1,2.410,-81.4,1.004,2.068
2524400,A3,1.550,-81.2,1.004,2.068
2524420,A2,2.850,-81.8,0.974,2.068
2524430,A1,2.430,-81.5,0.991,2.084
2524550,A3,1.540,-81.3,0.991,2.089
2524570,A2,2.860,-82.2,0.981,2.089
2524580,A1,2.440,-81.3,0.990,2.097
2524700,A3,1.550,-81.5,0.990,2.092
2524720,A2,2.840,-82.0,1.010,2.092
2524730,A1,2.450,-81.8,1.019,2.100
2524850,A3,1.580,-81.1,1.019,2.084
2524870,A2,2.870,-81.8,0.988,2.084
2524880,A1,2.420,-81.6,0.962,2.060
2525000,A3,1.570,-81.5,0.962,2.065
2525020,A2,2.860,-81.8,0.972,2.065
2525030,A1,2.400,-81.5,0.955,2.049
2525150,A3,1.540,-81.2,0.955,2.065
2525170,A2,2.880,-82.1,0.934,2.065
2525180,A1,2.420,-82.2,0.952,2.081
2525300,A3,1.540,-81.6,0.952,2.081
2525320,A2,2.890,-81.9,0.941,2.081
2525330,A1,2.420,-82.1,0.941,2.081
2525450,A3,1.540,-81.5,0.941,2.081
2525470,A2,2.830,-81.9,1.003,2.081
2525480,A1,2.430,-81.5,1.012,2.089
2525600,A3,1.540,-81.5,1.012,2.089
2525620,A2,2.880,-82.1,0.960,2.089
2525630,A1,2.430,-81.7,0.960,2.089
2525750,A3,1.570,-80.9,0.960,2.073
2525770,A2,2.870,-81.9,0.971,2.073
2525780,A1,2.440,-81.9,0.979,2.081
2525900,A3,1.550,-81.6,0.979,2.092
2525920,A2,2.820,-81.9,1.031,2.092
2525930,A1,2.430,-82.0,1.022,2.084
2526050,A3,1.560,-81.7,1.022,2.079
2526070,A2,2.880,-81.8,0.960,2.079
2526080,A1,2.440,-81.4,0.969,2.087
2526200,A3,1.560,-81.7,0.969,2.087
2526220,A2,2.870,-82.1,0.979,2.087
2526230,A1,2.410,-81.3,0.953,2.062
2526350,A3,1.540,-81.3,0.953,2.073
2526370,A2,2.840,-82.0,0.984,2.073
2526380,A1,2.400,-82.3,0.975,2.065
2526500,A3,1.560,-80.9,0.975,2.054
2526520,A2,2.870,-81.9,0.945,2.054
2526530,A1,2.430,-81.5,0.971,2.079
2526650,A3,1.550,-81.4,0.971,2.084
2526670,A2,2.890,-81.7,0.950,2.084
2526680,A1,2.420,-82.1,0.941,2.076
2526800,A3,1.530,-81.9,0.941,2.086
2526820,A2,2.870,-81.9,0.962,2.086
2526830,A1,2.410,-81.3,0.953,2.078
2526950,A3,1.540,-81.2,0.953,2.073
2526970,A2,2.880,-82.1,0.943,2.073
2526980,A1,2.430,-81.7,0.960,2.089
2527100,A3,1.550,-81.0,0.960,2.084
2527120,A2,2.900,-81.7,0.939,2.084
2527130,A1,2.410,-81.2,0.922,2.068
2527400,A3,1.550,-81.6,0.922,2.068
2527420,A2,2.870,-82.0,0.953,2.068
2527430,A1,2.440,-81.7,0.979,2.092
2527550,A3,1.550,-81.7,0.979,2.092
2527570,A2,2.880,-81.8,0.969,2.092
2527580,A1,2.420,-82.1,0.952,2.076
2527700,A3,1.540,-81.3,0.952,2.081
2527720,A2,2.900,-82.1,0.931,2.081
2527730,A1,2.450,-81.7,0.957,2.105
2527850,A3,1.550,-81.5,0.957,2.100
2527870,A2,2.840,-82.1,1.019,2.100
2527880,A1,2.410,-81.5,0.984,2.068
2528000,A3,1.560,-81.1,0.984,2.062
2528020,A2,2.830,-81.9,0.994,2.062
2528030,A1,2.440,-81.8,1.020,2.087
2528150,A3,1.550,-81.3,1.020,2.092
2528170,A2,2.880,-82.3,0.969,2.092
2528180,A1,2.440,-81.3,0.969,2.092
2528300,A3,1.530,-81.7,0.969,2.102
2528320,A2,2.820,-81.9,1.031,2.102
2528330,A1,2.420,-81.8,1.013,2.086
2528450,A3,1.540,-81.0,1.013,2.081
2528470,A2,2.870,-82.2,0.962,2.081
2528480,A1,2.450,-81.4,0.988,2.105
2528600,A3,1.570,-81.0,0.988,2.090
2528620,A2,2.850,-82.1,1.009,2.090
2528630,A1,2.410,-81.4,0.974,2.057
2528750,A3,1.550,-81.5,0.974,2.068
2528770,A2,2.820,-81.8,1.004,2.068
2528780,A1,2.430,-81.6,1.022,2.084
2528900,A3,1.560,-81.4,1.022,2.079
2528920,A2,2.860,-81.9,0.981,2.079
2528930,A1,2.400,-81.8,0.955,2.054
2529050,A3,1.550,-81.4,0.955,2.060
2529070,A2,2.900,-81.9,0.913,2.060
2529080,A1,2.420,-81.2,0.931,2.076
2529200,A3,1.540,-81.3,0.931,2.081
2529220,A2,2.860,-81.9,0.972,2.081
2529230,A1,2.450,-81.2,0.998,2.105
2529350,A3,1.550,-81.4,0.998,2.100
2529370,A2,2.880,-82.0,0.978,2.100
2529380,A1,2.440,-81.4,0.969,2.092
2529500,A3,1.540,-81.2,0.969,2.097
2529520,A2,2.860,-82.0,0.990,2.097
2529530,A1,2.410,-82.5,0.963,2.073
2529650,A3,1.540,-81.2,0.963,2.073
2529670,A2,2.870,-81.8,0.953,2.073
2529680,A1,2.390,-82.2,0.936,2.057
2529800,A3,1.530,-81.6,0.936,2.062
2529820,A2,2.870,-81.7,0.936,2.062
2529830,A1,2.440,-81.7,0.979,2.102
2529950,A3,1.570,-81.3,0.979,2.081
2529970,A2,2.890,-81.4,0.959,2.081
2529980,A1,2.420,-81.9,0.941,2.065
2530100,A3,1.570,-81.9,0.941,2.065
2530120,A2,2.860,-82.1,0.972,2.065
2530130,A1,2.440,-81.3,0.990,2.081
2530250,A3,1.560,-81.8,0.990,2.087
2530270,A2,2.870,-82.0,0.979,2.087
2530280,A1,2.420,-81.6,0.962,2.070
2530550,A3,1.550,-80.9,0.962,2.076
2530570,A2,2.870,-82.1,0.962,2.076
2530580,A1,2.440,-81.2,0.979,2.092
2530700,A3,1.550,-81.7,0.979,2.092
2530720,A2,2.870,-81.7,0.979,2.092
2530730,A1,2.440,-81.6,0.979,2.092
2530850,A3,1.550,-81.2,0.979,2.092
2530870,A2,2.880,-81.9,0.969,2.092
2530880,A1,2.420,-81.4,0.952,2.076
2531000,A3,1.550,-81.9,0.952,2.076
2531020,A2,2.850,-82.2,0.982,2.076
2531030,A1,2.410,-82.4,0.974,2.068
2531150,A3,1.520,-81.0,0.974,2.083
2531170,A2,2.910,-82.2,0.912,2.083
2531180,A1,2.400,-81.2,0.903,2.075
2531300,A3,1.570,-81.4,0.903,2.049
2531320,A2,2.860,-88.0,0.955,2.049
2531330,A1,2.440,-81.8,0.990,2.081
2531450,A3,1.570,-81.8,0.990,2.081
2531470,A2,2.870,-82.1,0.979,2.081
2531480,A1,2.400,-81.8,0.945,2.049
2531600,A3,1.580,-81.2,0.945,2.044
2531620,A2,2.850,-81.8,0.965,2.044
2531630,A1,2.430,-81.7,0.991,2.068
2531750,A3,1.520,-81.6,0.991,2.099
2531770,A2,2.860,-81.9,0.981,2.099
2531780,A1,2.430,-81.7,0.981,2.099
2531900,A3,1.580,-81.4,0.981,2.068
2531920,A2,2.860,-81.9,0.981,2.068
2531930,A1,2.430,-81.7,0.981,2.068
2532050,A3,1.550,-81.1,0.981,2.084
2532070,A2,2.860,-82.0,0.981,2.084
2532080,A1,2.410,-81.8,0.963,2.068
2532200,A3,1.520,-81.3,0.963,2.083
2532220,A2,2.850,-82.1,0.974,2.083
2532230,A1,2.430,-81.2,0.991,2.099
2532370,A2,2.890,-81.9,0.950,2.099
2532380,A1,2.420,-81.7,0.941,2.091
2532520,A2,2.880,-81.7,0.952,2.091
2532530,A1,2.450,-81.6,0.978,2.115
2532650,A3,1.560,-81.5,0.978,2.095
2532670,A2,2.890,-82.3,0.967,2.095
2532680,A1,2.440,-81.5,0.959,2.087
2532800,A3,1.550,-81.6,0.959,2.092
2532820,A2,2.870,-82.1,0.979,2.092
2532830,A1,2.430,-81.7,0.971,2.084
2532950,A3,1.540,-81.4,0.971,2.089
2532970,A2,2.860,-82.1,0.981,2.089
2532980,A1,2.420,-81.5,0.972,2.081
2533100,A3,1.540,-81.5,0.972,2.081
2533120,A2,2.890,-82.3,0.941,2.081
2533130,A1,2.420,-81.7,0.941,2.081
2533250,A3,1.590,-81.3,0.941,2.055
2533270,A2,2.840,-81.7,0.993,2.055
2533280,A1,2.430,-81.8,1.001,2.063
2533400,A3,1.580,-81.1,1.001,2.068
2533420,A2,2.850,-82.1,0.991,2.068
2533430,A1,2.420,-81.5,0.982,2.060
2533700,A3,1.550,-81.4,0.982,2.076
2533720,A2,2.860,-81.9,0.972,2.076
2533730,A1,2.450,-81.4,0.998,2.100
2533850,A3,1.550,-81.5,0.998,2.100
2533870,A2,2.890,-82.1,0.967,2.100
2533880,A1,2.410,-81.7,0.932,2.068
2534000,A3,1.530,-81.2,0.932,2.078
2534020,A2,2.850,-82.1,0.974,2.078
2534030,A1,2.440,-81.2,1.000,2.102
2534150,A3,1.580,-81.2,1.000,2.076
2534170,A2,2.840,-82.0,1.010,2.076
2534180,A1,2.390,-81.5,0.967,2.036
2534300,A3,1.560,-81.2,0.967,2.046
2534320,A2,2.830,-81.9,0.977,2.046
2534330,A1,2.440,-81.6,1.020,2.087
2534450,A3,1.530,-81.4,1.020,2.102
2534470,A2,2.860,-81.7,0.990,2.102
2534480,A1,2.420,-81.8,0.972,2.086
2534600,A3,1.550,-81.3,0.972,2.076
2534620,A2,2.890,-81.9,0.941,2.076
2534630,A1,2.440,-81.3,0.959,2.092
2534750,A3,1.550,-80.8,0.959,2.092
2534770,A2,2.860,-82.0,0.990,2.092
2534780,A1,2.430,-81.5,0.981,2.084
2534900,A3,1.550,-81.0,0.981,2.084
2534920,A2,2.850,-81.9,0.991,2.084
2534930,A1,2.450,-81.6,1.009,2.100
2535050,A3,1.550,-81.2,1.009,2.100
2535070,A2,2.840,-82.1,1.019,2.100
2535080,A1,2.400,-81.7,0.975,2.060
2535200,A3,1.540,-81.1,0.975,2.065
2535220,A2,2.870,-82.0,0.945,2.065
2535230,A1,2.420,-81.7,0.962,2.081
2535350,A3,1.560,-81.5,0.962,2.070
2535370,A2,2.880,-82.2,0.952,2.070
2535380,A1,2.420,-81.9,0.952,2.070
2535500,A3,1.570,-80.8,0.952,2.065
2535520,A2,2.890,-82.2,0.941,2.065
2535530,A1,2.420,-81.7,0.941,2.065
2535650,A3,1.580,-81.1,0.941,2.060
2535670,A2,2.890,-82.0,0.941,2.060
2535680,A1,2.430,-81.5,0.950,2.068
2535800,A3,1.550,-81.7,0.950,2.084
2535820,A2,2.850,-82.2,0.991,2.084
2535830,A1,2.420,-81.0,0.982,2.076
2535950,A3,1.560,-81.6,0.982,2.070
2535970,A2,2.890,-82.1,0.941,2.070
2535980,A1,2.430,-81.8,0.950,2.079
2536100,A3,1.550,-81.6,0.950,2.084
2536120,A2,2.890,-82.0,0.950,2.084
2536130,A1,2.440,-81.8,0.959,2.092
2536250,A3,1.570,-80.9,0.959,2.081
2536270,A2,2.940,-81.8,0.906,2.081
2536280,A1,2.410,-81.6,0.880,2.057
2536400,A3,1.550,-81.8,0.880,2.068
2536420,A2,2.860,-82.0,0.963,2.068
2536430,A1,2.440,-81.6,0.990,2.092
2536550,A3,1.550,-81.4,0.990,2.092
2536570,A2,2.890,-89.8,0.959,2.092
2536580,A1,2.440,-81.5,0.959,2.092
2536850,A3,1.580,-81.6,0.959,2.076
2536870,A2,2.850,-82.3,1.000,2.076
2536880,A1,2.420,-81.5,0.982,2.060
2537000,A3,1.570,-81.8,0.982,2.065
2537020,A2,2.840,-81.9,0.993,2.065
2537030,A1,2.410,-81.2,0.984,2.057
2537150,A3,1.560,-81.1,0.984,2.062
2537170,A2,2.820,-82.2,1.004,2.062
2537180,A1,2.440,-81.6,1.031,2.087
2537300,A3,1.560,-81.2,1.031,2.087
2537320,A2,2.860,-81.9,0.990,2.087
2537330,A1,2.420,-81.8,0.972,2.070
2537450,A3,1.560,-81.0,0.972,2.070
2537470,A2,2.870,-82.2,0.962,2.070
2537480,A1,2.450,-81.3,0.988,2.095
2537620,A2,2.870,-82.0,0.988,2.095
2537630,A1,2.420,-81.5,0.962,2.070
2537770,A2,2.890,-82.1,0.941,2.070
2537780,A1,2.420,-81.1,0.941,2.070
2537900,A3,1.560,-81.6,0.941,2.070
2537920,A2,2.860,-82.2,0.972,2.070
2537930,A1,2.420,-81.8,0.972,2.070
2538050,A3,1.530,-81.3,0.972,2.086
2538070,A2,2.850,-82.0,0.982,2.086
2538080,A1,2.440,-81.5,1.000,2.102
2538200,A3,1.550,-81.6,1.000,2.092
2538220,A2,2.840,-82.1,1.010,2.092
2538230,A1,2.430,-81.6,1.001,2.084
2538350,A3,1.550,-81.5,1.001,2.084
2538370,A2,2.830,-82.4,1.012,2.084
2538650,A3,1.560,-81.8,1.012,2.079
2538670,A2,2.840,-82.3,1.001,2.079
2538680,A1,2.420,-81.0,0.993,2.070
2538800,A3,1.550,-81.2,0.993,2.076
2538820,A2,2.860,-82.0,0.972,2.076
2538830,A1,2.440,-81.3,0.990,2.092
2538950,A3,1.550,-81.4,0.990,2.092
2538970,A2,2.890,-82.2,0.959,2.092
2538980,A1,2.430,-81.2,0.950,2.084
2539100,A3,1.580,-81.0,0.950,2.068
2539120,A2,2.870,-82.1,0.971,2.068
2539130,A1,2.430,-81.0,0.971,2.068
2539250,A3,1.550,-81.4,0.971,2.084
2539280,A1,2.430,-81.2,0.971,2.084
2539430,A1,2.440,-81.1,0.979,2.092
2539550,A3,1.540,-81.8,0.979,2.097
2539570,A2,2.890,-82.0,0.959,2.097
2539580,A1,2.410,-81.4,0.932,2.073
2539700,A3,1.560,-81.4,0.932,2.062
2539720,A2,2.870,-82.2,0.953,2.062
2539730,A1,2.420,-81.3,0.962,2.070
2540000,A3,1.590,-81.7,0.962,2.055
2540020,A2,2.840,-81.9,0.993,2.055
2540030,A1,2.430,-81.3,1.001,2.063
2540150,A3,1.570,-81.6,1.001,2.073
2540170,A2,2.870,-82.1,0.971,2.073
2540180,A1,2.430,-81.1,0.971,2.073
2540300,A3,1.530,-81.0,0.971,2.094
2540320,A2,2.860,-82.1,0.981,2.094
2540330,A1,2.440,-81.3,0.990,2.102
2540450,A3,1.560,-80.8,0.990,2.087
2540470,A2,2.840,-81.9,1.010,2.087
2540480,A1,2.420,-81.8,0.993,2.070
2540600,A3,1.530,-81.3,0.993,2.086
2540620,A2,2.880,-81.8,0.952,2.086
2540630,A1,2.420,-81.8,0.952,2.086
2540750,A3,1.570,-81.4,0.952,2.065
2540770,A2,2.890,-82.0,0.941,2.065
2540780,A1,2.440,-81.8,0.959,2.081
2540900,A3,1.550,-80.9,0.959,2.092
2540920,A2,2.850,-82.1,1.000,2.092
2540930,A1,2.430,-81.2,0.991,2.084
2541050,A3,1.590,-81.1,0.991,2.063
2541070,A2,2.850,-82.3,0.991,2.063
2541080,A1,2.430,-81.2,0.991,2.063
2541200,A3,1.560,-81.1,0.991,2.079
2541220,A2,2.860,-82.4,0.981,2.079
2541230,A1,2.430,-81.4,0.981,2.079
2541350,A3,1.550,-81.7,0.981,2.084
2541370,A2,2.870,-82.2,0.971,2.084
2541380,A1,2.450,-81.0,0.988,2.100
2541500,A3,1.560,-81.0,0.988,2.095
2541520,A2,2.890,-82.1,0.967,2.095
2541530,A1,2.420,-81.3,0.941,2.070
2541650,A3,1.550,-81.6,0.941,2.076
2541670,A2,2.850,-82.5,0.982,2.076
2541680,A1,2.400,-81.3,0.965,2.060
2541800,A3,1.550,-81.0,0.965,2.060
2541820,A2,2.890,-82.4,0.924,2.060
2541830,A1,2.430,-81.2,0.950,2.084
2541950,A3,1.550,-80.7,0.950,2.084
2541970,A2,2.840,-82.3,1.001,2.084
2541980,A1,2.410,-81.5,0.984,2.068
2542100,A3,1.590,-80.9,0.984,2.047
2542120,A2,2.850,-82.3,0.974,2.047
2542130,A1,2.430,-81.6,0.991,2.063
2542250,A3,1.550,-81.6,0.991,2.084
2542280,A1,2.410,-81.6,0.974,2.068
2542430,A1,2.410,-81.8,0.974,2.068
2542550,A3,1.550,-81.6,0.974,2.068
2542570,A2,2.870,-82.1,0.953,2.068
2542580,A1,2.420,-81.4,0.962,2.076
2542700,A3,1.530,-82.1,0.962,2.086
2542720,A2,2.840,-81.6,0.993,2.086
2542730,A1,2.420,-81.1,0.993,2.086
2542850,A3,1.550,-81.0,0.993,2.076
2542870,A2,2.840,-81.8,0.993,2.076
2542880,A1,2.440,-81.3,1.010,2.092
2543150,A3,1.530,-81.5,1.010,2.102
2543170,A2,2.860,-82.1,0.990,2.102
2543180,A1,2.390,-82.0,0.946,2.062
2543300,A3,1.520,-81.2,0.946,2.067
2543320,A2,2.850,-82.0,0.956,2.067
2543330,A1,2.420,-82.2,0.982,2.091
2543450,A3,1.520,-81.0,0.982,2.091
2543470,A2,2.890,-81.7,0.941,2.091
2543480,A1,2.400,-82.3,0.924,2.075
2543600,A3,1.560,-80.8,0.924,2.054
2543620,A2,2.840,-82.2,0.975,2.054
2543630,A1,2.390,-81.6,0.967,2.046
2543750,A3,1.550,-81.6,0.967,2.052
2543770,A2,2.870,-82.2,0.936,2.052
2543780,A1,2.410,-82.0,0.953,2.068
2543900,A3,1.530,-81.0,0.953,2.078
2543920,A2,2.850,-82.0,0.974,2.078
2543930,A1,2.410,-81.9,0.974,2.078
2544050,A3,1.570,-80.9,0.974,2.057
2544070,A2,2.840,-81.7,0.984,2.057
2544080,A1,2.410,-81.2,0.984,2.057
2544200,A3,1.550,-82.3,0.984,2.068
2544220,A2,2.880,-81.9,0.943,2.068
2544230,A1,2.410,-81.9,0.943,2.068
2544350,A3,1.540,-81.9,0.943,2.073
2544370,A2,2.830,-81.7,0.994,2.073
2544380,A1,2.430,-81.3,1.012,2.089
2544500,A3,1.540,-81.3,1.012,2.089
2544520,A2,2.870,-81.4,0.971,2.089
2544530,A1,2.420,-81.4,0.962,2.081
2544650,A3,1.560,-81.7,0.962,2.070
2544670,A2,2.880,-81.8,0.952,2.070
2544680,A1,2.420,-81.5,0.952,2.070
2544800,A3,1.540,-82.7,0.952,2.081
2544820,A2,2.860,-81.5,0.972,2.081
2544830,A1,2.430,-81.8,0.981,2.089
2544950,A3,1.530,-82.3,0.981,2.094
2544970,A2,2.890,-81.5,0.950,2.094
2544980,A1,2.430,-81.9,0.950,2.094
2545100,A3,1.540,-81.5,0.950,2.089
2545120,A2,2.840,-81.6,1.001,2.089
2545130,A1,2.430,-81.3,1.001,2.089
2545250,A3,1.560,-81.5,1.001,2.079
2545270,A2,2.850,-82.3,0.991,2.079
2545280,A1,2.420,-81.4,0.982,2.070
2545400,A3,1.540,-81.5,0.982,2.081
2545420,A2,2.860,-81.9,0.972,2.081
2545430,A1,2.430,-81.5,0.981,2.089
2545550,A3,1.550,-82.0,0.981,2.084
2545570,A2,2.900,-81.8,0.939,2.084
2545580,A1,2.440,-81.2,0.948,2.092
2545700,A3,1.530,-82.1,0.948,2.102
2545720,A2,2.840,-81.9,1.010,2.102
2545730,A1,2.430,-81.4,1.001,2.094
2545850,A3,1.560,-82.6,1.001,2.079
2545870,A2,2.870,-82.0,0.971,2.079
2545880,A1,2.410,-81.3,0.953,2.062
2546000,A3,1.510,-82.2,0.953,2.088
2546020,A2,2.870,-82.1,0.953,2.088
2546030,A1,2.430,-81.9,0.971,2.104
2546320,A2,2.850,-81.8,0.991,2.104
2546330,A1,2.400,-81.9,0.965,2.080
2546470,A2,2.850,-81.7,0.965,2.080
2546480,A1,2.420,-82.0,0.982,2.096
2546600,A3,1.530,-81.9,0.982,2.086
2546620,A2,2.860,-82.3,0.972,2.086
2546630,A1,2.430,-82.1,0.981,2.094
2546750,A3,1.520,-82.3,0.981,2.099
2546770,A2,2.890,-82.0,0.950,2.099
2546780,A1,2.440,-81.5,0.959,2.107
2546900,A3,1.530,-82.4,0.959,2.102
2546920,A2,2.870,-81.8,0.979,2.102
2546930,A1,2.430,-81.5,0.971,2.094
2547050,A3,1.520,-81.6,0.971,2.099
2547070,A2,2.850,-81.8,0.991,2.099
2547080,A1,2.430,-81.5,0.991,2.099
2547200,A3,1.560,-81.4,0.991,2.079
2547220,A2,2.880,-81.8,0.960,2.079
2547230,A1,2.450,-81.3,0.978,2.095
2547350,A3,1.550,-80.9,0.978,2.100
2547370,A2,2.880,-85.9,0.978,2.100
2547380,A1,2.430,-81.7,0.960,2.084
2547500,A3,1.540,-82.0,0.960,2.089
2547520,A2,2.850,-81.5,0.991,2.089
2547530,A1,2.440,-81.4,1.000,2.097
2547650,A3,1.520,-81.9,1.000,2.107
2547670,A2,2.860,-81.7,0.990,2.107
2547680,A1,2.420,-81.4,0.972,2.091
2547800,A3,1.550,-81.7,0.972,2.076
2547820,A2,2.820,-81.7,1.013,2.076
2548100,A3,1.580,-81.8,1.013,2.060
2548120,A2,2.800,-81.7,1.033,2.060
2548130,A1,2.420,-82.0,1.033,2.060
2548250,A3,1.550,-81.0,1.033,2.076
2548270,A2,2.850,-82.0,0.982,2.076
2548280,A1,2.430,-82.4,0.991,2.084
2548400,A3,1.520,-81.3,0.991,2.099
2548420,A2,2.840,-82.3,1.001,2.099
2548430,A1,2.430,-82.3,1.001,2.099
2548550,A3,1.520,-81.5,1.001,2.099
2548570,A2,2.860,-81.9,0.981,2.099
2548580,A1,2.400,-82.0,0.955,2.075
2548700,A3,1.560,-81.3,0.955,2.054
2548720,A2,2.840,-82.1,0.975,2.054
2548730,A1,2.410,-81.5,0.984,2.062
2548850,A3,1.520,-81.8,0.984,2.083
2548870,A2,2.850,-82.0,0.974,2.083
2548880,A1,2.470,-80.9,1.026,2.132
2549000,A3,1.520,-81.8,1.026,2.132
2549020,A2,2.830,-82.4,1.047,2.132
2549030,A1,2.440,-81.3,1.020,2.107
2549150,A3,1.530,-81.6,1.020,2.102
2549170,A2,2.830,-82.3,1.020,2.102
2549180,A1,2.420,-81.8,1.003,2.086
2549450,A3,1.550,-82.0,1.003,2.076
2549470,A2,2.840,-82.2,0.993,2.076
2549480,A1,2.430,-81.7,1.001,2.084
2549600,A3,1.550,-81.7,1.001,2.084
2549620,A2,2.860,-82.3,0.981,2.084
2549630,A1,2.440,-81.8,0.990,2.092
2549750,A3,1.530,-80.9,0.990,2.102
2549770,A2,2.870,-82.2,0.979,2.102
2549780,A1,2.420,-82.2,0.962,2.086
2549900,A3,1.510,-81.8,0.962,2.096
2549920,A2,2.850,-90.0,0.982,2.096
2549930,A1,2.460,-81.4,1.018,2.129
2550050,A3,1.540,-82.2,1.018,2.113
2550070,A2,2.870,-82.0,0.997,2.113
2550080,A1,2.450,-81.7,0.988,2.105
2550200,A3,1.540,-82.0,0.988,2.105
2550220,A2,2.860,-81.9,0.998,2.105
2550230,A1,2.410,-81.7,0.963,2.073
2550350,A3,1.510,-82.0,0.963,2.088
2550370,A2,2.850,-81.5,0.974,2.088
2550380,A1,2.410,-82.0,0.974,2.088
2550500,A3,1.500,-81.8,0.974,2.093
2550520,A2,2.840,-81.8,0.984,2.093
2550530,A1,2.410,-81.6,0.984,2.093
2550650,A3,1.550,-81.2,0.984,2.068
2550670,A2,2.860,-81.9,0.963,2.068
2550680,A1,2.440,-82.0,0.990,2.092
2550800,A3,1.560,-81.9,0.990,2.087
2550820,A2,2.840,-82.0,1.010,2.087
2550830,A1,2.420,-81.3,0.993,2.070
2550950,A3,1.520,-82.2,0.993,2.091
2550970,A2,2.850,-81.9,0.982,2.091
2550980,A1,2.450,-81.1,1.009,2.115
2551100,A3,1.520,-82.7,1.009,2.115
2551120,A2,2.850,-82.3,1.009,2.115
2551130,A1,2.460,-81.5,1.018,2.124
2551250,A3,1.530,-81.4,1.018,2.118
2551270,A2,2.870,-82.6,0.997,2.118
2551280,A1,2.420,-81.5,0.962,2.086
2551400,A3,1.540,-81.7,0.962,2.081
2551420,A2,2.860,-82.7,0.972,2.081
2551430,A1,2.440,-81.6,0.990,2.097
2551550,A3,1.550,-83.0,0.990,2.092
2551570,A2,2.870,-82.2,0.979,2.092
2551580,A1,2.440,-81.5,0.979,2.092
2551700,A3,1.510,-81.9,0.979,2.112
2551720,A2,2.830,-82.1,1.020,2.112
2551730,A1,2.430,-81.8,1.012,2.104
2551850,A3,1.510,-82.0,1.012,2.104
2551870,A2,2.870,-82.3,0.971,2.104
2551880,A1,2.440,-81.9,0.979,2.112
2552000,A3,1.560,-81.9,0.979,2.087
2552020,A2,2.870,-82.5,0.979,2.087
2552030,A1,2.430,-81.7,0.971,2.079
2552150,A3,1.530,-81.6,0.971,2.094
2552170,A2,2.860,-82.0,0.981,2.094
2552180,A1,2.450,-81.3,0.998,2.110
2552300,A3,1.520,-82.3,0.998,2.115
2552320,A2,2.850,-82.2,1.009,2.115
2552330,A1,2.470,-81.5,1.026,2.132
2552600,A3,1.510,-82.2,1.026,2.137
2552620,A2,2.850,-82.0,1.026,2.137
2552630,A1,2.450,-81.4,1.009,2.120
2552750,A3,1.550,-81.6,1.009,2.100
2552770,A2,2.910,-82.3,0.947,2.100
2552780,A1,2.440,-81.4,0.938,2.092
2552900,A3,1.550,-82.8,0.938,2.092
2552920,A2,2.840,-82.0,1.010,2.092
2552930,A1,2.440,-81.6,1.010,2.092
2553050,A3,1.530,-82.4,1.010,2.102
2553070,A2,2.870,-82.0,0.979,2.102
2553080,A1,2.440,-81.4,0.979,2.102
2553200,A3,1.530,-82.1,0.979,2.102
2553220,A2,2.870,-82.2,0.979,2.102
2553230,A1,2.460,-81.2,0.997,2.118
2553350,A3,1.520,-82.0,0.997,2.124
2553370,A2,2.840,-82.7,1.028,2.124
2553380,A1,2.440,-81.7,1.010,2.107
2553500,A3,1.550,-81.8,1.010,2.092
2553520,A2,2.830,-82.3,1.020,2.092
2553530,A1,2.450,-81.2,1.029,2.100
2553650,A3,1.530,-82.2,1.029,2.110
2553670,A2,2.860,-81.9,0.998,2.110
2553680,A1,2.450,-81.4,0.998,2.110
2553800,A3,1.520,-81.9,0.998,2.115
2553820,A2,2.830,-82.4,1.029,2.115
2553830,A1,2.460,-81.1,1.038,2.124
2553950,A3,1.520,-81.5,1.038,2.124
2553970,A2,2.900,-82.2,0.966,2.124
2553980,A1,2.470,-81.3,0.975,2.132
2554100,A3,1.540,-82.3,0.975,2.122
2554120,A2,2.850,-82.4,1.026,2.122
2554130,A1,2.450,-80.9,1.009,2.105
2554250,A3,1.550,-82.3,1.009,2.100
2554270,A2,2.820,-82.6,1.039,2.100
2554280,A1,2.450,-81.6,1.039,2.100
2554400,A3,1.530,-81.8,1.039,2.110
2554420,A2,2.870,-81.9,0.988,2.110
2554430,A1,2.450,-81.7,0.988,2.110
2554550,A3,1.510,-81.9,0.988,2.120
2554570,A2,2.860,-82.1,0.998,2.120
2554580,A1,2.420,-81.7,0.972,2.096
2554700,A3,1.530,-82.1,0.972,2.086
2554720,A2,2.830,-82.3,1.003,2.086
2554730,A1,2.450,-81.3,1.029,2.110
2554850,A3,1.550,-82.5,1.029,2.100
2554870,A2,2.820,-82.6,1.039,2.100
2554880,A1,2.440,-81.6,1.031,2.092
2555000,A3,1.550,-82.0,1.031,2.092
2555020,A2,2.850,-82.1,1.000,2.092
2555030,A1,2.460,-81.3,1.018,2.108
2555150,A3,1.530,-81.5,1.018,2.118
2555170,A2,2.850,-82.2,1.018,2.118
2555180,A1,2.420,-81.6,0.982,2.086
2555300,A3,1.560,-81.4,0.982,2.070
2555320,A2,2.850,-82.4,0.982,2.070
2555330,A1,2.440,-81.6,1.000,2.087
2555450,A3,1.570,-81.7,1.000,2.081
2555470,A2,2.860,-82.3,0.990,2.081
2555480,A1,2.430,-81.8,0.981,2.073
2555750,A3,1.560,-81.6,0.981,2.079
2555770,A2,2.860,-82.5,0.981,2.079
2555780,A1,2.440,-81.3,0.990,2.087
2555900,A3,1.530,-81.8,0.990,2.102
2555920,A2,2.880,-81.8,0.969,2.102
2555930,A1,2.430,-81.5,0.960,2.094
2556050,A3,1.560,-81.9,0.960,2.079
2556070,A2,2.870,-81.9,0.971,2.079
2556080,A1,2.420,-81.6,0.962,2.070
2556200,A3,1.560,-82.1,0.962,2.070
2556220,A2,2.850,-81.7,0.982,2.070
2556230,A1,2.420,-81.8,0.982,2.070
2556350,A3,1.520,-81.9,0.982,2.091
2556370,A2,2.860,-82.0,0.972,2.091
2556380,A1,2.440,-81.7,0.990,2.107
2556500,A3,1.520,-81.8,0.990,2.107
2556520,A2,2.860,-82.0,0.990,2.107
2556530,A1,2.440,-81.7,0.990,2.107
2556650,A3,1.580,-81.6,0.990,2.076
2556670,A2,2.860,-82.2,0.990,2.076
2556680,A1,2.440,-81.6,0.990,2.076
2556800,A3,1.560,-81.9,0.990,2.087
2556820,A2,2.860,-82.4,0.990,2.087
2556830,A1,2.430,-81.5,0.981,2.079
2556970,A2,2.870,-81.9,0.971,2.079
2556980,A1,2.440,-81.3,0.979,2.087
2557120,A2,2.860,-81.8,0.990,2.087
2557130,A1,2.420,-81.7,0.972,2.070
2557250,A3,1.520,-82.1,0.972,2.091
2557270,A2,2.860,-82.3,0.972,2.091
2557280,A1,2.420,-81.3,0.972,2.091
2557400,A3,1.520,-82.0,0.972,2.091
2557420,A2,2.850,-82.2,0.982,2.091
2557430,A1,2.450,-81.5,1.009,2.115
2557550,A3,1.530,-81.6,1.009,2.110
2557570,A2,2.850,-82.2,1.009,2.110
2557580,A1,2.440,-81.3,1.000,2.102
2557700,A3,1.540,-81.2,1.000,2.097
2557720,A2,2.860,-82.4,0.990,2.097
2557730,A1,2.440,-81.6,0.990,2.097
2557850,A3,1.560,-82.3,0.990,2.087
2557870,A2,2.860,-82.2,0.990,2.087
2557880,A1,2.440,-81.3,0.990,2.087
2558000,A3,1.540,-82.5,0.990,2.097
2558020,A2,2.850,-82.1,1.000,2.097
2558300,A3,1.520,-82.2,1.000,2.107
2558320,A2,2.860,-82.5,0.990,2.107
2558330,A1,2.440,-81.1,0.990,2.107
2558450,A3,1.560,-81.1,0.990,2.087
2558470,A2,2.850,-82.4,1.000,2.087
2558480,A1,2.450,-81.0,1.009,2.095
2558600,A3,1.510,-82.3,1.009,2.120
2558620,A2,2.850,-82.2,1.009,2.120
2558630,A1,2.450,-81.4,1.009,2.120
2558900,A3,1.520,-82.7,1.009,2.115
2558920,A2,2.860,-82.2,0.998,2.115
2558930,A1,2.450,-81.5,0.998,2.115
2559050,A3,1.520,-81.8,0.998,2.115
2559070,A2,2.850,-82.0,1.009,2.115
2559080,A1,2.440,-81.2,1.000,2.107
2559200,A3,1.530,-81.9,1.000,2.102
2559220,A2,2.880,-82.4,0.969,2.102
2559230,A1,2.440,-81.4,0.969,2.102
2559350,A3,1.530,-82.1,0.969,2.102
2559370,A2,2.880,-82.0,0.969,2.102
2559380,A1,2.440,-81.1,0.969,2.102
2559500,A3,1.540,-81.4,0.969,2.097
2559520,A2,2.890,-82.2,0.959,2.097
2559530,A1,2.430,-81.8,0.950,2.089
2559650,A3,1.540,-81.4,0.950,2.089
2559670,A2,2.860,-82.1,0.981,2.089
2559680,A1,2.450,-81.2,0.998,2.105
2559800,A3,1.520,-82.1,0.998,2.115
2559820,A2,2.870,-82.2,0.988,2.115
2559830,A1,2.420,-81.9,0.962,2.091
2559950,A3,1.490,-81.9,0.962,2.106
2559970,A2,2.860,-82.0,0.972,2.106
2559980,A1,2.450,-81.5,0.998,2.130
2560100,A3,1.520,-81.4,0.998,2.115
2560120,A2,2.860,-82.4,0.998,2.115
2560130,A1,2.460,-81.3,1.007,2.124
2560250,A3,1.560,-81.7,1.007,2.103
2560270,A2,2.890,-82.2,0.976,2.103
2560280,A1,2.470,-81.3,0.985,2.111
2560400,A3,1.520,-82.1,0.985,2.132
2560420,A2,2.890,-82.3,0.985,2.132
2560430,A1,2.460,-81.2,0.976,2.124
2560550,A3,1.520,-81.7,0.976,2.124
2560570,A2,2.840,-82.5,1.028,2.124
2560580,A1,2.450,-82.8,1.019,2.115
2560700,A3,1.520,-82.1,1.019,2.115
2560720,A2,2.900,-82.5,0.957,2.115
2560730,A1,2.440,-81.5,0.948,2.107
2560850,A3,1.530,-81.7,0.948,2.102
2560870,A2,2.880,-81.8,0.969,2.102
2560880,A1,2.450,-81.3,0.978,2.110
2561000,A3,1.530,-82.4,0.978,2.110
2561020,A2,2.850,-82.3,1.009,2.110
2561030,A1,2.460,-81.2,1.018,2.118
2561150,A3,1.530,-82.7,1.018,2.118
2561170,A2,2.870,-82.4,0.997,2.118
2561180,A1,2.470,-81.2,1.006,2.127
2561300,A3,1.530,-81.6,1.006,2.127
2561320,A2,2.870,-82.1,1.006,2.127
2561330,A1,2.440,-81.1,0.979,2.102
2561450,A3,1.520,-82.1,0.979,2.107
2561470,A2,2.860,-81.9,0.990,2.107
2561480,A1,2.450,-81.1,0.998,2.115
2561600,A3,1.530,-81.6,0.998,2.110
2561620,A2,2.860,-82.1,0.998,2.110
2561630,A1,2.450,-81.6,0.998,2.110
2561750,A3,1.530,-82.5,0.998,2.110
2561770,A2,2.880,-82.5,0.978,2.110
2561780,A1,2.430,-81.8,0.960,2.094
2562050,A3,1.570,-82.3,0.960,2.073
2562070,A2,2.830,-81.9,1.012,2.073
2562080,A1,2.450,-81.4,1.029,2.090
2562200,A3,1.540,-82.4,1.029,2.105
2562220,A2,2.880,-82.4,0.978,2.105
2562230,A1,2.440,-81.6,0.969,2.097
2562350,A3,1.520,-82.3,0.969,2.107
2562370,A2,2.890,-82.1,0.959,2.107
2562380,A1,2.440,-81.2,0.959,2.107
2562500,A3,1.520,-81.5,0.959,2.107
2562520,A2,2.870,-82.3,0.979,2.107
2562530,A1,2.460,-81.2,0.997,2.124
2562650,A3,1.550,-81.6,0.997,2.108
2562670,A2,2.870,-82.2,0.997,2.108
2562680,A1,2.430,-81.6,0.971,2.084
2562800,A3,1.540,-82.3,0.971,2.089
2562820,A2,2.850,-82.2,0.991,2.089
2562830,A1,2.460,-81.5,1.018,2.113
2562950,A3,1.560,-82.0,1.018,2.103
2562970,A2,2.850,-82.1,1.018,2.103
2562980,A1,2.430,-81.2,0.991,2.079
2563100,A3,1.530,-81.8,0.991,2.094
2563120,A2,2.860,-88.4,0.981,2.094
2563130,A1,2.440,-81.3,0.990,2.102
2563250,A3,1.530,-82.5,0.990,2.102
2563270,A2,2.850,-82.2,1.000,2.102
2563280,A1,2.440,-81.1,1.000,2.102
2563400,A3,1.510,-82.4,1.000,2.112
2563420,A2,2.890,-81.9,0.959,2.112
2563430,A1,2.450,-81.2,0.967,2.120
2563550,A3,1.520,-81.9,0.967,2.115
2563570,A2,2.870,-82.6,0.988,2.115
2563580,A1,2.460,-80.8,0.997,2.124
2563700,A3,1.530,-81.6,0.997,2.118
2563720,A2,2.870,-82.2,0.997,2.118
2563730,A1,2.480,-80.9,1.015,2.135
2563850,A3,1.550,-82.3,1.015,2.125
2563870,A2,2.870,-88.7,1.015,2.125
2563880,A1,2.470,-81.6,1.006,2.116
2564020,A2,2.830,-82.2,1.047,2.116
2564030,A1,2.460,-81.5,1.038,2.108
2564170,A2,2.820,-88.1,1.048,2.108
2564180,A1,2.440,-81.8,1.031,2.092
2564300,A3,1.550,-81.6,1.031,2.092
2564320,A2,2.850,-82.4,1.000,2.092
2564330,A1,2.440,-81.7,1.000,2.092
2564450,A3,1.570,-82.1,1.000,2.081
2564470,A2,2.840,-82.4,1.010,2.081
2564480,A1,2.460,-81.5,1.028,2.098
2564600,A3,1.550,-82.1,1.028,2.108
2564620,A2,2.880,-82.5,0.987,2.108
2564630,A1,2.450,-81.2,0.978,2.100
2564750,A3,1.580,-82.2,0.978,2.084
2564770,A2,2.860,-87.0,0.998,2.084
2564780,A1,2.460,-81.3,1.007,2.093
2564900,A3,1.530,-82.3,1.007,2.118
2564920,A2,2.820,-85.9,1.048,2.118
2564930,A1,2.440,-81.4,1.031,2.102
2565200,A3,1.540,-82.1,1.031,2.097
2565220,A2,2.880,-81.7,0.969,2.097
2565230,A1,2.450,-81.1,0.978,2.105
2565350,A3,1.550,-82.3,0.978,2.100
2565370,A2,2.850,-82.1,1.009,2.100
2565380,A1,2.430,-81.9,0.991,2.084
2565500,A3,1.530,-82.2,0.991,2.094
2565520,A2,2.890,-82.1,0.950,2.094
2565530,A1,2.420,-81.3,0.941,2.086
2565650,A3,1.530,-82.2,0.941,2.086
2565670,A2,2.880,-81.8,0.952,2.086
2565680,A1,2.440,-81.5,0.969,2.102
2565800,A3,1.530,-81.8,0.969,2.102
2565820,A2,2.860,-82.1,0.990,2.102
2565830,A1,2.450,-81.9,0.998,2.110
2565950,A3,1.510,-81.9,0.998,2.120
2565970,A2,2.850,-82.3,1.009,2.120
2565980,A1,2.440,-81.4,1.000,2.112
2566100,A3,1.510,-82.3,1.000,2.112
2566120,A2,2.860,-81.7,0.990,2.112
2566130,A1,2.430,-81.2,0.981,2.104
2566250,A3,1.530,-81.7,0.981,2.094
2566270,A2,2.850,-82.1,0.991,2.094
2566280,A1,2.450,-81.7,1.009,2.110
2566400,A3,1.530,-81.6,1.009,2.110
2566420,A2,2.880,-81.9,0.978,2.110
2566430,A1,2.440,-81.6,0.969,2.102
2566550,A3,1.540,-81.8,0.969,2.097
2566570,A2,2.870,-81.8,0.979,2.097
2566580,A1,2.460,-81.3,0.997,2.113
2566700,A3,1.560,-81.9,0.997,2.103
2566720,A2,2.840,-89.6,1.028,2.103
2566730,A1,2.460,-81.2,1.028,2.103
2566850,A3,1.540,-82.0,1.028,2.113
2566870,A2,2.840,-81.9,1.028,2.113
2566880,A1,2.450,-81.5,1.019,2.105
2567000,A3,1.560,-82.1,1.019,2.095
2567020,A2,2.870,-81.9,0.988,2.095
2567030,A1,2.450,-81.2,0.988,2.095
2567150,A3,1.520,-81.8,0.988,2.115
2567170,A2,2.870,-82.0,0.988,2.115
2567180,A1,2.440,-81.6,0.979,2.107
2567300,A3,1.530,-82.3,0.979,2.102
2567320,A2,2.870,-89.2,0.979,2.102
2567330,A1,2.440,-81.2,0.979,2.102
2567450,A3,1.520,-82.4,0.979,2.107
2567470,A2,2.850,-82.0,1.000,2.107
2567480,A1,2.440,-83.1,1.000,2.107
2567600,A3,1.530,-81.6,1.000,2.102
2567620,A2,2.840,-82.5,1.010,2.102
2567630,A1,2.450,-81.1,1.019,2.110
2567750,A3,1.540,-81.8,1.019,2.105
2567770,A2,2.840,-82.2,1.019,2.105
2567780,A1,2.470,-81.3,1.037,2.122
2567900,A3,1.540,-82.2,1.037,2.122
2567920,A2,2.850,-82.2,1.026,2.122
2567930,A1,2.440,-81.0,1.000,2.097
2568050,A3,1.550,-82.3,1.000,2.092
2568070,A2,2.900,-81.9,0.948,2.092
2568080,A1,2.440,-80.9,0.948,2.092
2568350,A3,1.530,-82.8,0.948,2.102
2568370,A2,2.840,-82.3,1.010,2.102
2568380,A1,2.450,-81.2,1.019,2.110
2568500,A3,1.540,-82.8,1.019,2.105
2568520,A2,2.870,-82.0,0.988,2.105
2568530,A1,2.440,-80.8,0.979,2.097
2568650,A3,1.520,-82.0,0.979,2.107
2568670,A2,2.860,-82.5,0.990,2.107
2568680,A1,2.460,-81.0,1.007,2.124
2568800,A3,1.520,-82.0,1.007,2.124
2568820,A2,2.850,-82.2,1.018,2.124
2568830,A1,2.440,-81.6,1.000,2.107
2568950,A3,1.490,-81.5,1.000,2.122
2568970,A2,2.840,-82.2,1.010,2.122
2568980,A1,2.460,-81.4,1.028,2.139
2569100,A3,1.520,-82.3,1.028,2.124
2569120,A2,2.850,-82.0,1.018,2.124
2569130,A1,2.440,-82.2,1.000,2.107
2569250,A3,1.520,-82.5,1.000,2.107
2569270,A2,2.840,-82.2,1.010,2.107
2569280,A1,2.440,-81.1,1.010,2.107
2569400,A3,1.520,-83.9,1.010,2.107
2569420,A2,2.840,-82.5,1.010,2.107
2569430,A1,2.450,-82.4,1.019,2.115
2569550,A3,1.540,-82.1,1.019,2.105
2569570,A2,2.870,-89.8,0.988,2.105
2569580,A1,2.440,-81.4,0.979,2.097
2569700,A3,1.520,-82.3,0.979,2.107
2569720,A2,2.860,-82.2,0.990,2.107
2569730,A1,2.460,-81.3,1.007,2.124
2569850,A3,1.530,-81.5,1.007,2.118
2569870,A2,2.840,-82.0,1.028,2.118
2569880,A1,2.450,-82.7,1.019,2.110
2570000,A3,1.540,-81.7,1.019,2.105
2570020,A2,2.850,-82.2,1.009,2.105
2570030,A1,2.450,-81.2,1.009,2.105
2570150,A3,1.520,-82.4,1.009,2.115
2570170,A2,2.840,-82.5,1.019,2.115
2570180,A1,2.460,-81.0,1.028,2.124
2570300,A3,1.520,-82.7,1.028,2.124
2570320,A2,2.870,-88.8,0.997,2.124
2570330,A1,2.460,-81.1,0.997,2.124
2570450,A3,1.510,-82.6,0.997,2.129
2570470,A2,2.830,-81.9,1.038,2.129
2570480,A1,2.440,-81.4,1.020,2.112
2570600,A3,1.500,-82.4,1.020,2.117
2570620,A2,2.870,-82.4,0.979,2.117
2570630,A1,2.430,-82.4,0.971,2.109
2570750,A3,1.490,-82.1,0.971,2.114
2570770,A2,2.830,-82.5,1.012,2.114
2570780,A1,2.440,-81.5,1.020,2.122
2570900,A3,1.510,-82.2,1.020,2.112
2570920,A2,2.850,-82.1,1.000,2.112
2570930,A1,2.440,-81.3,1.000,2.112
2571050,A3,1.500,-82.1,1.000,2.117
2571070,A2,2.850,-85.9,1.000,2.117
2571080,A1,2.440,-81.4,1.000,2.117
2571200,A3,1.520,-81.6,1.000,2.107
2571220,A2,2.860,-82.3,0.990,2.107
2571230,A1,2.450,-81.5,0.998,2.115
2571500,A3,1.550,-82.2,0.998,2.100
2571520,A2,2.890,-82.2,0.967,2.100
2571530,A1,2.460,-81.3,0.976,2.108
2571650,A3,1.550,-81.6,0.976,2.108
2571670,A2,2.840,-82.1,1.028,2.108
2571680,A1,2.460,-81.5,1.028,2.108
2571820,A2,2.840,-82.3,1.028,2.108
2571830,A1,2.430,-83.1,1.001,2.084
2571970,A2,2.840,-81.7,1.001,2.084
2571980,A1,2.450,-81.4,1.019,2.100
2572100,A3,1.540,-81.6,1.019,2.105
2572120,A2,2.850,-82.4,1.009,2.105
2572130,A1,2.430,-81.6,0.991,2.089
2572250,A3,1.530,-81.8,0.991,2.094
2572270,A2,2.860,-82.0,0.981,2.094
2572280,A1,2.450,-81.2,0.998,2.110
2572400,A3,1.540,-82.1,0.998,2.105
2572420,A2,2.860,-82.3,0.998,2.105
2572430,A1,2.440,-81.0,0.990,2.097
2572550,A3,1.530,-81.6,0.990,2.102
2572570,A2,2.850,-82.4,1.000,2.102
2572580,A1,2.450,-81.2,1.009,2.110
2572700,A3,1.550,-81.7,1.009,2.100
2572720,A2,2.870,-81.9,0.988,2.100
2572730,A1,2.450,-81.5,0.988,2.100
2572850,A3,1.530,-82.2,0.988,2.110
2572870,A2,2.850,-82.6,1.009,2.110
2572880,A1,2.470,-81.2,1.026,2.127
2573000,A3,1.530,-82.1,1.026,2.127
2573020,A2,2.850,-82.2,1.026,2.127
2573030,A1,2.440,-81.5,1.000,2.102
2573150,A3,1.490,-82.0,1.000,2.122
2573170,A2,2.850,-81.8,1.000,2.122
2573180,A1,2.470,-81.3,1.026,2.147
2573300,A3,1.530,-81.8,1.026,2.127
2573320,A2,2.890,-82.3,0.985,2.127
2573330,A1,2.440,-81.1,0.959,2.102
2573450,A3,1.530,-82.6,0.959,2.102
2573470,A2,2.820,-82.2,1.031,2.102
2573480,A1,2.450,-81.4,1.039,2.110
2573600,A3,1.500,-82.7,1.039,2.125
2573620,A2,2.870,-82.2,0.988,2.125
2573630,A1,2.460,-80.9,0.997,2.134
2573750,A3,1.520,-82.6,0.997,2.124
2573770,A2,2.870,-89.5,0.997,2.124
2573780,A1,2.430,-81.6,0.971,2.099
2573900,A3,1.530,-81.9,0.971,2.094
2573920,A2,2.850,-82.4,0.991,2.094
2573930,A1,2.470,-81.3,1.026,2.127
2574050,A3,1.540,-81.6,1.026,2.122
2574070,A2,2.880,-81.9,0.995,2.122
2574080,A1,2.430,-81.1,0.960,2.089
2574200,A3,1.520,-82.0,0.960,2.099
2574220,A2,2.880,-82.4,0.960,2.099
2574230,A1,2.480,-81.1,1.004,2.140
2574350,A3,1.520,-82.6,1.004,2.140
2574370,A2,2.850,-81.8,1.035,2.140
2574380,A1,2.440,-81.4,1.000,2.107
2574650,A3,1.550,-81.3,1.000,2.092
2574670,A2,2.840,-82.1,1.010,2.092
2574680,A1,2.470,-81.4,1.037,2.116
2574800,A3,1.540,-81.7,1.037,2.122
2574820,A2,2.870,-82.1,1.006,2.122
2574830,A1,2.440,-81.0,0.979,2.097
2574950,A3,1.550,-81.3,0.979,2.092
2574970,A2,2.860,-82.5,0.990,2.092
2574980,A1,2.490,-81.2,1.034,2.133
2575100,A3,1.540,-82.1,1.034,2.138
2575120,A2,2.850,-82.6,1.044,2.138
2575130,A1,2.450,-81.6,1.009,2.105
2575250,A3,1.530,-81.7,1.009,2.110
2575270,A2,2.830,-82.2,1.029,2.110
2575280,A1,2.450,-81.4,1.029,2.110
2575400,A3,1.540,-81.6,1.029,2.105
2575420,A2,2.870,-81.9,0.988,2.105
2575430,A1,2.450,-81.5,0.988,2.105
2575550,A3,1.530,-81.8,0.988,2.110
2575570,A2,2.820,-85.8,1.039,2.110
2575580,A1,2.470,-81.0,1.057,2.127
2575700,A3,1.520,-81.6,1.057,2.132
2575720,A2,2.860,-82.0,1.016,2.132
2575730,A1,2.480,-80.9,1.025,2.140
2575850,A3,1.540,-81.7,1.025,2.130
2575870,A2,2.830,-81.9,1.056,2.130
2575880,A1,2.430,-81.6,1.012,2.089
2576000,A3,1.530,-82.0,1.012,2.094
2576020,A2,2.820,-89.3,1.022,2.094
2576030,A1,2.440,-82.3,1.031,2.102
2576150,A3,1.510,-81.7,1.031,2.112
2576170,A2,2.870,-82.1,0.979,2.112
2576180,A1,2.450,-81.3,0.988,2.120
2576300,A3,1.550,-81.8,0.988,2.100
2576320,A2,2.870,-82.0,0.988,2.100
2576330,A1,2.450,-81.3,0.988,2.100
2576450,A3,1.530,-81.5,0.988,2.110
2576470,A2,2.850,-82.0,1.009,2.110
2576480,A1,2.440,-81.1,1.000,2.102
2576600,A3,1.520,-82.1,1.000,2.107
2576620,A2,2.840,-82.3,1.010,2.107
2576630,A1,2.440,-81.4,1.010,2.107
2576750,A3,1.530,-82.1,1.010,2.102
2576770,A2,2.840,-82.3,1.010,2.102
2576780,A1,2.460,-80.9,1.028,2.118
2576900,A3,1.520,-81.9,1.028,2.124
2576920,A2,2.880,-82.2,0.987,2.124
2576930,A1,2.450,-80.9,0.978,2.115
2577050,A3,1.520,-81.6,0.978,2.115
2577070,A2,2.840,-82.1,1.019,2.115
2577080,A1,2.460,-81.2,1.028,2.124
2577200,A3,1.510,-81.8,1.028,2.129
2577220,A2,2.850,-82.0,1.018,2.129
2577230,A1,2.440,-81.3,1.000,2.112
2577350,A3,1.510,-82.6,1.000,2.112
2577370,A2,2.850,-82.1,1.000,2.112
2577380,A1,2.460,-81.6,1.018,2.129
2577500,A3,1.540,-82.0,1.018,2.113
2577520,A2,2.870,-82.0,0.997,2.113
2577530,A1,2.450,-80.9,0.988,2.105
2577800,A3,1.530,-82.2,0.988,2.110
2577820,A2,2.870,-82.5,0.988,2.110
2577830,A1,2.440,-81.2,0.979,2.102
2577950,A3,1.520,-81.9,0.979,2.107
2577970,A2,2.850,-82.3,1.000,2.107
2577980,A1,2.450,-81.4,1.009,2.115
2578100,A3,1.540,-81.6,1.009,2.105
2578120,A2,2.840,-81.9,1.019,2.105
2578130,A1,2.460,-81.3,1.028,2.113
2578250,A3,1.540,-81.8,1.028,2.113
2578270,A2,2.830,-82.0,1.038,2.113
2578280,A1,2.440,-81.3,1.020,2.097
2578400,A3,1.540,-81.8,1.020,2.097
2578420,A2,2.860,-81.8,0.990,2.097
2578430,A1,2.410,-81.0,0.963,2.073
2578550,A3,1.530,-81.7,0.963,2.078
2578570,A2,2.870,-82.6,0.953,2.078
2578580,A1,2.460,-81.5,0.997,2.118
2578700,A3,1.510,-82.0,0.997,2.129
2578720,A2,2.840,-82.1,1.028,2.129
2578730,A1,2.450,-81.4,1.019,2.120
2578850,A3,1.520,-82.5,1.019,2.115
2578870,A2,2.870,-82.2,0.988,2.115
2578880,A1,2.440,-81.1,0.979,2.107
2579000,A3,1.530,-82.0,0.979,2.102
2579020,A2,2.860,-82.4,0.990,2.102
2579030,A1,2.460,-81.3,1.007,2.118
2579150,A3,1.530,-82.6,1.007,2.118
2579170,A2,2.850,-82.0,1.018,2.118
2579180,A1,2.480,-81.5,1.035,2.135
2579300,A3,1.530,-82.6,1.035,2.135
2579320,A2,2.870,-81.9,1.015,2.135
2579330,A1,2.460,-81.6,0.997,2.118
2579450,A3,1.520,-82.6,0.997,2.124
2579470,A2,2.870,-82.1,0.997,2.124
2579480,A1,2.430,-81.6,0.971,2.099
2579600,A3,1.540,-81.9,0.971,2.089
2579620,A2,2.840,-82.0,1.001,2.089
2579630,A1,2.460,-81.2,1.028,2.113
2579750,A3,1.540,-81.9,1.028,2.113
2579770,A2,2.870,-82.0,0.997,2.113
2579780,A1,2.450,-81.5,0.988,2.105
2579900,A3,1.550,-81.8,0.988,2.100
2579920,A2,2.880,-82.2,0.978,2.100
2579930,A1,2.450,-81.5,0.978,2.100
2580050,A3,1.570,-82.7,0.978,2.090
2580070,A2,2.830,-89.7,1.029,2.090
2580080,A1,2.450,-81.8,1.029,2.090
2580200,A3,1.580,-81.3,1.029,2.084
2580220,A2,2.870,-81.8,0.988,2.084
2580230,A1,2.450,-81.5,0.988,2.084
2580350,A3,1.540,-81.8,0.988,2.105
2580370,A2,2.830,-81.8,1.029,2.105
2580380,A1,2.430,-81.7,1.012,2.089
2580500,A3,1.550,-81.4,1.012,2.084
2580520,A2,2.850,-81.9,0.991,2.084
2580530,A1,2.460,-81.2,1.018,2.108
2580650,A3,1.510,-82.0,1.018,2.129
2580670,A2,2.850,-82.3,1.018,2.129
2580680,A1,2.460,-81.3,1.018,2.129
2580950,A3,1.530,-82.1,1.018,2.118
2580970,A2,2.840,-82.0,1.028,2.118
2580980,A1,2.440,-81.4,1.010,2.102
2581100,A3,1.570,-82.2,1.010,2.081
2581120,A2,2.880,-82.0,0.969,2.081
2581130,A1,2.450,-81.2,0.978,2.090
2581250,A3,1.540,-81.7,0.978,2.105
2581270,A2,2.840,-81.8,1.019,2.105
2581280,A1,2.450,-81.3,1.019,2.105
2581400,A3,1.540,-82.0,1.019,2.105
2581420,A2,2.860,-82.1,0.998,2.105
2581430,A1,2.440,-81.5,0.990,2.097
2581570,A2,2.860,-82.1,0.990,2.097
2581580,A1,2.450,-81.2,0.998,2.105
2581720,A2,2.850,-82.3,1.009,2.105
2581730,A1,2.450,-81.4,1.009,2.105
2581850,A3,1.550,-81.8,1.009,2.100
2581870,A2,2.880,-82.2,0.978,2.100
2581880,A1,2.450,-81.5,0.978,2.100
2582000,A3,1.540,-82.2,0.978,2.105
2582020,A2,2.870,-81.9,0.988,2.105
2582030,A1,2.440,-81.4,0.979,2.097
2582150,A3,1.520,-81.7,0.979,2.107
2582170,A2,2.860,-82.2,0.990,2.107
2582180,A1,2.440,-80.9,0.990,2.107
2582300,A3,1.550,-82.4,0.990,2.092
2582320,A2,2.890,-82.0,0.959,2.092
2582330,A1,2.440,-81.2,0.959,2.092
2582450,A3,1.530,-82.0,0.959,2.102
2582470,A2,2.890,-82.2,0.959,2.102
2582480,A1,2.440,-81.4,0.959,2.102
2582600,A3,1.530,-82.3,0.959,2.102
2582620,A2,2.860,-82.0,0.990,2.102
2582630,A1,2.450,-81.4,0.998,2.110
2582750,A3,1.520,-82.4,0.998,2.115
2582770,A2,2.830,-82.1,1.029,2.115
2582780,A1,2.440,-81.0,1.020,2.107
2582900,A3,1.540,-81.9,1.020,2.097
2582920,A2,2.880,-82.1,0.969,2.097
2582930,A1,2.440,-81.6,0.969,2.097
2583050,A3,1.540,-82.0,0.969,2.097
2583070,A2,2.850,-82.0,1.000,2.097
2583080,A1,2.420,-82.4,0.982,2.081
2583200,A3,1.530,-82.7,0.982,2.086
2583220,A2,2.870,-81.9,0.962,2.086
2583230,A1,2.440,-81.2,0.979,2.102
2583350,A3,1.520,-82.5,0.979,2.107
2583370,A2,2.880,-82.0,0.969,2.107
2583380,A1,2.450,-81.3,0.978,2.115
2583500,A3,1.530,-82.1,0.978,2.110
2583520,A2,2.830,-81.8,1.029,2.110
2583530,A1,2.450,-81.5,1.029,2.110
2583650,A3,1.530,-82.3,1.029,2.110
2583670,A2,2.870,-81.8,0.988,2.110
2583680,A1,2.460,-81.5,0.997,2.118
2583800,A3,1.520,-81.9,0.997,2.124
2583820,A2,2.850,-81.8,1.018,2.124
2583830,A1,2.470,-81.0,1.026,2.132
2584100,A3,1.540,-82.0,1.026,2.122
2584120,A2,2.920,-81.8,0.954,2.122
2584130,A1,2.420,-81.0,0.910,2.081
2584250,A3,1.540,-82.0,0.910,2.081
2584270,A2,2.850,-82.3,0.982,2.081
2584280,A1,2.440,-80.9,1.000,2.097
2584400,A3,1.530,-82.1,1.000,2.102
2584420,A2,2.850,-81.8,1.000,2.102
2584430,A1,2.430,-81.4,0.991,2.094
2584550,A3,1.530,-81.4,0.991,2.094
2584570,A2,2.860,-82.3,0.981,2.094
2584580,A1,2.460,-81.4,1.007,2.118
2584700,A3,1.540,-81.7,1.007,2.113
2584720,A2,2.860,-82.3,1.007,2.113
2584730,A1,2.460,-81.0,1.007,2.113
2584850,A3,1.560,-81.2,1.007,2.103
2584870,A2,2.870,-82.6,0.997,2.103
2584880,A1,2.470,-81.2,1.006,2.111
2585000,A3,1.540,-81.8,1.006,2.122
2585020,A2,2.910,-82.1,0.964,2.122
2585030,A1,2.440,-81.3,0.938,2.097
2585150,A3,1.540,-82.3,0.938,2.097
2585170,A2,2.880,-82.0,0.969,2.097
2585180,A1,2.440,-81.3,0.969,2.097
2585300,A3,1.550,-82.0,0.969,2.092
2585320,A2,2.860,-82.4,0.990,2.092
2585330,A1,2.440,-81.7,0.990,2.092
2585450,A3,1.530,-81.8,0.990,2.102
2585470,A2,2.860,-82.5,0.990,2.102
2585480,A1,2.440,-81.6,0.990,2.102
2585600,A3,1.540,-81.8,0.990,2.097
2585620,A2,2.880,-81.9,0.969,2.097
2585630,A1,2.450,-81.4,0.978,2.105
2585750,A3,1.540,-82.2,0.978,2.105
2585770,A2,2.890,-82.3,0.967,2.105
2585780,A1,2.420,-81.4,0.941,2.081
2585900,A3,1.550,-81.8,0.941,2.076
2585920,A2,2.870,-82.3,0.962,2.076
2585930,A1,2.440,-81.1,0.979,2.092
2586050,A3,1.530,-82.0,0.979,2.102
2586070,A2,2.890,-82.0,0.959,2.102
2586080,A1,2.460,-81.2,0.976,2.118
2586200,A3,1.540,-82.2,0.976,2.113
2586220,A2,2.870,-82.1,0.997,2.113
2586230,A1,2.450,-81.4,0.988,2.105
2586350,A3,1.570,-81.8,0.988,2.090
2586370,A2,2.860,-81.8,0.998,2.090
2586380,A1,2.450,-81.2,0.998,2.090
2586500,A3,1.580,-81.5,0.998,2.084
2586520,A2,2.880,-82.2,0.978,2.084
2586530,A1,2.430,-80.7,0.960,2.068
2586650,A3,1.540,-81.2,0.960,2.089
2586670,A2,2.830,-81.9,1.012,2.089
2586680,A1,2.470,-81.1,1.047,2.122
2586800,A3,1.550,-82.0,1.047,2.116
2586820,A2,2.890,-82.4,0.985,2.116
2586830,A1,2.470,-81.0,0.985,2.116
2586950,A3,1.550,-81.4,0.985,2.116
2586970,A2,2.900,-82.2,0.975,2.116
2586980,A1,2.450,-81.0,0.957,2.100
2587250,A3,1.580,-81.2,0.957,2.084
2587270,A2,2.870,-81.9,0.988,2.084
2587280,A1,2.460,-80.8,0.997,2.093
2587400,A3,1.520,-81.2,0.997,2.124
2587420,A2,2.830,-82.3,1.038,2.124
2587430,A1,2.440,-81.4,1.020,2.107
2587550,A3,1.530,-81.1,1.020,2.102
2587570,A2,2.880,-82.3,0.969,2.102
2587580,A1,2.470,-81.3,0.995,2.127
2587700,A3,1.540,-81.2,0.995,2.122
2587720,A2,2.860,-82.0,1.016,2.122
2587730,A1,2.440,-81.0,0.990,2.097
2587850,A3,1.540,-81.6,0.990,2.097
2587870,A2,2.820,-82.0,1.031,2.097
2587880,A1,2.450,-80.8,1.039,2.105
2588020,A2,2.880,-82.1,0.978,2.105
2588030,A1,2.450,-81.1,0.978,2.105
2588170,A2,2.830,-82.4,1.029,2.105
2588180,A1,2.440,-81.5,1.020,2.097
2588300,A3,1.550,-81.7,1.020,2.092
2588320,A2,2.850,-81.8,1.000,2.092
2588330,A1,2.450,-80.9,1.009,2.100
2588450,A3,1.510,-82.2,1.009,2.120
2588470,A2,2.840,-81.8,1.019,2.120
2588480,A1,2.470,-81.2,1.037,2.137
2588600,A3,1.530,-81.8,1.037,2.127
2588620,A2,2.890,-82.2,0.985,2.127
2588630,A1,2.440,-81.1,0.959,2.102
2588750,A3,1.560,-81.7,0.959,2.087
2588770,A2,2.890,-82.3,0.959,2.087
2588780,A1,2.430,-80.9,0.950,2.079
2588900,A3,1.520,-81.4,0.950,2.099
2588920,A2,2.870,-82.1,0.971,2.099
2588930,A1,2.460,-80.9,0.997,2.124
2589050,A3,1.520,-82.3,0.997,2.124
2589070,A2,2.860,-82.4,1.007,2.124
2589080,A1,2.420,-81.6,0.972,2.091
2589200,A3,1.540,-81.9,0.972,2.081
2589220,A2,2.820,-82.2,1.013,2.081
2589230,A1,2.450,-80.9,1.039,2.105
2589350,A3,1.510,-82.1,1.039,2.120
2589370,A2,2.910,-82.5,0.947,2.120
2589380,A1,2.450,-80.9,0.947,2.120
2589500,A3,1.510,-82.3,0.947,2.120
2589520,A2,2.850,-82.2,1.009,2.120
2589530,A1,2.430,-80.9,0.991,2.104
2589650,A3,1.530,-82.1,0.991,2.094
2589670,A2,2.830,-82.1,1.012,2.094
2589680,A1,2.440,-81.4,1.020,2.102
2589800,A3,1.570,-81.6,1.020,2.081
2589820,A2,2.860,-82.0,0.990,2.081
2589830,A1,2.480,-81.0,1.025,2.114
2589950,A3,1.520,-81.6,1.025,2.140
2589970,A2,2.880,-82.2,1.004,2.140
2589980,A1,2.440,-81.1,0.969,2.107
2590100,A3,1.510,-81.8,0.969,2.112
2590120,A2,2.850,-81.9,1.000,2.112
2590130,A1,2.470,-81.4,1.026,2.137
2590400,A3,1.560,-82.2,1.026,2.111
2590420,A2,2.870,-82.2,1.006,2.111
2590430,A1,2.460,-80.7,0.997,2.103
2590550,A3,1.520,-82.4,0.997,2.124
2590570,A2,2.870,-82.2,0.997,2.124
2590580,A1,2.450,-81.3,0.988,2.115
2590700,A3,1.560,-81.4,0.988,2.095
2590720,A2,2.860,-82.1,0.998,2.095
2590730,A1,2.450,-81.2,0.998,2.095
2590850,A3,1.560,-82.0,0.998,2.095
2590870,A2,2.860,-82.0,0.998,2.095
2590880,A1,2.460,-81.1,1.007,2.103
2591000,A3,1.520,-81.5,1.007,2.124
2591020,A2,2.890,-82.0,0.976,2.124
2591030,A1,2.460,-81.3,0.976,2.124
2591150,A3,1.520,-82.3,0.976,2.124
2591170,A2,2.880,-81.9,0.987,2.124
2591180,A1,2.450,-80.9,0.978,2.115
2591300,A3,1.540,-81.7,0.978,2.105
2591320,A2,2.850,-82.3,1.009,2.105
2591330,A1,2.460,-81.1,1.018,2.113
2591450,A3,1.570,-81.7,1.018,2.098
2591470,A2,2.850,-81.9,1.018,2.098
2591480,A1,2.450,-81.3,1.009,2.090
2591600,A3,1.550,-81.6,1.009,2.100
2591620,A2,2.860,-82.4,0.998,2.100
2591630,A1,2.470,-81.2,1.016,2.116
2591750,A3,1.550,-82.1,1.016,2.116
2591770,A2,2.880,-82.0,0.995,2.116
2591780,A1,2.430,-81.0,0.960,2.084
2591900,A3,1.550,-81.4,0.960,2.084
2591920,A2,2.880,-82.2,0.960,2.084
2591930,A1,2.440,-81.3,0.969,2.092
2592050,A3,1.540,-82.1,0.969,2.097
2592070,A2,2.860,-82.5,0.990,2.097
2592080,A1,2.440,-82.9,0.990,2.097
2592200,A3,1.520,-82.1,0.990,2.107
2592220,A2,2.860,-82.1,0.990,2.107
2592230,A1,2.450,-81.0,0.998,2.115
2592350,A3,1.560,-81.6,0.998,2.095
2592370,A2,2.850,-82.1,1.009,2.095
2592380,A1,2.450,-81.2,1.009,2.095
2592500,A3,1.530,-82.1,1.009,2.110
2592520,A2,2.850,-82.4,1.009,2.110
2592530,A1,2.490,-81.0,1.044,2.143
2592650,A3,1.540,-82.6,1.044,2.138
2592670,A2,2.880,-81.9,1.013,2.138
2592680,A1,2.450,-80.9,0.978,2.105
2592800,A3,1.560,-81.3,0.978,2.095
2592820,A2,2.870,-82.4,0.988,2.095
2592830,A1,2.450,-81.3,0.988,2.095
2592950,A3,1.520,-81.8,0.988,2.115
2592970,A2,2.850,-82.0,1.009,2.115
2592980,A1,2.470,-80.9,1.026,2.132
2593100,A3,1.520,-82.2,1.026,2.132
2593120,A2,2.900,-82.1,0.975,2.132
2593130,A1,2.480,-81.1,0.984,2.140
2593250,A3,1.520,-81.5,0.984,2.140
2593270,A2,2.840,-81.9,1.046,2.140
2593280,A1,2.460,-81.2,1.028,2.124
2593550,A3,1.510,-81.6,1.028,2.129
2593570,A2,2.830,-82.1,1.038,2.129
2593580,A1,2.460,-81.4,1.038,2.129
2593700,A3,1.510,-82.0,1.038,2.129
2593720,A2,2.880,-82.4,0.987,2.129
2593730,A1,2.470,-81.3,0.995,2.137
2593850,A3,1.540,-81.8,0.995,2.122
2593870,A2,2.860,-82.0,1.016,2.122
2593880,A1,2.470,-81.0,1.016,2.122
2594000,A3,1.520,-81.9,1.016,2.132
2594020,A2,2.850,-82.3,1.026,2.132
2594030,A1,2.450,-80.9,1.009,2.115
2594150,A3,1.530,-81.3,1.009,2.110
2594170,A2,2.850,-82.3,1.009,2.110
2594180,A1,2.430,-80.8,0.991,2.094
2594300,A3,1.520,-81.7,0.991,2.099
2594320,A2,2.880,-82.2,0.960,2.099
2594330,A1,2.450,-80.9,0.978,2.115
2594450,A3,1.520,-81.6,0.978,2.115
2594470,A2,2.850,-81.8,1.009,2.115
2594480,A1,2.490,-81.2,1.044,2.148
2594600,A3,1.540,-81.8,1.044,2.138
2594620,A2,2.860,-81.7,1.034,2.138
2594630,A1,2.470,-81.3,1.016,2.122
2594750,A3,1.540,-82.1,1.016,2.122
2594770,A2,2.860,-81.8,1.016,2.122
2594780,A1,2.450,-81.3,0.998,2.105
2594900,A3,1.520,-81.6,0.998,2.115
2594920,A2,2.860,-82.0,0.998,2.115
2594930,A1,2.460,-81.5,1.007,2.124
2595050,A3,1.560,-81.7,1.007,2.103
2595070,A2,2.860,-82.0,1.007,2.103
2595080,A1,2.470,-81.7,1.016,2.111
2595200,A3,1.560,-81.3,1.016,2.111
2595220,A2,2.860,-82.2,1.016,2.111
2595230,A1,2.420,-82.0,0.972,2.070
2595350,A3,1.510,-81.7,0.972,2.096
2595370,A2,2.880,-82.3,0.952,2.096
2595380,A1,2.420,-81.7,0.952,2.096
2595500,A3,1.530,-81.5,0.952,2.086
2595520,A2,2.840,-82.0,0.993,2.086
2595530,A1,2.450,-81.5,1.019,2.110
2595650,A3,1.550,-82.2,1.019,2.100
2595670,A2,2.890,-81.7,0.967,2.100
2595680,A1,2.440,-81.2,0.959,2.092
2595800,A3,1.520,-81.7,0.959,2.107
2595820,A2,2.880,-81.6,0.969,2.107
2595830,A1,2.450,-81.6,0.978,2.115
2595950,A3,1.540,-81.5,0.978,2.105
2595970,A2,2.870,-81.4,0.988,2.105
2595980,A1,2.420,-82.4,0.962,2.081
2596100,A3,1.520,-81.7,0.962,2.091
2596120,A2,2.820,-82.1,1.013,2.091
2596130,A1,2.430,-82.1,1.022,2.099
2596250,A3,1.540,-82.2,1.022,2.089
2596270,A2,2.860,-81.7,0.981,2.089
2596280,A1,2.420,-82.9,0.972,2.081
2596400,A3,1.530,-81.2,0.972,2.086
2596420,A2,2.890,-81.6,0.941,2.086
2596430,A1,2.410,-82.2,0.932,2.078
2596700,A3,1.560,-82.0,0.932,2.062
2596720,A2,2.850,-82.0,0.974,2.062
2596730,A1,2.440,-81.6,1.000,2.087
2596850,A3,1.570,-81.1,1.000,2.081
2596870,A2,2.830,-81.9,1.020,2.081
2596880,A1,2.440,-82.1,1.020,2.081
2597000,A3,1.530,-80.9,1.020,2.102
2597020,A2,2.880,-82.2,0.969,2.102
2597030,A1,2.410,-81.8,0.943,2.078
2597150,A3,1.510,-82.8,0.943,2.088
2597170,A2,2.850,-82.5,0.974,2.088
2597180,A1,2.410,-82.1,0.974,2.088
2597300,A3,1.530,-81.6,0.974,2.078
2597320,A2,2.840,-82.0,0.984,2.078
2597330,A1,2.400,-82.3,0.975,2.070
2597450,A3,1.540,-81.6,0.975,2.065
2597470,A2,2.870,-82.4,0.945,2.065
2597480,A1,2.440,-81.9,0.979,2.097
2597600,A3,1.540,-81.1,0.979,2.097
2597620,A2,2.870,-82.7,0.979,2.097
2597630,A1,2.420,-81.9,0.962,2.081
2597750,A3,1.520,-82.0,0.962,2.091
2597770,A2,2.850,-88.4,0.982,2.091
2597780,A1,2.410,-82.3,0.974,2.083
2597900,A3,1.500,-82.4,0.974,2.093
2597920,A2,2.840,-82.5,0.984,2.093
2597930,A1,2.410,-82.7,0.984,2.093
2598050,A3,1.520,-81.6,0.984,2.083
2598070,A2,2.870,-82.1,0.953,2.083
2598080,A1,2.400,-82.3,0.945,2.075
2598200,A3,1.540,-81.6,0.945,2.065
2598220,A2,2.870,-82.1,0.945,2.065
2598230,A1,2.390,-82.8,0.936,2.057
2598350,A3,1.510,-81.3,0.936,2.072
2598370,A2,2.820,-81.7,0.987,2.072
2598380,A1,2.440,-82.1,1.031,2.112
2598500,A3,1.510,-81.7,1.031,2.112
2598520,A2,2.890,-81.8,0.959,2.112
2598530,A1,2.430,-81.7,0.950,2.104
2598650,A3,1.510,-81.4,0.950,2.104
2598670,A2,2.810,-81.6,1.032,2.104
2598680,A1,2.410,-81.9,1.014,2.088
2598800,A3,1.550,-81.6,1.014,2.068
2598820,A2,2.850,-82.1,0.974,2.068
2599100,A3,1.550,-81.1,0.974,2.068
2599120,A2,2.830,-81.9,0.994,2.068
2599130,A1,2.420,-81.9,1.003,2.076
2599250,A3,1.530,-81.1,1.003,2.086
2599270,A2,2.870,-81.7,0.962,2.086
2599280,A1,2.420,-82.5,0.962,2.086
2599400,A3,1.520,-81.2,0.962,2.091
2599420,A2,2.860,-81.8,0.972,2.091
2599430,A1,2.420,-82.1,0.972,2.091
2599550,A3,1.530,-81.4,0.972,2.086
2599570,A2,2.850,-81.7,0.982,2.086
2599580,A1,2.420,-82.2,0.982,2.086
2599850,A3,1.530,-81.5,0.982,2.086
2599870,A2,2.860,-81.9,0.972,2.086
2599880,A1,2.410,-82.0,0.963,2.078
2600000,A3,1.570,-80.7,0.963,2.057
2600020,A2,2.850,-81.9,0.974,2.057
2600030,A1,2.400,-82.6,0.965,2.049
2600150,A3,1.520,-81.1,0.965,2.075
2600170,A2,2.870,-82.2,0.945,2.075
2600180,A1,2.420,-81.8,0.962,2.091
2600300,A3,1.540,-81.1,0.962,2.081
2600320,A2,2.890,-81.8,0.941,2.081
2600330,A1,2.430,-82.1,0.950,2.089
2600450,A3,1.550,-81.0,0.950,2.084
2600470,A2,2.890,-81.8,0.950,2.084
2600480,A1,2.400,-82.1,0.924,2.060
2600600,A3,1.550,-80.7,0.924,2.060
2600620,A2,2.900,-81.7,0.913,2.060
2600630,A1,2.420,-82.4,0.931,2.076
2600750,A3,1.540,-81.2,0.931,2.081
2600770,A2,2.860,-81.6,0.972,2.081
2600780,A1,2.390,-82.1,0.946,2.057
2600900,A3,1.570,-80.6,0.946,2.041
2600920,A2,2.870,-81.8,0.936,2.041
2600930,A1,2.410,-82.9,0.953,2.057
2601050,A3,1.560,-81.0,0.953,2.062
2601070,A2,2.850,-82.0,0.974,2.062
2601080,A1,2.420,-82.4,0.982,2.070
2601200,A3,1.530,-81.3,0.982,2.086
2601220,A2,2.840,-81.7,0.993,2.086
2601230,A1,2.390,-82.2,0.967,2.062
2601350,A3,1.560,-81.0,0.967,2.046
2601370,A2,2.880,-81.8,0.926,2.046
2601380,A1,2.370,-82.3,0.908,2.031
2601500,A3,1.560,-81.0,0.908,2.031
2601520,A2,2.910,-81.8,0.877,2.031
2601530,A1,2.390,-82.9,0.894,2.046
2601650,A3,1.540,-81.1,0.894,2.057
2601670,A2,2.840,-81.9,0.967,2.057
2601680,A1,2.440,-82.1,1.010,2.097
2601800,A3,1.560,-80.7,1.010,2.087
2601820,A2,2.840,-81.8,1.010,2.087
2601830,A1,2.420,-82.4,0.993,2.070
2601950,A3,1.560,-80.7,0.993,2.070
2601970,A2,2.910,-81.7,0.920,2.070
2601980,A1,2.400,-82.8,0.903,2.054
2602100,A3,1.540,-81.4,0.903,2.065
2602120,A2,2.860,-81.5,0.955,2.065
2602130,A1,2.440,-82.1,0.990,2.097
2602250,A3,1.590,-81.3,0.990,2.071
2602270,A2,2.830,-82.1,1.020,2.071
2602280,A1,2.450,-81.5,1.029,2.079
2602400,A3,1.560,-81.0,1.029,2.095
2602420,A2,2.890,-81.7,0.967,2.095
2602430,A1,2.440,-81.2,0.959,2.087
2602550,A3,1.560,-82.2,0.959,2.087
2602570,A2,2.880,-82.1,0.969,2.087
2602580,A1,2.420,-81.9,0.952,2.070
2602700,A3,1.550,-82.5,0.952,2.076
2602720,A2,2.870,-82.5,0.962,2.076
2602730,A1,2.430,-82.0,0.971,2.084
2603000,A3,1.530,-81.8,0.971,2.094
2603020,A2,2.830,-82.0,1.012,2.094
2603030,A1,2.410,-81.7,0.994,2.078
2603150,A3,1.540,-81.7,0.994,2.073
2603170,A2,2.810,-82.5,1.014,2.073
2603180,A1,2.440,-81.5,1.041,2.097
2603300,A3,1.530,-82.1,1.041,2.102
2603320,A2,2.850,-81.6,1.000,2.102
2603330,A1,2.420,-81.7,0.982,2.086
2603450,A3,1.520,-82.1,0.982,2.091
2603470,A2,2.870,-81.4,0.962,2.091
2603480,A1,2.410,-81.9,0.953,2.083
2603600,A3,1.530,-81.4,0.953,2.078
2603620,A2,2.890,-81.5,0.932,2.078
2603630,A1,2.420,-81.7,0.941,2.086
2603750,A3,1.510,-81.7,0.941,2.096
2603770,A2,2.890,-81.5,0.941,2.096
2603780,A1,2.430,-81.5,0.950,2.104
2603900,A3,1.520,-81.6,0.950,2.099
2603920,A2,2.890,-81.5,0.950,2.099
2603930,A1,2.410,-82.4,0.932,2.083
2604050,A3,1.520,-82.1,0.932,2.083
2604070,A2,2.850,-81.9,0.974,2.083
2604080,A1,2.390,-82.0,0.956,2.067
2604200,A3,1.520,-82.2,0.956,2.067
2604220,A2,2.850,-82.1,0.956,2.067
2604230,A1,2.420,-81.9,0.982,2.091
2604350,A3,1.550,-81.3,0.982,2.076
2604370,A2,2.860,-81.9,0.972,2.076
2604380,A1,2.410,-81.6,0.963,2.068
2604500,A3,1.530,-81.5,0.963,2.078
2604520,A2,2.850,-81.7,0.974,2.078
2604530,A1,2.400,-81.9,0.965,2.070
2604650,A3,1.520,-81.4,0.965,2.075
2604670,A2,2.860,-81.5,0.955,2.075
2604680,A1,2.410,-81.7,0.963,2.083
2604800,A3,1.530,-82.0,0.963,2.078
2604820,A2,2.890,-81.4,0.932,2.078
2604830,A1,2.390,-81.3,0.915,2.062
2604950,A3,1.540,-82.4,0.915,2.057
2604970,A2,2.870,-81.6,0.936,2.057
2604980,A1,2.420,-81.4,0.962,2.081
2605100,A3,1.530,-82.1,0.962,2.086
2605120,A2,2.870,-81.3,0.962,2.086
2605130,A1,2.440,-81.5,0.979,2.102
2605250,A3,1.540,-81.9,0.979,2.097
2605270,A2,2.890,-81.6,0.959,2.097
2605280,A1,2.440,-81.5,0.959,2.097
2605400,A3,1.540,-81.4,0.959,2.097
2605420,A2,2.870,-81.6,0.979,2.097
2605430,A1,2.430,-81.6,0.971,2.089
2605550,A3,1.530,-81.5,0.971,2.094
2605570,A2,2.840,-81.5,1.001,2.094
2605580,A1,2.410,-82.0,0.984,2.078
2605700,A3,1.530,-82.0,0.984,2.078
2605720,A2,2.880,-81.8,0.943,2.078
2605730,A1,2.420,-81.5,0.952,2.086
2605850,A3,1.520,-82.2,0.952,2.091
2605870,A2,2.860,-81.8,0.972,2.091
2605880,A1,2.380,-81.7,0.938,2.059
2606150,A3,1.530,-81.3,0.938,2.054
2606170,A2,2.850,-82.0,0.948,2.054
2606180,A1,2.430,-81.5,0.991,2.094
2606300,A3,1.510,-80.7,0.991,2.104
2606320,A2,2.850,-81.7,0.991,2.104
2606330,A1,2.410,-81.9,0.974,2.088
2606450,A3,1.510,-81.3,0.974,2.088
2606470,A2,2.850,-81.7,0.974,2.088
2606480,A1,2.380,-81.8,0.948,2.064
2606600,A3,1.540,-81.9,0.948,2.049
2606620,A2,2.830,-81.6,0.968,2.049
2606630,A1,2.370,-82.5,0.960,2.041
2606750,A3,1.550,-81.3,0.960,2.036
2606770,A2,2.900,-81.7,0.888,2.036
2606780,A1,2.390,-81.6,0.905,2.052
2606900,A3,1.560,-82.1,0.905,2.046
2606920,A2,2.870,-81.9,0.936,2.046
2606930,A1,2.440,-81.3,0.979,2.087
2607050,A3,1.520,-81.4,0.979,2.107
2607070,A2,2.830,-82.3,1.020,2.107
2607080,A1,2.430,-81.9,1.012,2.099
2607200,A3,1.580,-80.9,1.012,2.068
2607220,A2,2.840,-82.2,1.001,2.068
2607230,A1,2.400,-82.2,0.975,2.044
2607350,A3,1.560,-81.9,0.975,2.054
2607370,A2,2.840,-82.0,0.975,2.054
2607680,A1,2.370,-81.3,0.950,2.031
2607800,A3,1.530,-83.7,0.950,2.046
2607830,A1,2.420,-82.8,0.993,2.086
2607950,A3,1.540,-80.7,0.993,2.081
2607970,A2,2.840,-81.6,0.993,2.081
2607980,A1,2.410,-82.0,0.984,2.073
2608100,A3,1.540,-82.1,0.984,2.073
2608120,A2,2.820,-81.5,1.004,2.073
2608130,A1,2.430,-81.5,1.022,2.089
2608250,A3,1.570,-81.0,1.022,2.073
2608270,A2,2.860,-82.3,0.981,2.073
2608280,A1,2.410,-82.1,0.963,2.057
2608400,A3,1.530,-82.2,0.963,2.078
2608420,A2,2.890,-81.7,0.932,2.078
2608430,A1,2.410,-81.7,0.932,2.078
2608550,A3,1.540,-81.5,0.932,2.073
2608570,A2,2.860,-82.0,0.963,2.073
2608580,A1,2.380,-82.2,0.938,2.049
2608700,A3,1.540,-81.8,0.938,2.049
2608720,A2,2.890,-81.9,0.907,2.049
2608730,A1,2.420,-81.5,0.941,2.081
2608850,A3,1.530,-81.9,0.941,2.086
2608870,A2,2.830,-81.4,1.003,2.086
2608880,A1,2.420,-82.2,1.003,2.086
2609000,A3,1.540,-81.9,1.003,2.081
2609020,A2,2.870,-81.8,0.962,2.081
2609030,A1,2.370,-82.5,0.919,2.041
2609300,A3,1.560,-81.6,0.919,2.031
2609320,A2,2.860,-81.6,0.929,2.031
2609330,A1,2.400,-81.9,0.955,2.054
2609450,A3,1.550,-82.1,0.955,2.060
2609470,A2,2.880,-81.7,0.934,2.060
2609480,A1,2.410,-82.3,0.943,2.068
2609600,A3,1.520,-81.3,0.943,2.083
2609620,A2,2.890,-81.7,0.932,2.083
2609630,A1,2.410,-81.8,0.932,2.083
2609750,A3,1.520,-81.4,0.932,2.083
2609770,A2,2.880,-81.6,0.943,2.083
2609780,A1,2.430,-81.4,0.960,2.099
2609900,A3,1.520,-81.6,0.960,2.099
2609920,A2,2.870,-81.9,0.971,2.099
2609930,A1,2.400,-82.0,0.945,2.075
2610050,A3,1.530,-81.1,0.945,2.070
2610070,A2,2.870,-81.9,0.945,2.070
2610080,A1,2.370,-82.2,0.919,2.046
2610200,A3,1.540,-81.4,0.919,2.041
2610220,A2,2.840,-81.4,0.950,2.041
2610230,A1,2.400,-81.4,0.975,2.065
2610350,A3,1.550,-80.8,0.975,2.060
2610370,A2,2.820,-82.0,0.996,2.060
2610380,A1,2.420,-81.5,1.013,2.076
2610500,A3,1.570,-81.7,1.013,2.065
2610520,A2,2.910,-82.1,0.920,2.065
2610530,A1,2.380,-82.5,0.886,2.033
2610650,A3,1.530,-81.7,0.886,2.054
2610670,A2,2.880,-81.9,0.917,2.054
2610680,A1,2.390,-82.4,0.926,2.062
2610800,A3,1.540,-81.7,0.926,2.057
2610820,A2,2.810,-81.6,0.997,2.057
2610830,A1,2.400,-82.3,1.006,2.065
2610950,A3,1.520,-81.0,1.006,2.075
2610970,A2,2.850,-82.0,0.965,2.075
2610980,A1,2.410,-81.5,0.974,2.083
2611100,A3,1.530,-81.0,0.974,2.078
2611120,A2,2.830,-81.8,0.994,2.078
2611130,A1,2.410,-81.5,0.994,2.078
2611250,A3,1.530,-80.5,0.994,2.078
2611270,A2,2.820,-81.5,1.004,2.078
2611280,A1,2.410,-81.4,1.004,2.078
2611400,A3,1.540,-80.8,1.004,2.073
2611420,A2,2.870,-81.9,0.953,2.073
2611430,A1,2.400,-81.7,0.945,2.065
2611550,A3,1.560,-81.1,0.945,2.054
2611570,A2,2.880,-81.6,0.934,2.054
2611580,A1,2.400,-81.4,0.934,2.054
2611720,A2,2.890,-81.6,0.924,2.054
2611730,A1,2.430,-81.3,0.950,2.079
2611870,A2,2.890,-81.7,0.950,2.079
2611880,A1,2.390,-81.3,0.915,2.046
2612000,A3,1.530,-81.2,0.915,2.062
2612020,A2,2.850,-81.8,0.956,2.062
2612030,A1,2.420,-81.5,0.982,2.086
2612150,A3,1.550,-81.4,0.982,2.076
2612170,A2,2.830,-81.8,1.003,2.076
2612180,A1,2.400,-81.9,0.986,2.060
2612450,A3,1.550,-81.4,0.986,2.060
2612470,A2,2.850,-81.6,0.965,2.060
2612480,A1,2.420,-81.8,0.982,2.076
2612600,A3,1.530,-81.7,0.982,2.086
2612620,A2,2.860,-81.4,0.972,2.086
2612630,A1,2.430,-81.6,0.981,2.094
2612770,A2,2.860,-82.0,0.981,2.094
2612780,A1,2.440,-82.0,0.990,2.102
2612920,A2,2.840,-81.6,1.010,2.102
2612930,A1,2.420,-81.3,0.993,2.086
2613050,A3,1.550,-81.4,0.993,2.076
2613070,A2,2.890,-81.7,0.941,2.076
2613080,A1,2.430,-82.1,0.950,2.084
2613200,A3,1.560,-80.6,0.950,2.079
2613220,A2,2.870,-81.6,0.971,2.079
2613230,A1,2.380,-81.9,0.927,2.038
2613350,A3,1.550,-81.1,0.927,2.044
2613370,A2,2.850,-81.8,0.948,2.044
2613380,A1,2.420,-81.2,0.982,2.076
2613500,A3,1.520,-81.3,0.982,2.091
2613520,A2,2.850,-81.4,0.982,2.091
2613530,A1,2.420,-81.8,0.982,2.091
2613650,A3,1.540,-81.5,0.982,2.081
2613670,A2,2.850,-81.9,0.982,2.081
2613680,A1,2.400,-81.8,0.965,2.065
2613800,A3,1.550,-81.3,0.965,2.060
2613820,A2,2.860,-82.0,0.955,2.060
2613830,A1,2.430,-81.2,0.981,2.084
2613950,A3,1.540,-81.3,0.981,2.089
2613970,A2,2.870,-81.6,0.971,2.089
2613980,A1,2.410,-81.2,0.953,2.073
2614100,A3,1.550,-81.4,0.953,2.068
2614120,A2,2.890,-81.8,0.932,2.068
2614130,A1,2.420,-82.0,0.941,2.076
2614250,A3,1.520,-80.9,0.941,2.091
2614270,A2,2.830,-81.9,1.003,2.091
2614280,A1,2.410,-81.5,0.994,2.083
2614400,A3,1.540,-81.3,0.994,2.073
2614420,A2,2.830,-81.8,0.994,2.073
2614430,A1,2.440,-81.5,1.020,2.097
2614550,A3,1.570,-80.8,1.020,2.081
2614570,A2,2.860,-81.7,0.990,2.081
2614580,A1,2.410,-81.3,0.963,2.057
2614700,A3,1.550,-81.5,0.963,2.068
2614720,A2,2.850,-81.7,0.974,2.068
2614730,A1,2.420,-81.3,0.982,2.076
2614850,A3,1.550,-81.0,0.982,2.076
2614870,A2,2.820,-81.8,1.013,2.076
2614880,A1,2.420,-81.3,1.013,2.076
2615000,A3,1.530,-81.4,1.013,2.086
2615020,A2,2.840,-82.2,0.993,2.086
2615030,A1,2.430,-81.2,1.001,2.094
2615150,A3,1.520,-81.2,1.001,2.099
2615170,A2,2.820,-81.7,1.022,2.099
2615180,A1,2.390,-82.0,0.987,2.067
2615300,A3,1.560,-80.8,0.987,2.046
2615320,A2,2.830,-81.6,0.977,2.046
2615330,A1,2.440,-81.5,1.020,2.087
2615600,A3,1.560,-80.8,1.020,2.087
2615620,A2,2.870,-81.6,0.979,2.087
2615630,A1,2.390,-82.1,0.936,2.046
2615750,A3,1.560,-80.7,0.936,2.046
2615770,A2,2.840,-81.6,0.967,2.046
2615780,A1,2.400,-82.2,0.975,2.054
2615900,A3,1.560,-81.3,0.975,2.054
2615920,A2,2.870,-81.6,0.945,2.054
2615930,A1,2.420,-81.4,0.962,2.070
2616050,A3,1.570,-81.2,0.962,2.065
2616070,A2,2.860,-81.8,0.972,2.065
2616080,A1,2.430,-81.6,0.981,2.073
2616200,A3,1.540,-80.9,0.981,2.089
2616220,A2,2.830,-81.8,1.012,2.089
2616230,A1,2.410,-81.1,0.994,2.073
2616350,A3,1.600,-80.6,0.994,2.041
2616370,A2,2.870,-81.9,0.953,2.041
2616380,A1,2.440,-81.2,0.979,2.066
2616500,A3,1.560,-81.3,0.979,2.087
2616520,A2,2.850,-81.4,1.000,2.087
2616530,A1,2.410,-81.8,0.974,2.062
2616650,A3,1.560,-80.8,0.974,2.062
2616670,A2,2.850,-81.8,0.974,2.062
2616680,A1,2.410,-81.8,0.974,2.062
2616800,A3,1.540,-80.8,0.974,2.073
2616820,A2,2.870,-81.9,0.953,2.073
2616830,A1,2.420,-81.5,0.962,2.081
2616950,A3,1.540,-81.1,0.962,2.081
2616970,A2,2.860,-82.0,0.972,2.081
2616980,A1,2.410,-81.3,0.963,2.073
2617100,A3,1.540,-81.3,0.963,2.073
2617120,A2,2.850,-82.0,0.974,2.073
2617130,A1,2.430,-81.7,0.991,2.089
2617250,A3,1.530,-81.4,0.991,2.094
2617270,A2,2.860,-81.9,0.981,2.094
2617280,A1,2.420,-81.9,0.972,2.086
2617400,A3,1.540,-81.4,0.972,2.081
2617420,A2,2.840,-81.7,0.993,2.081
2617430,A1,2.400,-82.1,0.975,2.065
2617550,A3,1.550,-80.8,0.975,2.060
2617570,A2,2.870,-81.8,0.945,2.060
2617580,A1,2.430,-81.2,0.971,2.084
2617700,A3,1.550,-80.7,0.971,2.084
2617720,A2,2.870,-81.8,0.971,2.084
2617730,A1,2.430,-81.6,0.971,2.084
2617850,A3,1.560,-81.4,0.971,2.079
2617870,A2,2.870,-81.6,0.971,2.079
2617880,A1,2.430,-82.2,0.971,2.079
2618000,A3,1.540,-80.7,0.971,2.089
2618020,A2,2.860,-81.6,0.981,2.089
2618030,A1,2.410,-81.2,0.963,2.073
2618170,A2,2.830,-81.8,0.994,2.073
2618180,A1,2.410,-81.4,0.994,2.073
2618320,A2,2.820,-82.0,1.004,2.073
2618330,A1,2.440,-81.6,1.031,2.097
2618450,A3,1.560,-82.2,1.031,2.087
2618470,A2,2.850,-82.0,1.000,2.087
2618480,A1,2.430,-82.4,0.991,2.079
2618750,A3,1.560,-81.6,0.991,2.079
2618770,A2,2.860,-81.8,0.981,2.079
2618780,A1,2.410,-82.1,0.963,2.062
2618900,A3,1.550,-81.4,0.963,2.068
2618920,A2,2.850,-81.7,0.974,2.068
2618930,A1,2.400,-81.2,0.965,2.060
2619050,A3,1.590,-80.5,0.965,2.039
2619070,A2,2.840,-81.3,0.975,2.039
2619080,A1,2.410,-82.1,0.984,2.047
2619200,A3,1.540,-81.4,0.984,2.073
2619220,A2,2.870,-81.7,0.953,2.073
2619230,A1,2.430,-81.7,0.971,2.089
2619350,A3,1.560,-81.3,0.971,2.079
2619370,A2,2.860,-81.9,0.981,2.079
2619380,A1,2.430,-82.1,0.981,2.079
2619500,A3,1.560,-81.0,0.981,2.079
2619520,A2,2.870,-81.6,0.971,2.079
2619530,A1,2.410,-81.2,0.953,2.062
2619650,A3,1.560,-81.2,0.953,2.062
2619670,A2,2.850,-81.8,0.974,2.062
2619680,A1,2.400,-81.7,0.965,2.054
2619800,A3,1.570,-81.1,0.965,2.049
2619820,A2,2.850,-81.9,0.965,2.049
2619830,A1,2.400,-81.4,0.965,2.049
2619950,A3,1.550,-80.7,0.965,2.060
2619970,A2,2.890,-81.7,0.924,2.060
2619980,A1,2.440,-81.7,0.959,2.092
2620100,A3,1.550,-80.9,0.959,2.092
2620120,A2,2.840,-81.8,1.010,2.092
2620130,A1,2.430,-82.2,1.001,2.084
2620250,A3,1.550,-81.6,1.001,2.084
2620270,A2,2.870,-81.9,0.971,2.084
2620280,A1,2.400,-82.1,0.945,2.060
2620400,A3,1.540,-80.9,0.945,2.065
2620420,A2,2.820,-81.9,0.996,2.065
2620430,A1,2.420,-81.9,1.013,2.081
2620550,A3,1.570,-81.0,1.013,2.065
2620570,A2,2.870,-81.9,0.962,2.065
2620580,A1,2.440,-81.5,0.979,2.081
2620700,A3,1.560,-81.2,0.979,2.087
2620720,A2,2.870,-81.9,0.979,2.087
2620730,A1,2.390,-82.2,0.936,2.046
2620850,A3,1.560,-81.4,0.936,2.046
2620870,A2,2.880,-81.8,0.926,2.046
2620880,A1,2.410,-81.8,0.943,2.062
2621000,A3,1.550,-81.4,0.943,2.068
2621020,A2,2.850,-81.8,0.974,2.068
2621030,A1,2.420,-81.4,0.982,2.076
2621150,A3,1.540,-81.4,0.982,2.081
2621170,A2,2.850,-81.7,0.982,2.081
2621180,A1,2.430,-81.6,0.991,2.089
2621300,A3,1.560,-80.8,0.991,2.079
2621320,A2,2.860,-81.9,0.981,2.079
2621330,A1,2.410,-82.1,0.963,2.062
2621450,A3,1.550,-81.1,0.963,2.068
2621470,A2,2.860,-81.7,0.963,2.068
2621480,A1,2.400,-81.9,0.955,2.060
2621600,A3,1.520,-81.1,0.955,2.075
2621620,A2,2.870,-81.6,0.945,2.075
2621630,A1,2.440,-81.6,0.979,2.107
2621900,A3,1.540,-81.0,0.979,2.097
2621920,A2,2.820,-81.7,1.031,2.097
2621930,A1,2.400,-81.5,0.996,2.065
2622050,A3,1.540,-81.2,0.996,2.065
2622070,A2,2.850,-81.7,0.965,2.065
2622080,A1,2.420,-82.2,0.982,2.081
2622200,A3,1.540,-81.3,0.982,2.081
2622220,A2,2.860,-81.6,0.972,2.081
2622230,A1,2.420,-81.3,0.972,2.081
2622350,A3,1.560,-81.2,0.972,2.070
2622370,A2,2.860,-81.6,0.972,2.070
2622380,A1,2.380,-81.2,0.938,2.038
2622500,A3,1.550,-81.1,0.938,2.044
2622520,A2,2.880,-81.8,0.917,2.044
2622530,A1,2.400,-81.9,0.934,2.060
2622650,A3,1.540,-81.1,0.934,2.065
2622670,A2,2.840,-81.9,0.975,2.065
2622680,A1,2.420,-82.2,0.993,2.081
2622800,A3,1.560,-80.8,0.993,2.070
2622820,A2,2.880,-81.4,0.952,2.070
2622830,A1,2.430,-81.4,0.960,2.079
2622950,A3,1.560,-80.4,0.960,2.079
2622970,A2,2.850,-81.6,0.991,2.079
2622980,A1,2.430,-81.3,0.991,2.079
2623100,A3,1.550,-81.2,0.991,2.084
2623120,A2,2.840,-81.8,1.001,2.084
2623130,A1,2.430,-81.3,1.001,2.084
2623250,A3,1.550,-81.2,1.001,2.084
2623270,A2,2.850,-81.5,0.991,2.084
2623280,A1,2.430,-81.4,0.991,2.084
2623400,A3,1.550,-81.3,0.991,2.084
2623420,A2,2.890,-81.7,0.950,2.084
2623430,A1,2.380,-82.2,0.907,2.044
2623550,A3,1.570,-80.9,0.907,2.033
2623570,A2,2.840,-81.6,0.958,2.033
2623580,A1,2.400,-82.1,0.975,2.049
2623700,A3,1.550,-81.0,0.975,2.060
2623720,A2,2.860,-81.9,0.955,2.060
2623730,A1,2.430,-81.6,0.981,2.084
2623850,A3,1.560,-80.7,0.981,2.079
2623870,A2,2.840,-81.6,1.001,2.079
2623880,A1,2.440,-82.1,1.010,2.087
2624000,A3,1.580,-80.7,1.010,2.076
2624020,A2,2.850,-81.6,1.000,2.076
2624030,A1,2.420,-81.6,0.982,2.060
2624150,A3,1.560,-81.0,0.982,2.070
2624170,A2,2.850,-81.6,0.982,2.070
2624180,A1,2.430,-81.3,0.991,2.079
2624300,A3,1.540,-80.7,0.991,2.089
2624320,A2,2.880,-81.8,0.960,2.089
2624330,A1,2.410,-81.9,0.943,2.073
2624450,A3,1.570,-81.1,0.943,2.057
2624470,A2,2.880,-81.9,0.943,2.057
2624480,A1,2.440,-81.6,0.969,2.081
2624600,A3,1.550,-80.9,0.969,2.092
2624620,A2,2.860,-81.7,0.990,2.092
2624630,A1,2.430,-81.4,0.981,2.084
2624750,A3,1.540,-80.9,0.981,2.089
2624770,A2,2.870,-81.5,0.971,2.089
2624780,A1,2.430,-81.6,0.971,2.089
2625050,A3,1.550,-81.4,0.971,2.084
2625070,A2,2.880,-81.6,0.960,2.084
2625080,A1,2.430,-82.2,0.960,2.084
2625200,A3,1.550,-81.2,0.960,2.084
2625220,A2,2.830,-81.4,1.012,2.084
2625230,A1,2.420,-81.3,1.003,2.076
2625350,A3,1.560,-80.7,1.003,2.070
2625370,A2,2.860,-81.7,0.972,2.070
2625380,A1,2.440,-81.5,0.990,2.087
2625500,A3,1.550,-80.9,0.990,2.092
2625520,A2,2.860,-81.3,0.990,2.092
2625530,A1,2.420,-81.9,0.972,2.076
2625650,A3,1.560,-81.5,0.972,2.070
2625670,A2,2.870,-81.5,0.962,2.070
2625680,A1,2.430,-81.4,0.971,2.079
2625800,A3,1.550,-81.2,0.971,2.084
2625820,A2,2.870,-81.7,0.971,2.084
2625830,A1,2.440,-81.5,0.979,2.092
2625950,A3,1.540,-81.3,0.979,2.097
2625970,A2,2.860,-81.6,0.990,2.097
2625980,A1,2.430,-81.6,0.981,2.089
2626100,A3,1.550,-80.9,0.981,2.084
2626120,A2,2.850,-81.3,0.991,2.084
2626130,A1,2.410,-81.3,0.974,2.068
2626250,A3,1.560,-81.2,0.974,2.062
2626270,A2,2.880,-81.4,0.943,2.062
2626280,A1,2.430,-81.4,0.960,2.079
2626400,A3,1.560,-81.0,0.960,2.079
2626420,A2,2.850,-81.6,0.991,2.079
2626430,A1,2.430,-81.4,0.991,2.079
2626550,A3,1.560,-81.3,0.991,2.079
2626570,A2,2.850,-81.6,0.991,2.079
2626580,A1,2.420,-82.1,0.982,2.070
2626700,A3,1.550,-81.1,0.982,2.076
2626720,A2,2.850,-81.6,0.982,2.076
2626730,A1,2.440,-81.2,1.000,2.092
2626850,A3,1.570,-81.1,1.000,2.081
2626870,A2,2.850,-81.7,1.000,2.081
2626880,A1,2.420,-81.2,0.982,2.065
2627000,A3,1.540,-81.0,0.982,2.081
2627020,A2,2.880,-81.6,0.952,2.081
2627030,A1,2.400,-81.4,0.934,2.065
2627150,A3,1.580,-81.2,0.934,2.044
2627170,A2,2.860,-81.3,0.955,2.044
2627180,A1,2.400,-81.3,0.955,2.044
2627300,A3,1.570,-80.8,0.955,2.049
2627320,A2,2.860,-81.5,0.955,2.049
2627330,A1,2.430,-81.8,0.981,2.073
2627450,A3,1.550,-81.6,0.981,2.084
2627470,A2,2.840,-81.8,1.001,2.084
2627480,A1,2.390,-82.4,0.967,2.052
2627600,A3,1.550,-80.8,0.967,2.052
2627620,A2,2.870,-81.7,0.936,2.052
2627630,A1,2.420,-81.7,0.962,2.076
2627750,A3,1.600,-81.1,0.962,2.049
2627770,A2,2.860,-81.2,0.972,2.049
2627780,A1,2.410,-81.6,0.963,2.041
2627900,A3,1.530,-81.4,0.963,2.078
2627920,A2,2.840,-81.3,0.984,2.078
2627930,A1,2.410,-81.5,0.984,2.078
2628200,A3,1.550,-81.5,0.984,2.068
2628220,A2,2.860,-81.5,0.963,2.068
2628230,A1,2.410,-81.3,0.963,2.068
2628350,A3,1.520,-81.5,0.963,2.083
2628370,A2,2.880,-81.5,0.943,2.083
2628380,A1,2.440,-81.2,0.969,2.107
2628500,A3,1.520,-81.9,0.969,2.107
2628520,A2,2.860,-81.6,0.990,2.107
2628530,A1,2.450,-81.8,0.998,2.115
2628650,A3,1.550,-81.4,0.998,2.100
2628670,A2,2.820,-81.3,1.039,2.100
2628680,A1,2.440,-81.5,1.031,2.092
2628800,A3,1.540,-81.2,1.031,2.097
2628820,A2,2.880,-81.9,0.969,2.097
2628830,A1,2.440,-81.9,0.969,2.097
2628950,A3,1.520,-81.4,0.969,2.107
2628970,A2,2.880,-82.2,0.969,2.107
2628980,A1,2.440,-82.0,0.969,2.107
2629100,A3,1.550,-82.0,0.969,2.092
2629120,A2,2.850,-81.6,1.000,2.092
2629130,A1,2.430,-82.3,0.991,2.084
2629250,A3,1.530,-81.8,0.991,2.094
2629270,A2,2.870,-81.5,0.971,2.094
2629280,A1,2.410,-81.6,0.953,2.078
2629400,A3,1.520,-81.5,0.953,2.083
2629420,A2,2.850,-81.7,0.974,2.083
2629430,A1,2.410,-82.1,0.974,2.083
2629550,A3,1.530,-81.9,0.974,2.078
2629570,A2,2.840,-81.7,0.984,2.078
2629580,A1,2.430,-81.8,1.001,2.094
2629700,A3,1.560,-80.4,1.001,2.079
2629720,A2,2.860,-81.3,0.981,2.079
2629730,A1,2.440,-82.2,0.990,2.087
2629850,A3,1.520,-81.6,0.990,2.107
2629870,A2,2.870,-81.6,0.979,2.107
2629880,A1,2.410,-82.1,0.953,2.083
2630000,A3,1.530,-82.7,0.953,2.078
2630020,A2,2.890,-81.8,0.932,2.078
2630030,A1,2.400,-81.8,0.924,2.070
2630150,A3,1.530,-81.7,0.924,2.070
2630170,A2,2.860,-81.5,0.955,2.070
2630180,A1,2.440,-81.6,0.990,2.102
2630300,A3,1.530,-81.5,0.990,2.102
2630320,A2,2.840,-82.0,1.010,2.102
2630330,A1,2.400,-81.6,0.975,2.070
2630450,A3,1.510,-82.0,0.975,2.080
2630470,A2,2.870,-81.5,0.945,2.080
2630480,A1,2.410,-81.9,0.953,2.088
2630600,A3,1.550,-82.2,0.953,2.068
2630620,A2,2.850,-81.6,0.974,2.068
2630630,A1,2.400,-81.9,0.965,2.060
2630750,A3,1.520,-81.6,0.965,2.075
2630770,A2,2.850,-81.4,0.965,2.075
2630780,A1,2.410,-82.3,0.974,2.083
2630900,A3,1.540,-81.0,0.974,2.073
2630920,A2,2.860,-81.5,0.963,2.073
2630930,A1,2.400,-82.3,0.955,2.065
2631050,A3,1.530,-81.5,0.955,2.070
2631070,A2,2.870,-81.3,0.945,2.070
2631080,A1,2.390,-81.6,0.936,2.062
2631350,A3,1.540,-81.2,0.936,2.057
2631370,A2,2.830,-81.6,0.977,2.057
2631380,A1,2.410,-81.7,0.994,2.073
2631500,A3,1.560,-81.3,0.994,2.062
2631520,A2,2.860,-81.6,0.963,2.062
2631530,A1,2.400,-81.8,0.955,2.054
2631650,A3,1.530,-81.9,0.955,2.070
2631670,A2,2.870,-81.7,0.945,2.070
2631680,A1,2.410,-82.2,0.953,2.078
2631800,A3,1.570,-80.9,0.953,2.057
2631820,A2,2.840,-82.2,0.984,2.057
2631830,A1,2.420,-81.7,0.993,2.065
2631950,A3,1.530,-81.4,0.993,2.086
2631970,A2,2.830,-81.7,1.003,2.086
2631980,A1,2.400,-81.7,0.986,2.070
2632100,A3,1.540,-81.9,0.986,2.065
2632120,A2,2.860,-81.4,0.955,2.065
2632130,A1,2.420,-81.4,0.972,2.081
2632250,A3,1.540,-81.3,0.972,2.081
2632270,A2,2.880,-81.3,0.952,2.081
2632280,A1,2.440,-82.1,0.969,2.097
2632400,A3,1.570,-80.9,0.969,2.081
2632420,A2,2.860,-81.5,0.990,2.081
2632430,A1,2.430,-82.5,0.981,2.073
2632550,A3,1.540,-80.9,0.981,2.089
2632570,A2,2.840,-81.4,1.001,2.089
2632580,A1,2.420,-82.2,0.993,2.081
2632700,A3,1.540,-81.6,0.993,2.081
2632720,A2,2.850,-81.8,0.982,2.081
2632730,A1,2.430,-82.1,0.991,2.089
2632850,A3,1.560,-81.5,0.991,2.079
2632870,A2,2.860,-81.5,0.981,2.079
2632880,A1,2.410,-82.1,0.963,2.062
2633000,A3,1.550,-81.1,0.963,2.068
2633020,A2,2.830,-81.8,0.994,2.068
2633030,A1,2.390,-81.7,0.977,2.052
2633150,A3,1.580,-81.0,0.977,2.036
2633170,A2,2.840,-81.7,0.967,2.036
2633180,A1,2.410,-82.0,0.984,2.052
2633300,A3,1.530,-81.2,0.984,2.078
2633320,A2,2.860,-81.4,0.963,2.078
2633330,A1,2.400,-82.5,0.955,2.070
2633450,A3,1.550,-81.8,0.955,2.060
2633470,A2,2.880,-81.3,0.934,2.060
2633480,A1,2.390,-82.3,0.926,2.052
2633600,A3,1.530,-81.0,0.926,2.062
2633620,A2,2.880,-81.6,0.926,2.062
2633630,A1,2.380,-82.5,0.917,2.054
2633750,A3,1.540,-81.7,0.917,2.049
2633770,A2,2.850,-81.4,0.948,2.049
2633780,A1,2.390,-81.8,0.956,2.057
2633900,A3,1.540,-81.2,0.956,2.057
2633920,A2,2.840,-81.4,0.967,2.057
2633930,A1,2.410,-82.3,0.984,2.073
2634050,A3,1.540,-81.4,0.984,2.073
2634070,A2,2.860,-81.2,0.963,2.073
2634080,A1,2.400,-81.6,0.955,2.065
2634200,A3,1.540,-81.6,0.955,2.065
2634220,A2,2.850,-81.7,0.965,2.065
2634230,A1,2.400,-82.3,0.965,2.065
2634500,A3,1.550,-81.2,0.965,2.060
2634520,A2,2.890,-81.6,0.924,2.060
2634530,A1,2.390,-82.4,0.915,2.052
2634650,A3,1.520,-81.6,0.915,2.067
2634670,A2,2.870,-81.4,0.936,2.067
2634680,A1,2.390,-82.3,0.936,2.067
2634800,A3,1.560,-81.2,0.936,2.046
2634820,A2,2.870,-81.7,0.936,2.046
2634830,A1,2.410,-81.7,0.953,2.062
2634950,A3,1.560,-81.6,0.953,2.062
2634970,A2,2.840,-81.5,0.984,2.062
2634980,A1,2.400,-82.0,0.975,2.054
2635100,A3,1.570,-81.0,0.975,2.049
2635120,A2,2.820,-81.6,0.996,2.049
2635130,A1,2.410,-82.5,1.004,2.057
2635250,A3,1.560,-81.7,1.004,2.062
2635270,A2,2.830,-81.4,0.994,2.062
2635280,A1,2.390,-81.7,0.977,2.046
2635400,A3,1.540,-81.0,0.977,2.057
2635420,A2,2.860,-81.8,0.946,2.057
2635430,A1,2.410,-81.7,0.963,2.073
2635550,A3,1.570,-82.5,0.963,2.057
2635570,A2,2.880,-81.8,0.943,2.057
2635850,A3,1.570,-81.4,0.943,2.057
2635870,A2,2.880,-81.7,0.943,2.057
2635880,A1,2.400,-82.0,0.934,2.049
2636000,A3,1.550,-81.6,0.934,2.060
2636020,A2,2.880,-81.7,0.934,2.060
2636030,A1,2.390,-81.7,0.926,2.052
2636150,A3,1.520,-81.8,0.926,2.067
2636170,A2,2.890,-81.8,0.915,2.067
2636180,A1,2.400,-82.1,0.924,2.075
2636300,A3,1.530,-81.8,0.924,2.070
2636320,A2,2.890,-81.8,0.924,2.070
2636330,A1,2.420,-82.2,0.941,2.086
2636450,A3,1.570,-81.5,0.941,2.065
2636470,A2,2.850,-81.7,0.982,2.065
2636480,A1,2.370,-82.0,0.939,2.025
2636600,A3,1.550,-81.1,0.939,2.036
2636620,A2,2.880,-81.8,0.908,2.036
2636630,A1,2.390,-82.0,0.926,2.052
2636750,A3,1.560,-81.6,0.926,2.046
2636770,A2,2.850,-81.5,0.956,2.046
2636780,A1,2.420,-82.3,0.982,2.070
2636900,A3,1.560,-81.4,0.982,2.070
2636920,A2,2.860,-81.5,0.972,2.070
2636930,A1,2.400,-81.9,0.955,2.054
2637050,A3,1.540,-81.7,0.955,2.065
2637070,A2,2.850,-81.8,0.965,2.065
2637080,A1,2.390,-81.8,0.956,2.057
2637200,A3,1.540,-81.4,0.956,2.057
2637220,A2,2.880,-81.5,0.926,2.057
2637230,A1,2.400,-81.9,0.934,2.065
2637350,A3,1.530,-81.4,0.934,2.070
2637370,A2,2.840,-81.6,0.975,2.070
2637380,A1,2.390,-81.9,0.967,2.062
2637650,A3,1.560,-81.1,0.967,2.046
2637670,A2,2.850,-81.4,0.956,2.046
2637680,A1,2.390,-82.2,0.956,2.046
2637800,A3,1.580,-81.5,0.956,2.036
2637820,A2,2.860,-81.8,0.946,2.036
2637830,A1,2.370,-81.6,0.929,2.020
2637950,A3,1.520,-81.5,0.929,2.051
2637970,A2,2.880,-81.6,0.908,2.051
2637980,A1,2.400,-82.1,0.934,2.075
2638100,A3,1.540,-81.6,0.934,2.065
2638120,A2,2.870,-81.8,0.945,2.065
2638130,A1,2.420,-82.4,0.962,2.081
2638250,A3,1.560,-81.2,0.962,2.070
2638270,A2,2.870,-81.7,0.962,2.070
2638280,A1,2.400,-82.3,0.945,2.054
2638400,A3,1.550,-81.7,0.945,2.060
2638420,A2,2.820,-82.0,0.996,2.060
2638430,A1,2.380,-82.6,0.978,2.044
2638550,A3,1.570,-80.8,0.978,2.033
2638570,A2,2.880,-81.5,0.917,2.033
2638580,A1,2.360,-81.8,0.900,2.017
2638700,A3,1.540,-80.8,0.900,2.033
2638720,A2,2.840,-81.9,0.941,2.033
2638730,A1,2.390,-81.8,0.967,2.057
2638850,A3,1.540,-81.7,0.967,2.057
2638870,A2,2.890,-82.0,0.915,2.057
2638880,A1,2.420,-81.6,0.941,2.081
2639000,A3,1.540,-81.9,0.941,2.081
2639020,A2,2.840,-81.7,0.993,2.081
2639030,A1,2.400,-82.3,0.975,2.065
2639150,A3,1.550,-81.4,0.975,2.060
2639170,A2,2.840,-81.7,0.975,2.060
2639180,A1,2.380,-82.4,0.958,2.044
2639300,A3,1.560,-81.9,0.958,2.038
2639320,A2,2.850,-81.6,0.948,2.038
2639330,A1,2.390,-81.9,0.956,2.046
2639450,A3,1.580,-81.5,0.956,2.036
2639470,A2,2.860,-81.8,0.946,2.036
2639480,A1,2.380,-81.5,0.938,2.028
2639600,A3,1.550,-81.3,0.938,2.044
2639620,A2,2.850,-81.7,0.948,2.044
2639630,A1,2.410,-82.4,0.974,2.068
2639750,A3,1.540,-81.7,0.974,2.073
2639770,A2,2.820,-81.9,1.004,2.073
2639780,A1,2.400,-81.9,0.996,2.065
2639900,A3,1.540,-81.8,0.996,2.065
2639920,A2,2.900,-81.6,0.913,2.065
2639930,A1,2.390,-81.6,0.905,2.057
2640050,A3,1.540,-81.5,0.905,2.057
2640070,A2,2.870,-81.6,0.936,2.057
2640080,A1,2.390,-82.0,0.936,2.057
2640200,A3,1.530,-82.0,0.936,2.062
2640220,A2,2.860,-81.8,0.946,2.062
2640230,A1,2.410,-82.4,0.963,2.078
2640350,A3,1.560,-81.7,0.963,2.062
2640370,A2,2.870,-82.0,0.953,2.062
2640380,A1,2.390,-81.8,0.936,2.046
2640500,A3,1.560,-81.7,0.936,2.046
2640520,A2,2.880,-81.7,0.926,2.046
2640530,A1,2.420,-82.4,0.952,2.070
2640800,A3,1.540,-82.0,0.952,2.081
2640820,A2,2.800,-81.7,1.033,2.081
2640830,A1,2.420,-81.6,1.033,2.081
2640950,A3,1.530,-81.7,1.033,2.086
2640970,A2,2.870,-81.6,0.962,2.086
2640980,A1,2.410,-81.8,0.953,2.078
2641100,A3,1.560,-80.9,0.953,2.062
2641120,A2,2.850,-81.7,0.974,2.062
2641130,A1,2.380,-82.5,0.948,2.038
2641250,A3,1.550,-81.5,0.948,2.044
2641270,A2,2.840,-81.8,0.958,2.044
2641280,A1,2.390,-82.6,0.967,2.052
2641400,A3,1.520,-81.1,0.967,2.067
2641420,A2,2.870,-81.7,0.936,2.067
2641430,A1,2.420,-81.7,0.962,2.091
2641550,A3,1.570,-82.0,0.962,2.065
2641570,A2,2.820,-82.1,1.013,2.065
2641580,A1,2.400,-82.0,0.996,2.049
2641700,A3,1.570,-81.4,0.996,2.049
2641720,A2,2.860,-81.9,0.955,2.049
2641730,A1,2.410,-81.5,0.963,2.057
2641850,A3,1.530,-81.7,0.963,2.078
2641870,A2,2.860,-81.7,0.963,2.078
2641880,A1,2.420,-82.3,0.972,2.086
2642000,A3,1.530,-81.7,0.972,2.086
2642020,A2,2.880,-81.9,0.952,2.086
2642030,A1,2.390,-82.0,0.926,2.062
2642150,A3,1.540,-81.3,0.926,2.057
2642170,A2,2.830,-81.9,0.977,2.057
2642180,A1,2.390,-81.7,0.977,2.057
2642300,A3,1.550,-80.7,0.977,2.052
2642320,A2,2.860,-81.7,0.946,2.052
2642330,A1,2.390,-82.2,0.946,2.052
2642470,A2,2.870,-81.8,0.936,2.052
2642480,A1,2.400,-82.0,0.945,2.060
2642620,A2,2.820,-81.9,0.996,2.060
2642630,A1,2.360,-82.1,0.961,2.028
2642750,A3,1.540,-81.9,0.961,2.033
2642770,A2,2.850,-81.5,0.931,2.033
2642780,A1,2.400,-82.2,0.965,2.065
2642900,A3,1.550,-81.5,0.965,2.060
2642920,A2,2.840,-81.6,0.975,2.060
2642930,A1,2.400,-81.9,0.975,2.060
2643050,A3,1.540,-81.1,0.975,2.065
2643070,A2,2.870,-81.6,0.945,2.065
2643080,A1,2.400,-81.8,0.945,2.065
2643200,A3,1.530,-82.1,0.945,2.070
2643220,A2,2.860,-81.9,0.955,2.070
2643230,A1,2.380,-81.9,0.938,2.054
2643350,A3,1.560,-81.6,0.938,2.038
2643370,A2,2.890,-81.6,0.907,2.038
2643380,A1,2.390,-81.8,0.915,2.046
2643500,A3,1.520,-81.8,0.915,2.067
2643520,A2,2.850,-81.7,0.956,2.067
2643530,A1,2.410,-82.1,0.974,2.083
2643650,A3,1.540,-81.8,0.974,2.073
2643670,A2,2.880,-81.7,0.943,2.073
2643680,A1,2.410,-81.7,0.943,2.073
2643950,A3,1.560,-81.4,0.943,2.062
2643970,A2,2.860,-81.7,0.963,2.062
2643980,A1,2.410,-81.8,0.963,2.062
2644100,A3,1.560,-81.9,0.963,2.062
2644120,A2,2.860,-81.6,0.963,2.062
2644130,A1,2.390,-82.1,0.946,2.046
2644250,A3,1.540,-81.9,0.946,2.057
2644270,A2,2.860,-81.4,0.946,2.057
2644280,A1,2.400,-82.5,0.955,2.065
2644400,A3,1.550,-81.6,0.955,2.060
2644420,A2,2.880,-82.0,0.934,2.060
2644430,A1,2.400,-82.2,0.934,2.060
2644550,A3,1.540,-81.7,0.934,2.065
2644570,A2,2.860,-81.6,0.955,2.065
2644580,A1,2.390,-82.1,0.946,2.057
2644700,A3,1.530,-81.8,0.946,2.062
2644720,A2,2.850,-81.6,0.956,2.062
2644730,A1,2.390,-82.5,0.956,2.062
2644850,A3,1.560,-81.9,0.956,2.046
2644870,A2,2.880,-81.8,0.926,2.046
2644880,A1,2.390,-81.8,0.926,2.046
2645000,A3,1.530,-81.2,0.926,2.062
2645020,A2,2.870,-81.7,0.936,2.062
2645030,A1,2.400,-81.8,0.945,2.070
2645150,A3,1.530,-81.9,0.945,2.070
2645170,A2,2.870,-81.7,0.945,2.070
2645180,A1,2.360,-81.9,0.910,2.038
2645300,A3,1.560,-81.9,0.910,2.023
2645320,A2,2.870,-81.5,0.910,2.023
2645330,A1,2.390,-81.8,0.936,2.046
2645450,A3,1.540,-81.4,0.936,2.057
2645470,A2,2.850,-81.7,0.956,2.057
2645480,A1,2.390,-81.9,0.956,2.057
2645600,A3,1.520,-81.7,0.956,2.067
2645620,A2,2.870,-81.6,0.936,2.067
2645630,A1,2.400,-82.4,0.945,2.075
2645750,A3,1.520,-81.9,0.945,2.075
2645770,A2,2.880,-81.7,0.934,2.075
2645780,A1,2.400,-81.7,0.934,2.075
2645900,A3,1.540,-81.7,0.934,2.065
2645920,A2,2.870,-81.8,0.945,2.065
2645930,A1,2.400,-82.4,0.945,2.065
2646050,A3,1.550,-81.7,0.945,2.060
2646070,A2,2.870,-81.6,0.945,2.060
2646080,A1,2.400,-81.9,0.945,2.060
2646200,A3,1.550,-82.5,0.945,2.060
2646220,A2,2.850,-82.0,0.965,2.060
2646230,A1,2.380,-82.8,0.948,2.044
2646350,A3,1.540,-82.0,0.948,2.049
2646370,A2,2.860,-81.5,0.938,2.049
2646380,A1,2.400,-81.6,0.955,2.065
2646500,A3,1.550,-82.2,0.955,2.060
2646520,A2,2.850,-82.0,0.965,2.060
2646530,A1,2.400,-82.1,0.965,2.060
2646650,A3,1.550,-81.8,0.965,2.060
2646670,A2,2.860,-81.6,0.955,2.060
2646680,A1,2.380,-82.3,0.938,2.044
2646800,A3,1.540,-81.9,0.938,2.049
2646820,A2,2.840,-81.6,0.958,2.049
2646830,A1,2.380,-82.0,0.958,2.049
2647100,A3,1.530,-82.3,0.958,2.054
2647120,A2,2.880,-81.9,0.917,2.054
2647130,A1,2.400,-82.2,0.934,2.070
2647250,A3,1.520,-82.3,0.934,2.075
2647270,A2,2.830,-81.8,0.986,2.075
2647280,A1,2.410,-81.8,0.994,2.083
2647400,A3,1.530,-81.3,0.994,2.078
2647420,A2,2.870,-81.8,0.953,2.078
2647430,A1,2.390,-81.6,0.936,2.062
2647550,A3,1.540,-81.2,0.936,2.057
2647570,A2,2.850,-81.6,0.956,2.057
2647580,A1,2.400,-81.7,0.965,2.065
2647700,A3,1.560,-81.9,0.965,2.054
2647720,A2,2.870,-81.7,0.945,2.054
2647730,A1,2.390,-81.9,0.936,2.046
2647850,A3,1.540,-81.7,0.936,2.057
2647870,A2,2.860,-81.7,0.946,2.057
2647880,A1,2.390,-81.8,0.946,2.057
2648000,A3,1.540,-81.9,0.946,2.057
2648020,A2,2.860,-81.6,0.946,2.057
2648030,A1,2.400,-81.8,0.955,2.065
2648150,A3,1.580,-80.7,0.955,2.044
2648170,A2,2.860,-81.6,0.955,2.044
2648180,A1,2.380,-81.9,0.938,2.028
2648300,A3,1.540,-81.4,0.938,2.049
2648320,A2,2.850,-81.4,0.948,2.049
2648330,A1,2.380,-82.3,0.948,2.049
2648470,A2,2.860,-81.5,0.938,2.049
2648480,A1,2.430,-82.0,0.981,2.089
2648620,A2,2.850,-81.4,0.991,2.089
2648630,A1,2.420,-81.5,0.982,2.081
2648750,A3,1.530,-83.0,0.982,2.086
2648770,A2,2.870,-81.6,0.962,2.086
2648780,A1,2.410,-82.3,0.953,2.078
2648900,A3,1.520,-81.6,0.953,2.083
2648920,A2,2.880,-81.5,0.943,2.083
2648930,A1,2.420,-81.4,0.952,2.091
2649050,A3,1.520,-81.8,0.952,2.091
2649070,A2,2.850,-81.6,0.982,2.091
2649080,A1,2.440,-81.6,1.000,2.107
2649200,A3,1.540,-81.8,1.000,2.097
2649220,A2,2.890,-81.3,0.959,2.097
2649230,A1,2.410,-82.2,0.932,2.073
2649350,A3,1.530,-81.5,0.932,2.078
2649370,A2,2.860,-81.5,0.963,2.078
2649380,A1,2.410,-81.6,0.963,2.078
2649500,A3,1.530,-81.6,0.963,2.078
2649520,A2,2.880,-81.5,0.943,2.078
2649530,A1,2.440,-81.6,0.969,2.102
2649650,A3,1.550,-81.3,0.969,2.092
2649670,A2,2.840,-81.3,1.010,2.092
2649680,A1,2.410,-81.6,0.984,2.068
2649800,A3,1.540,-81.1,0.984,2.073
2649820,A2,2.840,-81.2,0.984,2.073
2649830,A1,2.410,-81.6,0.984,2.073
2649950,A3,1.570,-81.4,0.984,2.057
2649970,A2,2.860,-81.8,0.963,2.057
2649980,A1,2.390,-81.6,0.946,2.041
2650250,A3,1.540,-81.4,0.946,2.057
2650270,A2,2.860,-81.3,0.946,2.057
2650280,A1,2.390,-81.8,0.946,2.057
2650400,A3,1.550,-81.0,0.946,2.052
2650420,A2,2.870,-81.4,0.936,2.052
2650430,A1,2.410,-81.9,0.953,2.068
2650550,A3,1.560,-81.5,0.953,2.062
2650570,A2,2.890,-81.3,0.932,2.062
2651000,A3,1.540,-80.8,0.932,2.073
2651020,A2,2.890,-81.6,0.932,2.073
2651030,A1,2.430,-81.7,0.950,2.089
2651150,A3,1.530,-81.4,0.950,2.094
2651170,A2,2.850,-81.2,0.991,2.094
2651180,A1,2.400,-81.4,0.965,2.070
2651300,A3,1.530,-81.0,0.965,2.070
2651320,A2,2.860,-81.5,0.955,2.070
2651330,A1,2.440,-81.7,0.990,2.102
2651450,A3,1.540,-81.1,0.990,2.097
2651470,A2,2.830,-81.4,1.020,2.097
2651480,A1,2.400,-82.0,0.986,2.065
2651600,A3,1.570,-81.5,0.986,2.049
2651620,A2,2.890,-81.4,0.924,2.049
2651630,A1,2.430,-82.1,0.950,2.073
2651750,A3,1.530,-81.1,0.950,2.094
2651770,A2,2.870,-81.3,0.971,2.094
2651780,A1,2.430,-82.0,0.971,2.094
2651900,A3,1.540,-81.8,0.971,2.089
2651920,A2,2.880,-81.6,0.960,2.089
2651930,A1,2.400,-82.1,0.934,2.065
2652050,A3,1.550,-80.7,0.934,2.060
2652070,A2,2.880,-81.2,0.934,2.060
2652080,A1,2.420,-82.3,0.952,2.076
2652200,A3,1.550,-81.4,0.952,2.076
2652220,A2,2.850,-81.3,0.982,2.076
2652230,A1,2.400,-81.7,0.965,2.060
2652350,A3,1.560,-80.6,0.965,2.054
2652370,A2,2.880,-81.6,0.934,2.054
2652380,A1,2.400,-81.9,0.934,2.054
2652500,A3,1.530,-81.6,0.934,2.070
2652520,A2,2.840,-81.4,0.975,2.070
2652530,A1,2.430,-82.0,1.001,2.094
2652650,A3,1.560,-80.9,1.001,2.079
2652670,A2,2.870,-88.2,0.971,2.079
2652680,A1,2.430,-81.4,0.971,2.079
2652800,A3,1.520,-81.2,0.971,2.099
2652820,A2,2.890,-81.3,0.950,2.099
2652830,A1,2.430,-82.0,0.950,2.099
2652950,A3,1.540,-81.3,0.950,2.089
2652970,A2,2.860,-81.3,0.981,2.089
2652980,A1,2.400,-81.6,0.955,2.065
2653100,A3,1.540,-81.5,0.955,2.065
2653120,A2,2.870,-81.3,0.945,2.065
2653130,A1,2.420,-81.8,0.962,2.081
2653400,A3,1.520,-81.2,0.962,2.091
2653420,A2,2.880,-81.5,0.952,2.091
2653430,A1,2.410,-81.8,0.943,2.083
2653550,A3,1.550,-81.8,0.943,2.068
2653570,A2,2.850,-81.2,0.974,2.068
2653580,A1,2.410,-81.9,0.974,2.068
2653700,A3,1.550,-81.1,0.974,2.068
2653720,A2,2.920,-81.6,0.901,2.068
2653730,A1,2.400,-81.5,0.892,2.060
2653850,A3,1.530,-81.9,0.892,2.070
2653870,A2,2.860,-81.2,0.955,2.070
2653880,A1,2.420,-81.7,0.972,2.086
2654000,A3,1.550,-81.4,0.972,2.076
2654020,A2,2.870,-81.6,0.962,2.076
2654030,A1,2.380,-81.6,0.927,2.044
2654150,A3,1.530,-81.5,0.927,2.054
2654170,A2,2.880,-81.3,0.917,2.054
2654180,A1,2.390,-82.3,0.926,2.062
2654300,A3,1.570,-81.6,0.926,2.041
2654320,A2,2.880,-81.3,0.926,2.041
2654330,A1,2.380,-82.0,0.917,2.033
2654450,A3,1.520,-81.6,0.917,2.059
2654470,A2,2.890,-81.4,0.907,2.059
2654480,A1,2.410,-81.6,0.932,2.083
2654600,A3,1.530,-80.9,0.932,2.078
2654620,A2,2.830,-81.5,0.994,2.078
2654630,A1,2.410,-81.5,0.994,2.078
2654750,A3,1.560,-81.3,0.994,2.062
2654770,A2,2.850,-81.8,0.974,2.062
2654780,A1,2.390,-82.3,0.956,2.046
2654900,A3,1.550,-81.3,0.956,2.052
2654920,A2,2.870,-81.6,0.936,2.052
2654930,A1,2.410,-82.4,0.953,2.068
2655050,A3,1.530,-81.6,0.953,2.078
2655070,A2,2.840,-81.4,0.984,2.078
2655080,A1,2.380,-81.9,0.958,2.054
2655200,A3,1.550,-81.6,0.958,2.044
2655230,A1,2.430,-82.5,1.001,2.084
2655380,A1,2.390,-82.7,0.967,2.052
2655500,A3,1.560,-80.8,0.967,2.046
2655520,A2,2.880,-81.7,0.926,2.046
2655530,A1,2.400,-81.7,0.934,2.054
2655650,A3,1.550,-80.8,0.934,2.060
2655670,A2,2.890,-81.7,0.924,2.060
2655680,A1,2.400,-82.4,0.924,2.060
2655800,A3,1.520,-81.5,0.924,2.075
2655820,A2,2.850,-81.5,0.965,2.075
2655830,A1,2.430,-81.8,0.991,2.099
2655950,A3,1.560,-80.9,0.991,2.079
2655970,A2,2.870,-81.4,0.971,2.079
2655980,A1,2.420,-82.0,0.962,2.070
2656100,A3,1.540,-81.5,0.962,2.081
2656120,A2,2.860,-81.6,0.972,2.081
2656130,A1,2.410,-82.4,0.963,2.073
2656250,A3,1.530,-80.9,0.963,2.078
2656270,A2,2.870,-81.5,0.953,2.078
2656280,A1,2.400,-82.4,0.945,2.070
2656550,A3,1.530,-81.1,0.945,2.070
2656570,A2,2.870,-81.5,0.945,2.070
2656580,A1,2.400,-82.4,0.945,2.070
2656700,A3,1.530,-81.4,0.945,2.070
2656720,A2,2.870,-87.4,0.945,2.070
2656730,A1,2.410,-81.8,0.953,2.078
2656850,A3,1.530,-82.8,0.953,2.078
2656870,A2,2.860,-81.6,0.963,2.078
2656880,A1,2.410,-83.2,0.963,2.078
2657000,A3,1.550,-80.9,0.963,2.068
2657020,A2,2.840,-81.8,0.984,2.068
2657030,A1,2.400,-82.1,0.975,2.060
2657150,A3,1.520,-81.9,0.975,2.075
2657170,A2,2.860,-81.2,0.955,2.075
2657180,A1,2.440,-81.8,0.990,2.107
2657300,A3,1.570,-81.0,0.990,2.081
2657320,A2,2.880,-81.5,0.969,2.081
2657330,A1,2.440,-82.1,0.969,2.081
2657450,A3,1.540,-81.2,0.969,2.097
2657470,A2,2.850,-81.7,1.000,2.097
2657480,A1,2.410,-81.8,0.974,2.073
2657600,A3,1.560,-81.9,0.974,2.062
2657620,A2,2.890,-81.5,0.932,2.062
2657630,A1,2.410,-81.5,0.932,2.062
2657750,A3,1.530,-83.1,0.932,2.078
2657770,A2,2.860,-81.8,0.963,2.078
2657780,A1,2.410,-81.4,0.963,2.078
2657900,A3,1.570,-82.3,0.963,2.057
2657920,A2,2.830,-81.7,0.994,2.057
2657930,A1,2.390,-81.8,0.977,2.041
2658050,A3,1.500,-82.6,0.977,2.077
2658070,A2,2.880,-81.9,0.926,2.077
2658080,A1,2.400,-82.0,0.934,2.085
2658200,A3,1.520,-82.2,0.934,2.075
2658220,A2,2.870,-81.6,0.945,2.075
2658230,A1,2.430,-81.8,0.971,2.099
2658350,A3,1.530,-82.9,0.971,2.094
2658370,A2,2.850,-81.8,0.991,2.094
2658380,A1,2.440,-81.7,1.000,2.102
2658500,A3,1.530,-83.0,1.000,2.102
2658520,A2,2.850,-82.1,1.000,2.102
2658530,A1,2.420,-81.8,0.982,2.086
2658650,A3,1.540,-82.1,0.982,2.081
2658670,A2,2.880,-81.6,0.952,2.081
2658680,A1,2.410,-82.1,0.943,2.073
2658800,A3,1.530,-83.0,0.943,2.078
2658830,A1,2.440,-81.9,0.969,2.102
2658980,A1,2.400,-81.4,0.934,2.070
2659100,A3,1.500,-82.7,0.934,2.085
2659120,A2,2.820,-82.1,0.996,2.085
2659130,A1,2.430,-81.3,1.022,2.109
2659250,A3,1.540,-81.9,1.022,2.089
2659270,A2,2.880,-81.7,0.960,2.089
2659280,A1,2.420,-81.6,0.952,2.081
2659400,A3,1.520,-81.8,0.952,2.091
2659420,A2,2.840,-81.8,0.993,2.091
2659430,A1,2.420,-82.0,0.993,2.091
2660000,A3,1.500,-82.4,0.993,2.101
2660020,A2,2.860,-82.0,0.972,2.101
2660030,A1,2.420,-81.4,0.972,2.101
2660150,A3,1.550,-81.7,0.972,2.076
2660170,A2,2.890,-81.9,0.941,2.076
2660180,A1,2.400,-81.8,0.924,2.060
2660300,A3,1.530,-81.8,0.924,2.070
2660320,A2,2.880,-82.2,0.934,2.070
2660330,A1,2.400,-82.0,0.934,2.070
2660450,A3,1.550,-82.6,0.934,2.060
2660470,A2,2.870,-81.8,0.945,2.060
2660480,A1,2.440,-81.6,0.979,2.092
2660600,A3,1.540,-81.7,0.979,2.097
2660620,A2,2.840,-81.8,1.010,2.097
2660630,A1,2.440,-82.0,1.010,2.097
2660750,A3,1.520,-82.6,1.010,2.107
2660770,A2,2.850,-81.9,1.000,2.107
2660780,A1,2.410,-81.7,0.974,2.083
2660900,A3,1.530,-82.5,0.974,2.078
2660920,A2,2.890,-81.9,0.932,2.078
2660930,A1,2.410,-82.0,0.932,2.078
2661050,A3,1.540,-81.9,0.932,2.073
2661070,A2,2.850,-81.7,0.974,2.073
2661080,A1,2.400,-81.6,0.965,2.065
2661200,A3,1.570,-81.8,0.965,2.049
2661220,A2,2.830,-81.9,0.986,2.049
2661230,A1,2.410,-81.5,0.994,2.057
2661350,A3,1.520,-82.1,0.994,2.083
2661370,A2,2.820,-81.8,1.004,2.083
2661380,A1,2.410,-81.7,1.004,2.083
2661500,A3,1.540,-82.0,1.004,2.073
2661520,A2,2.850,-81.7,0.974,2.073
2661530,A1,2.430,-81.8,0.991,2.089
2661650,A3,1.520,-82.2,0.991,2.099
2661670,A2,2.860,-81.9,0.981,2.099
2661680,A1,2.410,-81.8,0.963,2.083
2661800,A3,1.550,-81.9,0.963,2.068
2661820,A2,2.840,-81.8,0.984,2.068
2661830,A1,2.410,-81.8,0.984,2.068
2661950,A3,1.520,-82.2,0.984,2.083
2661970,A2,2.840,-81.8,0.984,2.083
2661980,A1,2.430,-81.7,1.001,2.099
2662100,A3,1.540,-82.3,1.001,2.089
2662120,A2,2.880,-82.2,0.960,2.089
2662130,A1,2.420,-82.0,0.952,2.081
2662250,A3,1.530,-82.7,0.952,2.086
2662270,A2,2.870,-81.9,0.962,2.086
2662280,A1,2.420,-81.5,0.962,2.086
2662400,A3,1.530,-82.2,0.962,2.086
2662420,A2,2.870,-81.9,0.962,2.086
2662430,A1,2.420,-82.0,0.962,2.086
2662550,A3,1.520,-82.6,0.962,2.091
2662570,A2,2.880,-82.1,0.952,2.091
2662580,A1,2.420,-82.0,0.952,2.091
2662850,A3,1.530,-82.8,0.952,2.086
2662870,A2,2.860,-81.8,0.972,2.086
2662880,A1,2.410,-81.9,0.963,2.078
2663000,A3,1.530,-81.8,0.963,2.078
2663020,A2,2.830,-82.0,0.994,2.078
2663030,A1,2.390,-81.4,0.977,2.062
2663150,A3,1.530,-82.2,0.977,2.062
2663170,A2,2.870,-82.1,0.936,2.062
2663180,A1,2.410,-81.9,0.953,2.078
2663300,A3,1.560,-81.4,0.953,2.062
2663320,A2,2.840,-81.9,0.984,2.062
2663330,A1,2.410,-81.3,0.984,2.062
2663450,A3,1.540,-82.3,0.984,2.073
2663470,A2,2.850,-81.8,0.974,2.073
2663480,A1,2.420,-81.5,0.982,2.081
2663600,A3,1.550,-82.3,0.982,2.076
2663620,A2,2.840,-81.8,0.993,2.076
2663630,A1,2.390,-81.6,0.967,2.052
2663750,A3,1.520,-82.5,0.967,2.067
2663770,A2,2.850,-82.2,0.956,2.067
2663780,A1,2.420,-81.6,0.982,2.091
2663900,A3,1.560,-82.1,0.982,2.070
2663920,A2,2.840,-81.8,0.993,2.070
2663930,A1,2.400,-81.3,0.975,2.054
2664050,A3,1.530,-81.8,0.975,2.070
2664070,A2,2.880,-81.7,0.934,2.070
2664080,A1,2.380,-82.0,0.917,2.054
2664200,A3,1.550,-81.6,0.917,2.044
2664220,A2,2.880,-81.8,0.917,2.044
2664230,A1,2.400,-82.0,0.934,2.060
2664350,A3,1.520,-82.4,0.934,2.075
2664370,A2,2.890,-81.6,0.924,2.075
2664380,A1,2.420,-81.9,0.941,2.091
2664500,A3,1.550,-81.9,0.941,2.076
2664520,A2,2.820,-82.0,1.013,2.076
2664530,A1,2.420,-82.1,1.013,2.076
2664650,A3,1.530,-81.9,1.013,2.086
2664670,A2,2.890,-81.8,0.941,2.086
2664680,A1,2.400,-81.5,0.924,2.070
2664800,A3,1.530,-82.4,0.924,2.070
2664820,A2,2.870,-81.7,0.945,2.070
2664830,A1,2.410,-82.2,0.953,2.078
2664950,A3,1.550,-81.4,0.953,2.068
2664970,A2,2.890,-81.7,0.932,2.068
2664980,A1,2.430,-81.8,0.950,2.084
2665100,A3,1.520,-81.4,0.950,2.099
2665120,A2,2.860,-82.0,0.981,2.099
2665130,A1,2.410,-81.4,0.963,2.083
2665250,A3,1.540,-81.9,0.963,2.073
2665270,A2,2.870,-81.7,0.953,2.073
2665280,A1,2.430,-81.7,0.971,2.089
2665400,A3,1.530,-82.4,0.971,2.094
2665430,A1,2.420,-81.9,0.962,2.086
2665580,A1,2.420,-81.7,0.962,2.086
2665700,A3,1.530,-81.5,0.962,2.086
2665720,A2,2.860,-81.8,0.972,2.086
2665730,A1,2.410,-81.9,0.963,2.078
2666000,A3,1.530,-81.7,0.963,2.078
2666020,A2,2.840,-81.9,0.984,2.078
2666030,A1,2.400,-82.1,0.975,2.070
2666150,A3,1.540,-81.2,0.975,2.065
2666170,A2,2.840,-81.6,0.975,2.065
2666180,A1,2.420,-82.2,0.993,2.081
2666300,A3,1.530,-81.9,0.993,2.086
2666320,A2,2.850,-81.6,0.982,2.086
2666330,A1,2.460,-81.9,1.018,2.118
2666450,A3,1.520,-82.4,1.018,2.124
2666470,A2,2.870,-81.7,0.997,2.124
2666480,A1,2.390,-81.6,0.936,2.067
2666600,A3,1.550,-82.5,0.936,2.052
2666620,A2,2.870,-81.6,0.936,2.052
2666630,A1,2.410,-81.8,0.953,2.068
2666750,A3,1.540,-82.5,0.953,2.073
2666770,A2,2.830,-81.5,0.994,2.073
2666780,A1,2.410,-81.7,0.994,2.073
2666900,A3,1.540,-81.8,0.994,2.073
2666920,A2,2.870,-81.6,0.953,2.073
2666930,A1,2.440,-81.7,0.979,2.097
2667050,A3,1.510,-81.6,0.979,2.112
2667070,A2,2.850,-81.8,1.000,2.112
2667080,A1,2.420,-81.4,0.982,2.096
2667200,A3,1.560,-81.4,0.982,2.070
2667220,A2,2.870,-81.9,0.962,2.070
2667230,A1,2.430,-81.3,0.971,2.079
2667350,A3,1.490,-81.9,0.971,2.114
2667370,A2,2.880,-81.5,0.960,2.114
2667380,A1,2.430,-81.5,0.960,2.114
2667500,A3,1.540,-83.2,0.960,2.089
2667520,A2,2.860,-81.8,0.981,2.089
2667530,A1,2.400,-82.6,0.955,2.065
2667650,A3,1.510,-82.1,0.955,2.080
2667670,A2,2.860,-82.0,0.955,2.080
2667680,A1,2.400,-81.7,0.955,2.080
2667800,A3,1.540,-82.6,0.955,2.065
2667820,A2,2.870,-81.9,0.945,2.065
2667830,A1,2.410,-81.7,0.953,2.073
2667950,A3,1.520,-82.2,0.953,2.083
2667970,A2,2.840,-81.5,0.984,2.083
2667980,A1,2.400,-82.1,0.975,2.075
2668100,A3,1.520,-81.7,0.975,2.075
2668120,A2,2.840,-81.7,0.975,2.075
2668130,A1,2.410,-82.0,0.984,2.083
2668250,A3,1.560,-81.6,0.984,2.062
2668270,A2,2.890,-81.6,0.932,2.062
2668280,A1,2.430,-81.6,0.950,2.079
2668400,A3,1.530,-81.5,0.950,2.094
2668420,A2,2.860,-81.5,0.981,2.094
2668430,A1,2.410,-81.4,0.963,2.078
2668550,A3,1.550,-81.6,0.963,2.068
2668570,A2,2.840,-81.6,0.984,2.068
2668580,A1,2.410,-82.1,0.984,2.068
2668700,A3,1.540,-82.5,0.984,2.073
2668720,A2,2.840,-81.8,0.984,2.073
2668730,A1,2.390,-82.1,0.967,2.057
2668850,A3,1.550,-81.7,0.967,2.052
2668870,A2,2.860,-81.6,0.946,2.052
2668880,A1,2.410,-82.0,0.963,2.068
2669150,A3,1.530,-82.5,0.963,2.078
2669170,A2,2.860,-82.0,0.963,2.078
2669180,A1,2.390,-81.9,0.946,2.062
2669300,A3,1.560,-82.3,0.946,2.046
2669320,A2,2.850,-81.7,0.956,2.046
2669330,A1,2.400,-81.3,0.965,2.054
2669450,A3,1.520,-81.9,0.965,2.075
2669470,A2,2.860,-81.7,0.955,2.075
2669480,A1,2.430,-81.5,0.981,2.099
2669600,A3,1.560,-81.8,0.981,2.079
2669620,A2,2.830,-81.7,1.012,2.079
2669630,A1,2.400,-81.8,0.986,2.054
2669750,A3,1.530,-81.9,0.986,2.070
2669770,A2,2.860,-81.6,0.955,2.070
2669780,A1,2.430,-81.3,0.981,2.094
2669900,A3,1.550,-81.7,0.981,2.084
2669920,A2,2.880,-81.8,0.960,2.084
2669930,A1,2.430,-81.9,0.960,2.084
2670050,A3,1.540,-82.5,0.960,2.089
2670070,A2,2.870,-81.6,0.971,2.089
2670080,A1,2.420,-81.5,0.962,2.081
2670200,A3,1.540,-82.4,0.962,2.081
2670220,A2,2.860,-81.7,0.972,2.081
2670230,A1,2.440,-81.7,0.990,2.097
2670350,A3,1.520,-82.1,0.990,2.107
2670370,A2,2.860,-82.1,0.990,2.107
2670380,A1,2.400,-82.0,0.955,2.075
2670500,A3,1.530,-82.7,0.955,2.070
2670520,A2,2.820,-82.0,0.996,2.070
2670530,A1,2.430,-81.6,1.022,2.094
2670650,A3,1.530,-82.3,1.022,2.094
2670670,A2,2.830,-81.7,1.012,2.094
2670680,A1,2.400,-81.2,0.986,2.070
2670800,A3,1.520,-82.7,0.986,2.075
2670820,A2,2.900,-81.6,0.913,2.075
2670830,A1,2.420,-81.5,0.931,2.091
2670950,A3,1.550,-82.6,0.931,2.076
2670970,A2,2.830,-81.8,1.003,2.076
2670980,A1,2.410,-81.8,0.994,2.068
2671100,A3,1.530,-82.9,0.994,2.078
2671120,A2,2.840,-81.8,0.984,2.078
2671130,A1,2.390,-81.2,0.967,2.062
2671250,A3,1.560,-82.3,0.967,2.046
2671270,A2,2.850,-81.8,0.956,2.046
2671280,A1,2.420,-81.6,0.982,2.070
2671400,A3,1.540,-81.9,0.982,2.081
2671420,A2,2.840,-81.8,0.993,2.081
2671430,A1,2.410,-81.3,0.984,2.073
2671550,A3,1.530,-82.3,0.984,2.078
2671570,A2,2.880,-81.9,0.943,2.078
2671580,A1,2.420,-81.5,0.952,2.086
2671700,A3,1.530,-82.7,0.952,2.086
2671720,A2,2.880,-82.0,0.952,2.086
2671730,A1,2.400,-81.4,0.934,2.070
2671850,A3,1.550,-82.1,0.934,2.060
2671870,A2,2.860,-81.6,0.955,2.060
2671880,A1,2.410,-81.4,0.963,2.068
2672000,A3,1.530,-82.0,0.963,2.078
2672020,A2,2.840,-81.6,0.984,2.078
2672030,A1,2.370,-81.8,0.950,2.046
2672300,A3,1.530,-82.5,0.950,2.046
2672320,A2,2.840,-81.9,0.950,2.046
2672330,A1,2.440,-81.6,1.010,2.102
2672450,A3,1.520,-81.8,1.010,2.107
2672470,A2,2.880,-82.1,0.969,2.107
2672480,A1,2.430,-81.6,0.960,2.099
2672600,A3,1.540,-81.8,0.960,2.089
2672620,A2,2.860,-81.5,0.981,2.089
2672630,A1,2.390,-81.4,0.946,2.057
2672750,A3,1.500,-82.8,0.946,2.077
2672770,A2,2.840,-81.6,0.967,2.077
2672780,A1,2.430,-81.5,1.001,2.109
2672900,A3,1.560,-81.9,1.001,2.079
2672920,A2,2.860,-81.7,0.981,2.079
2672930,A1,2.410,-81.6,0.963,2.062
2673050,A3,1.500,-82.7,0.963,2.093
2673070,A2,2.880,-82.1,0.943,2.093
2673080,A1,2.430,-81.6,0.960,2.109
2673200,A3,1.560,-81.8,0.960,2.079
2673220,A2,2.840,-81.6,1.001,2.079
2673230,A1,2.430,-82.0,1.001,2.079
2673350,A3,1.510,-83.0,1.001,2.104
2673370,A2,2.860,-81.9,0.981,2.104
2673380,A1,2.410,-81.5,0.963,2.088
2673500,A3,1.550,-82.2,0.963,2.068
2673520,A2,2.850,-81.5,0.974,2.068
2673530,A1,2.420,-81.9,0.982,2.076
2673650,A3,1.530,-82.4,0.982,2.086
2673670,A2,2.860,-81.6,0.972,2.086
2673680,A1,2.430,-81.3,0.981,2.094
2673800,A3,1.550,-82.5,0.981,2.084
2673820,A2,2.860,-81.6,0.981,2.084
2673830,A1,2.430,-81.9,0.981,2.084
2673950,A3,1.520,-82.9,0.981,2.099
2673970,A2,2.860,-81.8,0.981,2.099
2674250,A3,1.530,-82.7,0.981,2.094
2674270,A2,2.850,-81.8,0.991,2.094
2674280,A1,2.400,-81.6,0.965,2.070
2674400,A3,1.530,-83.0,0.965,2.070
2674420,A2,2.850,-81.8,0.965,2.070
2674430,A1,2.440,-81.9,1.000,2.102
2674550,A3,1.510,-82.7,1.000,2.112
2674570,A2,2.840,-82.0,1.010,2.112
2674580,A1,2.430,-81.5,1.001,2.104
2674700,A3,1.540,-81.9,1.001,2.089
2674720,A2,2.830,-81.7,1.012,2.089
2674730,A1,2.400,-81.4,0.986,2.065
2674850,A3,1.550,-82.3,0.986,2.060
2674870,A2,2.870,-81.9,0.945,2.060
2674880,A1,2.410,-81.4,0.953,2.068
2675000,A3,1.500,-81.9,0.953,2.093
2675020,A2,2.860,-82.0,0.963,2.093
2675030,A1,2.420,-82.0,0.972,2.101
2675150,A3,1.540,-81.8,0.972,2.081
2675170,A2,2.860,-81.8,0.972,2.081
2675180,A1,2.420,-81.5,0.972,2.081
2675450,A3,1.540,-82.0,0.972,2.081
2675470,A2,2.870,-81.8,0.962,2.081
2675480,A1,2.420,-82.0,0.962,2.081
2675600,A3,1.510,-82.9,0.962,2.096
2675620,A2,2.890,-82.1,0.941,2.096
2675630,A1,2.430,-81.3,0.950,2.104
2675750,A3,1.560,-81.9,0.950,2.079
2675770,A2,2.840,-81.8,1.001,2.079
2675780,A1,2.410,-81.4,0.984,2.062
2675900,A3,1.510,-81.8,0.984,2.088
2675920,A2,2.870,-81.9,0.953,2.088
2675930,A1,2.390,-81.6,0.936,2.072
2676050,A3,1.560,-81.9,0.936,2.046
2676070,A2,2.880,-82.0,0.926,2.046
2676080,A1,2.420,-81.3,0.952,2.070
2676200,A3,1.520,-81.9,0.952,2.091
2676220,A2,2.850,-81.7,0.982,2.091
2676230,A1,2.420,-81.5,0.982,2.091
2676350,A3,1.540,-82.4,0.982,2.081
2676370,A2,2.870,-81.9,0.962,2.081
2676380,A1,2.420,-81.4,0.962,2.081
2676500,A3,1.520,-83.0,0.962,2.091
2676520,A2,2.850,-81.9,0.982,2.091
2676530,A1,2.420,-81.9,0.982,2.091
2676650,A3,1.570,-81.7,0.982,2.065
2676670,A2,2.850,-82.1,0.982,2.065
2676680,A1,2.430,-81.4,0.991,2.073
2676800,A3,1.500,-82.1,0.991,2.109
2676820,A2,2.880,-81.6,0.960,2.109
2676830,A1,2.430,-81.5,0.960,2.109
2676950,A3,1.540,-81.8,0.960,2.089
2676970,A2,2.880,-81.6,0.960,2.089
2676980,A1,2.440,-81.9,0.969,2.097
2677100,A3,1.520,-82.8,0.969,2.107
2677120,A2,2.880,-81.8,0.969,2.107
2677130,A1,2.430,-81.4,0.960,2.099
2677250,A3,1.540,-82.9,0.960,2.089
2677270,A2,2.850,-82.0,0.991,2.089
2677280,A1,2.450,-81.3,1.009,2.105
2677400,A3,1.510,-82.5,1.009,2.120
2677420,A2,2.850,-81.8,1.009,2.120
2677430,A1,2.460,-81.5,1.018,2.129
2677550,A3,1.530,-82.7,1.018,2.118
2677570,A2,2.840,-81.7,1.028,2.118
2677580,A1,2.430,-81.3,1.001,2.094
2677700,A3,1.520,-81.8,1.001,2.099
2677720,A2,2.870,-82.1,0.971,2.099
2677730,A1,2.440,-81.5,0.979,2.107
2677850,A3,1.510,-82.8,0.979,2.112
2677870,A2,2.870,-82.0,0.979,2.112
2677880,A1,2.440,-81.3,0.979,2.112
2678000,A3,1.540,-81.4,0.979,2.097
2678020,A2,2.860,-82.0,0.990,2.097
2678030,A1,2.430,-81.5,0.981,2.089
2678150,A3,1.510,-82.3,0.981,2.104
2678170,A2,2.880,-81.8,0.960,2.104
2678180,A1,2.440,-81.8,0.969,2.112
2678300,A3,1.580,-80.9,0.969,2.076
2678320,A2,2.890,-81.6,0.959,2.076
2678330,A1,2.440,-81.7,0.959,2.076
2678600,A3,1.560,-82.1,0.959,2.087
2678620,A2,2.860,-81.9,0.990,2.087
2678630,A1,2.430,-81.9,0.981,2.079
2678750,A3,1.550,-81.8,0.981,2.084
2678770,A2,2.840,-81.6,1.001,2.084
2678780,A1,2.410,-81.8,0.984,2.068
2678900,A3,1.550,-82.4,0.984,2.068
2678920,A2,2.860,-81.8,0.963,2.068
2678930,A1,2.430,-81.8,0.981,2.084
2679050,A3,1.530,-81.3,0.981,2.094
2679070,A2,2.880,-81.8,0.960,2.094
2679080,A1,2.380,-81.6,0.917,2.054
2679200,A3,1.540,-82.0,0.917,2.049
2679220,A2,2.850,-81.8,0.948,2.049
2679500,A3,1.570,-81.9,0.948,2.033
2679520,A2,2.840,-81.7,0.958,2.033
2679530,A1,2.440,-81.7,1.010,2.081
2679650,A3,1.540,-80.8,1.010,2.097
2679670,A2,2.840,-82.4,1.010,2.097
2679680,A1,2.420,-82.2,0.993,2.081
2679800,A3,1.540,-81.7,0.993,2.081
2679820,A2,2.820,-82.3,1.013,2.081
2679830,A1,2.410,-81.3,1.004,2.073
2679950,A3,1.540,-82.2,1.004,2.073
2679970,A2,2.860,-82.2,0.963,2.073
2679980,A1,2.420,-81.5,0.972,2.081
2680100,A3,1.540,-82.2,0.972,2.081
2680120,A2,2.890,-82.1,0.941,2.081
2680130,A1,2.390,-81.6,0.915,2.057
2680250,A3,1.480,-82.8,0.915,2.087
2680270,A2,2.830,-82.0,0.977,2.087
2680280,A1,2.410,-82.3,0.994,2.103
2680400,A3,1.530,-82.4,0.994,2.078
2680420,A2,2.820,-82.2,1.004,2.078
2680430,A1,2.420,-81.5,1.013,2.086
2680550,A3,1.530,-82.1,1.013,2.086
2680570,A2,2.830,-82.5,1.003,2.086
2680580,A1,2.410,-81.0,0.994,2.078
2680700,A3,1.520,-82.0,0.994,2.083
2680720,A2,2.840,-81.9,0.984,2.083
2680730,A1,2.420,-81.7,0.993,2.091
2680850,A3,1.530,-82.4,0.993,2.086
2680870,A2,2.850,-82.3,0.982,2.086
2680880,A1,2.430,-81.6,0.991,2.094
2681000,A3,1.520,-81.9,0.991,2.099
2681020,A2,2.870,-82.4,0.971,2.099
2681030,A1,2.430,-81.4,0.971,2.099
2681150,A3,1.500,-82.4,0.971,2.109
2681170,A2,2.830,-81.9,1.012,2.109
2681180,A1,2.430,-81.8,1.012,2.109
2681300,A3,1.550,-81.8,1.012,2.084
2681320,A2,2.860,-81.9,0.981,2.084
2681330,A1,2.420,-81.6,0.972,2.076
2681450,A3,1.520,-82.4,0.972,2.091
2681470,A2,2.850,-81.8,0.982,2.091
2681480,A1,2.430,-82.0,0.991,2.099
2681750,A3,1.520,-82.1,0.991,2.099
2681770,A2,2.860,-81.8,0.981,2.099
2681780,A1,2.430,-81.8,0.981,2.099
2681900,A3,1.520,-82.6,0.981,2.099
2681920,A2,2.860,-81.8,0.981,2.099
2681930,A1,2.430,-82.0,0.981,2.099
2682050,A3,1.560,-82.0,0.981,2.079
2682070,A2,2.820,-81.9,1.022,2.079
2682080,A1,2.410,-82.1,1.004,2.062
2682200,A3,1.530,-81.8,1.004,2.078
2682220,A2,2.840,-81.3,0.984,2.078
2682500,A3,1.540,-81.1,0.984,2.073
2682520,A2,2.850,-81.2,0.974,2.073
2682530,A1,2.420,-81.7,0.982,2.081
2682650,A3,1.530,-81.3,0.982,2.086
2682670,A2,2.850,-81.6,0.982,2.086
2682680,A1,2.430,-81.3,0.991,2.094
2682800,A3,1.530,-81.5,0.991,2.094
2682820,A2,2.870,-81.4,0.971,2.094
2682830,A1,2.430,-82.0,0.971,2.094
2682950,A3,1.540,-81.9,0.971,2.089
2682970,A2,2.860,-81.9,0.981,2.089
2682980,A1,2.420,-81.5,0.972,2.081
2683100,A3,1.520,-81.1,0.972,2.091
2683120,A2,2.860,-81.7,0.972,2.091
2683130,A1,2.390,-82.1,0.946,2.067
2683250,A3,1.530,-81.3,0.946,2.062
2683270,A2,2.830,-81.8,0.977,2.062
2683280,A1,2.420,-81.4,1.003,2.086
2683400,A3,1.520,-81.9,1.003,2.091
2683420,A2,2.820,-81.9,1.013,2.091
2683430,A1,2.420,-81.4,1.013,2.091
2683550,A3,1.530,-82.0,1.013,2.086
2683570,A2,2.860,-81.6,0.972,2.086
2683580,A1,2.410,-82.0,0.963,2.078
2683700,A3,1.550,-81.8,0.963,2.068
2683720,A2,2.860,-82.0,0.963,2.068
2683730,A1,2.400,-81.6,0.955,2.060
2683850,A3,1.500,-82.1,0.955,2.085
2683870,A2,2.860,-81.6,0.955,2.085
2683880,A1,2.420,-81.9,0.972,2.101
2684000,A3,1.560,-82.3,0.972,2.070
2684020,A2,2.840,-81.8,0.993,2.070
2684030,A1,2.420,-81.3,0.993,2.070
2684150,A3,1.550,-82.0,0.993,2.076
2684170,A2,2.850,-81.7,0.982,2.076
2684180,A1,2.440,-81.4,1.000,2.092
2684300,A3,1.520,-82.6,1.000,2.107
2684320,A2,2.880,-81.7,0.969,2.107
2684330,A1,2.420,-81.6,0.952,2.091
2684450,A3,1.560,-82.2,0.952,2.070
2684470,A2,2.840,-81.4,0.993,2.070
2684480,A1,2.430,-81.5,1.001,2.079
2684600,A3,1.520,-82.3,1.001,2.099
2684620,A2,2.880,-82.0,0.960,2.099
2684630,A1,2.420,-82.1,0.952,2.091
2684900,A3,1.560,-81.9,0.952,2.070
2684920,A2,2.850,-81.8,0.982,2.070
2684930,A1,2.410,-81.4,0.974,2.062
2685050,A3,1.540,-81.7,0.974,2.073
2685070,A2,2.890,-81.7,0.932,2.073
2685350,A3,1.540,-82.3,0.932,2.073
2685370,A2,2.840,-81.7,0.984,2.073
2685380,A1,2.390,-82.2,0.967,2.057
2685500,A3,1.530,-82.0,0.967,2.062
2685520,A2,2.870,-81.6,0.936,2.062
2685530,A1,2.400,-81.7,0.945,2.070
2685650,A3,1.530,-82.8,0.945,2.070
2685670,A2,2.880,-81.8,0.934,2.070
2685680,A1,2.440,-81.5,0.969,2.102
2685800,A3,1.560,-81.4,0.969,2.087
2685820,A2,2.860,-81.3,0.990,2.087
2685830,A1,2.420,-82.3,0.972,2.070
2685950,A3,1.530,-82.4,0.972,2.086
2685970,A2,2.860,-81.5,0.972,2.086
2685980,A1,2.410,-82.2,0.963,2.078
2686100,A3,1.540,-81.8,0.963,2.073
2686120,A2,2.840,-81.4,0.984,2.073
2686130,A1,2.400,-82.3,0.975,2.065
2686270,A2,2.840,-81.8,0.975,2.065
2686280,A1,2.420,-81.4,0.993,2.081
2686420,A2,2.840,-81.7,0.993,2.081
2686430,A1,2.430,-82.2,1.001,2.089
2686550,A3,1.560,-82.1,1.001,2.079
2686570,A2,2.860,-81.9,0.981,2.079
2686580,A1,2.420,-81.7,0.972,2.070
2686700,A3,1.510,-82.1,0.972,2.096
2686720,A2,2.870,-81.7,0.962,2.096
2686730,A1,2.410,-81.4,0.953,2.088
2686850,A3,1.510,-82.6,0.953,2.088
2686870,A2,2.820,-81.8,1.004,2.088
2686880,A1,2.410,-82.1,1.004,2.088
2687000,A3,1.560,-81.9,1.004,2.062
2687020,A2,2.850,-81.9,0.974,2.062
2687030,A1,2.420,-81.8,0.982,2.070
2687150,A3,1.490,-83.4,0.982,2.106
2687170,A2,2.860,-82.0,0.972,2.106
2687180,A1,2.410,-81.5,0.963,2.098
2687300,A3,1.530,-81.8,0.963,2.078
2687320,A2,2.840,-81.6,0.984,2.078
2687330,A1,2.420,-81.4,0.993,2.086
2687450,A3,1.530,-82.3,0.993,2.086
2687470,A2,2.860,-82.2,0.972,2.086
2687480,A1,2.440,-81.9,0.990,2.102
2687600,A3,1.520,-83.3,0.990,2.107
2687620,A2,2.880,-81.9,0.969,2.107
2687630,A1,2.440,-81.0,0.969,2.107
2687750,A3,1.540,-82.6,0.969,2.097
2687770,A2,2.870,-81.8,0.979,2.097
2687780,A1,2.390,-81.1,0.936,2.057
2688050,A3,1.550,-82.1,0.936,2.052
2688070,A2,2.860,-81.9,0.946,2.052
2688080,A1,2.420,-81.0,0.972,2.076
2688200,A3,1.550,-81.9,0.972,2.076
2688220,A2,2.880,-82.5,0.952,2.076
2688230,A1,2.440,-81.2,0.969,2.092
2688350,A3,1.520,-81.9,0.969,2.107
2688370,A2,2.850,-82.1,1.000,2.107
2688380,A1,2.440,-81.4,1.000,2.107
2688500,A3,1.540,-82.1,1.000,2.097
2688520,A2,2.860,-82.4,0.990,2.097
2688530,A1,2.440,-81.7,0.990,2.097
2688650,A3,1.540,-82.3,0.990,2.097
2688670,A2,2.820,-81.6,1.031,2.097
2688680,A1,2.440,-81.8,1.031,2.097
2688800,A3,1.520,-82.7,1.031,2.107
2688820,A2,2.830,-81.8,1.020,2.107
2688830,A1,2.420,-82.1,1.003,2.091
2688950,A3,1.570,-81.2,1.003,2.065
2688970,A2,2.880,-81.8,0.952,2.065
2688980,A1,2.410,-81.4,0.943,2.057
2689100,A3,1.540,-81.1,0.943,2.073
2689120,A2,2.880,-81.7,0.943,2.073
2689130,A1,2.420,-81.9,0.952,2.081
2689250,A3,1.530,-81.5,0.952,2.086
2689270,A2,2.840,-81.4,0.993,2.086
2689280,A1,2.430,-81.6,1.001,2.094
2689400,A3,1.520,-81.3,1.001,2.099
2689420,A2,2.850,-81.5,0.991,2.099
2689430,A1,2.390,-81.6,0.956,2.067
2689550,A3,1.530,-82.1,0.956,2.062
2689570,A2,2.850,-82.0,0.956,2.062
2689580,A1,2.430,-82.1,0.991,2.094
2689700,A3,1.560,-82.6,0.991,2.079
2689720,A2,2.840,-82.2,1.001,2.079
2689730,A1,2.420,-81.6,0.993,2.070
2689850,A3,1.530,-81.1,0.993,2.086
2689870,A2,2.850,-82.2,0.982,2.086
2690150,A3,1.520,-82.1,0.982,2.091
2690170,A2,2.880,-81.8,0.952,2.091
2690180,A1,2.410,-82.0,0.943,2.083
2690300,A3,1.530,-81.3,0.943,2.078
2690320,A2,2.880,-81.6,0.943,2.078
2690330,A1,2.420,-81.9,0.952,2.086
2690450,A3,1.540,-81.0,0.952,2.081
2690470,A2,2.880,-81.8,0.952,2.081
2690480,A1,2.430,-82.0,0.960,2.089
2690600,A3,1.550,-81.8,0.960,2.084
2690620,A2,2.840,-81.5,1.001,2.084
2690630,A1,2.380,-82.4,0.958,2.044
2690750,A3,1.520,-80.6,0.958,2.059
2690770,A2,2.840,-82.0,0.958,2.059
2690780,A1,2.420,-81.7,0.993,2.091
2690900,A3,1.530,-80.8,0.993,2.086
2690920,A2,2.850,-82.0,0.982,2.086
2690930,A1,2.410,-81.8,0.974,2.078
2691200,A3,1.520,-81.8,0.974,2.083
2691220,A2,2.840,-81.8,0.984,2.083
2691230,A1,2.410,-82.2,0.984,2.083
