timestamp_ms,anchor,distance_m,rxPower_dBm,x_calculated_m,y_calculated_m
5512970,A3,0.790,-80.6,0.714,2.788
5512990,A1,2.930,-82.6,0.756,2.827
5513000,A2,3.460,-83.3,0.781,2.827
5513120,A3,0.780,-80.6,0.781,2.829
5513140,A1,2.900,-82.1,0.749,2.800
5513150,A2,3.440,-82.9,0.774,2.800
5513270,A3,0.750,-80.8,0.774,2.808
5513290,A1,2.900,-82.5,0.774,2.808
5513300,A2,3.460,-82.8,0.749,2.808
5513420,A3,0.760,-80.4,0.749,2.805
5513440,A1,2.910,-82.0,0.760,2.815
5513450,A2,3.460,-83.1,0.760,2.815
5513570,A3,0.780,-80.3,0.760,2.810
5513590,A1,2.920,-82.5,0.770,2.820
5513600,A2,3.450,-82.7,0.783,2.820
5513720,A3,0.760,-80.2,0.783,2.825
5513740,A1,2.930,-82.2,0.793,2.835
5514040,A1,2.920,-81.9,0.783,2.825
5514050,A2,3.440,-82.8,0.795,2.825
5514170,A3,0.750,-80.3,0.795,2.827
5514190,A1,2.920,-81.9,0.795,2.827
5514200,A2,3.460,-83.0,0.770,2.827
5514320,A3,0.770,-80.7,0.770,2.822
5514340,A1,2.930,-82.3,0.781,2.832
5514350,A2,3.430,-82.4,0.818,2.832
5514470,A3,0.810,-81.0,0.818,2.821
5514490,A1,2.920,-82.5,0.808,2.812
5514500,A2,3.450,-82.7,0.783,2.812
5514620,A3,0.760,-81.1,0.783,2.825
5514640,A1,2.920,-82.1,0.783,2.825
5514650,A2,3.440,-82.9,0.795,2.825
5514770,A3,0.740,-80.5,0.795,2.830
5514790,A1,2.940,-82.0,0.816,2.849
5514800,A2,3.430,-82.3,0.829,2.849
5515070,A3,0.780,-80.6,0.829,2.839
5515090,A1,2.930,-81.8,0.818,2.829
5515100,A2,3.460,-82.7,0.781,2.829
5515220,A3,0.800,-79.9,0.781,2.824
5515240,A1,2.950,-81.6,0.802,2.844
5515250,A2,3.450,-82.9,0.814,2.844
5515370,A3,0.760,-81.1,0.814,2.854
5515390,A1,2.930,-81.6,0.793,2.835
5515400,A2,3.490,-82.7,0.743,2.835
5515520,A3,0.760,-80.8,0.743,2.835
5515540,A1,2.920,-81.8,0.733,2.825
5515550,A2,3.430,-82.2,0.808,2.825
5515670,A3,0.790,-80.2,0.808,2.817
5515690,A1,2.910,-82.2,0.797,2.807
5515700,A2,3.480,-83.0,0.735,2.807
5515820,A3,0.770,-80.7,0.735,2.813
5515840,A1,2.930,-81.6,0.756,2.832
5515850,A2,3.440,-81.5,0.806,2.832
5515970,A3,0.770,-80.5,0.806,2.832
5515990,A1,2.920,-82.6,0.795,2.822
5516000,A2,3.450,-82.3,0.783,2.822
5516120,A3,0.750,-81.1,0.783,2.827
5516140,A1,2.890,-83.6,0.751,2.798
5516150,A2,3.440,-82.8,0.764,2.798
5516270,A3,0.780,-81.0,0.764,2.791
5516290,A1,2.910,-82.4,0.785,2.810
5516300,A2,3.430,-82.5,0.797,2.810
5516420,A3,0.810,-80.8,0.797,2.802
5516440,A1,2.890,-83.5,0.776,2.783
5516450,A2,3.430,-82.7,0.776,2.783
5516570,A3,0.790,-80.4,0.776,2.788
5516590,A1,2.920,-82.2,0.808,2.817
5516600,A2,3.450,-83.2,0.783,2.817
5516720,A3,0.800,-80.2,0.783,2.814
5516740,A1,2.930,-82.1,0.793,2.824
5516750,A2,3.460,-82.9,0.781,2.824
5516890,A1,2.920,-81.7,0.770,2.814
5516900,A2,3.450,-83.2,0.783,2.814
5517040,A1,2.940,-82.1,0.804,2.834
5517050,A2,3.460,-83.1,0.791,2.834
5517170,A3,0.770,-81.2,0.791,2.842
5517190,A1,2.930,-82.8,0.781,2.832
5517200,A2,3.450,-83.2,0.793,2.832
5517320,A3,0.770,-82.0,0.793,2.832
5517340,A1,2.920,-82.7,0.783,2.822
5517350,A2,3.420,-82.1,0.820,2.822
5517470,A3,0.760,-81.2,0.820,2.825
5517490,A1,2.920,-83.1,0.820,2.825
5517500,A2,3.460,-82.3,0.770,2.825
5517620,A3,0.770,-81.2,0.770,2.822
5517640,A1,2.890,-83.3,0.739,2.793
5517650,A2,3.440,-82.4,0.764,2.793
5517770,A3,0.760,-80.5,0.764,2.796
5517790,A1,2.920,-82.0,0.795,2.825
5517800,A2,3.450,-82.6,0.783,2.825
5517920,A3,0.770,-80.3,0.783,2.822
5517940,A1,2.920,-82.1,0.783,2.822
5517950,A2,3.430,-81.7,0.808,2.822
5518220,A3,0.780,-80.3,0.808,2.820
5518240,A1,2.920,-82.1,0.808,2.820
5518250,A2,3.430,-82.5,0.808,2.820
5518370,A3,0.780,-81.1,0.808,2.820
5518390,A1,2.930,-81.8,0.818,2.829
5518400,A2,3.440,-82.8,0.806,2.829
5518520,A3,0.760,-81.0,0.806,2.835
5518540,A1,2.940,-82.6,0.816,2.844
5518550,A2,3.450,-83.2,0.804,2.844
5518670,A3,0.760,-80.8,0.804,2.844
5518690,A1,2.920,-81.8,0.783,2.825
5518700,A2,3.440,-82.4,0.795,2.825
5518820,A3,0.760,-80.0,0.795,2.825
5518840,A1,2.890,-82.4,0.764,2.796
5518850,A2,3.430,-81.9,0.776,2.796
5518970,A3,0.740,-80.4,0.776,2.801
5518990,A1,2.920,-82.3,0.808,2.830
5519000,A2,3.420,-82.8,0.820,2.830
5519120,A3,0.760,-80.4,0.820,2.825
5519140,A1,2.910,-82.4,0.809,2.815
5519150,A2,3.440,-82.2,0.785,2.815
5519270,A3,0.760,-80.9,0.785,2.815
5519290,A1,2.930,-82.2,0.806,2.835
5519300,A2,3.430,-82.3,0.818,2.835
5519420,A3,0.760,-81.1,0.818,2.835
5519440,A1,2.910,-82.3,0.797,2.815
5519450,A2,3.430,-82.4,0.797,2.815
5519570,A3,0.750,-81.9,0.797,2.818
5519590,A1,2.910,-82.0,0.797,2.818
5519600,A2,3.450,-82.2,0.772,2.818
5519720,A3,0.770,-81.7,0.772,2.813
5519740,A1,2.930,-82.5,0.793,2.832
5519750,A2,3.420,-82.1,0.830,2.832
5519870,A3,0.740,-81.5,0.830,2.840
5519890,A1,2.910,-82.5,0.809,2.820
5519900,A2,3.440,-81.6,0.785,2.820
5520020,A3,0.730,-80.4,0.785,2.823
5520040,A1,2.900,-82.6,0.774,2.813
5520050,A2,3.420,-82.2,0.799,2.813
5520170,A3,0.760,-80.2,0.799,2.805
5520190,A1,2.880,-82.2,0.778,2.786
5520200,A2,3.450,-81.7,0.741,2.786
5520320,A3,0.780,-80.7,0.741,2.781
5520340,A1,2.920,-82.3,0.783,2.820
5520350,A2,3.420,-81.6,0.820,2.820
5520470,A3,0.770,-80.8,0.820,2.822
5520490,A1,2.900,-82.8,0.799,2.803
5520500,A2,3.440,-81.7,0.774,2.803
5520620,A3,0.760,-80.2,0.774,2.805
5520640,A1,2.900,-83.1,0.774,2.805
5520650,A2,3.450,-81.9,0.762,2.805
5520770,A3,0.760,-80.1,0.762,2.805
5520790,A1,2.910,-82.3,0.772,2.815
5520800,A2,3.450,-81.7,0.772,2.815
5520920,A3,0.760,-80.1,0.772,2.815
5520940,A1,2.880,-82.7,0.741,2.786
5520950,A2,3.470,-81.8,0.716,2.786
5521090,A1,2.910,-82.2,0.747,2.815
5521100,A2,3.460,-82.1,0.760,2.815
5521370,A3,0.760,-80.6,0.760,2.815
5521390,A1,2.890,-82.2,0.739,2.796
5521400,A2,3.450,-81.6,0.751,2.796
5521520,A3,0.760,-80.4,0.751,2.796
5521540,A1,2.920,-82.2,0.783,2.825
5521550,A2,3.420,-82.3,0.820,2.825
5521670,A3,0.770,-81.3,0.820,2.822
5521690,A1,2.920,-82.0,0.820,2.822
5521700,A2,3.440,-81.9,0.795,2.822
5521820,A3,0.750,-81.0,0.795,2.827
5521840,A1,2.920,-82.5,0.795,2.827
5521850,A2,3.420,-82.0,0.820,2.827
5521970,A3,0.760,-82.0,0.820,2.825
5521990,A1,2.930,-82.4,0.830,2.835
5522000,A2,3.450,-82.1,0.793,2.835
5522120,A3,0.770,-81.8,0.793,2.832
5522140,A1,2.920,-82.3,0.783,2.822
5522150,A2,3.430,-81.8,0.808,2.822
5522270,A3,0.770,-82.0,0.808,2.822
5522290,A1,2.930,-81.9,0.818,2.832
5522300,A2,3.440,-82.4,0.806,2.832
5522420,A3,0.760,-80.9,0.806,2.835
5522440,A1,2.950,-82.6,0.827,2.854
5522450,A2,3.430,-82.1,0.839,2.854
5522570,A3,0.760,-80.7,0.839,2.854
5522590,A1,2.920,-81.9,0.808,2.825
5522600,A2,3.460,-82.0,0.770,2.825
5522720,A3,0.760,-80.4,0.770,2.825
5522740,A1,2.900,-81.8,0.749,2.805
5522750,A2,3.450,-82.1,0.762,2.805
5522870,A3,0.780,-80.6,0.762,2.800
5522890,A1,2.880,-82.4,0.741,2.781
5522900,A2,3.450,-81.6,0.741,2.781
5523020,A3,0.770,-80.8,0.741,2.784
5523040,A1,2.910,-82.0,0.772,2.813
5523050,A2,3.470,-81.7,0.747,2.813
5523170,A3,0.760,-80.5,0.747,2.815
5523190,A1,2.900,-81.9,0.737,2.805
5523200,A2,3.450,-81.9,0.762,2.805
5523320,A3,0.760,-80.6,0.762,2.805
5523340,A1,2.900,-81.9,0.762,2.805
5523350,A2,3.450,-81.7,0.762,2.805
5523470,A3,0.750,-80.2,0.762,2.808
5523490,A1,2.900,-82.1,0.762,2.808
5523500,A2,3.440,-81.7,0.774,2.808
5523620,A3,0.790,-80.2,0.774,2.798
5523640,A1,2.920,-82.7,0.795,2.817
5523650,A2,3.460,-81.7,0.770,2.817
5523770,A3,0.780,-81.0,0.770,2.820
5523790,A1,2.890,-82.1,0.739,2.791
5523800,A2,3.430,-81.8,0.776,2.791
5523920,A3,0.760,-81.8,0.776,2.796
5523940,A1,2.920,-82.0,0.808,2.825
5523950,A2,3.440,-82.0,0.795,2.825
5524070,A3,0.760,-81.6,0.795,2.825
5524090,A1,2.910,-82.0,0.785,2.815
5524100,A2,3.420,-81.9,0.809,2.815
5524220,A3,0.760,-81.6,0.809,2.815
5524240,A1,2.900,-82.6,0.799,2.805
5524250,A2,3.440,-81.7,0.774,2.805
5524520,A3,0.760,-81.4,0.774,2.805
5524540,A1,2.910,-82.0,0.785,2.815
5524550,A2,3.450,-81.9,0.772,2.815
5524670,A3,0.780,-80.1,0.772,2.810
5524690,A1,2.900,-82.2,0.762,2.800
5524700,A2,3.450,-81.7,0.762,2.800
5524820,A3,0.780,-80.5,0.762,2.800
5524840,A1,2.930,-82.5,0.793,2.829
5524850,A2,3.460,-81.6,0.781,2.829
5524970,A3,0.790,-80.6,0.781,2.827
5524990,A1,2.910,-82.1,0.760,2.807
5525000,A2,3.470,-81.8,0.747,2.807
5525120,A3,0.790,-81.4,0.747,2.807
5525140,A1,2.910,-82.6,0.747,2.807
5525150,A2,3.450,-81.4,0.772,2.807
5525270,A3,0.740,-80.7,0.772,2.820
5525290,A1,2.890,-82.1,0.751,2.801
5525300,A2,3.450,-81.9,0.751,2.801
5525420,A3,0.730,-80.9,0.751,2.803
5525440,A1,2.900,-82.2,0.762,2.813
5525450,A2,3.460,-82.3,0.749,2.813
5525570,A3,0.750,-80.9,0.749,2.808
5525590,A1,2.910,-81.7,0.760,2.818
5525600,A2,3.440,-82.1,0.785,2.818
5525720,A3,0.760,-80.8,0.785,2.815
5525740,A1,2.910,-81.9,0.785,2.815
5525750,A2,3.480,-82.3,0.735,2.815
5525870,A3,0.750,-81.1,0.735,2.818
5525890,A1,2.910,-82.0,0.735,2.818
5525900,A2,3.470,-82.1,0.747,2.818
5526020,A3,0.800,-80.2,0.747,2.805
5526040,A1,2.910,-82.1,0.747,2.805
5526050,A2,3.470,-81.6,0.747,2.805
5526170,A3,0.770,-81.2,0.747,2.813
5526190,A1,2.910,-82.1,0.747,2.813
5526200,A2,3.420,-81.6,0.809,2.813
5526320,A3,0.760,-81.7,0.809,2.815
5526340,A1,2.900,-82.9,0.799,2.805
5526350,A2,3.430,-82.2,0.787,2.805
5526470,A3,0.780,-81.8,0.787,2.800
5526490,A1,2.910,-82.6,0.797,2.810
5526500,A2,3.440,-82.1,0.785,2.810
5526620,A3,0.740,-80.5,0.785,2.820
5526640,A1,2.930,-82.4,0.806,2.840
5526650,A2,3.440,-82.2,0.806,2.840
5526770,A3,0.730,-81.5,0.806,2.842
5526790,A1,2.910,-82.1,0.785,2.823
5526800,A2,3.440,-82.1,0.785,2.823
5526920,A3,0.760,-81.7,0.785,2.815
5526940,A1,2.890,-82.4,0.764,2.796
5526950,A2,3.430,-82.3,0.776,2.796
5527070,A3,0.750,-81.2,0.776,2.798
5527090,A1,2.920,-81.9,0.808,2.827
5527100,A2,3.430,-81.9,0.808,2.827
5527220,A3,0.760,-81.4,0.808,2.825
5527240,A1,2.900,-82.2,0.787,2.805
5527250,A2,3.440,-82.0,0.774,2.805
5527370,A3,0.740,-81.1,0.774,2.810
5527390,A1,2.910,-81.9,0.785,2.820
5527400,A2,3.420,-82.2,0.809,2.820
5527670,A3,0.750,-80.8,0.809,2.818
5527690,A1,2.910,-82.2,0.809,2.818
5527700,A2,3.460,-82.3,0.760,2.818
5527820,A3,0.750,-81.5,0.760,2.818
5527840,A1,2.920,-82.0,0.770,2.827
5527850,A2,3.450,-82.5,0.783,2.827
5527970,A3,0.780,-81.9,0.783,2.820
5527990,A1,2.910,-82.6,0.772,2.810
5528000,A2,3.430,-81.9,0.797,2.810
5528120,A3,0.730,-80.8,0.797,2.823
5528140,A1,2.910,-81.9,0.797,2.823
5528150,A2,3.450,-82.1,0.772,2.823
5528270,A3,0.770,-81.4,0.772,2.813
5528290,A1,2.920,-82.3,0.783,2.822
5528300,A2,3.460,-82.2,0.770,2.822
5528420,A3,0.760,-81.0,0.770,2.825
5528440,A1,2.920,-82.5,0.770,2.825
5528450,A2,3.440,-82.3,0.795,2.825
5528570,A3,0.760,-81.9,0.795,2.825
5528590,A1,2.910,-82.4,0.785,2.815
5528600,A2,3.440,-82.2,0.785,2.815
5528720,A3,0.730,-81.0,0.785,2.823
5528740,A1,2.920,-81.7,0.795,2.832
5528750,A2,3.450,-82.3,0.783,2.832
5528870,A3,0.770,-81.0,0.783,2.822
5528890,A1,2.920,-82.1,0.783,2.822
5528900,A2,3.440,-82.0,0.795,2.822
5529020,A3,0.730,-81.3,0.795,2.832
5529040,A1,2.900,-81.9,0.774,2.813
5529050,A2,3.430,-82.1,0.787,2.813
5529170,A3,0.740,-81.0,0.787,2.810
5529190,A1,2.920,-81.8,0.808,2.830
5529200,A2,3.420,-82.1,0.820,2.830
5529320,A3,0.750,-80.9,0.820,2.827
5529340,A1,2.920,-82.0,0.820,2.827
5529350,A2,3.450,-82.2,0.783,2.827
5529470,A3,0.760,-81.1,0.783,2.825
5529490,A1,2.940,-82.0,0.804,2.844
5529500,A2,3.440,-82.1,0.816,2.844
5529620,A3,0.730,-81.2,0.816,2.852
5529640,A1,2.900,-82.0,0.774,2.813
5529920,A3,0.750,-81.5,0.774,2.808
5529940,A1,2.900,-82.8,0.774,2.808
5529950,A2,3.440,-82.2,0.774,2.808
5530070,A3,0.760,-81.8,0.774,2.805
5530090,A1,2.910,-82.1,0.785,2.815
5530100,A2,3.440,-82.0,0.785,2.815
5530220,A3,0.770,-80.7,0.785,2.813
5530240,A1,2.910,-82.2,0.785,2.813
5530250,A2,3.450,-82.0,0.772,2.813
5530370,A3,0.760,-81.3,0.772,2.815
5530390,A1,2.910,-82.1,0.772,2.815
5530400,A2,3.430,-82.0,0.797,2.815
5530520,A3,0.720,-81.0,0.797,2.825
5530540,A1,2.890,-82.5,0.776,2.806
5530550,A2,3.460,-82.2,0.739,2.806
5530820,A3,0.770,-81.6,0.739,2.793
5530840,A1,2.900,-82.7,0.749,2.803
5530850,A2,3.460,-81.8,0.749,2.803
5530970,A3,0.740,-81.4,0.749,2.810
5530990,A1,2.930,-81.6,0.781,2.840
5531000,A2,3.460,-82.3,0.781,2.840
5531120,A3,0.750,-80.9,0.781,2.837
5531140,A1,2.930,-81.8,0.781,2.837
5531150,A2,3.420,-82.4,0.830,2.837
5531270,A3,0.730,-81.5,0.830,2.842
5531290,A1,2.930,-82.5,0.830,2.842
5531300,A2,3.450,-82.0,0.793,2.842
5531420,A3,0.760,-81.9,0.793,2.835
5531440,A1,2.920,-81.7,0.783,2.825
5531450,A2,3.460,-82.2,0.770,2.825
5531570,A3,0.760,-81.1,0.770,2.825
5531590,A1,2.930,-82.3,0.781,2.835
5531600,A2,3.450,-82.2,0.793,2.835
5531720,A3,0.760,-80.7,0.793,2.835
5531740,A1,2.910,-82.2,0.772,2.815
5531750,A2,3.460,-82.3,0.760,2.815
5531870,A3,0.760,-80.9,0.760,2.815
5531890,A1,2.910,-82.1,0.760,2.815
5531900,A2,3.450,-82.3,0.772,2.815
5532020,A3,0.730,-80.8,0.772,2.823
5532040,A1,2.920,-82.0,0.783,2.832
5532050,A2,3.450,-81.6,0.783,2.832
5532170,A3,0.760,-81.8,0.783,2.825
5532190,A1,2.900,-82.1,0.762,2.805
5532200,A2,3.460,-82.0,0.749,2.805
5532320,A3,0.730,-81.0,0.749,2.813
5532340,A1,2.930,-82.1,0.781,2.842
5532350,A2,3.430,-81.8,0.818,2.842
5532470,A3,0.750,-81.5,0.818,2.837
5532490,A1,2.900,-82.0,0.787,2.808
5532500,A2,3.420,-82.0,0.799,2.808
5532620,A3,0.760,-81.8,0.799,2.805
5532640,A1,2.930,-81.9,0.830,2.835
5532650,A2,3.430,-82.2,0.818,2.835
5532770,A3,0.730,-81.3,0.818,2.842
5532790,A1,2.920,-82.5,0.808,2.832
5532800,A2,3.420,-82.5,0.820,2.832
5532920,A3,0.780,-81.0,0.820,2.820
5532940,A1,2.910,-82.1,0.809,2.810
5532950,A2,3.470,-82.2,0.747,2.810
5533070,A3,0.730,-81.2,0.747,2.823
5533090,A1,2.910,-81.9,0.747,2.823
5533100,A2,3.420,-82.3,0.809,2.823
5533220,A3,0.760,-80.6,0.809,2.815
5533240,A1,2.920,-82.1,0.820,2.825
5533250,A2,3.440,-81.9,0.795,2.825
5533370,A3,0.760,-81.7,0.795,2.825
5533390,A1,2.920,-82.3,0.795,2.825
5533400,A2,3.420,-82.2,0.820,2.825
5533520,A3,0.730,-81.1,0.820,2.832
5533540,A1,2.930,-82.2,0.830,2.842
5533550,A2,3.420,-82.3,0.830,2.842
5533670,A3,0.770,-81.4,0.830,2.832
5533690,A1,2.920,-81.6,0.820,2.822
5533700,A2,3.420,-82.3,0.820,2.822
5533970,A3,0.740,-81.3,0.820,2.830
5533990,A1,2.920,-81.6,0.820,2.830
5534000,A2,3.420,-82.3,0.820,2.830
5534120,A3,0.760,-81.5,0.820,2.825
5534140,A1,2.920,-81.8,0.820,2.825
5534150,A2,3.440,-82.0,0.795,2.825
5534270,A3,0.770,-81.7,0.795,2.822
5534290,A1,2.930,-82.5,0.806,2.832
5534300,A2,3.420,-82.5,0.830,2.832
5534420,A3,0.740,-81.4,0.830,2.840
5534440,A1,2.920,-81.8,0.820,2.830
5534450,A2,3.450,-82.2,0.783,2.830
5534570,A3,0.760,-81.8,0.783,2.825
5534590,A1,2.930,-81.5,0.793,2.835
5534600,A2,3.430,-82.2,0.818,2.835
5534720,A3,0.740,-81.2,0.818,2.840
5534740,A1,2.920,-81.6,0.808,2.830
5534750,A2,3.440,-82.1,0.795,2.830
5534870,A3,0.770,-80.4,0.795,2.822
5534890,A1,2.930,-81.7,0.806,2.832
5534900,A2,3.450,-82.1,0.793,2.832
5535020,A3,0.760,-81.9,0.793,2.835
5535040,A1,2.910,-81.7,0.772,2.815
5535050,A2,3.450,-82.2,0.772,2.815
5535170,A3,0.730,-81.5,0.772,2.823
5535190,A1,2.930,-82.5,0.793,2.842
5535200,A2,3.410,-82.0,0.843,2.842
5535320,A3,0.770,-81.4,0.843,2.832
5535340,A1,2.920,-81.7,0.832,2.822
5535350,A2,3.410,-82.3,0.832,2.822
5535470,A3,0.780,-81.2,0.832,2.820
5535490,A1,2.940,-81.7,0.853,2.839
5535500,A2,3.440,-82.0,0.816,2.839
5535620,A3,0.730,-80.8,0.816,2.852
5535640,A1,2.920,-81.8,0.795,2.832
5535650,A2,3.450,-81.9,0.783,2.832
5535770,A3,0.770,-81.2,0.783,2.822
5535790,A1,2.930,-81.7,0.793,2.832
5535800,A2,3.430,-82.1,0.818,2.832
5535920,A3,0.760,-80.8,0.818,2.835
5535940,A1,2.920,-81.5,0.808,2.825
5536220,A3,0.770,-80.5,0.808,2.822
5536240,A1,2.930,-82.1,0.818,2.832
5536250,A2,3.440,-82.6,0.806,2.832
5536370,A3,0.760,-81.2,0.806,2.835
5536390,A1,2.930,-81.8,0.806,2.835
5536400,A2,3.440,-82.1,0.806,2.835
5536520,A3,0.740,-81.6,0.806,2.840
5536540,A1,2.920,-81.5,0.795,2.830
5536550,A2,3.420,-82.2,0.820,2.830
5536670,A3,0.750,-80.8,0.820,2.827
5536690,A1,2.920,-81.7,0.820,2.827
5536700,A2,3.440,-82.1,0.795,2.827
5536820,A3,0.770,-81.7,0.795,2.822
5536840,A1,2.950,-81.8,0.827,2.852
5536850,A2,3.440,-82.1,0.827,2.852
5537120,A3,0.740,-80.9,0.827,2.859
5537140,A1,2.940,-81.9,0.816,2.849
5537150,A2,3.460,-82.4,0.791,2.849
5537270,A3,0.760,-81.2,0.791,2.844
5537290,A1,2.940,-81.5,0.791,2.844
5537300,A2,3.470,-81.9,0.779,2.844
5537420,A3,0.760,-81.5,0.779,2.844
5537440,A1,2.930,-81.7,0.768,2.835
5537450,A2,3.420,-82.0,0.830,2.835
5537570,A3,0.760,-81.6,0.830,2.835
5537590,A1,2.920,-81.8,0.820,2.825
5537600,A2,3.440,-82.0,0.795,2.825
5537720,A3,0.740,-80.8,0.795,2.830
5537740,A1,2.940,-81.8,0.816,2.849
5537750,A2,3.420,-82.0,0.841,2.849
5537870,A3,0.740,-80.8,0.841,2.849
5537890,A1,2.930,-81.7,0.830,2.840
5537900,A2,3.440,-82.2,0.806,2.840
5538020,A3,0.760,-81.6,0.806,2.835
5538040,A1,2.910,-81.7,0.785,2.815
5538050,A2,3.440,-82.0,0.785,2.815
5538170,A3,0.750,-81.3,0.785,2.818
5538190,A1,2.940,-82.2,0.816,2.847
5538200,A2,3.450,-82.3,0.804,2.847
5538320,A3,0.750,-80.7,0.804,2.847
5538340,A1,2.940,-82.1,0.804,2.847
5538350,A2,3.440,-82.1,0.816,2.847
5538470,A3,0.750,-80.9,0.816,2.847
5538490,A1,2.920,-81.5,0.795,2.827
5538500,A2,3.410,-82.0,0.832,2.827
5538620,A3,0.730,-80.9,0.832,2.832
5538640,A1,2.930,-81.8,0.843,2.842
5538650,A2,3.450,-82.2,0.793,2.842
5538770,A3,0.760,-80.4,0.793,2.835
5538790,A1,2.940,-81.6,0.804,2.844
5538800,A2,3.420,-82.3,0.841,2.844
5538920,A3,0.760,-81.1,0.841,2.844
5538940,A1,2.920,-81.6,0.820,2.825
5538950,A2,3.460,-82.1,0.770,2.825
5539070,A3,0.750,-80.9,0.770,2.827
5539090,A1,2.920,-81.6,0.770,2.827
5539100,A2,3.440,-82.1,0.795,2.827
5539220,A3,0.720,-81.5,0.795,2.835
5539240,A1,2.940,-82.2,0.816,2.854
5539250,A2,3.420,-82.2,0.841,2.854
5539370,A3,0.750,-80.7,0.841,2.847
5539390,A1,2.930,-81.6,0.830,2.837
5539400,A2,3.430,-82.0,0.818,2.837
5539520,A3,0.760,-80.6,0.818,2.835
5539540,A1,2.930,-81.7,0.818,2.835
5539550,A2,3.440,-82.3,0.806,2.835
5539670,A3,0.750,-81.9,0.806,2.837
5539690,A1,2.930,-81.8,0.806,2.837
5539700,A2,3.450,-82.2,0.793,2.837
5539820,A3,0.780,-81.8,0.793,2.829
5539840,A1,2.940,-81.6,0.804,2.839
5539850,A2,3.430,-82.0,0.829,2.839
5539970,A3,0.730,-81.3,0.829,2.852
5539990,A1,2.940,-81.5,0.829,2.852
5540000,A2,3.420,-82.2,0.841,2.852
5540270,A3,0.760,-80.8,0.841,2.844
5540290,A1,2.910,-81.4,0.809,2.815
5540300,A2,3.420,-82.1,0.809,2.815
5540420,A3,0.770,-81.4,0.809,2.813
5540440,A1,2.930,-81.7,0.830,2.832
5540450,A2,3.420,-81.9,0.830,2.832
5540570,A3,0.760,-81.8,0.830,2.835
5540590,A1,2.940,-81.9,0.841,2.844
5540600,A2,3.440,-82.2,0.816,2.844
5540720,A3,0.720,-81.5,0.816,2.854
5540740,A1,2.930,-81.7,0.806,2.844
5540750,A2,3.420,-82.4,0.830,2.844
5540870,A3,0.720,-81.4,0.830,2.844
5540890,A1,2.930,-81.8,0.830,2.844
5540900,A2,3.430,-82.3,0.818,2.844
5541020,A3,0.760,-81.0,0.818,2.835
5541040,A1,2.920,-81.5,0.808,2.825
5541050,A2,3.450,-82.2,0.783,2.825
5541170,A3,0.760,-81.8,0.783,2.825
5541190,A1,2.930,-81.8,0.793,2.835
5541200,A2,3.420,-82.2,0.830,2.835
5541320,A3,0.760,-81.5,0.830,2.835
5541340,A1,2.900,-81.8,0.799,2.805
5541350,A2,3.420,-82.0,0.799,2.805
5541470,A3,0.760,-81.2,0.799,2.805
5541490,A1,2.920,-81.7,0.820,2.825
5541500,A2,3.450,-82.3,0.783,2.825
5541620,A3,0.750,-81.6,0.783,2.827
5541640,A1,2.930,-81.7,0.793,2.837
5541650,A2,3.420,-82.2,0.830,2.837
5541770,A3,0.720,-81.4,0.830,2.844
5541790,A1,2.920,-81.6,0.820,2.835
5541800,A2,3.430,-81.9,0.808,2.835
5541920,A3,0.740,-81.3,0.808,2.830
5541940,A1,2.930,-81.6,0.818,2.840
5541950,A2,3.450,-82.2,0.793,2.840
5542070,A3,0.730,-80.9,0.793,2.842
5542090,A1,2.940,-81.8,0.804,2.852
5542100,A2,3.440,-82.2,0.816,2.852
5542220,A3,0.760,-80.9,0.816,2.844
5542240,A1,2.930,-81.8,0.806,2.835
5542250,A2,3.410,-82.1,0.843,2.835
5542370,A3,0.770,-81.7,0.843,2.832
5542390,A1,2.910,-82.2,0.822,2.813
5542400,A2,3.440,-82.3,0.785,2.813
5542520,A3,0.790,-81.7,0.785,2.807
5542540,A1,2.930,-82.0,0.806,2.827
5542550,A2,3.450,-82.2,0.793,2.827
5542670,A3,0.760,-81.8,0.793,2.835
5542690,A1,2.930,-81.7,0.793,2.835
5542700,A2,3.470,-82.2,0.768,2.835
5542820,A3,0.740,-81.0,0.768,2.840
5542840,A1,2.940,-81.9,0.779,2.849
5542850,A2,3.430,-82.1,0.829,2.849
5542970,A3,0.740,-81.2,0.829,2.849
5542990,A1,2.940,-82.1,0.829,2.849
5543000,A2,3.420,-82.3,0.841,2.849
5543120,A3,0.760,-80.8,0.841,2.844
5543140,A1,2.940,-81.8,0.841,2.844
5543150,A2,3.430,-82.4,0.829,2.844
5543420,A3,0.760,-81.0,0.829,2.844
5543440,A1,2.940,-81.7,0.829,2.844
5543450,A2,3.430,-82.0,0.829,2.844
5543570,A3,0.780,-81.8,0.829,2.839
5543590,A1,2.930,-81.6,0.818,2.829
5543600,A2,3.440,-82.4,0.806,2.829
5543720,A3,0.730,-81.0,0.806,2.842
5543740,A1,2.920,-81.8,0.795,2.832
5543750,A2,3.440,-82.1,0.795,2.832
5543870,A3,0.740,-81.3,0.795,2.830
5543890,A1,2.930,-81.6,0.806,2.840
5543900,A2,3.430,-82.1,0.818,2.840
5544020,A3,0.760,-81.3,0.818,2.835
5544040,A1,2.910,-81.8,0.797,2.815
5544050,A2,3.450,-82.0,0.772,2.815
5544170,A3,0.750,-80.5,0.772,2.818
5544190,A1,2.930,-82.2,0.793,2.837
5544200,A2,3.430,-82.2,0.818,2.837
5544320,A3,0.760,-80.8,0.818,2.835
5544340,A1,2.930,-81.7,0.818,2.835
5544350,A2,3.420,-82.3,0.830,2.835
5544470,A3,0.760,-81.7,0.830,2.835
5544490,A1,2.950,-81.7,0.852,2.854
5544500,A2,3.420,-82.1,0.852,2.854
5544620,A3,0.740,-81.0,0.852,2.859
5544640,A1,2.930,-81.7,0.830,2.840
5544650,A2,3.450,-82.5,0.793,2.840
5544770,A3,0.760,-81.3,0.793,2.835
5544790,A1,2.930,-82.2,0.793,2.835
5544800,A2,3.420,-82.1,0.830,2.835
5544920,A3,0.740,-81.3,0.830,2.840
5544940,A1,2.940,-81.6,0.841,2.849
5544950,A2,3.410,-82.0,0.853,2.849
5545070,A3,0.740,-80.6,0.853,2.849
5545090,A1,2.930,-81.7,0.843,2.840
5545100,A2,3.450,-82.4,0.793,2.840
5545220,A3,0.740,-81.0,0.793,2.840
5545240,A1,2.920,-82.1,0.783,2.830
5545250,A2,3.460,-82.1,0.770,2.830
5545370,A3,0.760,-81.6,0.770,2.825
5545390,A1,2.930,-81.6,0.781,2.835
5545400,A2,3.430,-82.1,0.818,2.835
5545520,A3,0.760,-80.8,0.818,2.835
5545540,A1,2.920,-81.3,0.808,2.825
5545550,A2,3.440,-82.4,0.795,2.825
5545670,A3,0.760,-81.4,0.795,2.825
5545690,A1,2.910,-82.3,0.785,2.815
5545700,A2,3.420,-82.3,0.809,2.815
5545820,A3,0.760,-80.9,0.809,2.815
5545840,A1,2.940,-81.6,0.841,2.844
5545850,A2,3.460,-82.3,0.791,2.844
5545970,A3,0.750,-81.4,0.791,2.847
5545990,A1,2.930,-81.9,0.781,2.837
5546000,A2,3.420,-82.4,0.830,2.837
5546120,A3,0.760,-81.8,0.830,2.835
5546140,A1,2.940,-81.5,0.841,2.844
5546150,A2,3.430,-82.1,0.829,2.844
5546270,A3,0.750,-81.4,0.829,2.847
5546290,A1,2.930,-81.6,0.818,2.837
5546300,A2,3.430,-81.9,0.818,2.837
5546570,A3,0.750,-81.4,0.818,2.837
5546590,A1,2.930,-82.1,0.818,2.837
5546600,A2,3.440,-82.2,0.806,2.837
5546720,A3,0.750,-80.9,0.806,2.837
5546740,A1,2.930,-81.5,0.806,2.837
5546750,A2,3.430,-82.1,0.818,2.837
5546870,A3,0.750,-80.8,0.818,2.837
5546890,A1,2.930,-81.5,0.818,2.837
5546900,A2,3.430,-82.1,0.818,2.837
5547020,A3,0.740,-81.1,0.818,2.840
5547040,A1,2.930,-81.9,0.818,2.840
5547050,A2,3.450,-82.5,0.793,2.840
5547170,A3,0.770,-80.5,0.793,2.832
5547190,A1,2.930,-82.2,0.793,2.832
5547200,A2,3.440,-82.0,0.806,2.832
5547320,A3,0.760,-80.7,0.806,2.835
5547340,A1,2.910,-82.2,0.785,2.815
5547350,A2,3.420,-82.0,0.809,2.815
5547470,A3,0.760,-81.7,0.809,2.815
5547490,A1,2.920,-82.3,0.820,2.825
5547500,A2,3.410,-82.3,0.832,2.825
5547620,A3,0.760,-81.7,0.832,2.825
5547640,A1,2.930,-82.3,0.843,2.835
5547650,A2,3.450,-82.5,0.793,2.835
5547770,A3,0.760,-81.5,0.793,2.835
5547790,A1,2.920,-82.2,0.783,2.825
5547800,A2,3.440,-82.0,0.795,2.825
5547920,A3,0.740,-81.5,0.795,2.830
5547940,A1,2.930,-81.9,0.806,2.840
5547950,A2,3.450,-82.3,0.793,2.840
5548070,A3,0.750,-80.9,0.793,2.837
5548090,A1,2.920,-81.8,0.783,2.827
5548100,A2,3.430,-82.2,0.808,2.827
5548220,A3,0.740,-81.3,0.808,2.830
5548240,A1,2.940,-82.3,0.829,2.849
5548250,A2,3.450,-82.2,0.804,2.849
5548370,A3,0.750,-81.0,0.804,2.847
5548390,A1,2.940,-81.5,0.804,2.847
5548400,A2,3.430,-82.2,0.829,2.847
5548520,A3,0.760,-81.3,0.829,2.844
5548540,A1,2.930,-81.6,0.818,2.835
5548550,A2,3.420,-82.4,0.830,2.835
5548670,A3,0.760,-80.9,0.830,2.835
5548690,A1,2.920,-81.8,0.820,2.825
5548700,A2,3.450,-82.2,0.783,2.825
5548820,A3,0.760,-80.9,0.783,2.825
5548840,A1,2.930,-81.9,0.793,2.835
5548850,A2,3.440,-82.2,0.806,2.835
5548970,A3,0.770,-81.1,0.806,2.832
5548990,A1,2.920,-82.2,0.795,2.822
5549000,A2,3.460,-82.3,0.770,2.822
5549120,A3,0.760,-81.8,0.770,2.825
5549140,A1,2.920,-81.7,0.770,2.825
5549150,A2,3.450,-82.5,0.783,2.825
5549270,A3,0.750,-80.8,0.783,2.827
5549290,A1,2.930,-81.6,0.793,2.837
5549300,A2,3.430,-82.3,0.818,2.837
5549420,A3,0.750,-81.6,0.818,2.837
5549440,A1,2.920,-82.4,0.808,2.827
5549450,A2,3.420,-82.2,0.820,2.827
5549720,A3,0.760,-81.0,0.820,2.825
5549740,A1,2.920,-82.5,0.820,2.825
5549750,A2,3.450,-82.5,0.783,2.825
5549870,A3,0.760,-81.2,0.783,2.825
5549890,A1,2.950,-82.2,0.814,2.854
5549900,A2,3.430,-82.4,0.839,2.854
5550020,A3,0.780,-81.4,0.839,2.849
5550040,A1,2.930,-81.8,0.818,2.829
5550050,A2,3.440,-82.2,0.806,2.829
5550170,A3,0.760,-81.3,0.806,2.835
5550190,A1,2.940,-82.4,0.816,2.844
5550200,A2,3.430,-82.2,0.829,2.844
5550320,A3,0.770,-81.7,0.829,2.842
5550340,A1,2.930,-81.6,0.818,2.832
5550350,A2,3.440,-82.3,0.806,2.832
5550470,A3,0.750,-80.6,0.806,2.837
5550490,A1,2.940,-82.2,0.816,2.847
5550500,A2,3.440,-82.4,0.816,2.847
5550620,A3,0.760,-80.8,0.816,2.844
5550640,A1,2.930,-81.8,0.806,2.835
5550650,A2,3.420,-82.4,0.830,2.835
5550770,A3,0.740,-81.3,0.830,2.840
5550790,A1,2.920,-81.7,0.820,2.830
5550800,A2,3.450,-82.4,0.783,2.830
5550920,A3,0.750,-81.1,0.783,2.827
5550940,A1,2.940,-81.7,0.804,2.847
5550950,A2,3.460,-82.2,0.791,2.847
5551070,A3,0.760,-80.2,0.791,2.844
5551090,A1,2.910,-81.7,0.760,2.815
5551100,A2,3.400,-82.0,0.834,2.815
5551220,A3,0.760,-81.4,0.834,2.815
5551240,A1,2.940,-82.4,0.865,2.844
5551250,A2,3.420,-82.0,0.841,2.844
5551370,A3,0.760,-81.3,0.841,2.844
5551390,A1,2.940,-81.6,0.841,2.844
5551400,A2,3.440,-81.9,0.816,2.844
5551520,A3,0.750,-81.6,0.816,2.847
5551540,A1,2.940,-81.7,0.816,2.847
5551550,A2,3.440,-82.1,0.816,2.847
5551670,A3,0.750,-80.8,0.816,2.847
5551690,A1,2.920,-81.6,0.795,2.827
5551700,A2,3.440,-82.5,0.795,2.827
5551820,A3,0.750,-81.1,0.795,2.827
5551840,A1,2.920,-82.4,0.795,2.827
5551850,A2,3.430,-82.2,0.808,2.827
5551970,A3,0.750,-81.3,0.808,2.827
5551990,A1,2.930,-81.6,0.818,2.837
5552000,A2,3.440,-82.0,0.806,2.837
5552120,A3,0.760,-81.2,0.806,2.835
5552140,A1,2.930,-81.6,0.806,2.835
5552150,A2,3.440,-82.0,0.806,2.835
5552270,A3,0.780,-81.1,0.806,2.829
5552290,A1,2.940,-81.6,0.816,2.839
5552300,A2,3.440,-81.8,0.816,2.839
5552420,A3,0.760,-81.4,0.816,2.844
5552440,A1,2.930,-81.7,0.806,2.835
5552450,A2,3.420,-82.3,0.830,2.835
5552570,A3,0.760,-81.5,0.830,2.835
5552590,A1,2.920,-81.8,0.820,2.825
5552600,A2,3.470,-82.4,0.758,2.825
5552870,A3,0.760,-80.9,0.758,2.825
5552890,A1,2.930,-81.3,0.768,2.835
5552900,A2,3.430,-82.5,0.818,2.835
5553020,A3,0.750,-80.1,0.818,2.837
5553040,A1,2.920,-81.4,0.808,2.827
5553050,A2,3.420,-82.4,0.820,2.827
5553170,A3,0.750,-81.4,0.820,2.827
5553190,A1,2.920,-81.7,0.820,2.827
5553200,A2,3.420,-82.2,0.820,2.827
5553320,A3,0.760,-81.2,0.820,2.825
5553340,A1,2.920,-81.6,0.820,2.825
5553350,A2,3.430,-82.2,0.808,2.825
5553470,A3,0.750,-81.2,0.808,2.827
5553490,A1,2.930,-81.9,0.818,2.837
5553770,A3,0.740,-81.2,0.818,2.840
5553790,A1,2.920,-81.5,0.808,2.830
5553800,A2,3.420,-82.2,0.820,2.830
5553920,A3,0.750,-80.4,0.820,2.827
5553940,A1,2.920,-81.5,0.820,2.827
5553950,A2,3.440,-82.2,0.795,2.827
5554070,A3,0.760,-80.5,0.795,2.825
5554090,A1,2.930,-81.7,0.806,2.835
5554100,A2,3.450,-82.3,0.793,2.835
5554220,A3,0.780,-81.3,0.793,2.829
5554240,A1,2.920,-81.8,0.783,2.820
5554250,A2,3.440,-82.3,0.795,2.820
5554370,A3,0.770,-81.2,0.795,2.822
5554390,A1,2.920,-81.4,0.795,2.822
5554400,A2,3.420,-82.2,0.820,2.822
5554520,A3,0.760,-80.9,0.820,2.825
5554540,A1,2.910,-82.0,0.809,2.815
5554550,A2,3.430,-82.2,0.797,2.815
5554670,A3,0.760,-81.2,0.797,2.815
5554690,A1,2.930,-81.6,0.818,2.835
5554700,A2,3.430,-82.3,0.818,2.835
5554820,A3,0.770,-81.2,0.818,2.832
5554840,A1,2.940,-81.6,0.829,2.842
5554850,A2,3.450,-82.2,0.804,2.842
5554970,A3,0.780,-81.1,0.804,2.839
5554990,A1,2.930,-81.6,0.793,2.829
5555000,A2,3.440,-82.2,0.806,2.829
5555120,A3,0.770,-81.3,0.806,2.832
5555140,A1,2.930,-82.0,0.806,2.832
5555150,A2,3.420,-82.1,0.830,2.832
5555270,A3,0.750,-81.5,0.830,2.837
5555290,A1,2.930,-81.6,0.830,2.837
5555300,A2,3.430,-82.2,0.818,2.837
5555440,A1,2.930,-81.4,0.818,2.837
5555450,A2,3.440,-82.1,0.806,2.837
5555590,A1,2.940,-81.7,0.816,2.847
5555600,A2,3.430,-82.3,0.829,2.847
5555720,A3,0.780,-81.1,0.829,2.839
5555740,A1,2.920,-81.7,0.808,2.820
5555750,A2,3.430,-82.1,0.808,2.820
5556020,A3,0.750,-81.1,0.808,2.827
5556040,A1,2.920,-81.8,0.808,2.827
5556050,A2,3.450,-82.5,0.783,2.827
5556170,A3,0.760,-81.3,0.783,2.825
5556190,A1,2.940,-81.9,0.804,2.844
5556200,A2,3.430,-82.5,0.829,2.844
5556320,A3,0.740,-80.8,0.829,2.849
5556340,A1,2.940,-81.2,0.829,2.849
5556350,A2,3.420,-82.2,0.841,2.849
5556470,A3,0.760,-80.5,0.841,2.844
5556490,A1,2.940,-82.5,0.841,2.844
5556500,A2,3.450,-82.1,0.804,2.844
5556620,A3,0.780,-81.3,0.804,2.839
5556640,A1,2.940,-82.1,0.804,2.839
5556650,A2,3.440,-82.2,0.816,2.839
5556770,A3,0.740,-81.5,0.816,2.849
5556790,A1,2.950,-82.3,0.827,2.859
5556800,A2,3.420,-82.4,0.852,2.859
5556920,A3,0.740,-80.8,0.852,2.859
5556940,A1,2.930,-82.3,0.830,2.840
5556950,A2,3.420,-82.2,0.830,2.840
5557070,A3,0.750,-80.4,0.830,2.837
5557090,A1,2.940,-81.7,0.841,2.847
5557100,A2,3.460,-82.3,0.791,2.847
5557220,A3,0.760,-80.8,0.791,2.844
5557240,A1,2.920,-81.6,0.770,2.825
5557250,A2,3.420,-82.0,0.820,2.825
5557370,A3,0.770,-80.9,0.820,2.822
5557390,A1,2.930,-81.6,0.830,2.832
5557400,A2,3.450,-82.4,0.793,2.832
5557520,A3,0.740,-81.2,0.793,2.840
5557540,A1,2.940,-81.3,0.804,2.849
5557550,A2,3.420,-82.1,0.841,2.849
5557670,A3,0.720,-81.1,0.841,2.854
5557690,A1,2.930,-81.6,0.830,2.844
5557700,A2,3.440,-82.1,0.806,2.844
5557820,A3,0.790,-81.3,0.806,2.827
5557840,A1,2.940,-81.9,0.816,2.837
5557850,A2,3.460,-82.4,0.791,2.837
5557970,A3,0.770,-81.5,0.791,2.842
5557990,A1,2.920,-81.6,0.770,2.822
5558000,A2,3.420,-82.4,0.820,2.822
5558120,A3,0.740,-81.1,0.820,2.830
5558140,A1,2.930,-82.1,0.830,2.840
5558150,A2,3.430,-82.5,0.818,2.840
5558270,A3,0.750,-80.5,0.818,2.837
5558290,A1,2.930,-82.1,0.818,2.837
5558300,A2,3.440,-82.3,0.806,2.837
5558440,A1,2.940,-81.5,0.816,2.847
5558450,A2,3.430,-82.1,0.829,2.847
5558590,A1,2.940,-81.7,0.829,2.847
5558600,A2,3.420,-82.4,0.841,2.847
5558720,A3,0.760,-81.0,0.841,2.844
5558740,A1,2.930,-82.2,0.830,2.835
5558750,A2,3.440,-82.5,0.806,2.835
5558870,A3,0.760,-81.4,0.806,2.835
5558890,A1,2.920,-81.8,0.795,2.825
5558900,A2,3.450,-82.5,0.783,2.825
5559170,A3,0.760,-80.6,0.783,2.825
5559190,A1,2.920,-81.3,0.783,2.825
5559200,A2,3.450,-82.1,0.783,2.825
5559320,A3,0.750,-81.3,0.783,2.827
5559340,A1,2.930,-81.5,0.793,2.837
5559350,A2,3.440,-82.1,0.806,2.837
5559470,A3,0.750,-80.7,0.806,2.837
5559490,A1,2.930,-81.7,0.806,2.837
5559500,A2,3.430,-82.1,0.818,2.837
5559620,A3,0.770,-81.3,0.818,2.832
5559640,A1,2.910,-81.6,0.797,2.813
5559650,A2,3.430,-82.5,0.797,2.813
5559770,A3,0.750,-80.5,0.797,2.818
5559790,A1,2.950,-82.1,0.839,2.857
5559800,A2,3.400,-82.1,0.876,2.857
5559920,A3,0.750,-81.3,0.876,2.857
5559940,A1,2.930,-82.3,0.855,2.837
5559950,A2,3.430,-82.1,0.818,2.837
5560070,A3,0.780,-80.7,0.818,2.829
5560090,A1,2.930,-82.1,0.818,2.829
5560100,A2,3.420,-82.3,0.830,2.829
5560220,A3,0.750,-81.4,0.830,2.837
5560240,A1,2.930,-81.5,0.830,2.837
5560250,A2,3.420,-82.5,0.830,2.837
5560370,A3,0.760,-80.3,0.830,2.835
5560400,A2,3.420,-81.9,0.830,2.835
5560550,A2,3.430,-82.5,0.818,2.835
5560670,A3,0.740,-80.7,0.818,2.840
5560690,A1,2.940,-81.6,0.829,2.849
5560700,A2,3.450,-82.6,0.804,2.849
5560820,A3,0.720,-80.8,0.804,2.854
5560840,A1,2.920,-81.5,0.783,2.835
5560850,A2,3.430,-82.3,0.808,2.835
5560970,A3,0.780,-81.1,0.808,2.820
5560990,A1,2.930,-82.2,0.818,2.829
5561000,A2,3.420,-82.4,0.830,2.829
5561120,A3,0.770,-81.1,0.830,2.832
5561140,A1,2.940,-82.1,0.841,2.842
5561150,A2,3.420,-82.7,0.841,2.842
5561270,A3,0.720,-80.8,0.841,2.854
5561290,A1,2.930,-81.9,0.830,2.844
5561300,A2,3.440,-82.3,0.806,2.844
5561420,A3,0.760,-80.4,0.806,2.835
5561440,A1,2.940,-81.6,0.816,2.844
5561450,A2,3.420,-82.3,0.841,2.844
5561570,A3,0.790,-80.9,0.841,2.837
5561590,A1,2.920,-81.6,0.820,2.817
5561600,A2,3.420,-82.4,0.820,2.817
5561720,A3,0.740,-81.0,0.820,2.830
5561740,A1,2.920,-81.6,0.820,2.830
5561750,A2,3.430,-82.5,0.808,2.830
5561870,A3,0.760,-80.4,0.808,2.825
5561890,A1,2.940,-81.3,0.829,2.844
5561900,A2,3.410,-82.4,0.853,2.844
5562020,A3,0.760,-80.1,0.853,2.844
5562040,A1,2.930,-81.7,0.843,2.835
5562050,A2,3.420,-82.5,0.830,2.835
5562320,A3,0.750,-80.6,0.830,2.837
5562340,A1,2.940,-81.4,0.841,2.847
5562350,A2,3.420,-82.2,0.841,2.847
5562470,A3,0.770,-80.6,0.841,2.842
5562490,A1,2.920,-81.6,0.820,2.822
5562500,A2,3.420,-82.8,0.820,2.822
5562620,A3,0.770,-80.8,0.820,2.822
5562640,A1,2.950,-82.0,0.852,2.852
5562920,A3,0.770,-80.5,0.852,2.852
5562940,A1,2.930,-81.7,0.830,2.832
5562950,A2,3.410,-82.3,0.843,2.832
5563070,A3,0.780,-81.3,0.843,2.829
5563090,A1,2.940,-81.4,0.853,2.839
5563100,A2,3.430,-82.1,0.829,2.839
5563220,A3,0.760,-80.8,0.829,2.844
5563240,A1,2.940,-81.6,0.829,2.844
5563250,A2,3.440,-82.4,0.816,2.844
5563370,A3,0.750,-81.0,0.816,2.847
5563390,A1,2.930,-81.6,0.806,2.837
5563400,A2,3.440,-82.6,0.806,2.837
5563520,A3,0.770,-81.2,0.806,2.832
5563540,A1,2.930,-81.8,0.806,2.832
5563550,A2,3.430,-82.2,0.818,2.832
5563670,A3,0.750,-80.7,0.818,2.837
5563690,A1,2.930,-81.4,0.818,2.837
5563700,A2,3.440,-82.3,0.806,2.837
5563820,A3,0.750,-80.5,0.806,2.837
5563840,A1,2.920,-82.4,0.795,2.827
5563850,A2,3.450,-82.5,0.783,2.827
5563970,A3,0.790,-81.1,0.783,2.817
5563990,A1,2.930,-82.2,0.793,2.827
5564000,A2,3.440,-82.4,0.806,2.827
5564120,A3,0.780,-80.7,0.806,2.829
5564140,A1,2.940,-81.7,0.816,2.839
5564150,A2,3.430,-82.2,0.829,2.839
5564270,A3,0.760,-80.6,0.829,2.844
5564290,A1,2.920,-81.7,0.808,2.825
5564300,A2,3.420,-82.6,0.820,2.825
5564420,A3,0.790,-80.8,0.820,2.817
5564440,A1,2.920,-81.7,0.820,2.817
5564450,A2,3.430,-82.2,0.808,2.817
5564570,A3,0.800,-80.4,0.808,2.814
5564590,A1,2.920,-81.8,0.808,2.814
5564600,A2,3.440,-82.5,0.795,2.814
5564720,A3,0.740,-81.0,0.795,2.830
5564740,A1,2.930,-82.1,0.806,2.840
5564750,A2,3.440,-82.3,0.806,2.840
5564870,A3,0.760,-81.0,0.806,2.835
5564890,A1,2.930,-81.6,0.806,2.835
5564900,A2,3.430,-82.7,0.818,2.835
5565020,A3,0.800,-81.1,0.818,2.824
5565040,A1,2.920,-81.8,0.808,2.814
5565050,A2,3.420,-82.3,0.820,2.814
5565170,A3,0.760,-81.0,0.820,2.825
5565190,A1,2.950,-81.6,0.852,2.854
5565200,A2,3.460,-82.4,0.802,2.854
5565470,A3,0.800,-81.1,0.802,2.844
5565490,A1,2.940,-81.6,0.791,2.834
5565500,A2,3.440,-82.3,0.816,2.834
5565620,A3,0.750,-80.9,0.816,2.847
5565640,A1,2.930,-82.1,0.806,2.837
5565650,A2,3.450,-82.5,0.793,2.837
5565770,A3,0.750,-81.2,0.793,2.837
5565790,A1,2.930,-82.4,0.793,2.837
5565800,A2,3.410,-82.4,0.843,2.837
5565920,A3,0.790,-81.0,0.843,2.827
5565940,A1,2.950,-81.8,0.864,2.846
5565950,A2,3.450,-82.3,0.814,2.846
5566070,A3,0.750,-80.9,0.814,2.857
5566090,A1,2.930,-82.3,0.793,2.837
5566100,A2,3.440,-82.4,0.806,2.837
5566220,A3,0.750,-81.0,0.806,2.837
5566240,A1,2.920,-81.4,0.795,2.827
5566250,A2,3.460,-82.2,0.770,2.827
5566370,A3,0.780,-80.6,0.770,2.820
5566390,A1,2.930,-81.4,0.781,2.829
5566400,A2,3.440,-82.4,0.806,2.829
5566520,A3,0.770,-80.7,0.806,2.832
5566540,A1,2.950,-81.7,0.827,2.852
5566550,A2,3.430,-82.2,0.839,2.852
5566670,A3,0.760,-80.6,0.839,2.854
5566690,A1,2.930,-82.3,0.818,2.835
5566700,A2,3.420,-82.3,0.830,2.835
5566820,A3,0.780,-80.6,0.830,2.829
5566840,A1,2.930,-81.9,0.830,2.829
5566850,A2,3.410,-82.2,0.843,2.829
5566970,A3,0.760,-81.1,0.843,2.835
5566990,A1,2.930,-82.5,0.843,2.835
5567270,A3,0.790,-80.4,0.843,2.827
5567290,A1,2.920,-81.8,0.832,2.817
5567300,A2,3.420,-82.1,0.820,2.817
5567420,A3,0.760,-80.7,0.820,2.825
5567440,A1,2.950,-81.6,0.852,2.854
5567450,A2,3.440,-82.4,0.827,2.854
5567570,A3,0.750,-80.2,0.827,2.857
5567590,A1,2.940,-81.4,0.816,2.847
5567600,A2,3.440,-82.4,0.816,2.847
5567720,A3,0.780,-80.2,0.816,2.839
5567740,A1,2.930,-82.4,0.806,2.829
5567750,A2,3.430,-82.5,0.818,2.829
5567870,A3,0.750,-80.5,0.818,2.837
5567890,A1,2.920,-82.2,0.808,2.827
5567900,A2,3.430,-82.3,0.808,2.827
5568020,A3,0.740,-80.6,0.808,2.830
5568040,A1,2.930,-81.7,0.818,2.840
5568050,A2,3.430,-82.4,0.818,2.840
5568170,A3,0.760,-80.3,0.818,2.835
5568190,A1,2.940,-81.4,0.829,2.844
5568200,A2,3.430,-82.1,0.829,2.844
5568320,A3,0.770,-80.6,0.829,2.842
5568340,A1,2.930,-82.3,0.818,2.832
5568350,A2,3.400,-82.4,0.855,2.832
5568620,A3,0.790,-80.3,0.855,2.827
5568640,A1,2.930,-81.6,0.855,2.827
5568650,A2,3.420,-82.7,0.830,2.827
5568770,A3,0.740,-80.5,0.830,2.840
5568790,A1,2.930,-82.4,0.830,2.840
5568800,A2,3.430,-82.4,0.818,2.840
5568920,A3,0.760,-80.7,0.818,2.835
5568940,A1,2.950,-81.3,0.839,2.854
5568950,A2,3.440,-82.6,0.827,2.854
5569070,A3,0.760,-81.4,0.827,2.854
5569090,A1,2.930,-81.6,0.806,2.835
5569100,A2,3.420,-82.7,0.830,2.835
5569220,A3,0.770,-80.9,0.830,2.832
5569240,A1,2.930,-82.1,0.830,2.832
5569250,A2,3.430,-82.2,0.818,2.832
5569370,A3,0.750,-80.1,0.818,2.837
5569390,A1,2.920,-81.4,0.808,2.827
5569400,A2,3.440,-82.4,0.795,2.827
5569520,A3,0.750,-81.1,0.795,2.827
5569540,A1,2.930,-81.7,0.806,2.837
5569550,A2,3.430,-82.6,0.818,2.837
5569670,A3,0.740,-80.8,0.818,2.840
5569690,A1,2.940,-81.6,0.829,2.849
5569700,A2,3.460,-82.4,0.791,2.849
5569820,A3,0.790,-81.3,0.791,2.837
5569840,A1,2.930,-81.7,0.781,2.827
5569850,A2,3.420,-82.4,0.830,2.827
5569970,A3,0.770,-81.0,0.830,2.832
5569990,A1,2.940,-81.8,0.841,2.842
5570000,A2,3.420,-82.2,0.841,2.842
5570120,A3,0.760,-80.1,0.841,2.844
5570140,A1,2.940,-81.6,0.841,2.844
5570150,A2,3.430,-82.3,0.829,2.844
5570270,A3,0.770,-80.4,0.829,2.842
5570290,A1,2.920,-81.5,0.808,2.822
5570300,A2,3.430,-82.6,0.808,2.822
5570420,A3,0.750,-81.0,0.808,2.827
5570440,A1,2.930,-81.4,0.818,2.837
5570450,A2,3.410,-82.5,0.843,2.837
5570570,A3,0.760,-80.6,0.843,2.835
5570590,A1,2.920,-81.6,0.832,2.825
5570600,A2,3.440,-82.5,0.795,2.825
5570720,A3,0.770,-81.1,0.795,2.822
5570750,A2,3.410,-82.3,0.832,2.822
5570900,A2,3.440,-82.2,0.795,2.822
5571020,A3,0.760,-80.5,0.795,2.825
5571040,A1,2.930,-81.7,0.806,2.835
5571050,A2,3.430,-82.5,0.818,2.835
5571170,A3,0.780,-80.5,0.818,2.829
5571190,A1,2.940,-82.1,0.829,2.839
5571200,A2,3.430,-82.5,0.829,2.839
5571320,A3,0.760,-80.7,0.829,2.844
5571340,A1,2.920,-81.9,0.808,2.825
5571770,A3,0.750,-81.2,0.808,2.827
5571790,A1,2.930,-81.5,0.818,2.837
5571800,A2,3.420,-82.2,0.830,2.837
5571920,A3,0.730,-81.1,0.830,2.842
5571940,A1,2.930,-82.2,0.830,2.842
5571950,A2,3.430,-82.5,0.818,2.842
5572070,A3,0.760,-80.4,0.818,2.835
5572090,A1,2.920,-81.5,0.808,2.825
5572100,A2,3.430,-82.7,0.808,2.825
5572220,A3,0.760,-80.5,0.808,2.825
5572240,A1,2.930,-81.8,0.818,2.835
5572250,A2,3.400,-82.4,0.855,2.835
5572370,A3,0.750,-80.6,0.855,2.837
5572390,A1,2.940,-81.4,0.865,2.847
5572400,A2,3.450,-82.7,0.804,2.847
5572520,A3,0.740,-80.2,0.804,2.849
5572540,A1,2.920,-81.8,0.783,2.830
5572550,A2,3.440,-82.7,0.795,2.830
5572670,A3,0.800,-80.3,0.795,2.814
5572690,A1,2.920,-82.0,0.795,2.814
5572700,A2,3.430,-82.6,0.808,2.814
5572820,A3,0.790,-80.6,0.808,2.817
5572840,A1,2.930,-81.7,0.818,2.827
5572850,A2,3.450,-82.7,0.793,2.827
5572970,A3,0.760,-80.5,0.793,2.835
5572990,A1,2.920,-81.5,0.783,2.825
5573000,A2,3.440,-82.2,0.795,2.825
5573120,A3,0.770,-80.4,0.795,2.822
5573140,A1,2.930,-81.6,0.806,2.832
5573150,A2,3.420,-82.2,0.830,2.832
5573270,A3,0.790,-80.5,0.830,2.827
5573290,A1,2.930,-81.6,0.830,2.827
5573300,A2,3.430,-82.2,0.818,2.827
5573420,A3,0.760,-80.5,0.818,2.835
5573440,A1,2.930,-82.3,0.818,2.835
5573450,A2,3.450,-82.6,0.793,2.835
5573570,A3,0.780,-81.1,0.793,2.829
5573590,A1,2.940,-81.7,0.804,2.839
5573600,A2,3.440,-82.3,0.816,2.839
5573720,A3,0.770,-80.6,0.816,2.842
5573740,A1,2.920,-81.7,0.795,2.822
5573750,A2,3.430,-82.4,0.808,2.822
5573870,A3,0.740,-80.6,0.808,2.830
5573890,A1,2.960,-82.1,0.850,2.869
5573900,A2,3.420,-82.3,0.862,2.869
5574020,A3,0.790,-80.6,0.862,2.856
5574040,A1,2.950,-81.6,0.852,2.846
5574050,A2,3.430,-82.3,0.839,2.846
5574170,A3,0.780,-81.0,0.839,2.849
5574190,A1,2.930,-81.6,0.818,2.829
5574200,A2,3.430,-82.6,0.818,2.829
5574320,A3,0.720,-80.8,0.818,2.844
5574340,A1,2.940,-82.2,0.829,2.854
5574350,A2,3.420,-82.7,0.841,2.854
5574470,A3,0.790,-80.3,0.841,2.837
5574490,A1,2.920,-82.3,0.820,2.817
5574500,A2,3.420,-81.9,0.820,2.817
5574620,A3,0.760,-80.3,0.820,2.825
5574640,A1,2.940,-81.6,0.841,2.844
5574650,A2,3.430,-82.5,0.829,2.844
5574920,A3,0.770,-81.2,0.829,2.842
5574940,A1,2.940,-81.6,0.829,2.842
5574950,A2,3.440,-82.8,0.816,2.842
5575070,A3,0.770,-81.0,0.816,2.842
5575090,A1,2.940,-81.9,0.816,2.842
5575100,A2,3.430,-82.4,0.829,2.842
5575220,A3,0.740,-80.4,0.829,2.849
5575240,A1,2.930,-81.5,0.818,2.840
5575250,A2,3.460,-82.5,0.781,2.840
5575370,A3,0.760,-82.1,0.781,2.835
5575390,A1,2.930,-82.6,0.781,2.835
5575400,A2,3.420,-82.8,0.830,2.835
5575520,A3,0.730,-80.8,0.830,2.842
5575540,A1,2.920,-81.5,0.820,2.832
5575550,A2,3.440,-82.7,0.795,2.832
5575670,A3,0.780,-80.7,0.795,2.820
5575690,A1,2.940,-81.6,0.816,2.839
5575700,A2,3.450,-82.5,0.804,2.839
5575820,A3,0.780,-80.8,0.804,2.839
5575840,A1,2.930,-81.8,0.793,2.829
5575850,A2,3.420,-82.2,0.830,2.829
5575970,A3,0.760,-80.7,0.830,2.835
5575990,A1,2.920,-81.6,0.820,2.825
5576000,A2,3.440,-82.6,0.795,2.825
5576120,A3,0.790,-80.9,0.795,2.817
5576140,A1,2.930,-81.6,0.806,2.827
5576150,A2,3.430,-82.4,0.818,2.827
5576270,A3,0.730,-80.9,0.818,2.842
5576290,A1,2.930,-81.4,0.818,2.842
5576300,A2,3.430,-82.5,0.818,2.842
5576420,A3,0.750,-80.6,0.818,2.837
5576440,A1,2.920,-81.5,0.808,2.827
5576450,A2,3.430,-82.2,0.808,2.827
5576570,A3,0.760,-80.6,0.808,2.825
5576590,A1,2.940,-81.7,0.829,2.844
5576600,A2,3.420,-82.5,0.841,2.844
5576720,A3,0.740,-80.6,0.841,2.849
5576740,A1,2.930,-81.4,0.830,2.840
5576750,A2,3.420,-82.4,0.830,2.840
5576870,A3,0.760,-81.2,0.830,2.835
5576890,A1,2.930,-82.0,0.830,2.835
5576900,A2,3.430,-82.4,0.818,2.835
5577020,A3,0.760,-80.9,0.818,2.835
5577040,A1,2.920,-81.8,0.808,2.825
5577050,A2,3.440,-82.6,0.795,2.825
5577170,A3,0.770,-80.6,0.795,2.822
5577190,A1,2.930,-82.4,0.806,2.832
5577200,A2,3.410,-82.2,0.843,2.832
5577320,A3,0.770,-80.6,0.843,2.832
5577340,A1,2.920,-82.4,0.832,2.822
5577350,A2,3.440,-82.6,0.795,2.822
5577470,A3,0.740,-81.2,0.795,2.830
5577490,A1,2.930,-82.2,0.806,2.840
5577500,A2,3.430,-82.8,0.818,2.840
5577620,A3,0.750,-80.2,0.818,2.837
5577650,A2,3.420,-82.1,0.830,2.837
5577800,A2,3.450,-82.3,0.793,2.837
5578070,A3,0.760,-80.3,0.793,2.835
5578090,A1,2.920,-82.3,0.783,2.825
5578100,A2,3.420,-82.2,0.820,2.825
5578220,A3,0.780,-80.4,0.820,2.820
5578240,A1,2.940,-81.4,0.841,2.839
5578250,A2,3.430,-82.1,0.829,2.839
5578370,A3,0.750,-80.5,0.829,2.847
5578390,A1,2.920,-82.2,0.808,2.827
5578400,A2,3.450,-82.4,0.783,2.827
5578540,A1,2.930,-82.2,0.793,2.837
5578550,A2,3.430,-82.4,0.818,2.837
5578690,A1,2.920,-82.4,0.808,2.827
5578700,A2,3.440,-82.3,0.795,2.827
5578820,A3,0.730,-80.4,0.795,2.832
5578840,A1,2.920,-81.8,0.795,2.832
5578850,A2,3.430,-82.6,0.808,2.832
5578970,A3,0.740,-81.2,0.808,2.830
5578990,A1,2.930,-81.7,0.818,2.840
5579000,A2,3.460,-82.6,0.781,2.840
5579120,A3,0.740,-80.4,0.781,2.840
5579140,A1,2.940,-81.8,0.791,2.849
5579150,A2,3.430,-81.9,0.829,2.849
5579270,A3,0.770,-81.3,0.829,2.842
5579290,A1,2.940,-81.6,0.829,2.842
5579300,A2,3.400,-82.6,0.865,2.842
5579420,A3,0.750,-80.5,0.865,2.847
5579440,A1,2.920,-81.5,0.844,2.827
5579450,A2,3.430,-82.4,0.808,2.827
5579570,A3,0.760,-80.4,0.808,2.825
5579590,A1,2.930,-81.5,0.818,2.835
5579600,A2,3.420,-82.2,0.830,2.835
5579720,A3,0.780,-81.1,0.830,2.829
5579740,A1,2.920,-82.2,0.820,2.820
5579750,A2,3.440,-82.3,0.795,2.820
5579870,A3,0.730,-80.8,0.795,2.832
5579890,A1,2.930,-82.0,0.806,2.842
5579900,A2,3.450,-82.6,0.793,2.842
5580020,A3,0.800,-81.1,0.793,2.824
5580040,A1,2.940,-81.6,0.804,2.834
5580050,A2,3.430,-82.2,0.829,2.834
5580170,A3,0.790,-81.2,0.829,2.837
5580190,A1,2.920,-81.6,0.808,2.817
5580200,A2,3.440,-82.5,0.795,2.817
5580320,A3,0.760,-80.5,0.795,2.825
5580340,A1,2.930,-82.0,0.806,2.835
5580350,A2,3.430,-82.3,0.818,2.835
5580470,A3,0.800,-80.4,0.818,2.824
5580490,A1,2.940,-81.6,0.829,2.834
5580500,A2,3.430,-82.6,0.829,2.834
5580620,A3,0.730,-81.0,0.829,2.852
5580640,A1,2.910,-81.5,0.797,2.823
5580650,A2,3.440,-82.3,0.785,2.823
5580770,A3,0.770,-80.4,0.785,2.813
5580790,A1,2.920,-82.4,0.795,2.822
5580800,A2,3.450,-82.5,0.783,2.822
5580920,A3,0.780,-81.2,0.783,2.820
5580940,A1,2.930,-81.7,0.793,2.829
5580950,A2,3.420,-82.3,0.830,2.829
5581220,A3,0.810,-81.2,0.830,2.821
5581240,A1,2.940,-82.3,0.841,2.831
5581250,A2,3.430,-82.2,0.829,2.831
5581370,A3,0.770,-80.4,0.829,2.842
5581390,A1,2.930,-81.9,0.818,2.832
5581400,A2,3.430,-82.6,0.818,2.832
5581520,A3,0.720,-81.0,0.818,2.844
5581540,A1,2.930,-82.3,0.818,2.844
5581550,A2,3.420,-82.1,0.830,2.844
5581670,A3,0.790,-80.4,0.830,2.827
5581690,A1,2.940,-81.6,0.841,2.837
5581700,A2,3.420,-82.4,0.841,2.837
5581820,A3,0.750,-80.8,0.841,2.847
5581840,A1,2.930,-82.2,0.830,2.837
5581850,A2,3.450,-82.7,0.793,2.837
5581970,A3,0.780,-80.2,0.793,2.829
5581990,A1,2.930,-81.7,0.793,2.829
5582000,A2,3.440,-82.7,0.806,2.829
5582120,A3,0.770,-80.4,0.806,2.832
5582140,A1,2.930,-81.6,0.806,2.832
5582150,A2,3.420,-82.4,0.830,2.832
5582270,A3,0.750,-80.7,0.830,2.837
5582290,A1,2.930,-82.0,0.830,2.837
5582300,A2,3.450,-82.5,0.793,2.837
5582420,A3,0.800,-80.5,0.793,2.824
5582440,A1,2.940,-81.3,0.804,2.834
5582450,A2,3.420,-82.2,0.841,2.834
5582570,A3,0.770,-80.2,0.841,2.842
5582590,A1,2.930,-81.7,0.830,2.832
5582600,A2,3.450,-82.6,0.793,2.832
5582720,A3,0.760,-80.4,0.793,2.835
5582740,A1,2.940,-81.4,0.804,2.844
5582750,A2,3.440,-82.7,0.816,2.844
5582870,A3,0.760,-80.8,0.816,2.844
5582890,A1,2.940,-81.3,0.816,2.844
5582900,A2,3.420,-82.3,0.841,2.844
5583020,A3,0.740,-81.1,0.841,2.849
5583040,A1,2.920,-81.6,0.820,2.830
5583050,A2,3.440,-82.4,0.795,2.830
5583170,A3,0.750,-80.7,0.795,2.827
5583190,A1,2.930,-81.9,0.806,2.837
5583200,A2,3.410,-82.1,0.843,2.837
5583320,A3,0.810,-81.2,0.843,2.821
5583340,A1,2.940,-82.1,0.853,2.831
5583350,A2,3.410,-82.2,0.853,2.831
5583470,A3,0.760,-81.1,0.853,2.844
5583490,A1,2.910,-81.5,0.822,2.815
5583500,A2,3.410,-82.3,0.822,2.815
5583620,A3,0.760,-80.9,0.822,2.815
5583640,A1,2.910,-81.6,0.822,2.815
5583650,A2,3.460,-82.6,0.760,2.815
5583770,A3,0.790,-81.0,0.760,2.807
5583790,A1,2.940,-81.5,0.791,2.837
5583800,A2,3.440,-82.7,0.816,2.837
5583920,A3,0.770,-81.3,0.816,2.842
5583940,A1,2.930,-82.1,0.806,2.832
5583950,A2,3.430,-82.2,0.818,2.832
5584070,A3,0.750,-80.5,0.818,2.837
5584090,A1,2.920,-81.8,0.808,2.827
5584100,A2,3.420,-82.2,0.820,2.827
5584370,A3,0.750,-81.1,0.820,2.827
5584390,A1,2.920,-82.3,0.820,2.827
5584400,A2,3.420,-82.1,0.820,2.827
5584520,A3,0.750,-80.6,0.820,2.827
5584540,A1,2.950,-82.2,0.852,2.857
5584550,A2,3.440,-82.5,0.827,2.857
5584670,A3,0.770,-80.9,0.827,2.852
5584690,A1,2.930,-81.4,0.806,2.832
5584700,A2,3.450,-82.6,0.793,2.832
5584820,A3,0.740,-81.3,0.793,2.840
5584840,A1,2.910,-82.2,0.772,2.820
5584850,A2,3.440,-82.6,0.785,2.820
5584970,A3,0.760,-80.5,0.785,2.815
5584990,A1,2.920,-82.1,0.795,2.825
5585000,A2,3.430,-82.7,0.808,2.825
5585120,A3,0.770,-80.7,0.808,2.822
5585140,A1,2.940,-81.6,0.829,2.842
5585150,A2,3.460,-82.6,0.791,2.842
5585270,A3,0.770,-80.3,0.791,2.842
5585290,A1,2.940,-81.7,0.791,2.842
5585300,A2,3.430,-82.5,0.829,2.842
5585440,A1,2.930,-82.4,0.818,2.832
5585450,A2,3.440,-82.6,0.806,2.832
5585590,A1,2.940,-81.4,0.816,2.842
5585600,A2,3.430,-82.5,0.829,2.842
5585720,A3,0.760,-81.0,0.829,2.844
5585740,A1,2.910,-82.3,0.797,2.815
5585750,A2,3.440,-82.5,0.785,2.815
5585870,A3,0.770,-80.8,0.785,2.813
5585900,A2,3.420,-82.3,0.809,2.813
5586050,A2,3.410,-82.6,0.822,2.813
5586170,A3,0.780,-80.5,0.822,2.810
5586190,A1,2.940,-81.9,0.853,2.839
5586200,A2,3.430,-82.4,0.829,2.839
5586320,A3,0.760,-80.8,0.829,2.844
5586340,A1,2.910,-81.7,0.797,2.815
5586350,A2,3.420,-82.7,0.809,2.815
5586470,A3,0.760,-81.0,0.809,2.815
5586490,A1,2.940,-81.6,0.841,2.844
5586500,A2,3.430,-82.5,0.829,2.844
5586620,A3,0.760,-81.2,0.829,2.844
5586640,A1,2.920,-82.2,0.808,2.825
5586650,A2,3.430,-82.4,0.808,2.825
5586770,A3,0.760,-80.9,0.808,2.825
5586790,A1,2.920,-81.5,0.808,2.825
5586800,A2,3.430,-82.4,0.808,2.825
5586920,A3,0.760,-80.6,0.808,2.825
5586940,A1,2.930,-81.8,0.818,2.835
5586950,A2,3.420,-82.4,0.830,2.835
5587070,A3,0.780,-80.1,0.830,2.829
5587090,A1,2.940,-81.6,0.841,2.839
5587100,A2,3.410,-82.3,0.853,2.839
5587220,A3,0.780,-80.9,0.853,2.839
5587240,A1,2.940,-82.1,0.853,2.839
5587250,A2,3.420,-82.2,0.841,2.839
5587520,A3,0.770,-80.7,0.841,2.842
5587540,A1,2.920,-81.8,0.820,2.822
5587550,A2,3.420,-82.4,0.820,2.822
5587670,A3,0.770,-80.8,0.820,2.822
5587690,A1,2.930,-81.7,0.830,2.832
5587700,A2,3.420,-82.2,0.830,2.832
5587820,A3,0.750,-80.7,0.830,2.837
5587840,A1,2.920,-81.9,0.820,2.827
5587850,A2,3.430,-82.5,0.808,2.827
5587970,A3,0.780,-80.4,0.808,2.820
5587990,A1,2.920,-82.0,0.808,2.820
5588000,A2,3.460,-82.3,0.770,2.820
5588120,A3,0.800,-80.2,0.770,2.814
5588140,A1,2.920,-81.6,0.770,2.814
5588150,A2,3.420,-82.1,0.820,2.814
5588270,A3,0.750,-81.1,0.820,2.827
5588290,A1,2.920,-81.7,0.820,2.827
5588300,A2,3.420,-82.0,0.820,2.827
5588420,A3,0.740,-80.6,0.820,2.830
5588440,A1,2.940,-82.4,0.841,2.849
5588450,A2,3.440,-82.4,0.816,2.849
5588570,A3,0.760,-80.5,0.816,2.844
5588590,A1,2.920,-81.6,0.795,2.825
5588600,A2,3.430,-82.6,0.808,2.825
5588720,A3,0.790,-80.5,0.808,2.817
5588740,A1,2.930,-81.6,0.818,2.827
5588750,A2,3.430,-82.4,0.818,2.827
5588870,A3,0.760,-80.8,0.818,2.835
5588890,A1,2.920,-81.7,0.808,2.825
5589170,A3,0.720,-80.4,0.808,2.835
5589190,A1,2.920,-82.2,0.808,2.835
5589200,A2,3.420,-82.2,0.820,2.835
5589320,A3,0.790,-80.4,0.820,2.817
5589340,A1,2.920,-82.4,0.820,2.817
5589350,A2,3.450,-82.6,0.783,2.817
5589470,A3,0.750,-81.1,0.783,2.827
5589490,A1,2.940,-81.5,0.804,2.847
5589500,A2,3.430,-82.5,0.829,2.847
5589620,A3,0.740,-80.3,0.829,2.849
5589640,A1,2.920,-82.4,0.808,2.830
5589650,A2,3.430,-82.2,0.808,2.830
5589770,A3,0.740,-80.6,0.808,2.830
5589790,A1,2.920,-81.6,0.808,2.830
5589800,A2,3.420,-82.2,0.820,2.830
5589920,A3,0.810,-80.1,0.820,2.812
5589940,A1,2.920,-81.7,0.820,2.812
5589950,A2,3.420,-82.1,0.820,2.812
5590070,A3,0.750,-81.0,0.820,2.827
5590090,A1,2.920,-82.2,0.820,2.827
5590100,A2,3.440,-81.9,0.795,2.827
5590220,A3,0.770,-80.6,0.795,2.822
5590240,A1,2.920,-82.0,0.795,2.822
5590250,A2,3.440,-82.6,0.795,2.822
5590370,A3,0.760,-80.7,0.795,2.825
5590390,A1,2.910,-81.9,0.785,2.815
5590400,A2,3.460,-82.2,0.760,2.815
5590670,A3,0.750,-80.7,0.760,2.818
5590700,A2,3.430,-82.2,0.797,2.818
5590850,A2,3.450,-82.3,0.772,2.818
5590970,A3,0.790,-80.3,0.772,2.807
5590990,A1,2.920,-81.8,0.783,2.817
5591000,A2,3.430,-82.7,0.808,2.817
5591120,A3,0.790,-80.8,0.808,2.817
5591140,A1,2.920,-81.8,0.808,2.817
5591150,A2,3.450,-82.4,0.783,2.817
5591270,A3,0.750,-80.8,0.783,2.827
5591290,A1,2.920,-82.4,0.783,2.827
5591570,A3,0.780,-81.0,0.783,2.820
5591590,A1,2.910,-82.3,0.772,2.810
5591600,A2,3.450,-82.2,0.772,2.810
5591720,A3,0.760,-80.1,0.772,2.815
5591740,A1,2.940,-81.9,0.804,2.844
5591750,A2,3.430,-82.4,0.829,2.844
5591870,A3,0.760,-80.7,0.829,2.844
5591890,A1,2.920,-81.8,0.808,2.825
5591900,A2,3.450,-82.3,0.783,2.825
5592020,A3,0.790,-79.9,0.783,2.817
5592040,A1,2.930,-81.9,0.793,2.827
5592050,A2,3.440,-82.5,0.806,2.827
5592170,A3,0.780,-81.1,0.806,2.829
5592190,A1,2.930,-81.9,0.806,2.829
5592200,A2,3.440,-82.1,0.806,2.829
5592340,A1,2.930,-81.8,0.806,2.829
5592350,A2,3.450,-82.3,0.793,2.829
5592490,A1,2.930,-81.9,0.793,2.829
5592500,A2,3.430,-82.2,0.818,2.829
5592620,A3,0.810,-80.4,0.818,2.821
5592640,A1,2.910,-82.4,0.797,2.802
5592650,A2,3.430,-82.4,0.797,2.802
5592770,A3,0.720,-80.7,0.797,2.825
5592790,A1,2.910,-81.6,0.797,2.825
5593070,A3,0.780,-81.1,0.797,2.810
5593090,A1,2.920,-82.5,0.808,2.820
5593100,A2,3.440,-82.2,0.795,2.820
5593220,A3,0.740,-80.6,0.795,2.830
5593240,A1,2.930,-82.1,0.806,2.840
5593250,A2,3.450,-82.3,0.793,2.840
5593370,A3,0.800,-80.2,0.793,2.824
5593390,A1,2.940,-81.8,0.804,2.834
5593400,A2,3.420,-82.2,0.841,2.834
5593520,A3,0.780,-81.2,0.841,2.839
5593540,A1,2.920,-81.8,0.820,2.820
5593550,A2,3.440,-82.5,0.795,2.820
5593820,A3,0.810,-80.0,0.795,2.812
5593840,A1,2.920,-81.9,0.795,2.812
5593850,A2,3.420,-82.5,0.820,2.812
5593970,A3,0.760,-80.5,0.820,2.825
5593990,A1,2.920,-81.8,0.820,2.825
5594000,A2,3.420,-82.6,0.820,2.825
5594120,A3,0.740,-80.1,0.820,2.830
5594140,A1,2.930,-81.9,0.830,2.840
5594150,A2,3.430,-82.4,0.818,2.840
5594270,A3,0.810,-80.8,0.818,2.821
5594290,A1,2.930,-81.7,0.818,2.821
5594300,A2,3.430,-82.2,0.818,2.821
5594420,A3,0.770,-80.6,0.818,2.832
5594440,A1,2.910,-82.0,0.797,2.813
5594450,A2,3.440,-82.4,0.785,2.813
5594570,A3,0.750,-80.6,0.785,2.818
5594590,A1,2.930,-82.0,0.806,2.837
5594600,A2,3.440,-82.3,0.806,2.837
5594720,A3,0.780,-81.1,0.806,2.829
5594740,A1,2.910,-82.3,0.785,2.810
5594750,A2,3.470,-82.3,0.747,2.810
5594870,A3,0.760,-80.9,0.747,2.815
5594890,A1,2.910,-81.7,0.747,2.815
5594900,A2,3.420,-82.4,0.809,2.815
5595020,A3,0.760,-80.3,0.809,2.815
5595040,A1,2.910,-82.0,0.809,2.815
5595050,A2,3.420,-82.4,0.809,2.815
5595170,A3,0.800,-81.0,0.809,2.805
5595190,A1,2.960,-82.3,0.862,2.854
5595200,A2,3.440,-82.2,0.837,2.854
5595320,A3,0.770,-80.8,0.837,2.861
5595340,A1,2.920,-81.7,0.795,2.822
5595350,A2,3.440,-82.7,0.795,2.822
5595470,A3,0.750,-80.3,0.795,2.827
5595490,A1,2.920,-82.5,0.795,2.827
5595500,A2,3.430,-82.6,0.808,2.827
5595620,A3,0.780,-80.5,0.808,2.820
5595640,A1,2.940,-81.8,0.829,2.839
5595650,A2,3.420,-82.1,0.841,2.839
5595770,A3,0.760,-80.7,0.841,2.844
5595790,A1,2.930,-82.2,0.830,2.835
5595800,A2,3.440,-82.1,0.806,2.835
5595920,A3,0.750,-80.5,0.806,2.837
5595940,A1,2.930,-81.8,0.806,2.837
5595950,A2,3.450,-82.2,0.793,2.837
5596070,A3,0.780,-80.3,0.793,2.829
5596090,A1,2.930,-81.9,0.793,2.829
5596100,A2,3.440,-82.4,0.806,2.829
5596220,A3,0.760,-80.9,0.806,2.835
5596240,A1,2.910,-81.6,0.785,2.815
5596250,A2,3.440,-82.1,0.785,2.815
5596370,A3,0.720,-80.1,0.785,2.825
5596390,A1,2.900,-81.9,0.774,2.815
5596400,A2,3.420,-82.4,0.799,2.815
5596520,A3,0.790,-81.0,0.799,2.798
5596540,A1,2.940,-81.6,0.841,2.837
5596550,A2,3.440,-82.5,0.816,2.837
5596670,A3,0.780,-81.4,0.816,2.839
5596690,A1,2.920,-82.4,0.795,2.820
5596700,A2,3.430,-82.4,0.808,2.820
5596970,A3,0.790,-80.7,0.808,2.817
5596990,A1,2.920,-81.7,0.808,2.817
5597000,A2,3.430,-82.6,0.808,2.817
5597120,A3,0.770,-80.7,0.808,2.822
5597140,A1,2.900,-81.8,0.787,2.803
5597150,A2,3.430,-82.2,0.787,2.803
5597270,A3,0.760,-80.4,0.787,2.805
5597290,A1,2.930,-81.7,0.818,2.835
5597300,A2,3.420,-82.3,0.830,2.835
5597420,A3,0.820,-81.0,0.830,2.819
5597440,A1,2.930,-81.8,0.830,2.819
5597450,A2,3.440,-82.6,0.806,2.819
5597570,A3,0.750,-80.6,0.806,2.837
5597590,A1,2.930,-81.5,0.806,2.837
5597600,A2,3.430,-82.2,0.818,2.837
5597720,A3,0.770,-80.6,0.818,2.832
5597740,A1,2.930,-81.9,0.818,2.832
5597750,A2,3.420,-82.2,0.830,2.832
5597870,A3,0.780,-80.9,0.830,2.829
5597890,A1,2.910,-82.0,0.809,2.810
5597900,A2,3.420,-82.0,0.809,2.810
5598020,A3,0.740,-80.8,0.809,2.820
5598040,A1,2.920,-82.0,0.820,2.830
5598050,A2,3.430,-82.6,0.808,2.830
5598170,A3,0.790,-80.8,0.808,2.817
5598190,A1,2.930,-81.6,0.818,2.827
5598200,A2,3.430,-82.1,0.818,2.827
5598320,A3,0.780,-80.4,0.818,2.829
5598340,A1,2.920,-81.7,0.808,2.820
5598350,A2,3.440,-82.2,0.795,2.820
5598470,A3,0.740,-81.0,0.795,2.830
5598490,A1,2.930,-81.8,0.806,2.840
5598500,A2,3.420,-82.4,0.830,2.840
5598620,A3,0.770,-80.6,0.830,2.832
5598640,A1,2.910,-82.0,0.809,2.813
5598650,A2,3.430,-82.4,0.797,2.813
5598770,A3,0.770,-81.1,0.797,2.813
5598790,A1,2.940,-82.5,0.829,2.842
5598800,A2,3.440,-82.1,0.816,2.842
5598920,A3,0.760,-80.6,0.816,2.844
5598940,A1,2.940,-81.4,0.816,2.844
5598950,A2,3.440,-82.2,0.816,2.844
5599070,A3,0.760,-80.1,0.816,2.844
5599090,A1,2.920,-81.8,0.795,2.825
5599100,A2,3.430,-82.6,0.808,2.825
5599220,A3,0.780,-80.6,0.808,2.820
5599240,A1,2.940,-81.8,0.829,2.839
5599250,A2,3.460,-82.7,0.791,2.839
5599370,A3,0.750,-80.9,0.791,2.847
5599390,A1,2.940,-81.8,0.791,2.847
5599400,A2,3.410,-82.3,0.853,2.847
5599520,A3,0.740,-80.4,0.853,2.849
5599540,A1,2.920,-82.2,0.832,2.830
5599550,A2,3.440,-82.7,0.795,2.830
5599670,A3,0.780,-80.3,0.795,2.820
5599690,A1,2.930,-82.5,0.806,2.829
5599700,A2,3.410,-82.2,0.843,2.829
5599820,A3,0.790,-80.2,0.843,2.827
5599840,A1,2.920,-81.6,0.832,2.817
5599850,A2,3.420,-82.6,0.820,2.817
5600140,A1,2.910,-81.9,0.809,2.807
5600150,A2,3.420,-82.6,0.809,2.807
5600290,A1,2.900,-81.8,0.799,2.798
5600300,A2,3.440,-82.5,0.774,2.798
5600420,A3,0.770,-81.2,0.774,2.803
5600440,A1,2.940,-82.0,0.816,2.842
5600450,A2,3.440,-82.4,0.816,2.842
5600570,A3,0.740,-80.7,0.816,2.849
5600590,A1,2.910,-82.3,0.785,2.820
5600600,A2,3.450,-82.5,0.772,2.820
5600720,A3,0.790,-80.3,0.772,2.807
5600740,A1,2.940,-82.2,0.804,2.837
5600750,A2,3.440,-82.7,0.816,2.837
5600870,A3,0.750,-80.8,0.816,2.847
5600890,A1,2.940,-82.3,0.816,2.847
5600900,A2,3.440,-82.4,0.816,2.847
5601020,A3,0.780,-80.0,0.816,2.839
5601040,A1,2.940,-81.6,0.816,2.839
5601050,A2,3.420,-82.3,0.841,2.839
5601170,A3,0.790,-80.8,0.841,2.837
5601190,A1,2.910,-82.2,0.809,2.807
5601200,A2,3.440,-82.5,0.785,2.807
5601320,A3,0.750,-80.5,0.785,2.818
5601340,A1,2.930,-82.0,0.806,2.837
5601620,A3,0.760,-80.7,0.806,2.835
5601640,A1,2.920,-81.8,0.795,2.825
5601650,A2,3.420,-82.4,0.820,2.825
5601770,A3,0.740,-80.4,0.820,2.830
5601790,A1,2.930,-81.8,0.830,2.840
5601800,A2,3.430,-82.4,0.818,2.840
5601920,A3,0.760,-80.6,0.818,2.835
5601940,A1,2.930,-81.6,0.818,2.835
5601950,A2,3.430,-82.5,0.818,2.835
5602090,A1,2.920,-82.3,0.808,2.825
5602100,A2,3.420,-82.6,0.820,2.825
5602240,A1,2.910,-81.6,0.809,2.815
5602250,A2,3.440,-82.5,0.785,2.815
5602370,A3,0.760,-80.0,0.785,2.815
5602390,A1,2.920,-81.7,0.795,2.825
5602400,A2,3.420,-82.0,0.820,2.825
5602520,A3,0.760,-80.3,0.820,2.825
5602540,A1,2.910,-82.3,0.809,2.815
5602550,A2,3.440,-82.6,0.785,2.815
5602670,A3,0.760,-80.3,0.785,2.815
5602690,A1,2.910,-82.3,0.785,2.815
5602700,A2,3.400,-82.2,0.834,2.815
5602820,A3,0.780,-80.7,0.834,2.810
5602840,A1,2.910,-81.6,0.834,2.810
5602850,A2,3.450,-82.7,0.772,2.810
5602970,A3,0.760,-80.2,0.772,2.815
5602990,A1,2.900,-82.1,0.762,2.805
5603000,A2,3.450,-82.4,0.762,2.805
5603270,A3,0.760,-80.4,0.762,2.805
5603290,A1,2.920,-81.7,0.783,2.825
5603300,A2,3.430,-82.1,0.808,2.825
5603420,A3,0.800,-80.3,0.808,2.814
5603440,A1,2.910,-81.7,0.797,2.805
5603450,A2,3.420,-82.4,0.809,2.805
5603570,A3,0.760,-80.4,0.809,2.815
5603590,A1,2.910,-81.7,0.809,2.815
5603600,A2,3.420,-82.2,0.809,2.815
5603720,A3,0.790,-80.2,0.809,2.807
5603740,A1,2.920,-82.2,0.820,2.817
5603750,A2,3.440,-82.7,0.795,2.817
5603870,A3,0.760,-80.2,0.795,2.825
5603890,A1,2.920,-81.9,0.795,2.825
5603900,A2,3.420,-82.4,0.820,2.825
5604020,A3,0.800,-81.0,0.820,2.814
5604050,A2,3.420,-82.4,0.820,2.814
5604200,A2,3.450,-82.3,0.783,2.814
5604320,A3,0.780,-80.1,0.783,2.820
5604340,A1,2.920,-82.1,0.783,2.820
5604350,A2,3.430,-82.5,0.808,2.820
5604470,A3,0.750,-80.8,0.808,2.827
5604490,A1,2.910,-82.5,0.797,2.818
5604500,A2,3.410,-82.1,0.822,2.818
5604620,A3,0.740,-80.1,0.822,2.820
5604650,A2,3.430,-82.5,0.797,2.820
5604800,A2,3.430,-82.5,0.797,2.820
5604920,A3,0.760,-80.6,0.797,2.815
5604940,A1,2.910,-81.7,0.797,2.815
5604950,A2,3.440,-82.0,0.785,2.815
5605070,A3,0.780,-80.6,0.785,2.810
5605100,A2,3.440,-82.3,0.785,2.810
5605250,A2,3.440,-82.7,0.785,2.810
5605370,A3,0.770,-80.4,0.785,2.813
5605390,A1,2.920,-81.8,0.795,2.822
5605400,A2,3.440,-82.6,0.795,2.822
5605520,A3,0.770,-81.0,0.795,2.822
5605540,A1,2.910,-81.8,0.785,2.813
5605550,A2,3.440,-82.5,0.785,2.813
5605670,A3,0.760,-80.8,0.785,2.815
5605690,A1,2.930,-82.5,0.806,2.835
5605700,A2,3.440,-82.5,0.806,2.835
5605820,A3,0.770,-80.5,0.806,2.832
5605840,A1,2.930,-81.8,0.806,2.832
5605850,A2,3.440,-82.2,0.806,2.832
5605970,A3,0.770,-80.1,0.806,2.832
5605990,A1,2.930,-82.6,0.806,2.832
5606000,A2,3.430,-82.3,0.818,2.832
5606120,A3,0.750,-80.9,0.818,2.837
5606140,A1,2.920,-81.6,0.808,2.827
5606150,A2,3.430,-82.4,0.808,2.827
5606420,A3,0.740,-80.4,0.808,2.830
5606440,A1,2.940,-81.9,0.829,2.849
5606450,A2,3.460,-82.6,0.791,2.849
5606570,A3,0.750,-80.7,0.791,2.847
5606590,A1,2.910,-81.6,0.760,2.818
5606600,A2,3.400,-82.4,0.834,2.818
5606720,A3,0.770,-80.4,0.834,2.813
5606740,A1,2.920,-82.2,0.844,2.822
5606750,A2,3.440,-82.1,0.795,2.822
5606870,A3,0.750,-80.8,0.795,2.827
5606890,A1,2.920,-82.4,0.795,2.827
5606900,A2,3.420,-82.5,0.820,2.827
5607020,A3,0.740,-80.7,0.820,2.830
5607040,A1,2.930,-81.6,0.830,2.840
5607050,A2,3.420,-82.2,0.830,2.840
5607170,A3,0.780,-80.2,0.830,2.829
5607190,A1,2.910,-82.3,0.809,2.810
5607200,A2,3.410,-82.4,0.822,2.810
5607320,A3,0.770,-80.3,0.822,2.813
5607340,A1,2.920,-82.3,0.832,2.822
5607350,A2,3.430,-82.4,0.808,2.822
5607620,A3,0.760,-80.3,0.808,2.825
5607640,A1,2.910,-81.9,0.797,2.815
5607650,A2,3.430,-82.0,0.797,2.815
5607770,A3,0.750,-80.1,0.797,2.818
5607790,A1,2.900,-82.6,0.787,2.808
5607800,A2,3.430,-82.7,0.787,2.808
5607920,A3,0.760,-80.5,0.787,2.805
5607940,A1,2.930,-81.6,0.818,2.835
5607950,A2,3.430,-82.6,0.818,2.835
5608070,A3,0.780,-79.9,0.818,2.829
5608090,A1,2.920,-81.9,0.808,2.820
5608100,A2,3.440,-82.3,0.795,2.820
5608220,A3,0.750,-80.6,0.795,2.827
5608240,A1,2.930,-81.8,0.806,2.837
5608250,A2,3.410,-82.4,0.843,2.837
5608370,A3,0.740,-80.3,0.843,2.840
5608390,A1,2.920,-81.8,0.832,2.830
5608400,A2,3.430,-82.9,0.808,2.830
5608520,A3,0.760,-80.3,0.808,2.825
5608540,A1,2.930,-82.0,0.818,2.835
5608550,A2,3.440,-82.4,0.806,2.835
5608670,A3,0.770,-81.0,0.806,2.832
5608690,A1,2.940,-82.4,0.816,2.842
5608700,A2,3.430,-82.8,0.829,2.842
5608820,A3,0.750,-80.9,0.829,2.847
5608840,A1,2.940,-81.6,0.829,2.847
5608850,A2,3.430,-82.4,0.829,2.847
5608970,A3,0.770,-80.2,0.829,2.842
5608990,A1,2.930,-82.2,0.818,2.832
5609000,A2,3.420,-82.5,0.830,2.832
5609120,A3,0.790,-80.5,0.830,2.827
5609140,A1,2.930,-81.7,0.830,2.827
5609150,A2,3.400,-82.3,0.855,2.827
5609270,A3,0.760,-80.2,0.855,2.835
5609290,A1,2.910,-81.9,0.834,2.815
5609300,A2,3.420,-82.5,0.809,2.815
5609570,A3,0.770,-81.1,0.809,2.813
5609590,A1,2.940,-81.6,0.841,2.842
5609600,A2,3.440,-82.5,0.816,2.842
5609720,A3,0.760,-81.2,0.816,2.844
5609740,A1,2.920,-81.8,0.795,2.825
5609750,A2,3.450,-82.4,0.783,2.825
5609870,A3,0.750,-81.0,0.783,2.827
5609890,A1,2.930,-82.1,0.793,2.837
5609900,A2,3.430,-82.1,0.818,2.837
5610020,A3,0.760,-81.9,0.818,2.835
5610040,A1,2.920,-82.0,0.808,2.825
5610050,A2,3.420,-82.0,0.820,2.825
5610170,A3,0.760,-80.1,0.820,2.825
5610190,A1,2.920,-82.0,0.820,2.825
5610200,A2,3.430,-82.4,0.808,2.825
5610320,A3,0.790,-80.0,0.808,2.817
5610340,A1,2.890,-82.3,0.776,2.788
5610350,A2,3.420,-82.2,0.789,2.788
5610470,A3,0.730,-81.0,0.789,2.803
5610490,A1,2.890,-82.0,0.789,2.803
5610500,A2,3.440,-82.6,0.764,2.803
5610620,A3,0.760,-80.6,0.764,2.796
5610640,A1,2.880,-82.5,0.753,2.786
5610650,A2,3.430,-82.2,0.766,2.786
5610770,A3,0.770,-80.7,0.766,2.784
5610790,A1,2.920,-82.2,0.808,2.822
5610800,A2,3.450,-82.6,0.783,2.822
5610920,A3,0.780,-80.4,0.783,2.820
5610940,A1,2.910,-82.4,0.772,2.810
5610950,A2,3.440,-82.4,0.785,2.810
5611070,A3,0.740,-81.4,0.785,2.820
5611090,A1,2.920,-82.5,0.795,2.830
5611370,A3,0.760,-80.5,0.795,2.825
5611390,A1,2.950,-81.6,0.827,2.854
5611400,A2,3.420,-83.1,0.852,2.854
5611520,A3,0.760,-81.3,0.852,2.854
5611540,A1,2.940,-81.7,0.841,2.844
5611550,A2,3.450,-82.8,0.804,2.844
5611670,A3,0.760,-81.2,0.804,2.844
5611690,A1,2.910,-82.1,0.772,2.815
5611700,A2,3.440,-82.6,0.785,2.815
5611820,A3,0.770,-80.6,0.785,2.813
5611840,A1,2.910,-82.0,0.785,2.813
5611850,A2,3.430,-82.2,0.797,2.813
5611970,A3,0.760,-81.3,0.797,2.815
5611990,A1,2.910,-82.8,0.797,2.815
5612000,A2,3.430,-81.9,0.797,2.815
5612120,A3,0.760,-80.6,0.797,2.815
5612140,A1,2.890,-82.4,0.776,2.796
5612150,A2,3.430,-82.6,0.776,2.796
5612270,A3,0.800,-80.2,0.776,2.785
5612290,A1,2.900,-82.1,0.787,2.795
5612300,A2,3.470,-82.2,0.737,2.795
5612420,A3,0.730,-81.7,0.737,2.813
5612440,A1,2.920,-81.5,0.758,2.832
5612450,A2,3.430,-82.5,0.808,2.832
5612720,A3,0.740,-81.3,0.808,2.830
5612740,A1,2.930,-82.0,0.818,2.840
5612750,A2,3.420,-82.4,0.830,2.840
5612870,A3,0.760,-81.2,0.830,2.835
5612890,A1,2.930,-82.3,0.830,2.835
5612900,A2,3.410,-82.3,0.843,2.835
5613020,A3,0.740,-80.1,0.843,2.840
5613040,A1,2.900,-82.4,0.811,2.810
5613050,A2,3.450,-82.7,0.762,2.810
5613170,A3,0.750,-81.7,0.762,2.808
5613190,A1,2.920,-82.5,0.783,2.827
5613200,A2,3.430,-82.2,0.808,2.827
5613320,A3,0.740,-80.3,0.808,2.830
5613340,A1,2.930,-82.0,0.818,2.840
5613350,A2,3.450,-82.2,0.793,2.840
5613470,A3,0.730,-81.0,0.793,2.842
5613490,A1,2.910,-82.0,0.772,2.823
5613500,A2,3.450,-82.5,0.772,2.823
5613620,A3,0.760,-81.3,0.772,2.815
5613640,A1,2.920,-82.3,0.783,2.825
5613650,A2,3.430,-82.6,0.808,2.825
5613770,A3,0.730,-81.3,0.808,2.832
5613790,A1,2.930,-82.4,0.818,2.842
5613800,A2,3.480,-82.5,0.756,2.842
5613920,A3,0.780,-80.7,0.756,2.829
5613940,A1,2.920,-82.4,0.745,2.820
5613950,A2,3.440,-82.5,0.795,2.820
5614070,A3,0.740,-80.9,0.795,2.830
5614090,A1,2.920,-82.6,0.795,2.830
5614100,A2,3.420,-82.7,0.820,2.830
5614220,A3,0.750,-81.2,0.820,2.827
5614240,A1,2.920,-82.1,0.820,2.827
5614250,A2,3.440,-82.7,0.795,2.827
5614370,A3,0.760,-81.0,0.795,2.825
5614390,A1,2.920,-82.2,0.795,2.825
5614400,A2,3.420,-82.2,0.820,2.825
5614520,A3,0.720,-80.8,0.820,2.835
5614540,A1,2.940,-82.1,0.841,2.854
5614550,A2,3.440,-82.1,0.816,2.854
5614670,A3,0.750,-81.6,0.816,2.847
5614690,A1,2.910,-81.9,0.785,2.818
5614700,A2,3.460,-82.4,0.760,2.818
5614820,A3,0.760,-81.5,0.760,2.815
5614840,A1,2.930,-81.7,0.781,2.835
5614850,A2,3.430,-82.4,0.818,2.835
5614970,A3,0.740,-80.9,0.818,2.840
5614990,A1,2.930,-81.6,0.818,2.840
5615000,A2,3.450,-82.1,0.793,2.840
5615120,A3,0.740,-81.4,0.793,2.840
5615140,A1,2.920,-82.0,0.783,2.830
5615150,A2,3.420,-82.4,0.820,2.830
5615270,A3,0.760,-80.5,0.820,2.825
5615290,A1,2.920,-81.9,0.820,2.825
5615300,A2,3.440,-82.5,0.795,2.825
5615420,A3,0.780,-81.4,0.795,2.820
5615440,A1,2.940,-81.6,0.816,2.839
5615450,A2,3.430,-82.4,0.829,2.839
5615570,A3,0.750,-81.2,0.829,2.847
5615590,A1,2.930,-81.8,0.818,2.837
5615600,A2,3.440,-81.9,0.806,2.837
5615870,A3,0.760,-81.3,0.806,2.835
5615890,A1,2.930,-81.6,0.806,2.835
5615900,A2,3.430,-82.0,0.818,2.835
5616020,A3,0.780,-80.5,0.818,2.829
5616040,A1,2.920,-82.2,0.808,2.820
5616050,A2,3.450,-82.1,0.783,2.820
5616170,A3,0.750,-81.1,0.783,2.827
5616190,A1,2.930,-82.1,0.793,2.837
5616200,A2,3.420,-82.0,0.830,2.837
5616320,A3,0.770,-81.0,0.830,2.832
5616340,A1,2.930,-81.6,0.830,2.832
5616350,A2,3.450,-82.4,0.793,2.832
5616470,A3,0.760,-80.9,0.793,2.835
5616490,A1,2.920,-81.5,0.783,2.825
5616500,A2,3.420,-82.2,0.820,2.825
5616620,A3,0.770,-80.4,0.820,2.822
5616640,A1,2.920,-81.6,0.820,2.822
5616650,A2,3.410,-81.9,0.832,2.822
5616790,A1,2.940,-81.7,0.853,2.842
5616800,A2,3.440,-82.1,0.816,2.842
5616940,A1,2.920,-81.8,0.795,2.822
5616950,A2,3.440,-82.3,0.795,2.822
5617070,A3,0.750,-80.7,0.795,2.827
5617090,A1,2.910,-81.6,0.785,2.818
5617100,A2,3.430,-82.0,0.797,2.818
5617220,A3,0.760,-81.2,0.797,2.815
5617240,A1,2.920,-82.2,0.808,2.825
5617520,A3,0.780,-80.6,0.808,2.820
5617540,A1,2.950,-81.7,0.839,2.849
5617550,A2,3.460,-81.9,0.802,2.849
5617820,A3,0.800,-81.3,0.802,2.844
5617840,A1,2.910,-81.8,0.760,2.805
5617850,A2,3.430,-82.1,0.797,2.805
5617970,A3,0.740,-80.7,0.797,2.820
5617990,A1,2.930,-81.5,0.818,2.840
5618000,A2,3.430,-81.8,0.818,2.840
5618120,A3,0.780,-81.4,0.818,2.829
5618140,A1,2.920,-81.8,0.808,2.820
5618150,A2,3.430,-82.4,0.808,2.820
5618270,A3,0.760,-80.3,0.808,2.825
5618290,A1,2.940,-81.8,0.829,2.844
5618300,A2,3.430,-82.2,0.829,2.844
5618420,A3,0.770,-80.8,0.829,2.842
5618440,A1,2.920,-81.8,0.808,2.822
5618450,A2,3.440,-82.2,0.795,2.822
5618570,A3,0.740,-80.2,0.795,2.830
5618590,A1,2.910,-81.4,0.785,2.820
5618600,A2,3.410,-82.4,0.822,2.820
5618720,A3,0.760,-81.0,0.822,2.815
5618740,A1,2.950,-81.5,0.864,2.854
5618750,A2,3.390,-81.9,0.888,2.854
5619020,A3,0.790,-80.3,0.888,2.846
5619040,A1,2.930,-82.3,0.867,2.827
5619050,A2,3.440,-82.4,0.806,2.827
5619170,A3,0.740,-80.2,0.806,2.840
5619190,A1,2.910,-81.8,0.785,2.820
5619200,A2,3.440,-82.3,0.785,2.820
5619320,A3,0.760,-80.4,0.785,2.815
5619340,A1,2.920,-82.0,0.795,2.825
5619350,A2,3.420,-82.4,0.820,2.825
5619470,A3,0.730,-80.3,0.820,2.832
5619490,A1,2.930,-82.4,0.830,2.842
5619500,A2,3.450,-82.3,0.793,2.842
5619620,A3,0.760,-80.4,0.793,2.835
5619640,A1,2.930,-81.8,0.793,2.835
5619650,A2,3.420,-82.4,0.830,2.835
5619770,A3,0.790,-81.3,0.830,2.827
5619790,A1,2.930,-81.6,0.830,2.827
5619800,A2,3.430,-82.5,0.818,2.827
5619920,A3,0.730,-80.6,0.818,2.842
5619940,A1,2.930,-82.2,0.818,2.842
5619950,A2,3.430,-82.2,0.818,2.842
5620070,A3,0.780,-80.3,0.818,2.829
5620090,A1,2.920,-81.7,0.808,2.820
5620100,A2,3.420,-82.0,0.820,2.820
5620220,A3,0.770,-81.0,0.820,2.822
5620240,A1,2.920,-81.9,0.820,2.822
5620250,A2,3.420,-82.0,0.820,2.822
5620370,A3,0.760,-80.1,0.820,2.825
5620390,A1,2.920,-82.2,0.820,2.825
5620400,A2,3.440,-82.3,0.795,2.825
5620520,A3,0.790,-80.8,0.795,2.817
5620540,A1,2.940,-82.0,0.816,2.837
5620550,A2,3.440,-82.1,0.816,2.837
5620670,A3,0.770,-80.6,0.816,2.842
5620690,A1,2.950,-81.7,0.827,2.852
5620700,A2,3.440,-82.1,0.827,2.852
5620820,A3,0.760,-80.4,0.827,2.854
5620840,A1,2.900,-81.8,0.774,2.805
5620850,A2,3.430,-82.4,0.787,2.805
5620970,A3,0.770,-80.9,0.787,2.803
5620990,A1,2.930,-81.8,0.818,2.832
5621000,A2,3.420,-82.1,0.830,2.832
5621120,A3,0.740,-80.7,0.830,2.840
5621140,A1,2.930,-81.6,0.830,2.840
5621150,A2,3.440,-82.1,0.806,2.840
5621270,A3,0.760,-80.7,0.806,2.835
5621290,A1,2.930,-81.7,0.806,2.835
5621300,A2,3.440,-82.2,0.806,2.835
5621420,A3,0.790,-80.2,0.806,2.827
5621440,A1,2.930,-81.7,0.806,2.827
5621450,A2,3.420,-82.3,0.830,2.827
5621570,A3,0.730,-80.8,0.830,2.842
5621590,A1,2.920,-81.5,0.820,2.832
5621600,A2,3.410,-82.3,0.832,2.832
5621720,A3,0.760,-80.7,0.832,2.825
5621740,A1,2.950,-81.7,0.864,2.854
5621750,A2,3.440,-82.5,0.827,2.854
5621870,A3,0.770,-80.4,0.827,2.852
5621890,A1,2.940,-81.5,0.816,2.842
5621900,A2,3.430,-82.6,0.829,2.842
5622170,A3,0.740,-80.8,0.829,2.849
5622190,A1,2.930,-82.1,0.818,2.840
5622200,A2,3.440,-82.2,0.806,2.840
5622320,A3,0.790,-80.6,0.806,2.827
5622340,A1,2.920,-81.8,0.795,2.817
5622350,A2,3.440,-82.1,0.795,2.817
5622470,A3,0.740,-81.1,0.795,2.830
5622490,A1,2.920,-81.8,0.795,2.830
5622500,A2,3.430,-82.2,0.808,2.830
5622620,A3,0.750,-80.4,0.808,2.827
5622640,A1,2.930,-82.0,0.818,2.837
5622650,A2,3.420,-82.0,0.830,2.837
5622770,A3,0.780,-81.1,0.830,2.829
5622790,A1,2.930,-81.7,0.830,2.829
5622800,A2,3.410,-81.9,0.843,2.829
5622920,A3,0.780,-80.8,0.843,2.829
5622940,A1,2.970,-81.7,0.885,2.869
5622950,A2,3.430,-82.1,0.861,2.869
5623070,A3,0.750,-80.9,0.861,2.876
5623090,A1,2.920,-81.5,0.808,2.827
5623100,A2,3.430,-82.2,0.808,2.827
5623220,A3,0.760,-80.0,0.808,2.825
5623240,A1,2.940,-82.3,0.829,2.844
5623250,A2,3.420,-82.5,0.841,2.844
5623370,A3,0.760,-80.5,0.841,2.844
5623390,A1,2.920,-81.6,0.820,2.825
5623400,A2,3.420,-82.2,0.820,2.825
5623520,A3,0.770,-80.8,0.820,2.822
5623540,A1,2.920,-81.6,0.820,2.822
5623550,A2,3.430,-82.3,0.808,2.822
5623670,A3,0.750,-81.2,0.808,2.827
5623690,A1,2.920,-82.1,0.808,2.827
5623700,A2,3.440,-82.6,0.795,2.827
5623820,A3,0.760,-80.1,0.795,2.825
5623840,A1,2.920,-81.8,0.795,2.825
5623850,A2,3.420,-82.4,0.820,2.825
5623970,A3,0.790,-80.5,0.820,2.817
5623990,A1,2.930,-82.2,0.830,2.827
5624000,A2,3.430,-82.6,0.818,2.827
5624120,A3,0.790,-81.2,0.818,2.827
5624140,A1,2.920,-81.4,0.808,2.817
5624150,A2,3.450,-81.9,0.783,2.817
5624270,A3,0.730,-81.0,0.783,2.832
5624290,A1,2.930,-82.1,0.793,2.842
5624300,A2,3.440,-82.1,0.806,2.842
5624420,A3,0.760,-81.5,0.806,2.835
5624440,A1,2.940,-83.2,0.816,2.844
5624450,A2,3.430,-82.6,0.829,2.844
5624570,A3,0.760,-80.2,0.829,2.844
5624590,A1,2.920,-81.6,0.808,2.825
5624600,A2,3.430,-82.4,0.808,2.825
5624720,A3,0.780,-80.5,0.808,2.820
5624740,A1,2.930,-81.7,0.818,2.829
5624750,A2,3.440,-82.3,0.806,2.829
5624870,A3,0.760,-81.1,0.806,2.835
5624890,A1,2.940,-82.3,0.816,2.844
5624900,A2,3.430,-82.6,0.829,2.844
5625020,A3,0.760,-80.8,0.829,2.844
5625040,A1,2.930,-81.5,0.818,2.835
5625050,A2,3.440,-82.4,0.806,2.835
5625320,A3,0.800,-80.2,0.806,2.824
5625340,A1,2.920,-81.8,0.795,2.814
5625350,A2,3.450,-82.4,0.783,2.814
5625470,A3,0.810,-80.5,0.783,2.812
5625490,A1,2.930,-81.8,0.793,2.821
5625500,A2,3.420,-82.4,0.830,2.821
5625620,A3,0.740,-80.9,0.830,2.840
5625640,A1,2.940,-81.5,0.841,2.849
5625650,A2,3.430,-82.0,0.829,2.849
5625770,A3,0.770,-81.0,0.829,2.842
5625790,A1,2.920,-81.9,0.808,2.822
5625800,A2,3.430,-82.2,0.808,2.822
5625920,A3,0.770,-81.0,0.808,2.822
5625940,A1,2.920,-81.7,0.808,2.822
5625950,A2,3.430,-85.1,0.808,2.822
5626070,A3,0.780,-81.1,0.808,2.820
5626090,A1,2.930,-81.7,0.818,2.829
5626100,A2,3.450,-82.0,0.793,2.829
5626220,A3,0.780,-81.3,0.793,2.829
5626240,A1,2.910,-81.7,0.772,2.810
5626250,A2,3.420,-82.2,0.809,2.810
5626370,A3,0.740,-81.2,0.809,2.820
5626390,A1,2.940,-81.6,0.841,2.849
5626400,A2,3.420,-82.0,0.841,2.849
5626520,A3,0.740,-80.8,0.841,2.849
5626540,A1,2.930,-82.2,0.830,2.840
5626550,A2,3.450,-82.5,0.793,2.840
5626670,A3,0.770,-80.9,0.793,2.832
5626690,A1,2.950,-81.6,0.814,2.852
5626700,A2,3.420,-82.2,0.852,2.852
5626820,A3,0.780,-81.0,0.852,2.849
5626840,A1,2.930,-81.8,0.830,2.829
5626850,A2,3.420,-82.1,0.830,2.829
5626970,A3,0.770,-81.1,0.830,2.832
5626990,A1,2.930,-81.8,0.830,2.832
5627000,A2,3.440,-82.3,0.806,2.832
5627120,A3,0.770,-81.0,0.806,2.832
5627140,A1,2.910,-81.8,0.785,2.813
5627150,A2,3.440,-82.2,0.785,2.813
5627270,A3,0.730,-81.3,0.785,2.823
5627300,A2,3.440,-82.5,0.785,2.823
5627450,A2,3.430,-82.5,0.797,2.823
5627570,A3,0.760,-80.7,0.797,2.815
5627590,A1,2.930,-82.2,0.818,2.835
5627600,A2,3.440,-82.4,0.806,2.835
5627720,A3,0.750,-80.8,0.806,2.837
5627740,A1,2.930,-81.6,0.806,2.837
5627750,A2,3.430,-82.3,0.818,2.837
5627870,A3,0.760,-80.7,0.818,2.835
5627890,A1,2.940,-81.8,0.829,2.844
5627900,A2,3.440,-82.0,0.816,2.844
5628020,A3,0.780,-81.0,0.816,2.839
5628040,A1,2.940,-81.5,0.816,2.839
5628050,A2,3.420,-82.3,0.841,2.839
5628170,A3,0.760,-80.7,0.841,2.844
5628190,A1,2.940,-82.1,0.841,2.844
5628200,A2,3.420,-82.2,0.841,2.844
5628470,A3,0.760,-80.3,0.841,2.844
5628490,A1,2.910,-81.8,0.809,2.815
5628500,A2,3.420,-82.1,0.809,2.815
5628620,A3,0.790,-80.4,0.809,2.807
5628640,A1,2.930,-81.6,0.830,2.827
5628650,A2,3.430,-82.4,0.818,2.827
5628770,A3,0.770,-81.0,0.818,2.832
5628790,A1,2.920,-81.8,0.808,2.822
5628800,A2,3.430,-82.0,0.808,2.822
5628940,A1,2.920,-81.9,0.808,2.822
5628950,A2,3.440,-82.1,0.795,2.822
5629090,A1,2.950,-81.8,0.827,2.852
5629100,A2,3.430,-82.4,0.839,2.852
5629220,A3,0.760,-80.9,0.839,2.854
5629240,A1,2.940,-81.7,0.829,2.844
5629250,A2,3.420,-82.2,0.841,2.844
5629370,A3,0.780,-80.1,0.841,2.839
5629390,A1,2.940,-81.5,0.841,2.839
5629400,A2,3.460,-82.0,0.791,2.839
5629520,A3,0.770,-80.6,0.791,2.842
5629540,A1,2.910,-81.5,0.760,2.813
5629550,A2,3.420,-82.0,0.809,2.813
5629670,A3,0.790,-80.9,0.809,2.807
5629690,A1,2.930,-81.7,0.830,2.827
5629700,A2,3.450,-82.1,0.793,2.827
5629820,A3,0.760,-80.9,0.793,2.835
5629840,A1,2.920,-81.6,0.783,2.825
5629850,A2,3.430,-82.4,0.808,2.825
5629970,A3,0.760,-80.5,0.808,2.825
5629990,A1,2.930,-81.8,0.818,2.835
5630000,A2,3.450,-82.2,0.793,2.835
5630120,A3,0.740,-80.6,0.793,2.840
5630140,A1,2.920,-81.7,0.783,2.830
5630150,A2,3.440,-82.2,0.795,2.830
5630270,A3,0.750,-80.6,0.795,2.827
5630290,A1,2.930,-82.1,0.806,2.837
5630300,A2,3.430,-82.4,0.818,2.837
5630420,A3,0.760,-80.8,0.818,2.835
5630440,A1,2.920,-81.8,0.808,2.825
5630450,A2,3.440,-82.3,0.795,2.825
5630570,A3,0.750,-79.9,0.795,2.827
5630590,A1,2.920,-81.7,0.795,2.827
5630600,A2,3.440,-82.3,0.795,2.827
5630720,A3,0.770,-80.9,0.795,2.822
5630740,A1,2.930,-81.4,0.806,2.832
5630750,A2,3.440,-82.4,0.806,2.832
5630870,A3,0.780,-80.6,0.806,2.829
5630890,A1,2.940,-81.7,0.816,2.839
5630900,A2,3.440,-82.3,0.816,2.839
5631020,A3,0.790,-80.2,0.816,2.837
5631040,A1,2.900,-82.0,0.774,2.798
5631050,A2,3.420,-81.9,0.799,2.798
5631170,A3,0.800,-80.2,0.799,2.795
5631190,A1,2.950,-82.2,0.852,2.844
5631200,A2,3.450,-82.0,0.814,2.844
5631320,A3,0.760,-80.4,0.814,2.854
5631340,A1,2.930,-81.8,0.793,2.835
5631350,A2,3.460,-82.2,0.781,2.835
5631620,A3,0.780,-81.2,0.781,2.829
5631640,A1,2.940,-81.8,0.791,2.839
5631650,A2,3.440,-82.3,0.816,2.839
5631770,A3,0.750,-81.2,0.816,2.847
5631790,A1,2.930,-82.3,0.806,2.837
5631800,A2,3.460,-82.3,0.781,2.837
5631920,A3,0.740,-81.0,0.781,2.840
5631940,A1,2.910,-81.6,0.760,2.820
5631950,A2,3.420,-82.2,0.809,2.820
5632070,A3,0.750,-80.7,0.809,2.818
5632090,A1,2.920,-81.4,0.820,2.827
5632100,A2,3.460,-82.4,0.770,2.827
5632220,A3,0.730,-81.0,0.770,2.832
5632240,A1,2.920,-82.0,0.770,2.832
5632250,A2,3.440,-82.4,0.795,2.832
5632370,A3,0.780,-80.2,0.795,2.820
5632390,A1,2.940,-82.3,0.816,2.839
5632400,A2,3.440,-82.2,0.816,2.839
5632520,A3,0.770,-80.9,0.816,2.842
5632540,A1,2.920,-81.4,0.795,2.822
5632550,A2,3.410,-81.9,0.832,2.822
5632670,A3,0.750,-80.9,0.832,2.827
5632690,A1,2.920,-81.8,0.832,2.827
5632700,A2,3.430,-82.1,0.808,2.827
5632820,A3,0.770,-80.1,0.808,2.822
5632840,A1,2.930,-81.9,0.818,2.832
5632850,A2,3.440,-82.4,0.806,2.832
5632970,A3,0.760,-80.6,0.806,2.835
5632990,A1,2.930,-82.3,0.806,2.835
5633000,A2,3.430,-82.3,0.818,2.835
5633120,A3,0.760,-80.3,0.818,2.835
5633140,A1,2.930,-82.0,0.818,2.835
5633150,A2,3.440,-81.9,0.806,2.835
5633270,A3,0.780,-80.7,0.806,2.829
5633290,A1,2.910,-81.5,0.785,2.810
5633300,A2,3.450,-82.2,0.772,2.810
5633420,A3,0.760,-81.2,0.772,2.815
5633440,A1,2.900,-82.3,0.762,2.805
5633450,A2,3.440,-81.9,0.774,2.805
5633570,A3,0.760,-80.3,0.774,2.805
5633590,A1,2.950,-82.4,0.827,2.854
5633600,A2,3.420,-82.2,0.852,2.854
5633720,A3,0.770,-81.1,0.852,2.852
5633740,A1,2.910,-81.6,0.809,2.813
5633750,A2,3.440,-82.3,0.785,2.813
5633870,A3,0.780,-81.1,0.785,2.810
5633890,A1,2.910,-81.7,0.785,2.810
5633900,A2,3.440,-82.0,0.785,2.810
5634020,A3,0.790,-81.2,0.785,2.807
5634040,A1,2.920,-82.0,0.795,2.817
5634050,A2,3.420,-82.0,0.820,2.817
5634170,A3,0.760,-80.5,0.820,2.825
5634190,A1,2.900,-81.8,0.799,2.805
5634200,A2,3.430,-82.3,0.787,2.805
5634320,A3,0.770,-81.3,0.787,2.803
5634340,A1,2.920,-81.8,0.808,2.822
5634350,A2,3.440,-82.2,0.795,2.822
5634470,A3,0.780,-80.5,0.795,2.820
5634490,A1,2.930,-81.4,0.806,2.829
5634500,A2,3.430,-82.0,0.818,2.829
5634770,A3,0.750,-80.5,0.818,2.837
5634790,A1,2.940,-81.5,0.829,2.847
5634800,A2,3.440,-81.9,0.816,2.847
5634920,A3,0.760,-81.3,0.816,2.844
5634940,A1,2.930,-81.9,0.806,2.835
5634950,A2,3.450,-82.3,0.793,2.835
5635070,A3,0.730,-82.4,0.793,2.842
5635090,A1,2.920,-82.5,0.783,2.832
5635100,A2,3.430,-82.6,0.808,2.832
5635220,A3,0.760,-80.4,0.808,2.825
5635240,A1,2.920,-81.7,0.808,2.825
5635250,A2,3.450,-82.2,0.783,2.825
5635370,A3,0.740,-81.1,0.783,2.830
5635390,A1,2.930,-81.9,0.793,2.840
5635400,A2,3.440,-81.8,0.806,2.840
5635520,A3,0.760,-80.9,0.806,2.835
5635540,A1,2.930,-81.7,0.806,2.835
5635550,A2,3.430,-82.2,0.818,2.835
5635670,A3,0.750,-80.1,0.818,2.837
5635690,A1,2.930,-82.0,0.818,2.837
5635700,A2,3.440,-81.9,0.806,2.837
5635820,A3,0.760,-81.1,0.806,2.835
5635840,A1,2.910,-82.3,0.785,2.815
5635850,A2,3.440,-81.9,0.785,2.815
5635970,A3,0.760,-80.9,0.785,2.815
5635990,A1,2.920,-81.8,0.795,2.825
5636000,A2,3.440,-81.9,0.795,2.825
5636120,A3,0.760,-79.9,0.795,2.825
5636140,A1,2.920,-81.6,0.795,2.825
5636150,A2,3.450,-82.2,0.783,2.825
5636270,A3,0.750,-81.1,0.783,2.827
5636290,A1,2.940,-81.7,0.804,2.847
5636300,A2,3.450,-81.7,0.804,2.847
5636420,A3,0.770,-80.4,0.804,2.842
5636440,A1,2.920,-81.8,0.783,2.822
5636450,A2,3.430,-82.2,0.808,2.822
5636570,A3,0.760,-81.1,0.808,2.825
5636590,A1,2.920,-82.1,0.808,2.825
5636600,A2,3.450,-81.7,0.783,2.825
5636720,A3,0.760,-80.4,0.783,2.825
5636740,A1,2.930,-81.4,0.793,2.835
5636750,A2,3.450,-82.2,0.793,2.835
5636870,A3,0.750,-81.1,0.793,2.837
5636890,A1,2.930,-82.3,0.793,2.837
5636900,A2,3.450,-82.0,0.793,2.837
5637020,A3,0.760,-80.7,0.793,2.835
5637040,A1,2.910,-81.7,0.772,2.815
5637050,A2,3.450,-81.9,0.772,2.815
5637170,A3,0.740,-80.1,0.772,2.820
5637190,A1,2.910,-81.5,0.772,2.820
5637200,A2,3.450,-81.8,0.772,2.820
5637320,A3,0.770,-80.2,0.772,2.813
5637340,A1,2.920,-81.8,0.783,2.822
5637350,A2,3.430,-82.2,0.808,2.822
5637470,A3,0.750,-81.1,0.808,2.827
5637490,A1,2.930,-81.8,0.818,2.837
5637500,A2,3.420,-81.9,0.830,2.837
5637620,A3,0.760,-81.1,0.830,2.835
5637640,A1,2.930,-81.7,0.830,2.835
5637650,A2,3.450,-82.0,0.793,2.835
5637920,A3,0.760,-80.6,0.793,2.835
5637940,A1,2.930,-82.0,0.793,2.835
5637950,A2,3.450,-82.2,0.793,2.835
5638070,A3,0.770,-80.4,0.793,2.832
5638090,A1,2.920,-81.5,0.783,2.822
5638100,A2,3.430,-82.2,0.808,2.822
5638220,A3,0.740,-81.1,0.808,2.830
5638240,A1,2.920,-82.1,0.808,2.830
5638250,A2,3.430,-81.7,0.808,2.830
5638370,A3,0.750,-81.0,0.808,2.827
5638390,A1,2.930,-81.8,0.818,2.837
5638400,A2,3.450,-82.3,0.793,2.837
5638520,A3,0.740,-80.6,0.793,2.840
5638540,A1,2.930,-81.5,0.793,2.840
5638550,A2,3.440,-82.1,0.806,2.840
5638670,A3,0.750,-80.5,0.806,2.837
5638690,A1,2.910,-82.0,0.785,2.818
5638700,A2,3.460,-82.1,0.760,2.818
5638820,A3,0.760,-80.9,0.760,2.815
5638840,A1,2.940,-81.7,0.791,2.844
5638850,A2,3.420,-81.8,0.841,2.844
5638970,A3,0.750,-80.9,0.841,2.847
5638990,A1,2.920,-82.0,0.820,2.827
5639000,A2,3.450,-82.1,0.783,2.827
5639120,A3,0.750,-80.9,0.783,2.827
5639140,A1,2.930,-81.5,0.793,2.837
5639150,A2,3.450,-82.2,0.793,2.837
5639270,A3,0.770,-81.0,0.793,2.832
5639290,A1,2.940,-81.5,0.804,2.842
5639300,A2,3.460,-81.7,0.791,2.842
5639420,A3,0.730,-81.1,0.791,2.852
5639440,A1,2.920,-81.6,0.770,2.832
5639450,A2,3.450,-82.1,0.783,2.832
5639570,A3,0.750,-80.4,0.783,2.827
5639590,A1,2.930,-81.8,0.793,2.837
5639600,A2,3.460,-82.0,0.781,2.837
5639720,A3,0.760,-81.2,0.781,2.835
5639740,A1,2.930,-81.7,0.781,2.835
5639750,A2,3.450,-82.2,0.793,2.835
5639870,A3,0.750,-80.7,0.793,2.837
5639890,A1,2.930,-81.4,0.793,2.837
5639900,A2,3.440,-82.0,0.806,2.837
5640020,A3,0.780,-80.4,0.806,2.829
5640040,A1,2.910,-81.4,0.785,2.810
5640050,A2,3.440,-82.2,0.785,2.810
5640170,A3,0.760,-80.4,0.785,2.815
5640190,A1,2.930,-82.2,0.806,2.835
5640200,A2,3.450,-82.1,0.793,2.835
5640320,A3,0.770,-80.7,0.793,2.832
5640340,A1,2.930,-81.5,0.793,2.832
5640350,A2,3.430,-82.3,0.818,2.832
5640470,A3,0.770,-80.5,0.818,2.832
5640490,A1,2.940,-81.8,0.829,2.842
5640500,A2,3.450,-82.0,0.804,2.842
5640620,A3,0.760,-80.4,0.804,2.844
5640640,A1,2.930,-82.3,0.793,2.835
5640650,A2,3.450,-82.3,0.793,2.835
5640770,A3,0.770,-80.6,0.793,2.832
5640790,A1,2.930,-81.8,0.793,2.832
5640800,A2,3.430,-81.9,0.818,2.832
5641070,A3,0.760,-81.1,0.818,2.835
5641090,A1,2.930,-81.7,0.818,2.835
5641100,A2,3.430,-82.0,0.818,2.835
5641220,A3,0.770,-80.6,0.818,2.832
5641240,A1,2.920,-81.9,0.808,2.822
5641250,A2,3.430,-82.6,0.808,2.822
5641370,A3,0.760,-81.1,0.808,2.825
5641390,A1,2.930,-81.8,0.818,2.835
5641400,A2,3.440,-82.1,0.806,2.835
5641520,A3,0.750,-80.3,0.806,2.837
5641540,A1,2.920,-81.6,0.795,2.827
5641550,A2,3.440,-82.0,0.795,2.827
5641670,A3,0.750,-80.6,0.795,2.827
5641690,A1,2.930,-82.1,0.806,2.837
5641700,A2,3.430,-82.6,0.818,2.837
5641820,A3,0.730,-81.2,0.818,2.842
5641840,A1,2.950,-81.9,0.839,2.862
5641850,A2,3.430,-82.3,0.839,2.862
5641970,A3,0.760,-80.9,0.839,2.854
5641990,A1,2.950,-82.0,0.839,2.854
5642000,A2,3.430,-82.1,0.839,2.854
5642120,A3,0.780,-80.9,0.839,2.849
5642140,A1,2.960,-81.6,0.850,2.859
5642150,A2,3.430,-82.1,0.850,2.859
5642270,A3,0.740,-81.3,0.850,2.869
5642290,A1,2.930,-81.4,0.818,2.840
5642300,A2,3.450,-82.8,0.793,2.840
5642420,A3,0.760,-81.6,0.793,2.835
5642440,A1,2.900,-81.8,0.762,2.805
5642450,A2,3.430,-82.4,0.787,2.805
5642570,A3,0.730,-80.8,0.787,2.813
5642590,A1,2.910,-81.9,0.797,2.823
5642600,A2,3.420,-82.3,0.809,2.823
5642720,A3,0.750,-81.3,0.809,2.818
5642740,A1,2.910,-81.9,0.809,2.818
5642750,A2,3.440,-82.5,0.785,2.818
5642870,A3,0.750,-81.5,0.785,2.818
5642890,A1,2.910,-81.5,0.785,2.818
5642900,A2,3.430,-82.6,0.797,2.818
5643020,A3,0.760,-80.5,0.797,2.815
5643040,A1,2.920,-82.5,0.808,2.825
5643050,A2,3.420,-82.4,0.820,2.825
5643170,A3,0.760,-80.7,0.820,2.825
5643190,A1,2.890,-82.0,0.789,2.796
5643200,A2,3.460,-82.0,0.739,2.796
5643320,A3,0.760,-81.4,0.739,2.796
5643340,A1,2.900,-82.3,0.749,2.805
5643350,A2,3.440,-82.2,0.774,2.805
5643470,A3,0.750,-80.6,0.774,2.808
5643490,A1,2.890,-82.6,0.764,2.798
5643500,A2,3.420,-82.2,0.789,2.798
5643620,A3,0.760,-80.1,0.789,2.796
5643640,A1,2.920,-81.9,0.820,2.825
5643650,A2,3.430,-82.4,0.808,2.825
5643770,A3,0.760,-80.6,0.808,2.825
5643790,A1,2.890,-82.1,0.776,2.796
5643800,A2,3.440,-82.1,0.764,2.796
5643920,A3,0.760,-80.9,0.764,2.796
5643940,A1,2.890,-82.7,0.764,2.796
5643950,A2,3.450,-82.2,0.751,2.796
5644220,A3,0.810,-79.9,0.751,2.783
5644240,A1,2.910,-81.7,0.772,2.802
5644250,A2,3.450,-82.1,0.772,2.802
5644370,A3,0.770,-81.1,0.772,2.813
5644390,A1,2.920,-82.2,0.783,2.822
5644400,A2,3.450,-82.2,0.783,2.822
5644520,A3,0.740,-81.3,0.783,2.830
5644540,A1,2.910,-82.1,0.772,2.820
5644550,A2,3.440,-82.2,0.785,2.820
5644670,A3,0.730,-81.2,0.785,2.823
5644690,A1,2.910,-81.6,0.785,2.823
5644700,A2,3.420,-82.3,0.809,2.823
5644820,A3,0.760,-81.0,0.809,2.815
5644840,A1,2.920,-82.1,0.820,2.825
5644850,A2,3.450,-82.0,0.783,2.825
5644970,A3,0.740,-81.0,0.783,2.830
5644990,A1,2.910,-82.7,0.772,2.820
5645000,A2,3.420,-82.4,0.809,2.820
5645120,A3,0.760,-80.4,0.809,2.815
5645140,A1,2.890,-82.6,0.789,2.796
5645150,A2,3.420,-82.2,0.789,2.796
5645270,A3,0.770,-80.6,0.789,2.793
5645290,A1,2.890,-82.4,0.789,2.793
5645300,A2,3.430,-82.1,0.776,2.793
5645420,A3,0.770,-80.6,0.776,2.793
5645440,A1,2.900,-83.1,0.787,2.803
5645450,A2,3.450,-82.1,0.762,2.803
5645570,A3,0.770,-80.0,0.762,2.803
5645590,A1,2.880,-82.4,0.741,2.784
5645600,A2,3.430,-82.3,0.766,2.784
5645720,A3,0.750,-80.9,0.766,2.789
5645740,A1,2.900,-82.7,0.787,2.808
5645750,A2,3.450,-82.2,0.762,2.808
5645870,A3,0.760,-80.4,0.762,2.805
5645900,A2,3.430,-82.1,0.787,2.805
5646050,A2,3.460,-82.0,0.749,2.805
5646170,A3,0.750,-81.3,0.749,2.808
5646190,A1,2.910,-82.6,0.760,2.818
5646200,A2,3.440,-82.2,0.785,2.818
5646320,A3,0.780,-81.5,0.785,2.810
5646340,A1,2.890,-82.5,0.764,2.791
5646350,A2,3.430,-82.2,0.776,2.791
5646470,A3,0.780,-81.0,0.776,2.791
5646490,A1,2.920,-83.2,0.808,2.820
5646500,A2,3.420,-82.0,0.820,2.820
5646620,A3,0.760,-81.1,0.820,2.825
5646640,A1,2.890,-82.8,0.789,2.796
5646650,A2,3.410,-82.2,0.801,2.796
5646770,A3,0.750,-80.6,0.801,2.798
5646790,A1,2.880,-83.1,0.790,2.789
5646800,A2,3.430,-82.2,0.766,2.789
5646920,A3,0.730,-81.2,0.766,2.794
5646940,A1,2.910,-82.9,0.797,2.823
5646950,A2,3.420,-82.2,0.809,2.823
5647070,A3,0.750,-81.2,0.809,2.818
5647090,A1,2.890,-82.8,0.789,2.798
5647100,A2,3.430,-82.1,0.776,2.798
5647370,A3,0.750,-80.4,0.776,2.798
5647390,A1,2.900,-82.4,0.787,2.808
5647400,A2,3.440,-81.9,0.774,2.808
5647520,A3,0.780,-80.4,0.774,2.800
5647540,A1,2.910,-82.5,0.785,2.810
5647550,A2,3.440,-82.2,0.785,2.810
5647670,A3,0.760,-80.1,0.785,2.815
5647690,A1,2.890,-82.5,0.764,2.796
5647700,A2,3.440,-82.1,0.764,2.796
5647820,A3,0.760,-80.8,0.764,2.796
5647840,A1,2.890,-82.3,0.764,2.796
5647850,A2,3.430,-82.1,0.776,2.796
5647970,A3,0.790,-80.2,0.776,2.788
5647990,A1,2.890,-82.3,0.776,2.788
5648000,A2,3.470,-82.3,0.727,2.788
5648120,A3,0.740,-80.4,0.727,2.801
5648140,A1,2.900,-83.1,0.737,2.810
5648150,A2,3.430,-82.1,0.787,2.810
5648270,A3,0.760,-80.4,0.787,2.805
5648290,A1,2.900,-82.4,0.787,2.805
5648300,A2,3.460,-82.2,0.749,2.805
5648420,A3,0.760,-81.4,0.749,2.805
5648440,A1,2.910,-83.1,0.760,2.815
5648450,A2,3.420,-82.1,0.809,2.815
5648570,A3,0.790,-80.4,0.809,2.807
5648590,A1,2.890,-82.3,0.789,2.788
5648600,A2,3.430,-82.4,0.776,2.788
5648720,A3,0.770,-81.0,0.776,2.793
5648740,A1,2.890,-82.9,0.776,2.793
5648750,A2,3.440,-82.0,0.764,2.793
5648870,A3,0.750,-80.6,0.764,2.798
5648890,A1,2.890,-82.8,0.764,2.798
5648900,A2,3.420,-82.5,0.789,2.798
5649020,A3,0.780,-80.5,0.789,2.791
5649040,A1,2.910,-82.7,0.809,2.810
5649050,A2,3.440,-82.2,0.785,2.810
5649170,A3,0.720,-80.4,0.785,2.825
5649190,A1,2.890,-82.4,0.764,2.806
5649200,A2,3.440,-82.2,0.764,2.806
5649320,A3,0.770,-81.5,0.764,2.793
5649340,A1,2.910,-82.4,0.785,2.813
5649350,A2,3.420,-82.1,0.809,2.813
5649470,A3,0.760,-80.5,0.809,2.815
5649490,A1,2.880,-82.3,0.778,2.786
5649500,A2,3.440,-82.1,0.753,2.786
5649620,A3,0.770,-80.9,0.753,2.784
5649640,A1,2.900,-82.8,0.774,2.803
5649650,A2,3.430,-82.1,0.787,2.803
5649770,A3,0.760,-80.6,0.787,2.805
5649790,A1,2.900,-82.4,0.787,2.805
5649800,A2,3.430,-82.1,0.787,2.805
5650070,A3,0.750,-81.3,0.787,2.808
5650090,A1,2.910,-82.4,0.797,2.818
5650100,A2,3.420,-82.3,0.809,2.818
5650220,A3,0.780,-81.5,0.809,2.810
5650240,A1,2.920,-83.1,0.820,2.820
5650250,A2,3.450,-82.2,0.783,2.820
5650520,A3,0.760,-81.4,0.783,2.825
5650540,A1,2.890,-82.7,0.751,2.796
5650550,A2,3.430,-82.3,0.776,2.796
5650670,A3,0.770,-80.1,0.776,2.793
5650690,A1,2.890,-82.2,0.776,2.793
5650700,A2,3.420,-82.0,0.789,2.793
5650820,A3,0.760,-81.0,0.789,2.796
5650840,A1,2.890,-82.4,0.789,2.796
5650850,A2,3.420,-82.4,0.789,2.796
5650970,A3,0.760,-80.8,0.789,2.796
5650990,A1,2.890,-82.2,0.789,2.796
5651000,A2,3.440,-81.9,0.764,2.796
5651120,A3,0.770,-80.6,0.764,2.793
5651140,A1,2.910,-82.7,0.785,2.813
5651150,A2,3.430,-82.4,0.797,2.813
5651270,A3,0.760,-81.2,0.797,2.815
5651290,A1,2.900,-81.7,0.787,2.805
5651300,A2,3.440,-82.2,0.774,2.805
5651420,A3,0.760,-80.9,0.774,2.805
5651440,A1,2.920,-81.4,0.795,2.825
5651450,A2,3.430,-82.1,0.808,2.825
5651570,A3,0.760,-81.5,0.808,2.825
5651590,A1,2.930,-81.4,0.818,2.835
5651600,A2,3.430,-82.0,0.818,2.835
5651720,A3,0.750,-81.1,0.818,2.837
5651750,A2,3.430,-82.0,0.818,2.837
5651900,A2,3.450,-82.1,0.793,2.837
5652020,A3,0.790,-80.5,0.793,2.827
5652040,A1,2.930,-81.5,0.793,2.827
5652050,A2,3.430,-82.0,0.818,2.827
5652170,A3,0.730,-80.5,0.818,2.842
5652190,A1,2.940,-81.4,0.829,2.852
5652200,A2,3.450,-82.2,0.804,2.852
5652320,A3,0.760,-81.3,0.804,2.844
5652340,A1,2.910,-81.9,0.772,2.815
5652350,A2,3.440,-82.0,0.785,2.815
5652470,A3,0.760,-81.1,0.785,2.815
5652490,A1,2.950,-81.7,0.827,2.854
5652500,A2,3.440,-82.2,0.827,2.854
5652620,A3,0.760,-80.7,0.827,2.854
5652640,A1,2.950,-81.4,0.827,2.854
5652650,A2,3.440,-82.0,0.827,2.854
5652770,A3,0.770,-81.0,0.827,2.852
5652790,A1,2.930,-82.3,0.806,2.832
5652800,A2,3.440,-82.1,0.806,2.832
5652920,A3,0.730,-81.4,0.806,2.842
5652940,A1,2.920,-81.4,0.795,2.832
5652950,A2,3.450,-82.3,0.783,2.832
5653070,A3,0.730,-80.8,0.783,2.832
5653090,A1,2.930,-81.7,0.793,2.842
5653100,A2,3.420,-82.2,0.830,2.842
5653220,A3,0.720,-81.0,0.830,2.844
5653240,A1,2.920,-81.9,0.820,2.835
5653250,A2,3.430,-82.1,0.808,2.835
5653370,A3,0.770,-81.0,0.808,2.822
5653390,A1,2.920,-81.6,0.808,2.822
5653400,A2,3.440,-82.0,0.795,2.822
5653670,A3,0.760,-80.7,0.795,2.825
5653690,A1,2.910,-81.5,0.785,2.815
5653700,A2,3.450,-82.2,0.772,2.815
5653820,A3,0.740,-81.1,0.772,2.820
5653840,A1,2.910,-81.5,0.772,2.820
5653850,A2,3.440,-82.1,0.785,2.820
5653970,A3,0.750,-81.3,0.785,2.818
5653990,A1,2.930,-81.5,0.806,2.837
5654000,A2,3.450,-82.3,0.793,2.837
5654120,A3,0.720,-81.3,0.793,2.844
5654140,A1,2.930,-82.2,0.793,2.844
5654150,A2,3.420,-82.2,0.830,2.844
5654270,A3,0.740,-80.8,0.830,2.840
5654290,A1,2.930,-81.7,0.830,2.840
5654300,A2,3.430,-82.2,0.818,2.840
5654420,A3,0.760,-81.5,0.818,2.835
5654440,A1,2.920,-81.5,0.808,2.825
5654450,A2,3.430,-82.3,0.808,2.825
5654570,A3,0.770,-80.7,0.808,2.822
5654590,A1,2.920,-81.5,0.808,2.822
5654600,A2,3.470,-82.2,0.758,2.822
5654720,A3,0.780,-81.4,0.758,2.820
5654740,A1,2.920,-81.6,0.758,2.820
5654750,A2,3.440,-82.1,0.795,2.820
5654870,A3,0.760,-80.8,0.795,2.825
5654890,A1,2.920,-82.0,0.795,2.825
5654900,A2,3.430,-82.2,0.808,2.825
5655020,A3,0.770,-80.9,0.808,2.822
5655040,A1,2.920,-82.3,0.808,2.822
5655050,A2,3.470,-82.3,0.758,2.822
5655170,A3,0.760,-81.3,0.758,2.825
5655190,A1,2.910,-82.1,0.747,2.815
5655200,A2,3.440,-82.1,0.785,2.815
5655320,A3,0.730,-81.3,0.785,2.823
5655340,A1,2.920,-81.5,0.795,2.832
5655350,A2,3.440,-82.1,0.795,2.832
5655470,A3,0.760,-81.5,0.795,2.825
5655490,A1,2.910,-81.9,0.785,2.815
5655500,A2,3.430,-82.0,0.797,2.815
5655620,A3,0.780,-81.4,0.797,2.810
5655640,A1,2.930,-81.7,0.818,2.829
5655650,A2,3.440,-82.3,0.806,2.829
5655770,A3,0.760,-81.4,0.806,2.835
5655790,A1,2.930,-81.6,0.806,2.835
5655800,A2,3.460,-82.2,0.781,2.835
5655920,A3,0.750,-80.9,0.781,2.837
5655940,A1,2.940,-81.6,0.791,2.847
5655950,A2,3.440,-82.3,0.816,2.847
5656070,A3,0.740,-81.3,0.816,2.849
5656090,A1,2.910,-81.7,0.785,2.820
5656100,A2,3.450,-82.2,0.772,2.820
5656220,A3,0.750,-81.2,0.772,2.818
5656240,A1,2.930,-81.4,0.793,2.837
5656250,A2,3.430,-82.0,0.818,2.837
5656370,A3,0.740,-81.3,0.818,2.840
5656390,A1,2.910,-81.5,0.797,2.820
5656400,A2,3.430,-82.2,0.797,2.820
5656520,A3,0.760,-81.0,0.797,2.815
5656550,A2,3.440,-82.1,0.785,2.815
5656820,A3,0.760,-81.0,0.785,2.815
5656840,A1,2.900,-82.2,0.774,2.805
5656850,A2,3.430,-82.2,0.787,2.805
5656970,A3,0.770,-80.3,0.787,2.803
5656990,A1,2.920,-81.6,0.808,2.822
5657000,A2,3.440,-82.3,0.795,2.822
5657120,A3,0.760,-80.4,0.795,2.825
5657140,A1,2.920,-82.3,0.795,2.825
5657150,A2,3.420,-82.0,0.820,2.825
5657270,A3,0.750,-80.9,0.820,2.827
5657290,A1,2.940,-82.0,0.841,2.847
5657300,A2,3.430,-82.1,0.829,2.847
5657420,A3,0.760,-80.8,0.829,2.844
5657440,A1,2.920,-81.9,0.808,2.825
5657450,A2,3.420,-82.1,0.820,2.825
5657570,A3,0.760,-81.0,0.820,2.825
5657590,A1,2.900,-82.4,0.799,2.805
5657600,A2,3.450,-82.2,0.762,2.805
5657720,A3,0.780,-80.2,0.762,2.800
5657740,A1,2.910,-82.0,0.772,2.810
5657750,A2,3.460,-82.1,0.760,2.810
5657870,A3,0.760,-80.7,0.760,2.815
5657890,A1,2.910,-82.1,0.760,2.815
5657900,A2,3.450,-82.1,0.772,2.815
5658020,A3,0.750,-80.5,0.772,2.818
5658040,A1,2.910,-82.3,0.772,2.818
5658050,A2,3.430,-82.1,0.797,2.818
5658170,A3,0.740,-80.9,0.797,2.820
5658190,A1,2.910,-82.2,0.797,2.820
5658200,A2,3.430,-82.0,0.797,2.820
5658320,A3,0.740,-80.9,0.797,2.820
5658340,A1,2.910,-82.2,0.797,2.820
5658350,A2,3.430,-82.2,0.797,2.820
5658470,A3,0.770,-80.3,0.797,2.813
5658490,A1,2.900,-82.5,0.787,2.803
5658500,A2,3.420,-82.3,0.799,2.803
5658620,A3,0.760,-80.6,0.799,2.805
5658640,A1,2.910,-82.3,0.809,2.815
5658650,A2,3.420,-82.1,0.809,2.815
5658770,A3,0.780,-80.6,0.809,2.810
5658790,A1,2.900,-81.9,0.799,2.800
5658800,A2,3.460,-82.1,0.749,2.800
5658920,A3,0.770,-80.3,0.749,2.803
5658940,A1,2.900,-82.1,0.749,2.803
5658950,A2,3.430,-82.3,0.787,2.803
5659070,A3,0.710,-80.8,0.787,2.818
5659090,A1,2.910,-82.1,0.797,2.827
5659100,A2,3.430,-82.0,0.797,2.827
5659220,A3,0.760,-81.0,0.797,2.815
5659240,A1,2.940,-81.8,0.829,2.844
5659250,A2,3.450,-82.0,0.804,2.844
5659370,A3,0.780,-80.6,0.804,2.839
5659390,A1,2.900,-82.1,0.762,2.800
5659400,A2,3.450,-82.2,0.762,2.800
5659520,A3,0.770,-80.6,0.762,2.803
5659540,A1,2.910,-82.5,0.772,2.813
5659550,A2,3.430,-82.3,0.797,2.813
5659670,A3,0.770,-80.2,0.797,2.813
5659690,A1,2.910,-82.6,0.797,2.813
5659700,A2,3.420,-82.0,0.809,2.813
5659970,A3,0.760,-80.7,0.809,2.815
5659990,A1,2.900,-81.9,0.799,2.805
5660000,A2,3.450,-82.1,0.762,2.805
5660120,A3,0.770,-80.3,0.762,2.803
5660140,A1,2.920,-81.9,0.783,2.822
5660150,A2,3.440,-82.3,0.795,2.822
5660270,A3,0.750,-80.6,0.795,2.827
5660290,A1,2.910,-82.6,0.785,2.818
5660570,A3,0.760,-80.6,0.785,2.815
5660590,A1,2.920,-82.0,0.795,2.825
5660600,A2,3.410,-82.2,0.832,2.825
5660720,A3,0.760,-80.2,0.832,2.825
5660740,A1,2.930,-81.8,0.843,2.835
5660750,A2,3.440,-82.2,0.806,2.835
5660870,A3,0.750,-80.8,0.806,2.837
5660890,A1,2.910,-82.1,0.785,2.818
5660900,A2,3.420,-82.3,0.809,2.818
5661020,A3,0.760,-80.9,0.809,2.815
5661040,A1,2.920,-82.4,0.820,2.825
5661050,A2,3.430,-82.4,0.808,2.825
5661170,A3,0.760,-80.1,0.808,2.825
5661190,A1,2.900,-82.2,0.787,2.805
5661200,A2,3.450,-82.2,0.762,2.805
5661320,A3,0.780,-80.1,0.762,2.800
5661340,A1,2.920,-82.2,0.783,2.820
5661350,A2,3.450,-82.0,0.783,2.820
5661470,A3,0.750,-80.6,0.783,2.827
5661490,A1,2.900,-81.9,0.762,2.808
5661500,A2,3.450,-82.4,0.762,2.808
5661620,A3,0.750,-80.7,0.762,2.808
5661640,A1,2.920,-82.6,0.783,2.827
5661650,A2,3.450,-81.9,0.783,2.827
5661770,A3,0.750,-80.0,0.783,2.827
5661790,A1,2.900,-82.5,0.762,2.808
5661800,A2,3.410,-82.3,0.811,2.808
5661920,A3,0.760,-80.3,0.811,2.805
5661940,A1,2.910,-82.4,0.822,2.815
5661950,A2,3.440,-82.2,0.785,2.815
5662070,A3,0.770,-80.7,0.785,2.813
5662090,A1,2.910,-82.1,0.785,2.813
5662100,A2,3.430,-82.3,0.797,2.813
5662220,A3,0.760,-80.5,0.797,2.815
5662240,A1,2.900,-82.2,0.787,2.805
5662250,A2,3.440,-82.0,0.774,2.805
5662370,A3,0.740,-80.6,0.774,2.810
5662390,A1,2.900,-82.3,0.774,2.810
5662400,A2,3.440,-82.5,0.774,2.810
5662520,A3,0.750,-80.8,0.774,2.808
5662540,A1,2.900,-82.0,0.774,2.808
5662550,A2,3.410,-82.2,0.811,2.808
5662670,A3,0.770,-80.4,0.811,2.803
5662690,A1,2.910,-82.6,0.822,2.813
5662700,A2,3.460,-82.2,0.760,2.813
5662820,A3,0.760,-82.3,0.760,2.815
5662840,A1,2.910,-82.6,0.760,2.815
5662850,A2,3.430,-82.3,0.797,2.815
5663120,A3,0.760,-80.8,0.797,2.815
5663140,A1,2.900,-82.0,0.787,2.805
5663150,A2,3.450,-81.9,0.762,2.805
5663270,A3,0.760,-80.6,0.762,2.805
5663290,A1,2.910,-82.0,0.772,2.815
5663300,A2,3.440,-82.1,0.785,2.815
5663420,A3,0.760,-80.8,0.785,2.815
5663440,A1,2.900,-82.1,0.774,2.805
5663450,A2,3.460,-82.0,0.749,2.805
5663570,A3,0.740,-80.7,0.749,2.810
5663590,A1,2.890,-82.7,0.739,2.801
5663600,A2,3.450,-82.0,0.751,2.801
5663720,A3,0.760,-80.5,0.751,2.796
5663740,A1,2.910,-82.1,0.772,2.815
5663750,A2,3.420,-82.3,0.809,2.815
5663870,A3,0.780,-80.5,0.809,2.810
5663890,A1,2.900,-82.3,0.799,2.800
5663900,A2,3.430,-82.3,0.787,2.800
5664020,A3,0.740,-80.7,0.787,2.810
5664040,A1,2.910,-82.6,0.797,2.820
5664050,A2,3.430,-82.0,0.797,2.820
5664170,A3,0.760,-80.6,0.797,2.815
5664190,A1,2.910,-82.3,0.797,2.815
5664200,A2,3.450,-82.2,0.772,2.815
5664320,A3,0.740,-80.5,0.772,2.820
5664340,A1,2.920,-82.1,0.783,2.830
5664350,A2,3.440,-82.3,0.795,2.830
5664470,A3,0.780,-80.5,0.795,2.820
5664490,A1,2.900,-82.1,0.774,2.800
5664500,A2,3.420,-82.2,0.799,2.800
5664620,A3,0.760,-80.4,0.799,2.805
5664640,A1,2.880,-82.2,0.778,2.786
5664650,A2,3.460,-82.1,0.729,2.786
5664770,A3,0.740,-80.5,0.729,2.791
5664790,A1,2.890,-82.0,0.739,2.801
5664800,A2,3.440,-82.1,0.764,2.801
5664920,A3,0.770,-80.2,0.764,2.793
5664940,A1,2.890,-82.2,0.764,2.793
5664950,A2,3.450,-82.4,0.751,2.793
5665070,A3,0.770,-80.8,0.751,2.793
5665090,A1,2.900,-82.3,0.762,2.803
5665100,A2,3.410,-82.4,0.811,2.803
5665220,A3,0.760,-81.0,0.811,2.805
5665240,A1,2.900,-82.5,0.811,2.805
5665250,A2,3.440,-82.2,0.774,2.805
5665370,A3,0.790,-80.4,0.774,2.798
5665390,A1,2.900,-82.5,0.774,2.798
5665400,A2,3.420,-82.2,0.799,2.798
5665520,A3,0.770,-80.0,0.799,2.803
5665540,A1,2.900,-82.8,0.799,2.803
5665550,A2,3.440,-82.2,0.774,2.803
5665670,A3,0.790,-80.2,0.774,2.798
5665690,A1,2.900,-82.2,0.774,2.798
5665700,A2,3.420,-82.1,0.799,2.798
5665820,A3,0.730,-80.8,0.799,2.813
5665840,A1,2.910,-82.8,0.809,2.823
5665850,A2,3.450,-82.1,0.772,2.823
5665970,A3,0.780,-80.2,0.772,2.810
5665990,A1,2.910,-82.8,0.772,2.810
5666000,A2,3.440,-82.2,0.785,2.810
5666270,A3,0.770,-80.9,0.785,2.813
5666290,A1,2.910,-82.2,0.785,2.813
5666300,A2,3.410,-82.3,0.822,2.813
5666420,A3,0.780,-80.1,0.822,2.810
5666440,A1,2.900,-82.1,0.811,2.800
5666450,A2,3.430,-82.2,0.787,2.800
5666570,A3,0.750,-80.5,0.787,2.808
5666590,A1,2.890,-82.3,0.776,2.798
5666600,A2,3.430,-82.1,0.776,2.798
5666720,A3,0.760,-80.2,0.776,2.796
5666740,A1,2.910,-82.2,0.797,2.815
5667020,A3,0.730,-81.2,0.797,2.823
5667040,A1,2.880,-82.4,0.766,2.794
5667050,A2,3.430,-82.4,0.766,2.794
5667170,A3,0.790,-81.0,0.766,2.778
5667190,A1,2.890,-82.4,0.776,2.788
5667200,A2,3.420,-82.2,0.789,2.788
5667320,A3,0.770,-80.2,0.789,2.793
5667340,A1,2.900,-82.2,0.799,2.803
5667350,A2,3.450,-82.3,0.762,2.803
5667470,A3,0.770,-80.7,0.762,2.803
5667490,A1,2.900,-82.7,0.762,2.803
5667500,A2,3.440,-82.2,0.774,2.803
5667620,A3,0.770,-81.0,0.774,2.803
5667640,A1,2.890,-82.7,0.764,2.793
5667650,A2,3.440,-81.9,0.764,2.793
5667770,A3,0.760,-80.4,0.764,2.796
5667790,A1,2.890,-82.4,0.764,2.796
5667800,A2,3.430,-82.2,0.776,2.796
5667920,A3,0.770,-81.3,0.776,2.793
5667940,A1,2.890,-82.3,0.776,2.793
5667950,A2,3.440,-82.0,0.764,2.793
5668070,A3,0.780,-81.2,0.764,2.791
5668090,A1,2.890,-82.6,0.764,2.791
5668100,A2,3.460,-82.4,0.739,2.791
5668220,A3,0.760,-80.0,0.739,2.796
5668240,A1,2.910,-82.3,0.760,2.815
5668250,A2,3.440,-82.1,0.785,2.815
5668370,A3,0.760,-80.2,0.785,2.815
5668390,A1,2.890,-82.3,0.764,2.796
5668400,A2,3.440,-82.1,0.764,2.796
5668520,A3,0.750,-81.0,0.764,2.798
5668540,A1,2.920,-82.3,0.795,2.827
5668550,A2,3.420,-82.2,0.820,2.827
5668670,A3,0.730,-80.8,0.820,2.832
5668690,A1,2.900,-83.0,0.799,2.813
5668700,A2,3.430,-82.2,0.787,2.813
5668820,A3,0.770,-80.4,0.787,2.803
5668840,A1,2.930,-82.3,0.818,2.832
5668850,A2,3.440,-82.0,0.806,2.832
5668970,A3,0.760,-81.2,0.806,2.835
5668990,A1,2.900,-83.0,0.774,2.805
5669000,A2,3.420,-82.2,0.799,2.805
5669120,A3,0.770,-80.4,0.799,2.803
5669140,A1,2.900,-82.3,0.799,2.803
5669150,A2,3.470,-82.2,0.737,2.803
5669420,A3,0.750,-80.9,0.737,2.808
5669440,A1,2.910,-82.3,0.747,2.818
5669450,A2,3.430,-82.4,0.797,2.818
5669570,A3,0.760,-80.6,0.797,2.815
5669590,A1,2.890,-82.9,0.776,2.796
5669600,A2,3.430,-82.3,0.776,2.796
5669720,A3,0.750,-80.5,0.776,2.798
5669740,A1,2.910,-82.6,0.797,2.818
5669750,A2,3.460,-81.8,0.760,2.818
5669870,A3,0.760,-80.4,0.760,2.815
5669890,A1,2.890,-82.3,0.739,2.796
5669900,A2,3.440,-82.2,0.764,2.796
5670020,A3,0.760,-80.8,0.764,2.796
5670040,A1,2.900,-83.0,0.774,2.805
5670050,A2,3.440,-82.0,0.774,2.805
5670170,A3,0.750,-81.0,0.774,2.808
5670190,A1,2.910,-82.9,0.785,2.818
5670200,A2,3.430,-82.3,0.797,2.818
5670320,A3,0.790,-81.0,0.797,2.807
5670340,A1,2.900,-82.6,0.787,2.798
5670350,A2,3.440,-82.1,0.774,2.798
5670470,A3,0.750,-80.7,0.774,2.808
5670490,A1,2.910,-82.5,0.785,2.818
5670500,A2,3.430,-82.3,0.797,2.818
5670620,A3,0.740,-81.3,0.797,2.820
5670640,A1,2.900,-82.3,0.787,2.810
5670650,A2,3.450,-82.1,0.762,2.810
5670770,A3,0.750,-80.8,0.762,2.808
5670790,A1,2.910,-82.5,0.772,2.818
5670800,A2,3.440,-82.0,0.785,2.818
5670920,A3,0.760,-81.2,0.785,2.815
5670940,A1,2.900,-82.3,0.774,2.805
5670950,A2,3.430,-81.9,0.787,2.805
5671070,A3,0.760,-80.6,0.787,2.805
5671090,A1,2.890,-82.5,0.776,2.796
5671100,A2,3.420,-81.9,0.789,2.796
5671220,A3,0.760,-80.8,0.789,2.796
5671240,A1,2.900,-82.8,0.799,2.805
5671520,A3,0.750,-81.1,0.799,2.808
5671540,A1,2.890,-82.2,0.789,2.798
5671550,A2,3.440,-82.3,0.764,2.798
5671670,A3,0.760,-81.2,0.764,2.796
5671690,A1,2.900,-82.2,0.774,2.805
5671700,A2,3.410,-82.0,0.811,2.805
5671820,A3,0.760,-80.5,0.811,2.805
5671840,A1,2.890,-82.1,0.801,2.796
5671850,A2,3.420,-82.2,0.789,2.796
5671990,A1,2.910,-82.7,0.809,2.815
5672000,A2,3.440,-82.1,0.785,2.815
5672140,A1,2.900,-82.4,0.774,2.805
5672150,A2,3.450,-82.3,0.762,2.805
5672270,A3,0.770,-81.5,0.762,2.803
5672290,A1,2.920,-82.2,0.783,2.822
5672300,A2,3.420,-82.3,0.820,2.822
5672570,A3,0.750,-81.2,0.820,2.827
5672590,A1,2.890,-82.3,0.789,2.798
5672600,A2,3.440,-82.1,0.764,2.798
5672720,A3,0.730,-81.4,0.764,2.803
5672740,A1,2.880,-82.2,0.753,2.794
5672750,A2,3.460,-82.2,0.729,2.794
5672870,A3,0.750,-81.4,0.729,2.789
5672890,A1,2.910,-82.3,0.760,2.818
5672900,A2,3.430,-82.3,0.797,2.818
5673020,A3,0.760,-80.8,0.797,2.815
5673040,A1,2.910,-82.3,0.797,2.815
5673050,A2,3.440,-82.0,0.785,2.815
5673170,A3,0.740,-81.1,0.785,2.820
5673190,A1,2.900,-82.7,0.774,2.810
5673200,A2,3.450,-82.0,0.762,2.810
5673320,A3,0.760,-81.1,0.762,2.805
5673340,A1,2.900,-82.5,0.762,2.805
5673350,A2,3.450,-82.2,0.762,2.805
5673470,A3,0.760,-82.3,0.762,2.805
5673490,A1,2.920,-83.4,0.783,2.825
5673500,A2,3.440,-82.5,0.795,2.825
5673620,A3,0.740,-80.8,0.795,2.830
5673640,A1,2.900,-82.2,0.774,2.810
5673650,A2,3.440,-82.1,0.774,2.810
5673770,A3,0.750,-81.1,0.774,2.808
5673790,A1,2.920,-82.6,0.795,2.827
5673800,A2,3.440,-82.2,0.795,2.827
5673920,A3,0.740,-81.4,0.795,2.830
5673940,A1,2.900,-82.8,0.774,2.810
5673950,A2,3.480,-82.7,0.724,2.810
5674070,A3,0.790,-81.1,0.724,2.798
5674090,A1,2.920,-82.7,0.745,2.817
5674100,A2,3.470,-82.5,0.758,2.817
5674220,A3,0.780,-81.4,0.758,2.820
5674240,A1,2.910,-82.8,0.747,2.810
5674250,A2,3.450,-82.2,0.772,2.810
5674370,A3,0.760,-81.3,0.772,2.815
5674390,A1,2.920,-82.5,0.783,2.825
5674400,A2,3.430,-82.3,0.808,2.825
5674520,A3,0.780,-80.8,0.808,2.820
5674540,A1,2.950,-82.0,0.839,2.849
5674550,A2,3.430,-82.0,0.839,2.849
5674670,A3,0.780,-80.3,0.839,2.849
5674690,A1,2.910,-81.9,0.797,2.810
5674700,A2,3.440,-82.0,0.785,2.810
5674820,A3,0.760,-81.3,0.785,2.815
5674840,A1,2.930,-82.2,0.806,2.835
5675120,A3,0.750,-80.9,0.806,2.837
5675140,A1,2.920,-81.7,0.795,2.827
5675150,A2,3.410,-82.3,0.832,2.827
5675270,A3,0.770,-80.2,0.832,2.822
5675290,A1,2.910,-81.6,0.822,2.813
5675300,A2,3.440,-82.2,0.785,2.813
5675420,A3,0.760,-80.6,0.785,2.815
5675440,A1,2.930,-82.4,0.806,2.835
5675450,A2,3.420,-82.0,0.830,2.835
5675720,A3,0.770,-80.4,0.830,2.832
5675740,A1,2.930,-81.6,0.830,2.832
5675750,A2,3.430,-82.0,0.818,2.832
5675870,A3,0.770,-80.8,0.818,2.832
5675890,A1,2.930,-82.2,0.818,2.832
5675900,A2,3.410,-82.1,0.843,2.832
5676020,A3,0.740,-80.6,0.843,2.840
5676040,A1,2.930,-81.6,0.843,2.840
5676050,A2,3.430,-81.8,0.818,2.840
5676170,A3,0.760,-81.0,0.818,2.835
5676190,A1,2.910,-81.7,0.797,2.815
5676200,A2,3.430,-82.2,0.797,2.815
5676320,A3,0.740,-80.1,0.797,2.820
5676340,A1,2.930,-82.2,0.818,2.840
5676350,A2,3.440,-82.3,0.806,2.840
5676470,A3,0.780,-80.1,0.806,2.829
5676490,A1,2.900,-82.9,0.774,2.800
5676500,A2,3.460,-82.4,0.749,2.800
5676620,A3,0.790,-80.7,0.749,2.798
5676640,A1,2.890,-83.2,0.739,2.788
5676650,A2,3.430,-82.6,0.776,2.788
5676770,A3,0.760,-81.1,0.776,2.796
5676790,A1,2.920,-82.9,0.808,2.825
5676800,A2,3.440,-82.7,0.795,2.825
5676920,A3,0.750,-80.4,0.795,2.827
5676940,A1,2.890,-82.8,0.764,2.798
5676950,A2,3.480,-82.8,0.714,2.798
5677070,A3,0.740,-81.0,0.714,2.801
5677090,A1,2.880,-83.1,0.704,2.791
5677370,A3,0.780,-81.0,0.704,2.781
5677390,A1,2.880,-82.8,0.704,2.781
5677400,A2,3.460,-82.7,0.729,2.781
5677520,A3,0.730,-80.9,0.729,2.794
5677540,A1,2.870,-82.5,0.718,2.784
5677550,A2,3.440,-82.4,0.743,2.784
5677670,A3,0.760,-80.9,0.743,2.777
5677690,A1,2.900,-82.7,0.774,2.805
5677700,A2,3.430,-82.8,0.787,2.805
5677820,A3,0.780,-80.4,0.787,2.800
5677840,A1,2.890,-82.6,0.776,2.791
5677850,A2,3.470,-82.8,0.727,2.791
5677970,A3,0.770,-80.4,0.727,2.793
5677990,A1,2.880,-83.0,0.716,2.784
5678000,A2,3.450,-82.7,0.741,2.784
5678120,A3,0.780,-80.6,0.741,2.781
5678140,A1,2.900,-82.8,0.762,2.800
5678150,A2,3.440,-82.6,0.774,2.800
5678270,A3,0.770,-80.2,0.774,2.803
5678290,A1,2.890,-83.2,0.764,2.793
5678300,A2,3.450,-82.6,0.751,2.793
5678420,A3,0.780,-80.8,0.751,2.791
5678440,A1,2.890,-82.6,0.751,2.791
5678450,A2,3.430,-82.6,0.776,2.791
5678570,A3,0.780,-80.8,0.776,2.791
5678590,A1,2.890,-82.9,0.776,2.791
5678600,A2,3.440,-82.3,0.764,2.791
5678870,A3,0.790,-80.7,0.764,2.788
5678890,A1,2.880,-82.7,0.753,2.778
5678900,A2,3.440,-82.5,0.753,2.778
5679020,A3,0.780,-80.7,0.753,2.781
5679040,A1,2.890,-83.0,0.764,2.791
5679050,A2,3.460,-82.8,0.739,2.791
5679170,A3,0.760,-80.1,0.739,2.796
5679190,A1,2.890,-82.7,0.739,2.796
5679200,A2,3.450,-82.8,0.751,2.796
5679320,A3,0.750,-80.9,0.751,2.798
5679340,A1,2.890,-82.7,0.751,2.798
5679350,A2,3.430,-82.7,0.776,2.798
5679470,A3,0.700,-80.5,0.776,2.810
5679490,A1,2.880,-83.5,0.766,2.801
5679500,A2,3.440,-82.7,0.753,2.801
5679620,A3,0.810,-80.8,0.753,2.773
5679640,A1,2.900,-82.9,0.774,2.792
5679650,A2,3.440,-82.9,0.774,2.792
5679770,A3,0.730,-81.1,0.774,2.813
5679790,A1,2.870,-82.6,0.743,2.784
5679800,A2,3.430,-82.5,0.755,2.784
5679920,A3,0.770,-80.4,0.755,2.774
5679940,A1,2.870,-82.8,0.755,2.774
5679950,A2,3.470,-82.7,0.706,2.774
5680070,A3,0.780,-80.6,0.706,2.771
5680090,A1,2.890,-83.3,0.727,2.791
5680100,A2,3.430,-82.4,0.776,2.791
5680220,A3,0.770,-80.2,0.776,2.793
5680240,A1,2.870,-83.4,0.755,2.774
5680250,A2,3.480,-82.5,0.693,2.774
5680370,A3,0.770,-81.0,0.693,2.774
5680390,A1,2.890,-82.7,0.714,2.793
5680400,A2,3.420,-82.8,0.789,2.793
5680520,A3,0.800,-80.8,0.789,2.785
5680540,A1,2.880,-83.1,0.778,2.776
5680550,A2,3.440,-82.6,0.753,2.776
5680670,A3,0.770,-80.4,0.753,2.784
5680690,A1,2.890,-82.6,0.764,2.793
5680700,A2,3.450,-82.6,0.751,2.793
5680820,A3,0.790,-80.9,0.751,2.788
5680840,A1,2.870,-82.9,0.731,2.769
5680850,A2,3.440,-82.2,0.743,2.769
5680970,A3,0.730,-80.5,0.743,2.784
5680990,A1,2.890,-82.9,0.764,2.803
5681000,A2,3.480,-82.5,0.714,2.803
5681120,A3,0.750,-80.4,0.714,2.798
5681140,A1,2.870,-82.9,0.693,2.779
5681150,A2,3.440,-82.6,0.743,2.779
5681270,A3,0.780,-80.4,0.743,2.771
5681290,A1,2.860,-82.8,0.733,2.762
5681300,A2,3.430,-82.7,0.745,2.762
5681420,A3,0.800,-80.8,0.745,2.757
5681440,A1,2.890,-82.7,0.776,2.785
5681450,A2,3.450,-82.7,0.751,2.785
5681570,A3,0.760,-80.1,0.751,2.796
5681590,A1,2.900,-83.3,0.762,2.805
5681600,A2,3.460,-82.7,0.749,2.805
5681720,A3,0.760,-80.9,0.749,2.805
5681740,A1,2.890,-82.7,0.739,2.796
5682020,A3,0.760,-81.0,0.739,2.796
5682040,A1,2.900,-83.0,0.749,2.805
5682050,A2,3.430,-82.5,0.787,2.805
5682170,A3,0.740,-81.0,0.787,2.810
5682190,A1,2.890,-82.7,0.776,2.801
5682200,A2,3.470,-82.7,0.727,2.801
5682320,A3,0.760,-81.4,0.727,2.796
5682340,A1,2.880,-82.9,0.716,2.786
5682350,A2,3.430,-82.6,0.766,2.786
5682470,A3,0.780,-80.3,0.766,2.781
5682490,A1,2.880,-82.9,0.766,2.781
5682500,A2,3.450,-82.6,0.741,2.781
5682620,A3,0.780,-81.1,0.741,2.781
5682640,A1,2.910,-82.8,0.772,2.810
5682650,A2,3.470,-82.9,0.747,2.810
5682770,A3,0.780,-80.3,0.747,2.810
5682790,A1,2.890,-83.0,0.727,2.791
5682800,A2,3.450,-82.9,0.751,2.791
5682920,A3,0.740,-81.0,0.751,2.801
5682940,A1,2.890,-82.8,0.751,2.801
5682950,A2,3.430,-82.7,0.776,2.801
5683070,A3,0.770,-80.7,0.776,2.793
5683090,A1,2.890,-82.5,0.776,2.793
5683100,A2,3.440,-82.7,0.764,2.793
5683220,A3,0.760,-81.2,0.764,2.796
5683240,A1,2.890,-82.7,0.764,2.796
5683250,A2,3.460,-82.6,0.739,2.796
5683370,A3,0.780,-80.7,0.739,2.791
5683390,A1,2.890,-82.6,0.739,2.791
5683400,A2,3.440,-82.6,0.764,2.791
5683520,A3,0.800,-81.1,0.764,2.785
5683540,A1,2.890,-82.7,0.764,2.785
5683550,A2,3.460,-82.8,0.739,2.785
5683670,A3,0.760,-80.6,0.739,2.796
5683690,A1,2.890,-83.2,0.739,2.796
5683700,A2,3.450,-82.5,0.751,2.796
5683820,A3,0.760,-80.1,0.751,2.796
5683840,A1,2.890,-82.7,0.751,2.796
5683850,A2,3.470,-82.6,0.727,2.796
5683970,A3,0.760,-80.8,0.727,2.796
5683990,A1,2.890,-83.2,0.727,2.796
5684000,A2,3.430,-82.3,0.776,2.796
5684120,A3,0.760,-82.3,0.776,2.796
5684140,A1,2.880,-83.7,0.766,2.786
5684150,A2,3.450,-82.6,0.741,2.786
5684270,A3,0.780,-80.4,0.741,2.781
5684290,A1,2.870,-82.6,0.731,2.771
5684300,A2,3.440,-82.4,0.743,2.771
5684420,A3,0.780,-80.9,0.743,2.771
5684440,A1,2.880,-83.4,0.753,2.781
5684450,A2,3.460,-82.5,0.729,2.781
5684570,A3,0.790,-80.6,0.729,2.778
5684590,A1,2.900,-82.6,0.749,2.798
5684600,A2,3.460,-82.8,0.749,2.798
5684720,A3,0.780,-80.8,0.749,2.800
5684740,A1,2.890,-83.0,0.739,2.791
5684750,A2,3.470,-82.9,0.727,2.791
5684870,A3,0.780,-80.1,0.727,2.791
5684890,A1,2.890,-82.7,0.727,2.791
5684900,A2,3.460,-82.5,0.739,2.791
5685170,A3,0.770,-80.8,0.739,2.793
5685190,A1,2.870,-82.5,0.718,2.774
5685200,A2,3.440,-82.7,0.743,2.774
5685320,A3,0.770,-80.9,0.743,2.774
5685340,A1,2.880,-82.8,0.753,2.784
5685350,A2,3.450,-82.9,0.741,2.784
5685470,A3,0.770,-81.2,0.741,2.784
5685490,A1,2.880,-82.6,0.741,2.784
5685500,A2,3.420,-82.2,0.778,2.784
5685620,A3,0.780,-81.2,0.778,2.781
5685640,A1,2.880,-83.2,0.778,2.781
5685650,A2,3.470,-82.7,0.716,2.781
5685770,A3,0.800,-80.9,0.716,2.776
5685790,A1,2.880,-82.5,0.716,2.776
5685800,A2,3.460,-82.7,0.729,2.776
5685920,A3,0.770,-80.1,0.729,2.784
5685940,A1,2.890,-82.8,0.739,2.793
5685950,A2,3.410,-82.4,0.801,2.793
5686070,A3,0.760,-80.1,0.801,2.796
5686090,A1,2.880,-82.7,0.790,2.786
5686100,A2,3.420,-82.8,0.778,2.786
5686220,A3,0.790,-80.9,0.778,2.778
5686240,A1,2.890,-82.7,0.789,2.788
5686250,A2,3.440,-82.6,0.764,2.788
5686370,A3,0.730,-80.6,0.764,2.803
5686390,A1,2.890,-83.1,0.764,2.803
5686400,A2,3.470,-82.6,0.727,2.803
5686520,A3,0.770,-80.4,0.727,2.793
5686540,A1,2.900,-82.9,0.737,2.803
5686550,A2,3.480,-82.9,0.724,2.803
5686670,A3,0.790,-80.9,0.724,2.798
5686690,A1,2.900,-83.1,0.724,2.798
5686700,A2,3.470,-82.6,0.737,2.798
5686820,A3,0.800,-80.9,0.737,2.795
5686840,A1,2.900,-82.7,0.737,2.795
5686850,A2,3.470,-82.5,0.737,2.795
5686970,A3,0.760,-80.6,0.737,2.805
5686990,A1,2.890,-82.4,0.727,2.796
5687000,A2,3.450,-82.8,0.751,2.796
5687120,A3,0.760,-80.1,0.751,2.796
5687140,A1,2.890,-82.7,0.751,2.796
5687150,A2,3.430,-82.5,0.776,2.796
5687270,A3,0.760,-80.7,0.776,2.796
5687290,A1,2.890,-82.9,0.776,2.796
5687300,A2,3.450,-82.6,0.751,2.796
5687420,A3,0.790,-80.8,0.751,2.788
5687440,A1,2.880,-82.7,0.741,2.778
5687450,A2,3.420,-82.6,0.778,2.778
5687570,A3,0.780,-80.9,0.778,2.781
5687590,A1,2.910,-82.5,0.809,2.810
5687600,A2,3.460,-82.6,0.760,2.810
5687720,A3,0.810,-80.4,0.760,2.802
5687740,A1,2.900,-82.9,0.749,2.792
5687750,A2,3.460,-82.6,0.749,2.792
5687870,A3,0.760,-79.9,0.749,2.805
5687890,A1,2.890,-82.6,0.739,2.796
5687900,A2,3.460,-82.6,0.739,2.796
5688020,A3,0.780,-80.7,0.739,2.791
5688040,A1,2.890,-82.6,0.739,2.791
5688050,A2,3.470,-82.7,0.727,2.791
5688320,A3,0.770,-80.7,0.727,2.793
5688340,A1,2.890,-82.5,0.727,2.793
5688350,A2,3.440,-82.8,0.764,2.793
5688470,A3,0.770,-80.7,0.764,2.793
5688490,A1,2.880,-82.5,0.753,2.784
5688500,A2,3.440,-82.8,0.753,2.784
5688620,A3,0.760,-80.4,0.753,2.786
5688640,A1,2.880,-82.6,0.753,2.786
5688650,A2,3.450,-82.4,0.741,2.786
5688770,A3,0.770,-80.4,0.741,2.784
5688790,A1,2.910,-82.7,0.772,2.813
5688800,A2,3.440,-82.5,0.785,2.813
5688920,A3,0.770,-80.7,0.785,2.813
5688940,A1,2.880,-82.6,0.753,2.784
5688950,A2,3.460,-82.6,0.729,2.784
5689070,A3,0.780,-80.8,0.729,2.781
5689090,A1,2.890,-82.7,0.739,2.791
5689100,A2,3.460,-82.7,0.739,2.791
5689220,A3,0.770,-80.7,0.739,2.793
5689240,A1,2.890,-82.6,0.739,2.793
5689250,A2,3.420,-82.5,0.789,2.793
5689370,A3,0.760,-80.9,0.789,2.796
5689390,A1,2.900,-82.8,0.799,2.805
5689400,A2,3.450,-82.4,0.762,2.805
5689520,A3,0.770,-81.0,0.762,2.803
5689540,A1,2.880,-82.5,0.741,2.784
5689550,A2,3.470,-82.6,0.716,2.784
5689670,A3,0.810,-81.1,0.716,2.773
5689690,A1,2.880,-83.3,0.716,2.773
5689700,A2,3.440,-82.4,0.753,2.773
5689820,A3,0.800,-80.8,0.753,2.776
5689840,A1,2.880,-82.6,0.753,2.776
5689850,A2,3.440,-82.3,0.753,2.776
5689970,A3,0.790,-80.7,0.753,2.778
5689990,A1,2.880,-82.9,0.753,2.778
5690000,A2,3.420,-82.7,0.778,2.778
5690120,A3,0.760,-80.6,0.778,2.786
5690140,A1,2.890,-82.5,0.789,2.796
5690150,A2,3.420,-82.2,0.789,2.796
5690270,A3,0.770,-80.5,0.789,2.793
5690290,A1,2.900,-82.7,0.799,2.803
5690300,A2,3.440,-82.5,0.774,2.803
5690420,A3,0.800,-81.2,0.774,2.795
5690440,A1,2.880,-83.1,0.753,2.776
5690450,A2,3.460,-82.6,0.729,2.776
5690570,A3,0.780,-81.2,0.729,2.781
5690590,A1,2.880,-82.8,0.729,2.781
5690600,A2,3.450,-82.7,0.741,2.781
5690720,A3,0.760,-80.2,0.741,2.786
5690740,A1,2.900,-83.3,0.762,2.805
5690750,A2,3.470,-82.6,0.737,2.805
5690870,A3,0.760,-81.1,0.737,2.805
5690890,A1,2.910,-82.5,0.747,2.815
5690900,A2,3.440,-82.8,0.785,2.815
5691020,A3,0.760,-81.1,0.785,2.815
5691040,A1,2.890,-82.7,0.764,2.796
5691050,A2,3.460,-82.8,0.739,2.796
5691170,A3,0.770,-81.2,0.739,2.793
5691190,A1,2.920,-82.6,0.770,2.822
5691200,A2,3.490,-82.5,0.733,2.822
5691470,A3,0.780,-81.2,0.733,2.820
5691490,A1,2.890,-82.8,0.702,2.791
5691500,A2,3.450,-82.4,0.751,2.791
5691620,A3,0.740,-81.1,0.751,2.801
5691640,A1,2.880,-82.5,0.741,2.791
5691650,A2,3.470,-82.6,0.716,2.791
5691770,A3,0.730,-81.1,0.716,2.794
5691790,A1,2.900,-83.2,0.737,2.813
5691800,A2,3.460,-82.3,0.749,2.813
5691920,A3,0.760,-81.2,0.749,2.805
5691940,A1,2.880,-82.4,0.729,2.786
5691950,A2,3.440,-82.6,0.753,2.786
5692070,A3,0.760,-81.1,0.753,2.786
5692090,A1,2.900,-83.0,0.774,2.805
5692100,A2,3.440,-82.5,0.774,2.805
5692220,A3,0.780,-80.4,0.774,2.800
5692240,A1,2.880,-82.7,0.753,2.781
5692250,A2,3.450,-82.8,0.741,2.781
5692370,A3,0.750,-81.2,0.741,2.789
5692390,A1,2.890,-82.6,0.751,2.798
5692400,A2,3.450,-82.3,0.751,2.798
5692520,A3,0.740,-81.2,0.751,2.801
5692540,A1,2.910,-82.3,0.772,2.820
5692550,A2,3.450,-82.5,0.772,2.820
5692670,A3,0.790,-80.6,0.772,2.807
5692690,A1,2.880,-82.8,0.741,2.778
5692700,A2,3.430,-82.4,0.766,2.778
5692820,A3,0.780,-80.8,0.766,2.781
5692840,A1,2.890,-82.5,0.776,2.791
5692850,A2,3.450,-82.3,0.751,2.791
5692970,A3,0.780,-81.0,0.751,2.791
5692990,A1,2.890,-82.7,0.751,2.791
5693000,A2,3.450,-81.9,0.751,2.791
5693120,A3,0.780,-80.8,0.751,2.791
5693140,A1,2.910,-82.8,0.772,2.810
5693150,A2,3.440,-82.2,0.785,2.810
5693270,A3,0.750,-81.2,0.785,2.818
5693290,A1,2.900,-82.3,0.774,2.808
5693570,A3,0.780,-81.4,0.774,2.800
5693590,A1,2.880,-82.5,0.753,2.781
5693600,A2,3.430,-82.6,0.766,2.781
5693720,A3,0.780,-80.5,0.766,2.781
5693740,A1,2.900,-82.3,0.787,2.800
5693750,A2,3.460,-82.9,0.749,2.800
5693870,A3,0.750,-80.8,0.749,2.808
5693890,A1,2.900,-82.5,0.749,2.808
5693900,A2,3.480,-82.7,0.724,2.808
5694020,A3,0.760,-81.2,0.724,2.805
5694040,A1,2.900,-82.5,0.724,2.805
5694050,A2,3.450,-82.7,0.762,2.805
5694170,A3,0.760,-81.1,0.762,2.805
5694190,A1,2.880,-82.4,0.741,2.786
5694200,A2,3.440,-82.7,0.753,2.786
5694320,A3,0.760,-81.1,0.753,2.786
5694340,A1,2.880,-82.5,0.753,2.786
5694350,A2,3.470,-82.9,0.716,2.786
5694620,A3,0.760,-80.6,0.716,2.786
5694640,A1,2.890,-82.4,0.727,2.796
5694650,A2,3.420,-82.3,0.789,2.796
5694770,A3,0.780,-81.0,0.789,2.791
5694790,A1,2.890,-82.9,0.789,2.791
5694800,A2,3.480,-82.5,0.714,2.791
5694920,A3,0.760,-81.0,0.714,2.796
5694940,A1,2.880,-82.6,0.704,2.786
5694950,A2,3.460,-82.7,0.729,2.786
5695070,A3,0.750,-80.6,0.729,2.789
5695090,A1,2.930,-82.5,0.781,2.837
5695100,A2,3.460,-82.4,0.781,2.837
5695220,A3,0.780,-80.6,0.781,2.829
5695240,A1,2.870,-83.1,0.718,2.771
5695250,A2,3.480,-82.8,0.693,2.771
5695370,A3,0.770,-81.4,0.693,2.774
5695390,A1,2.870,-82.7,0.693,2.774
5695400,A2,3.420,-82.5,0.768,2.774
5695520,A3,0.750,-80.5,0.768,2.779
5695540,A1,2.910,-83.3,0.809,2.818
5695550,A2,3.440,-82.4,0.785,2.818
5695670,A3,0.770,-80.4,0.785,2.813
5695690,A1,2.900,-83.2,0.774,2.803
5695700,A2,3.420,-82.7,0.799,2.803
5695820,A3,0.740,-80.6,0.799,2.810
5695840,A1,2.890,-82.5,0.789,2.801
5695850,A2,3.470,-82.1,0.727,2.801
5695970,A3,0.770,-81.4,0.727,2.793
5695990,A1,2.910,-83.2,0.747,2.813
5696000,A2,3.420,-82.5,0.809,2.813
5696120,A3,0.790,-81.3,0.809,2.807
5696140,A1,2.890,-82.4,0.789,2.788
5696150,A2,3.460,-82.7,0.739,2.788
5696270,A3,0.760,-81.3,0.739,2.796
5696290,A1,2.890,-82.7,0.739,2.796
5696300,A2,3.470,-82.6,0.727,2.796
5696420,A3,0.780,-81.1,0.727,2.791
5696440,A1,2.890,-82.6,0.727,2.791
5696450,A2,3.470,-82.8,0.727,2.791
5696570,A3,0.750,-81.0,0.727,2.798
5696590,A1,2.890,-82.8,0.727,2.798
5696600,A2,3.470,-82.6,0.727,2.798
5696720,A3,0.770,-81.4,0.727,2.793
5696740,A1,2.890,-82.9,0.727,2.793
5696750,A2,3.450,-82.0,0.751,2.793
5696870,A3,0.780,-80.5,0.751,2.791
5696890,A1,2.890,-83.1,0.751,2.791
5696900,A2,3.480,-82.8,0.714,2.791
5697020,A3,0.750,-80.5,0.714,2.798
5697040,A1,2.910,-83.2,0.735,2.818
5697050,A2,3.450,-82.6,0.772,2.818
5697170,A3,0.750,-80.8,0.772,2.818
5697190,A1,2.890,-82.5,0.751,2.798
5697200,A2,3.440,-82.8,0.764,2.798
5697320,A3,0.740,-81.2,0.764,2.801
5697340,A1,2.890,-83.0,0.764,2.801
5697350,A2,3.450,-82.6,0.751,2.801
5697470,A3,0.760,-81.0,0.751,2.796
5697490,A1,2.890,-82.8,0.751,2.796
5697500,A2,3.470,-82.6,0.727,2.796
5697770,A3,0.760,-80.8,0.727,2.796
5697790,A1,2.900,-82.6,0.737,2.805
5697800,A2,3.430,-82.1,0.787,2.805
5697920,A3,0.770,-80.9,0.787,2.803
5697940,A1,2.870,-82.6,0.755,2.774
5697950,A2,3.460,-82.7,0.718,2.774
5698070,A3,0.740,-80.9,0.718,2.782
5698090,A1,2.900,-82.6,0.749,2.810
5698100,A2,3.470,-82.7,0.737,2.810
5698370,A3,0.780,-81.2,0.737,2.800
5698390,A1,2.910,-82.7,0.747,2.810
5698400,A2,3.440,-82.3,0.785,2.810
5698520,A3,0.770,-80.7,0.785,2.813
5698540,A1,2.890,-82.8,0.764,2.793
5698550,A2,3.450,-82.4,0.751,2.793
5698670,A3,0.760,-80.9,0.751,2.796
5698690,A1,2.890,-82.7,0.751,2.796
5698700,A2,3.450,-82.6,0.751,2.796
5698820,A3,0.740,-80.6,0.751,2.801
5698840,A1,2.900,-82.8,0.762,2.810
5698850,A2,3.450,-82.6,0.762,2.810
5698970,A3,0.750,-81.4,0.762,2.808
5698990,A1,2.890,-82.5,0.751,2.798
5699000,A2,3.450,-82.8,0.751,2.798
5699120,A3,0.770,-80.9,0.751,2.793
5699140,A1,2.880,-83.2,0.741,2.784
5699150,A2,3.470,-82.6,0.716,2.784
5699270,A3,0.760,-81.0,0.716,2.786
5699290,A1,2.880,-82.7,0.716,2.786
5699300,A2,3.420,-82.4,0.778,2.786
5699420,A3,0.760,-81.0,0.778,2.786
5699440,A1,2.900,-82.5,0.799,2.805
5699450,A2,3.440,-82.4,0.774,2.805
5699570,A3,0.730,-81.4,0.774,2.813
5699600,A2,3.460,-82.7,0.749,2.813
5699750,A2,3.470,-82.6,0.737,2.813
5699870,A3,0.790,-80.7,0.737,2.798
5699890,A1,2.880,-82.6,0.716,2.778
5699900,A2,3.450,-82.4,0.741,2.778
5700020,A3,0.760,-81.0,0.741,2.786
5700040,A1,2.880,-82.6,0.741,2.786
5700050,A2,3.430,-82.7,0.766,2.786
5700170,A3,0.770,-80.9,0.766,2.784
5700190,A1,2.900,-82.7,0.787,2.803
5700200,A2,3.440,-82.5,0.774,2.803
5700320,A3,0.730,-81.3,0.774,2.813
5700340,A1,2.900,-82.8,0.774,2.813
5700350,A2,3.460,-82.7,0.749,2.813
5700470,A3,0.780,-81.2,0.749,2.800
5700490,A1,2.890,-82.6,0.739,2.791
5700500,A2,3.440,-82.6,0.764,2.791
5700620,A3,0.780,-81.2,0.764,2.791
5700640,A1,2.890,-82.9,0.764,2.791
5700650,A2,3.450,-82.6,0.751,2.791
5700920,A3,0.740,-81.4,0.751,2.801
5700940,A1,2.910,-83.2,0.772,2.820
5700950,A2,3.440,-82.4,0.785,2.820
5701070,A3,0.760,-81.5,0.785,2.815
5701090,A1,2.910,-82.4,0.785,2.815
5701100,A2,3.460,-82.6,0.760,2.815
5701220,A3,0.790,-81.0,0.760,2.807
5701240,A1,2.890,-83.3,0.739,2.788
5701250,A2,3.480,-82.3,0.714,2.788
5701370,A3,0.750,-80.6,0.714,2.798
5701390,A1,2.920,-82.6,0.745,2.827
5701400,A2,3.460,-82.6,0.770,2.827
5701520,A3,0.760,-81.3,0.770,2.825
5701540,A1,2.900,-82.8,0.749,2.805
5701550,A2,3.430,-82.3,0.787,2.805
5701670,A3,0.740,-81.5,0.787,2.810
5701690,A1,2.890,-82.6,0.776,2.801
5701700,A2,3.440,-82.6,0.764,2.801
5701820,A3,0.760,-80.9,0.764,2.796
5701840,A1,2.900,-82.7,0.774,2.805
5701850,A2,3.450,-82.5,0.762,2.805
5701970,A3,0.790,-80.9,0.762,2.798
5701990,A1,2.910,-82.5,0.772,2.807
5702000,A2,3.440,-82.4,0.785,2.807
5702120,A3,0.760,-81.1,0.785,2.815
5702140,A1,2.890,-82.3,0.764,2.796
5702150,A2,3.450,-82.2,0.751,2.796
5702270,A3,0.750,-81.2,0.751,2.798
5702290,A1,2.900,-82.7,0.762,2.808
5702300,A2,3.450,-82.2,0.762,2.808
5702420,A3,0.760,-81.5,0.762,2.805
5702440,A1,2.900,-82.4,0.762,2.805
5702450,A2,3.450,-82.1,0.762,2.805
5702570,A3,0.770,-81.3,0.762,2.803
5702590,A1,2.890,-83.0,0.751,2.793
5702600,A2,3.460,-82.6,0.739,2.793
5702720,A3,0.790,-80.3,0.739,2.788
5702740,A1,2.900,-82.6,0.749,2.798
5702750,A2,3.470,-82.3,0.737,2.798
5702870,A3,0.760,-81.1,0.737,2.805
5702890,A1,2.910,-82.9,0.747,2.815
5702900,A2,3.460,-82.4,0.760,2.815
5703020,A3,0.750,-81.6,0.760,2.818
5703040,A1,2.910,-82.5,0.760,2.818
5703050,A2,3.460,-82.6,0.760,2.818
5703170,A3,0.760,-81.3,0.760,2.815
5703190,A1,2.890,-82.7,0.739,2.796
5703200,A2,3.440,-81.9,0.764,2.796
5703320,A3,0.760,-81.1,0.764,2.796
5703340,A1,2.880,-82.5,0.753,2.786
5703350,A2,3.460,-82.4,0.729,2.786
5703470,A3,0.780,-81.1,0.729,2.781
5703490,A1,2.910,-82.8,0.760,2.810
5703500,A2,3.440,-82.2,0.785,2.810
5703620,A3,0.740,-81.5,0.785,2.820
5703640,A1,2.910,-82.7,0.785,2.820
5703650,A2,3.430,-82.4,0.797,2.820
5703770,A3,0.740,-81.4,0.797,2.820
5703790,A1,2.910,-82.9,0.797,2.820
5703800,A2,3.460,-82.3,0.760,2.820
5704070,A3,0.770,-81.2,0.760,2.813
5704090,A1,2.890,-82.8,0.739,2.793
5704100,A2,3.450,-82.3,0.751,2.793
5704220,A3,0.790,-81.2,0.751,2.788
5704240,A1,2.890,-82.6,0.751,2.788
5704250,A2,3.420,-82.3,0.789,2.788
5704370,A3,0.720,-81.4,0.789,2.806
5704390,A1,2.900,-82.7,0.799,2.815
5704400,A2,3.430,-82.0,0.787,2.815
5704520,A3,0.760,-81.5,0.787,2.805
5704550,A2,3.470,-82.4,0.737,2.805
5704700,A2,3.430,-82.1,0.787,2.805
5704820,A3,0.760,-81.4,0.787,2.805
5704840,A1,2.890,-82.5,0.776,2.796
5704850,A2,3.450,-82.1,0.751,2.796
5704970,A3,0.760,-81.1,0.751,2.796
5704990,A1,2.900,-82.9,0.762,2.805
5705000,A2,3.440,-82.2,0.774,2.805
5705120,A3,0.730,-81.2,0.774,2.813
5705140,A1,2.890,-82.5,0.764,2.803
5705150,A2,3.450,-82.6,0.751,2.803
5705270,A3,0.760,-81.3,0.751,2.796
5705290,A1,2.900,-82.4,0.762,2.805
5705300,A2,3.430,-82.2,0.787,2.805
5705420,A3,0.770,-80.4,0.787,2.803
5705440,A1,2.900,-82.3,0.787,2.803
5705450,A2,3.450,-82.6,0.762,2.803
5705570,A3,0.730,-80.8,0.762,2.813
5705590,A1,2.880,-83.0,0.741,2.794
5705600,A2,3.440,-82.3,0.753,2.794
5705720,A3,0.740,-81.3,0.753,2.791
5705740,A1,2.870,-82.8,0.743,2.782
5705750,A2,3.460,-82.7,0.718,2.782
5705870,A3,0.750,-81.4,0.718,2.779
5705890,A1,2.910,-82.4,0.760,2.818
5705900,A2,3.450,-82.8,0.772,2.818
5706020,A3,0.760,-80.9,0.772,2.815
5706040,A1,2.910,-83.0,0.772,2.815
5706050,A2,3.420,-82.3,0.809,2.815
5706170,A3,0.760,-80.9,0.809,2.815
5706190,A1,2.930,-82.8,0.830,2.835
5706200,A2,3.460,-82.3,0.781,2.835
5706320,A3,0.770,-81.2,0.781,2.832
5706340,A1,2.910,-83.1,0.760,2.813
5706350,A2,3.430,-82.2,0.797,2.813
5706470,A3,0.750,-81.3,0.797,2.818
5706490,A1,2.910,-82.6,0.797,2.818
5706500,A2,3.450,-82.3,0.772,2.818
5706620,A3,0.790,-81.2,0.772,2.807
5706640,A1,2.910,-82.4,0.772,2.807
5706650,A2,3.480,-82.6,0.735,2.807
5706770,A3,0.780,-80.4,0.735,2.810
5706790,A1,2.900,-82.9,0.724,2.800
5706800,A2,3.440,-82.5,0.774,2.800
5706920,A3,0.770,-81.1,0.774,2.803
5706940,A1,2.900,-82.4,0.774,2.803
5706950,A2,3.440,-82.3,0.774,2.803
5707220,A3,0.780,-81.4,0.774,2.800
5707240,A1,2.920,-82.4,0.795,2.820
5707250,A2,3.420,-82.3,0.820,2.820
5707370,A3,0.740,-81.2,0.820,2.830
5707390,A1,2.910,-82.4,0.809,2.820
5707400,A2,3.430,-82.5,0.797,2.820
5707520,A3,0.790,-81.3,0.797,2.807
5707540,A1,2.880,-82.6,0.766,2.778
5707550,A2,3.440,-82.5,0.753,2.778
5707670,A3,0.760,-81.1,0.753,2.786
5707690,A1,2.910,-82.4,0.785,2.815
5707700,A2,3.430,-82.0,0.797,2.815
5707820,A3,0.750,-80.5,0.797,2.818
5707840,A1,2.910,-83.1,0.797,2.818
5708120,A3,0.770,-81.0,0.797,2.813
5708140,A1,2.900,-82.6,0.787,2.803
5708150,A2,3.440,-82.2,0.774,2.803
5708270,A3,0.770,-81.1,0.774,2.803
5708290,A1,2.890,-82.7,0.764,2.793
5708300,A2,3.420,-82.3,0.789,2.793
5708420,A3,0.760,-81.1,0.789,2.796
5708440,A1,2.900,-82.5,0.799,2.805
5708450,A2,3.460,-82.5,0.749,2.805
5708570,A3,0.770,-81.3,0.749,2.803
5708590,A1,2.910,-82.8,0.760,2.813
5708600,A2,3.460,-82.2,0.760,2.813
5708720,A3,0.760,-81.4,0.760,2.815
5708740,A1,2.910,-82.3,0.760,2.815
5708750,A2,3.460,-82.5,0.760,2.815
5708870,A3,0.740,-80.9,0.760,2.820
5708890,A1,2.910,-82.9,0.760,2.820
5708900,A2,3.450,-82.3,0.772,2.820
5709020,A3,0.740,-81.3,0.772,2.820
5709040,A1,2.920,-82.9,0.783,2.830
5709050,A2,3.430,-82.4,0.808,2.830
5709170,A3,0.780,-81.2,0.808,2.820
5709190,A1,2.920,-82.4,0.808,2.820
5709200,A2,3.460,-82.4,0.770,2.820
5709320,A3,0.760,-80.9,0.770,2.825
5709340,A1,2.900,-83.2,0.749,2.805
5709350,A2,3.450,-82.6,0.762,2.805
5709470,A3,0.780,-81.2,0.762,2.800
5709490,A1,2.880,-82.5,0.741,2.781
5709500,A2,3.430,-82.3,0.766,2.781
5709620,A3,0.720,-81.6,0.766,2.796
5709640,A1,2.900,-82.5,0.787,2.815
5709650,A2,3.420,-82.2,0.799,2.815
5709770,A3,0.800,-81.5,0.799,2.795
5709790,A1,2.900,-82.5,0.799,2.795
5709800,A2,3.470,-82.6,0.737,2.795
5709920,A3,0.760,-80.7,0.737,2.805
5709940,A1,2.880,-83.1,0.716,2.786
5709950,A2,3.430,-82.4,0.766,2.786
5710070,A3,0.780,-81.3,0.766,2.781
5710090,A1,2.890,-83.1,0.776,2.791
5710100,A2,3.450,-82.5,0.751,2.791
5710370,A3,0.750,-80.8,0.751,2.798
5710390,A1,2.910,-82.6,0.772,2.818
5710400,A2,3.420,-82.6,0.809,2.818
5710520,A3,0.750,-80.5,0.809,2.818
5710540,A1,2.890,-82.7,0.789,2.798
5710550,A2,3.450,-82.7,0.751,2.798
5710670,A3,0.800,-81.2,0.751,2.785
5710690,A1,2.890,-82.8,0.751,2.785
5710700,A2,3.430,-82.5,0.776,2.785
5710820,A3,0.730,-81.3,0.776,2.803
5710840,A1,2.900,-82.5,0.787,2.813
5710850,A2,3.460,-82.3,0.749,2.813
5710970,A3,0.740,-81.3,0.749,2.810
5710990,A1,2.890,-82.5,0.739,2.801
5711000,A2,3.450,-82.7,0.751,2.801
5711120,A3,0.750,-81.7,0.751,2.798
5711140,A1,2.890,-82.6,0.751,2.798
5711150,A2,3.440,-82.1,0.764,2.798
5711270,A3,0.760,-80.5,0.764,2.796
5711290,A1,2.890,-82.4,0.764,2.796
5711300,A2,3.440,-82.4,0.764,2.796
5711440,A1,2.880,-82.5,0.753,2.786
5711450,A2,3.440,-82.4,0.753,2.786
5711590,A1,2.900,-82.9,0.774,2.805
5711600,A2,3.440,-82.4,0.774,2.805
5711720,A3,0.730,-81.3,0.774,2.813
5711740,A1,2.900,-82.3,0.774,2.813
5711750,A2,3.460,-82.0,0.749,2.813
5711870,A3,0.730,-82.5,0.749,2.813
5711890,A1,2.880,-83.3,0.729,2.794
5711900,A2,3.460,-82.6,0.729,2.794
5712020,A3,0.760,-80.7,0.729,2.786
5712040,A1,2.890,-82.3,0.739,2.796
5712050,A2,3.430,-81.8,0.776,2.796
5712170,A3,0.760,-80.9,0.776,2.796
5712190,A1,2.890,-82.5,0.776,2.796
5712200,A2,3.420,-82.5,0.789,2.796
5712320,A3,0.770,-80.3,0.789,2.793
5712340,A1,2.920,-82.6,0.820,2.822
5712350,A2,3.470,-82.5,0.758,2.822
5712470,A3,0.740,-81.0,0.758,2.830
5712490,A1,2.910,-82.6,0.747,2.820
5712500,A2,3.440,-82.0,0.785,2.820
5712620,A3,0.730,-81.0,0.785,2.823
5712640,A1,2.880,-82.7,0.753,2.794
5712650,A2,3.450,-82.4,0.741,2.794
5712770,A3,0.750,-81.3,0.741,2.789
5712790,A1,2.890,-82.8,0.751,2.798
5712800,A2,3.460,-82.4,0.739,2.798
5712920,A3,0.770,-81.3,0.739,2.793
5712940,A1,2.890,-82.7,0.739,2.793
5712950,A2,3.430,-82.2,0.776,2.793
5713070,A3,0.760,-81.2,0.776,2.796
5713090,A1,2.910,-82.6,0.797,2.815
5713100,A2,3.430,-82.2,0.797,2.815
5713220,A3,0.760,-80.9,0.797,2.815
5713240,A1,2.910,-82.4,0.797,2.815
5713250,A2,3.430,-82.5,0.797,2.815
5713520,A3,0.750,-80.6,0.797,2.818
5713540,A1,2.890,-82.5,0.776,2.798
5713550,A2,3.460,-82.6,0.739,2.798
5713670,A3,0.770,-81.6,0.739,2.793
5713690,A1,2.910,-82.8,0.760,2.813
5713700,A2,3.420,-82.3,0.809,2.813
5713820,A3,0.750,-80.5,0.809,2.818
5713840,A1,2.920,-82.4,0.820,2.827
5713850,A2,3.450,-82.6,0.783,2.827
5713970,A3,0.760,-80.5,0.783,2.825
5713990,A1,2.890,-82.5,0.751,2.796
5714000,A2,3.470,-81.8,0.727,2.796
5714120,A3,0.760,-80.8,0.727,2.796
5714140,A1,2.890,-82.8,0.727,2.796
5714150,A2,3.450,-82.4,0.751,2.796
5714270,A3,0.760,-80.8,0.751,2.796
5714290,A1,2.920,-82.5,0.783,2.825
5714300,A2,3.470,-82.6,0.758,2.825
5714420,A3,0.740,-81.3,0.758,2.830
5714440,A1,2.910,-82.6,0.747,2.820
5714450,A2,3.420,-82.5,0.809,2.820
5714570,A3,0.760,-81.5,0.809,2.815
5714590,A1,2.920,-82.5,0.820,2.825
5714600,A2,3.470,-82.5,0.758,2.825
5714720,A3,0.760,-80.4,0.758,2.825
5714740,A1,2.870,-82.5,0.706,2.777
5714750,A2,3.430,-82.6,0.755,2.777
5714870,A3,0.750,-81.2,0.755,2.779
5714890,A1,2.880,-82.8,0.766,2.789
5714900,A2,3.450,-82.5,0.741,2.789
5715020,A3,0.750,-81.2,0.741,2.789
5715040,A1,2.900,-82.5,0.762,2.808
5715050,A2,3.420,-82.7,0.799,2.808
5715170,A3,0.760,-81.2,0.799,2.805
5715190,A1,2.900,-82.5,0.799,2.805
5715200,A2,3.440,-82.5,0.774,2.805
5715320,A3,0.750,-80.6,0.774,2.808
5715340,A1,2.920,-82.4,0.795,2.827
5715350,A2,3.460,-82.7,0.770,2.827
5715470,A3,0.760,-80.4,0.770,2.825
5715490,A1,2.900,-82.5,0.749,2.805
5715500,A2,3.430,-82.3,0.787,2.805
5715620,A3,0.760,-81.1,0.787,2.805
5715640,A1,2.900,-82.4,0.787,2.805
5715650,A2,3.450,-82.2,0.762,2.805
5715770,A3,0.760,-81.3,0.762,2.805
5715790,A1,2.880,-82.6,0.741,2.786
5715800,A2,3.420,-82.1,0.778,2.786
5715920,A3,0.750,-81.4,0.778,2.789
5715940,A1,2.890,-83.2,0.789,2.798
5715950,A2,3.470,-82.2,0.727,2.798
5716070,A3,0.780,-81.6,0.727,2.791
5716090,A1,2.900,-82.6,0.737,2.800
5716100,A2,3.440,-82.4,0.774,2.800
5716220,A3,0.770,-80.8,0.774,2.803
5716240,A1,2.870,-82.5,0.743,2.774
5716250,A2,3.450,-82.2,0.731,2.774
5716370,A3,0.720,-81.2,0.731,2.786
5716390,A1,2.900,-82.7,0.762,2.815
5716400,A2,3.470,-82.6,0.737,2.815
5716670,A3,0.770,-81.3,0.737,2.803
5716690,A1,2.890,-83.0,0.727,2.793
5716700,A2,3.440,-82.5,0.764,2.793
5716820,A3,0.790,-81.4,0.764,2.788
5716840,A1,2.890,-82.6,0.764,2.788
5716850,A2,3.470,-82.4,0.727,2.788
5716970,A3,0.780,-81.1,0.727,2.791
5716990,A1,2.900,-82.5,0.737,2.800
5717000,A2,3.450,-82.1,0.762,2.800
5717120,A3,0.750,-81.3,0.762,2.808
5717140,A1,2.920,-83.0,0.783,2.827
5717150,A2,3.430,-81.9,0.808,2.827
5717270,A3,0.730,-81.2,0.808,2.832
5717290,A1,2.890,-82.9,0.776,2.803
5717300,A2,3.420,-82.2,0.789,2.803
5717420,A3,0.760,-81.4,0.789,2.796
5717440,A1,2.890,-83.1,0.789,2.796
5717450,A2,3.460,-82.3,0.739,2.796
5717570,A3,0.760,-81.0,0.739,2.796
5717590,A1,2.900,-82.7,0.749,2.805
5717600,A2,3.430,-82.5,0.787,2.805
5717720,A3,0.760,-80.2,0.787,2.805
5717740,A1,2.900,-83.0,0.787,2.805
5717750,A2,3.440,-81.9,0.774,2.805
5717870,A3,0.730,-81.1,0.774,2.813
5717890,A1,2.910,-82.4,0.785,2.823
5717900,A2,3.440,-82.2,0.785,2.823
5718020,A3,0.760,-80.7,0.785,2.815
5718040,A1,2.920,-83.0,0.795,2.825
5718050,A2,3.420,-81.9,0.820,2.825
5718170,A3,0.750,-81.6,0.820,2.827
5718190,A1,2.910,-82.8,0.809,2.818
5718200,A2,3.470,-82.3,0.747,2.818
5718320,A3,0.760,-80.6,0.747,2.815
5718340,A1,2.900,-82.8,0.737,2.805
5718350,A2,3.460,-82.3,0.749,2.805
5718470,A3,0.780,-81.1,0.749,2.800
5718490,A1,2.890,-82.6,0.739,2.791
5718500,A2,3.430,-82.0,0.776,2.791
5718620,A3,0.740,-80.9,0.776,2.801
5718640,A1,2.880,-82.9,0.766,2.791
5718650,A2,3.430,-82.3,0.766,2.791
5718770,A3,0.740,-81.2,0.766,2.791
5718790,A1,2.910,-83.0,0.797,2.820
5718800,A2,3.480,-82.5,0.735,2.820
5718920,A3,0.770,-81.6,0.735,2.813
5718940,A1,2.920,-82.4,0.745,2.822
5718950,A2,3.490,-82.2,0.733,2.822
5719070,A3,0.770,-81.4,0.733,2.822
5719090,A1,2.890,-83.2,0.702,2.793
5719100,A2,3.470,-82.1,0.727,2.793
5719220,A3,0.770,-80.8,0.727,2.793
5719240,A1,2.900,-82.7,0.737,2.803
5719250,A2,3.460,-82.5,0.749,2.803
5719370,A3,0.720,-80.8,0.749,2.815
5719390,A1,2.920,-82.7,0.770,2.835
5719400,A2,3.420,-82.2,0.820,2.835
5719520,A3,0.750,-80.8,0.820,2.827
5719540,A1,2.890,-82.6,0.789,2.798
5719550,A2,3.440,-82.4,0.764,2.798
5719820,A3,0.760,-81.0,0.764,2.796
5719840,A1,2.900,-83.2,0.774,2.805
5719850,A2,3.450,-82.3,0.762,2.805
5719970,A3,0.770,-80.8,0.762,2.803
5719990,A1,2.900,-82.6,0.762,2.803
5720000,A2,3.470,-82.3,0.737,2.803
5720120,A3,0.720,-81.4,0.737,2.815
5720140,A1,2.890,-82.4,0.727,2.806
5720150,A2,3.470,-82.6,0.727,2.806
5720270,A3,0.770,-81.5,0.727,2.793
5720290,A1,2.880,-82.6,0.716,2.784
5720300,A2,3.420,-82.2,0.778,2.784
5720420,A3,0.750,-81.5,0.778,2.789
5720440,A1,2.900,-82.7,0.799,2.808
5720450,A2,3.490,-82.3,0.712,2.808
5720570,A3,0.750,-81.1,0.712,2.808
5720590,A1,2.890,-82.4,0.702,2.798
5720600,A2,3.440,-82.3,0.764,2.798
5720720,A3,0.770,-80.4,0.764,2.793
5720740,A1,2.900,-82.4,0.774,2.803
5720750,A2,3.410,-82.2,0.811,2.803
5720870,A3,0.760,-81.3,0.811,2.805
5720890,A1,2.890,-82.4,0.801,2.796
5720900,A2,3.460,-82.2,0.739,2.796
5721020,A3,0.760,-81.3,0.739,2.796
5721040,A1,2.920,-83.1,0.770,2.825
5721050,A2,3.450,-82.7,0.783,2.825
5721170,A3,0.790,-80.9,0.783,2.817
5721190,A1,2.880,-82.5,0.741,2.778
5721200,A2,3.420,-82.4,0.778,2.778
5721320,A3,0.780,-81.4,0.778,2.781
5721340,A1,2.900,-82.6,0.799,2.800
5721350,A2,3.460,-82.5,0.749,2.800
5721470,A3,0.770,-80.8,0.749,2.803
5721490,A1,2.900,-82.4,0.749,2.803
5721500,A2,3.470,-82.4,0.737,2.803
5721620,A3,0.740,-81.5,0.737,2.810
5721640,A1,2.890,-83.2,0.727,2.801
5721650,A2,3.420,-82.3,0.789,2.801
5721770,A3,0.770,-81.0,0.789,2.793
5721790,A1,2.890,-82.9,0.789,2.793
5721800,A2,3.440,-82.2,0.764,2.793
5721920,A3,0.780,-81.5,0.764,2.791
5721940,A1,2.890,-82.8,0.764,2.791
5721950,A2,3.430,-82.3,0.776,2.791
5722070,A3,0.770,-81.0,0.776,2.793
5722090,A1,2.890,-82.5,0.776,2.793
5722100,A2,3.430,-82.5,0.776,2.793
5722220,A3,0.760,-81.4,0.776,2.796
5722240,A1,2.890,-82.3,0.776,2.796
5722250,A2,3.440,-82.1,0.764,2.796
5722370,A3,0.720,-80.9,0.764,2.806
5722390,A1,2.910,-82.6,0.785,2.825
5722400,A2,3.450,-82.5,0.772,2.825
5722520,A3,0.790,-82.5,0.772,2.807
5722540,A1,2.890,-83.4,0.751,2.788
5722550,A2,3.460,-82.9,0.739,2.788
5722670,A3,0.770,-81.3,0.739,2.793
5722690,A1,2.880,-82.6,0.729,2.784
5722700,A2,3.420,-82.4,0.778,2.784
5722990,A1,2.890,-83.0,0.789,2.793
5723000,A2,3.410,-82.4,0.801,2.793
5723140,A1,2.900,-82.4,0.811,2.803
5723150,A2,3.420,-82.4,0.799,2.803
5723270,A3,0.750,-81.2,0.799,2.808
5723290,A1,2.900,-82.4,0.799,2.808
5723300,A2,3.440,-82.3,0.774,2.808
5723420,A3,0.750,-81.3,0.774,2.808
5723440,A1,2.890,-82.5,0.764,2.798
5723450,A2,3.450,-82.6,0.751,2.798
5723570,A3,0.750,-80.7,0.751,2.798
5723590,A1,2.890,-83.1,0.751,2.798
5723600,A2,3.450,-82.2,0.751,2.798
5723720,A3,0.740,-81.7,0.751,2.801
5723740,A1,2.890,-82.8,0.751,2.801
5723750,A2,3.460,-82.4,0.739,2.801
5723870,A3,0.740,-81.7,0.739,2.801
5723890,A1,2.900,-82.6,0.749,2.810
5723900,A2,3.450,-82.1,0.762,2.810
5724020,A3,0.770,-81.5,0.762,2.803
5724040,A1,2.880,-82.8,0.741,2.784
5724050,A2,3.440,-82.5,0.753,2.784
5724170,A3,0.780,-81.5,0.753,2.781
5724190,A1,2.890,-82.9,0.764,2.791
5724200,A2,3.440,-82.1,0.764,2.791
5724320,A3,0.770,-81.4,0.764,2.793
5724340,A1,2.920,-82.3,0.795,2.822
5724350,A2,3.440,-82.3,0.795,2.822
5724470,A3,0.780,-80.6,0.795,2.820
5724490,A1,2.910,-82.3,0.785,2.810
5724500,A2,3.430,-82.2,0.797,2.810
5724620,A3,0.760,-81.5,0.797,2.815
5724640,A1,2.900,-82.9,0.787,2.805
5724650,A2,3.480,-82.4,0.724,2.805
5724770,A3,0.740,-81.7,0.724,2.810
5724790,A1,2.890,-82.5,0.714,2.801
5724800,A2,3.460,-82.6,0.739,2.801
5724920,A3,0.780,-80.8,0.739,2.791
5724940,A1,2.900,-82.6,0.749,2.800
5724950,A2,3.440,-82.4,0.774,2.800
5725070,A3,0.790,-81.2,0.774,2.798
5725090,A1,2.900,-83.1,0.774,2.798
5725100,A2,3.420,-82.2,0.799,2.798
5725220,A3,0.780,-81.3,0.799,2.800
5725240,A1,2.900,-82.6,0.799,2.800
5725250,A2,3.430,-82.2,0.787,2.800
5725370,A3,0.740,-81.4,0.787,2.810
5725390,A1,2.900,-82.9,0.787,2.810
5725400,A2,3.440,-82.6,0.774,2.810
5725520,A3,0.750,-81.3,0.774,2.808
5725540,A1,2.900,-83.2,0.774,2.808
5725550,A2,3.460,-82.2,0.749,2.808
5725670,A3,0.770,-80.8,0.749,2.803
5725690,A1,2.880,-82.7,0.729,2.784
5725700,A2,3.460,-82.3,0.729,2.784
5725820,A3,0.760,-81.5,0.729,2.786
5725840,A1,2.890,-82.7,0.739,2.796
5725850,A2,3.440,-82.5,0.764,2.796
5726120,A3,0.790,-81.3,0.764,2.788
5726140,A1,2.900,-83.0,0.774,2.798
5726150,A2,3.440,-82.2,0.774,2.798
5726270,A3,0.720,-80.6,0.774,2.815
5726290,A1,2.910,-82.5,0.785,2.825
5726300,A2,3.420,-82.2,0.809,2.825
5726420,A3,0.740,-80.8,0.809,2.820
5726440,A1,2.890,-82.5,0.789,2.801
5726720,A3,0.770,-80.7,0.789,2.793
5726740,A1,2.880,-82.6,0.778,2.784
5726750,A2,3.440,-82.2,0.753,2.784
5726870,A3,0.750,-80.7,0.753,2.789
5726890,A1,2.890,-82.6,0.764,2.798
5726900,A2,3.490,-82.2,0.702,2.798
5727020,A3,0.770,-81.3,0.702,2.793
5727050,A2,3.440,-82.6,0.764,2.793
5727200,A2,3.450,-82.3,0.751,2.793
5727320,A3,0.740,-81.2,0.751,2.801
5727340,A1,2.880,-82.6,0.741,2.791
5727350,A2,3.450,-82.8,0.741,2.791
5727470,A3,0.760,-80.2,0.741,2.786
5727490,A1,2.910,-83.3,0.772,2.815
5727500,A2,3.450,-81.7,0.772,2.815
5727620,A3,0.760,-80.8,0.772,2.815
5727640,A1,2.890,-82.7,0.751,2.796
5727650,A2,3.440,-82.5,0.764,2.796
5727770,A3,0.750,-81.4,0.764,2.798
5727790,A1,2.890,-82.5,0.764,2.798
5727800,A2,3.420,-82.5,0.789,2.798
5727920,A3,0.770,-81.5,0.789,2.793
5727940,A1,2.890,-82.5,0.789,2.793
5727950,A2,3.420,-82.5,0.789,2.793
5728070,A3,0.760,-80.7,0.789,2.796
5728090,A1,2.880,-82.4,0.778,2.786
5728100,A2,3.450,-82.2,0.741,2.786
5728220,A3,0.780,-81.2,0.741,2.781
5728240,A1,2.900,-82.8,0.762,2.800
5728250,A2,3.420,-82.5,0.799,2.800
5728370,A3,0.740,-80.7,0.799,2.810
5728390,A1,2.900,-83.1,0.799,2.810
5728400,A2,3.440,-82.3,0.774,2.810
5728520,A3,0.760,-81.6,0.774,2.805
5728540,A1,2.910,-82.5,0.785,2.815
5728550,A2,3.450,-82.5,0.772,2.815
5728670,A3,0.760,-80.6,0.772,2.815
5728690,A1,2.910,-82.4,0.772,2.815
5728700,A2,3.450,-82.3,0.772,2.815
5728820,A3,0.750,-81.1,0.772,2.818
5728840,A1,2.880,-82.3,0.741,2.789
5728850,A2,3.450,-82.3,0.741,2.789
5728970,A3,0.760,-80.7,0.741,2.786
5728990,A1,2.880,-82.5,0.741,2.786
5729000,A2,3.440,-81.9,0.753,2.786
5729270,A3,0.740,-81.2,0.753,2.791
5729290,A1,2.890,-82.8,0.764,2.801
5729300,A2,3.430,-82.6,0.776,2.801
5729420,A3,0.780,-81.3,0.776,2.791
5729440,A1,2.880,-82.8,0.766,2.781
5729450,A2,3.450,-82.4,0.741,2.781
5729570,A3,0.760,-80.6,0.741,2.786
5729590,A1,2.910,-83.0,0.772,2.815
5729600,A2,3.470,-82.6,0.747,2.815
5729720,A3,0.780,-81.1,0.747,2.810
5729740,A1,2.890,-82.7,0.727,2.791
5729750,A2,3.450,-82.6,0.751,2.791
5729870,A3,0.750,-81.7,0.751,2.798
5729890,A1,2.900,-82.8,0.762,2.808
5729900,A2,3.420,-82.5,0.799,2.808
5730020,A3,0.770,-81.3,0.799,2.803
5730040,A1,2.910,-82.6,0.809,2.813
5730050,A2,3.450,-82.6,0.772,2.813
5730170,A3,0.760,-81.4,0.772,2.815
5730190,A1,2.900,-82.6,0.762,2.805
5730200,A2,3.470,-82.8,0.737,2.805
5730320,A3,0.780,-80.9,0.737,2.800
5730340,A1,2.900,-83.3,0.737,2.800
5730350,A2,3.440,-82.6,0.774,2.800
5730470,A3,0.800,-81.4,0.774,2.795
5730490,A1,2.910,-82.5,0.785,2.805
5730500,A2,3.430,-82.2,0.797,2.805
5730620,A3,0.730,-80.7,0.797,2.823
5730640,A1,2.900,-82.5,0.787,2.813
5730650,A2,3.440,-82.3,0.774,2.813
5730770,A3,0.740,-81.5,0.774,2.810
5730790,A1,2.910,-82.3,0.785,2.820
5730800,A2,3.450,-82.5,0.772,2.820
5730920,A3,0.780,-80.7,0.772,2.810
5730940,A1,2.910,-82.5,0.772,2.810
5730950,A2,3.480,-82.8,0.735,2.810
5731070,A3,0.760,-81.5,0.735,2.815
5731090,A1,2.900,-82.4,0.724,2.805
5731100,A2,3.430,-82.3,0.787,2.805
5731220,A3,0.770,-81.3,0.787,2.803
5731240,A1,2.900,-82.8,0.787,2.803
5731250,A2,3.450,-82.2,0.762,2.803
5731370,A3,0.750,-81.0,0.762,2.808
5731390,A1,2.890,-82.4,0.751,2.798
5731400,A2,3.460,-82.4,0.739,2.798
5731520,A3,0.750,-80.9,0.739,2.798
5731540,A1,2.890,-82.4,0.739,2.798
5731550,A2,3.420,-82.6,0.789,2.798
5731670,A3,0.780,-80.8,0.789,2.791
5731690,A1,2.890,-82.7,0.789,2.791
5731700,A2,3.470,-82.3,0.727,2.791
5731820,A3,0.760,-81.0,0.727,2.796
5731840,A1,2.920,-82.7,0.758,2.825
5731850,A2,3.430,-82.2,0.808,2.825
5731970,A3,0.760,-80.8,0.808,2.825
5731990,A1,2.900,-82.6,0.787,2.805
5732000,A2,3.450,-81.9,0.762,2.805
5732120,A3,0.740,-81.1,0.762,2.810
5732140,A1,2.920,-82.7,0.783,2.830
5732150,A2,3.450,-82.2,0.783,2.830
5732420,A3,0.760,-81.3,0.783,2.825
5732440,A1,2.890,-82.4,0.751,2.796
5732450,A2,3.450,-82.2,0.751,2.796
5732570,A3,0.760,-81.3,0.751,2.796
5732590,A1,2.920,-82.4,0.783,2.825
5732600,A2,3.430,-82.6,0.808,2.825
5732720,A3,0.770,-80.5,0.808,2.822
5732740,A1,2.930,-82.6,0.818,2.832
5732750,A2,3.440,-82.7,0.806,2.832
5732870,A3,0.730,-80.8,0.806,2.842
5732890,A1,2.900,-83.1,0.774,2.813
5732900,A2,3.470,-82.2,0.737,2.813
5733020,A3,0.760,-81.0,0.737,2.805
5733040,A1,2.920,-82.4,0.758,2.825
5733050,A2,3.460,-82.8,0.770,2.825
5733170,A3,0.760,-82.2,0.770,2.825
5733190,A1,2.920,-83.6,0.770,2.825
5733200,A2,3.450,-82.4,0.783,2.825
5733320,A3,0.780,-80.7,0.783,2.820
5733340,A1,2.890,-82.7,0.751,2.791
5733350,A2,3.450,-82.0,0.751,2.791
5733470,A3,0.790,-81.3,0.751,2.788
5733490,A1,2.880,-82.4,0.741,2.778
5733500,A2,3.470,-82.2,0.716,2.778
5733620,A3,0.750,-81.2,0.716,2.789
5733640,A1,2.900,-82.4,0.737,2.808
5733650,A2,3.470,-82.4,0.737,2.808
5733770,A3,0.770,-80.8,0.737,2.803
5733790,A1,2.910,-82.4,0.747,2.813
5733800,A2,3.440,-82.4,0.785,2.813
5733920,A3,0.760,-81.5,0.785,2.815
5733940,A1,2.910,-82.5,0.785,2.815
5733950,A2,3.460,-82.4,0.760,2.815
5734070,A3,0.760,-81.0,0.760,2.815
5734090,A1,2.930,-82.4,0.781,2.835
5734100,A2,3.470,-82.7,0.768,2.835
5734220,A3,0.790,-81.4,0.768,2.827
5734240,A1,2.910,-82.6,0.747,2.807
5734250,A2,3.470,-82.3,0.747,2.807
5734370,A3,0.760,-80.8,0.747,2.815
5734390,A1,2.930,-82.7,0.768,2.835
5734400,A2,3.450,-82.8,0.793,2.835
5734520,A3,0.740,-81.0,0.793,2.840
5734540,A1,2.900,-83.1,0.762,2.810
5734550,A2,3.460,-82.2,0.749,2.810
5734670,A3,0.740,-81.4,0.749,2.810
5734690,A1,2.890,-82.7,0.739,2.801
5734700,A2,3.440,-82.0,0.764,2.801
5734820,A3,0.780,-80.9,0.764,2.791
5734840,A1,2.890,-82.7,0.764,2.791
5734850,A2,3.450,-82.6,0.751,2.791
5734970,A3,0.790,-80.9,0.751,2.788
5734990,A1,2.900,-83.0,0.762,2.798
5735000,A2,3.460,-82.7,0.749,2.798
5735120,A3,0.760,-80.6,0.749,2.805
5735140,A1,2.900,-82.3,0.749,2.805
5735150,A2,3.470,-82.4,0.737,2.805
5735270,A3,0.760,-81.4,0.737,2.805
5735290,A1,2.900,-82.7,0.737,2.805
5735300,A2,3.470,-82.8,0.737,2.805
5735570,A3,0.730,-81.6,0.737,2.813
5735590,A1,2.920,-82.7,0.758,2.832
5735600,A2,3.420,-82.2,0.820,2.832
5735720,A3,0.770,-80.9,0.820,2.822
5735740,A1,2.910,-82.9,0.809,2.813
5735750,A2,3.430,-82.3,0.797,2.813
5735870,A3,0.790,-81.5,0.797,2.807
5735890,A1,2.900,-82.3,0.787,2.798
5735900,A2,3.440,-82.1,0.774,2.798
5736020,A3,0.760,-80.7,0.774,2.805
5736040,A1,2.900,-83.0,0.774,2.805
5736050,A2,3.440,-82.0,0.774,2.805
5736170,A3,0.750,-81.2,0.774,2.808
5736190,A1,2.910,-82.8,0.785,2.818
5736200,A2,3.450,-82.5,0.772,2.818
5736320,A3,0.720,-81.2,0.772,2.825
5736340,A1,2.910,-82.3,0.772,2.825
5736350,A2,3.430,-82.3,0.797,2.825
5736470,A3,0.770,-81.5,0.797,2.813
5736500,A2,3.410,-82.2,0.822,2.813
5736650,A2,3.470,-82.7,0.747,2.813
5736770,A3,0.750,-81.1,0.747,2.818
5736790,A1,2.900,-82.5,0.737,2.808
5736800,A2,3.460,-82.7,0.749,2.808
5736920,A3,0.770,-81.0,0.749,2.803
5736950,A2,3.450,-82.7,0.762,2.803
5737100,A2,3.460,-82.5,0.749,2.803
5737220,A3,0.770,-81.5,0.749,2.803
5737240,A1,2.910,-82.4,0.760,2.813
5737250,A2,3.430,-82.4,0.797,2.813
5737370,A3,0.770,-81.5,0.797,2.813
5737390,A1,2.900,-82.6,0.787,2.803
5737400,A2,3.420,-82.0,0.799,2.803
5737520,A3,0.790,-80.9,0.799,2.798
5737540,A1,2.920,-83.0,0.820,2.817
5737550,A2,3.440,-82.1,0.795,2.817
5737670,A3,0.740,-81.3,0.795,2.830
5737690,A1,2.910,-82.8,0.785,2.820
5737700,A2,3.440,-82.3,0.785,2.820
5737820,A3,0.740,-81.3,0.785,2.820
5737840,A1,2.920,-82.3,0.795,2.830
5737850,A2,3.440,-82.3,0.795,2.830
5737970,A3,0.790,-81.2,0.795,2.817
5737990,A1,2.930,-83.0,0.806,2.827
5738000,A2,3.440,-82.5,0.806,2.827
5738120,A3,0.790,-81.4,0.806,2.827
5738140,A1,2.890,-82.2,0.764,2.788
5738150,A2,3.450,-82.2,0.751,2.788
5738270,A3,0.760,-81.2,0.751,2.796
5738290,A1,2.920,-82.3,0.783,2.825
5738300,A2,3.430,-82.4,0.808,2.825
5738420,A3,0.760,-81.5,0.808,2.825
5738440,A1,2.930,-82.3,0.818,2.835
5738450,A2,3.460,-82.5,0.781,2.835
5738720,A3,0.760,-81.0,0.781,2.835
5738740,A1,2.920,-82.1,0.770,2.825
5738750,A2,3.440,-82.3,0.795,2.825
5738870,A3,0.760,-80.5,0.795,2.825
5738890,A1,2.920,-82.7,0.795,2.825
5738900,A2,3.430,-82.3,0.808,2.825
5739020,A3,0.760,-81.2,0.808,2.825
5739040,A1,2.930,-83.0,0.818,2.835
5739050,A2,3.410,-82.0,0.843,2.835
5739170,A3,0.760,-81.0,0.843,2.835
5739190,A1,2.910,-82.5,0.822,2.815
5739200,A2,3.470,-82.2,0.747,2.815
5739320,A3,0.760,-81.8,0.747,2.815
5739340,A1,2.890,-82.7,0.727,2.796
5739350,A2,3.470,-82.3,0.727,2.796
5739470,A3,0.760,-81.5,0.727,2.796
5739490,A1,2.910,-82.5,0.747,2.815
5739500,A2,3.440,-82.2,0.785,2.815
5739620,A3,0.770,-81.2,0.785,2.813
5739650,A2,3.430,-82.4,0.797,2.813
5739800,A2,3.430,-82.3,0.797,2.813
5739920,A3,0.750,-81.6,0.797,2.818
5739940,A1,2.900,-82.6,0.787,2.808
5739950,A2,3.430,-82.4,0.787,2.808
5740070,A3,0.720,-81.8,0.787,2.815
5740090,A1,2.910,-83.1,0.797,2.825
5740100,A2,3.430,-82.1,0.797,2.825
5740220,A3,0.780,-80.8,0.797,2.810
5740240,A1,2.900,-82.2,0.787,2.800
5740250,A2,3.440,-82.7,0.774,2.800
5740370,A3,0.780,-80.9,0.774,2.800
5740390,A1,2.910,-82.4,0.785,2.810
5740400,A2,3.420,-81.9,0.809,2.810
5740520,A3,0.760,-81.3,0.809,2.815
5740540,A1,2.940,-82.3,0.841,2.844
5740550,A2,3.430,-82.2,0.829,2.844
5740670,A3,0.740,-80.9,0.829,2.849
5740690,A1,2.910,-82.8,0.797,2.820
5740700,A2,3.430,-82.2,0.797,2.820
5740820,A3,0.770,-81.4,0.797,2.813
5740840,A1,2.910,-82.3,0.797,2.813
5740850,A2,3.460,-82.1,0.760,2.813
5740970,A3,0.780,-81.1,0.760,2.810
5740990,A1,2.920,-82.2,0.770,2.820
5741000,A2,3.480,-82.4,0.745,2.820
5741120,A3,0.750,-81.0,0.745,2.827
5741140,A1,2.890,-82.7,0.714,2.798
5741150,A2,3.450,-82.0,0.751,2.798
5741270,A3,0.760,-81.2,0.751,2.796
5741290,A1,2.900,-82.4,0.762,2.805
5741300,A2,3.440,-82.2,0.774,2.805
5741420,A3,0.770,-81.5,0.774,2.803
5741440,A1,2.900,-82.7,0.774,2.803
5741450,A2,3.420,-82.2,0.799,2.803
5741570,A3,0.780,-81.2,0.799,2.800
5741590,A1,2.910,-82.8,0.809,2.810
5741600,A2,3.440,-82.0,0.785,2.810
5741870,A3,0.750,-81.1,0.785,2.818
5741890,A1,2.890,-82.5,0.764,2.798
5741900,A2,3.450,-82.2,0.751,2.798
5742020,A3,0.750,-81.3,0.751,2.798
5742040,A1,2.900,-82.6,0.762,2.808
5742050,A2,3.450,-82.6,0.762,2.808
5742170,A3,0.750,-80.7,0.762,2.808
5742190,A1,2.900,-82.7,0.762,2.808
5742470,A3,0.790,-80.7,0.762,2.798
5742490,A1,2.890,-83.0,0.751,2.788
5742500,A2,3.460,-82.4,0.739,2.788
5742620,A3,0.770,-80.9,0.739,2.793
5742640,A1,2.910,-82.8,0.760,2.813
5742650,A2,3.440,-82.2,0.785,2.813
5742770,A3,0.750,-81.0,0.785,2.818
5742790,A1,2.910,-82.3,0.785,2.818
5742800,A2,3.450,-82.6,0.772,2.818
5742920,A3,0.720,-80.9,0.772,2.825
5742940,A1,2.920,-82.4,0.783,2.835
5742950,A2,3.430,-82.0,0.808,2.835
5743070,A3,0.740,-81.6,0.808,2.830
5743090,A1,2.890,-82.6,0.776,2.801
5743100,A2,3.450,-82.0,0.751,2.801
5743220,A3,0.780,-81.5,0.751,2.791
5743240,A1,2.900,-82.4,0.762,2.800
5743250,A2,3.450,-82.1,0.762,2.800
5743370,A3,0.750,-80.8,0.762,2.808
5743390,A1,2.910,-82.9,0.772,2.818
5743400,A2,3.470,-82.1,0.747,2.818
5743520,A3,0.750,-80.5,0.747,2.818
5743540,A1,2.890,-82.3,0.727,2.798
5743550,A2,3.420,-82.1,0.789,2.798
5743670,A3,0.740,-81.3,0.789,2.801
5743690,A1,2.910,-82.3,0.809,2.820
5743700,A2,3.440,-82.1,0.785,2.820
5743820,A3,0.740,-80.9,0.785,2.820
5743840,A1,2.940,-82.2,0.816,2.849
5743850,A2,3.410,-81.9,0.853,2.849
5743970,A3,0.750,-81.6,0.853,2.847
5743990,A1,2.910,-82.4,0.822,2.818
5744000,A2,3.440,-82.0,0.785,2.818
5744120,A3,0.760,-80.8,0.785,2.815
5744140,A1,2.900,-82.6,0.774,2.805
5744150,A2,3.430,-82.5,0.787,2.805
5744270,A3,0.770,-80.7,0.787,2.803
5744290,A1,2.910,-82.2,0.797,2.813
5744300,A2,3.420,-82.2,0.809,2.813
5744420,A3,0.770,-80.8,0.809,2.813
5744440,A1,2.890,-82.4,0.789,2.793
5744450,A2,3.420,-82.3,0.789,2.793
5744570,A3,0.740,-80.9,0.789,2.801
5744590,A1,2.890,-82.7,0.789,2.801
5744600,A2,3.440,-82.3,0.764,2.801
5744720,A3,0.760,-81.8,0.764,2.796
5744740,A1,2.910,-82.2,0.785,2.815
5744750,A2,3.430,-82.2,0.797,2.815
5745020,A3,0.770,-81.3,0.797,2.813
5745040,A1,2.920,-82.2,0.808,2.822
5745050,A2,3.450,-82.2,0.783,2.822
5745170,A3,0.770,-80.9,0.783,2.822
5745190,A1,2.930,-82.1,0.793,2.832
5745200,A2,3.420,-82.4,0.830,2.832
5745320,A3,0.750,-81.3,0.830,2.837
5745350,A2,3.460,-82.5,0.781,2.837
5745500,A2,3.450,-82.2,0.793,2.837
5745620,A3,0.740,-80.9,0.793,2.840
5745640,A1,2.910,-82.9,0.772,2.820
5745650,A2,3.430,-82.0,0.797,2.820
5745770,A3,0.720,-81.1,0.797,2.825
5745790,A1,2.900,-82.3,0.787,2.815
5745800,A2,3.440,-82.5,0.774,2.815
5745920,A3,0.780,-81.7,0.774,2.800
5745940,A1,2.920,-82.8,0.795,2.820
5745950,A2,3.450,-82.3,0.783,2.820
5746070,A3,0.760,-81.7,0.783,2.825
5746090,A1,2.910,-82.1,0.772,2.815
5746100,A2,3.450,-82.6,0.772,2.815
5746220,A3,0.770,-81.5,0.772,2.813
5746240,A1,2.930,-82.1,0.793,2.832
5746250,A2,3.450,-82.4,0.793,2.832
5746370,A3,0.740,-81.6,0.793,2.840
5746390,A1,2.940,-82.3,0.804,2.849
5746400,A2,3.460,-82.8,0.791,2.849
5746520,A3,0.730,-81.0,0.791,2.852
5746540,A1,2.920,-82.1,0.770,2.832
5746550,A2,3.450,-82.5,0.783,2.832
5746670,A3,0.750,-81.5,0.783,2.827
5746690,A1,2.920,-82.1,0.783,2.827
5746700,A2,3.460,-82.7,0.770,2.827
5746820,A3,0.750,-81.8,0.770,2.827
5746840,A1,2.910,-82.1,0.760,2.818
5746850,A2,3.430,-82.2,0.797,2.818
5746970,A3,0.780,-80.9,0.797,2.810
5746990,A1,2.920,-82.2,0.808,2.820
5747000,A2,3.460,-82.1,0.770,2.820
5747120,A3,0.760,-81.0,0.770,2.825
5747140,A1,2.930,-83.0,0.781,2.835
5747150,A2,3.430,-82.1,0.818,2.835
5747270,A3,0.760,-81.3,0.818,2.835
5747290,A1,2.920,-82.0,0.808,2.825
5747300,A2,3.440,-82.2,0.795,2.825
5747420,A3,0.760,-80.9,0.795,2.825
5747440,A1,2.920,-82.7,0.795,2.825
5747450,A2,3.420,-82.0,0.820,2.825
5747570,A3,0.750,-81.4,0.820,2.827
5747590,A1,2.940,-82.4,0.841,2.847
5747600,A2,3.430,-82.0,0.829,2.847
5747720,A3,0.740,-81.4,0.829,2.849
5747740,A1,2.940,-82.2,0.829,2.849
5747750,A2,3.440,-82.2,0.816,2.849
5747870,A3,0.740,-81.9,0.816,2.849
5747890,A1,2.910,-82.7,0.785,2.820
5747900,A2,3.440,-82.2,0.785,2.820
5748170,A3,0.820,-81.6,0.785,2.799
5748190,A1,2.920,-82.2,0.795,2.809
5748200,A2,3.430,-82.2,0.808,2.809
5748320,A3,0.760,-81.7,0.808,2.825
5748340,A1,2.900,-83.1,0.787,2.805
5748350,A2,3.430,-82.0,0.787,2.805
5748470,A3,0.770,-80.7,0.787,2.803
5748490,A1,2.930,-82.4,0.818,2.832
5748500,A2,3.420,-82.1,0.830,2.832
5748620,A3,0.770,-81.1,0.830,2.832
5748640,A1,2.920,-82.1,0.820,2.822
5748650,A2,3.420,-82.5,0.820,2.822
5748770,A3,0.750,-81.4,0.820,2.827
5748790,A1,2.910,-82.1,0.809,2.818
5748800,A2,3.450,-82.2,0.772,2.818
5748920,A3,0.760,-81.6,0.772,2.815
5748940,A1,2.920,-82.6,0.783,2.825
5748950,A2,3.440,-82.4,0.795,2.825
5749070,A3,0.760,-81.2,0.795,2.825
5749090,A1,2.900,-82.4,0.774,2.805
5749100,A2,3.410,-82.2,0.811,2.805
5749220,A3,0.730,-81.5,0.811,2.813
5749240,A1,2.920,-82.3,0.832,2.832
5749250,A2,3.430,-82.4,0.808,2.832
5749370,A3,0.730,-81.3,0.808,2.832
5749390,A1,2.930,-82.2,0.818,2.842
5749400,A2,3.450,-82.3,0.793,2.842
5749520,A3,0.720,-81.5,0.793,2.844
5749540,A1,2.890,-82.9,0.751,2.806
5749550,A2,3.440,-82.3,0.764,2.806
5749670,A3,0.760,-81.6,0.764,2.796
5749690,A1,2.930,-83.0,0.806,2.835
5749700,A2,3.430,-81.9,0.818,2.835
5749820,A3,0.770,-81.6,0.818,2.832
5749840,A1,2.930,-82.5,0.818,2.832
5749850,A2,3.430,-82.1,0.818,2.832
5749970,A3,0.780,-81.7,0.818,2.829
5749990,A1,2.920,-82.5,0.808,2.820
5750000,A2,3.480,-82.1,0.745,2.820
5750120,A3,0.780,-81.5,0.745,2.820
5750140,A1,2.930,-82.0,0.756,2.829
5750150,A2,3.440,-82.1,0.806,2.829
5750270,A3,0.770,-81.1,0.806,2.832
5750290,A1,2.940,-83.3,0.816,2.842
5750300,A2,3.450,-82.8,0.804,2.842
5750420,A3,0.760,-81.3,0.804,2.844
5750440,A1,2.920,-82.2,0.783,2.825
5750450,A2,3.480,-82.1,0.745,2.825
5750570,A3,0.750,-81.0,0.745,2.827
5750590,A1,2.910,-82.5,0.735,2.818
5750600,A2,3.440,-82.3,0.785,2.818
5750720,A3,0.730,-81.3,0.785,2.823
5750740,A1,2.940,-82.1,0.816,2.852
5750750,A2,3.470,-82.3,0.779,2.852
5750870,A3,0.730,-81.3,0.779,2.852
5750890,A1,2.910,-82.2,0.747,2.823
5750900,A2,3.440,-82.2,0.785,2.823
5751020,A3,0.770,-81.2,0.785,2.813
5751040,A1,2.900,-82.8,0.774,2.803
5751050,A2,3.430,-82.5,0.787,2.803
5751320,A3,0.750,-81.3,0.787,2.808
5751340,A1,2.910,-82.4,0.797,2.818
5751350,A2,3.450,-82.4,0.772,2.818
5751470,A3,0.720,-81.4,0.772,2.825
5751490,A1,2.910,-82.2,0.772,2.825
5751500,A2,3.440,-82.4,0.785,2.825
5751620,A3,0.760,-81.3,0.785,2.815
5751640,A1,2.900,-82.5,0.774,2.805
5751650,A2,3.410,-82.1,0.811,2.805
5751770,A3,0.730,-81.2,0.811,2.813
5751790,A1,2.920,-82.5,0.832,2.832
5751800,A2,3.430,-82.5,0.808,2.832
5751920,A3,0.720,-80.8,0.808,2.835
5751940,A1,2.900,-82.1,0.787,2.815
5751950,A2,3.440,-82.4,0.774,2.815
5752070,A3,0.760,-81.9,0.774,2.805
5752090,A1,2.920,-82.7,0.795,2.825
5752100,A2,3.440,-82.5,0.795,2.825
5752220,A3,0.760,-81.5,0.795,2.825
5752240,A1,2.910,-82.2,0.785,2.815
5752250,A2,3.460,-82.6,0.760,2.815
5752370,A3,0.750,-81.2,0.760,2.818
5752390,A1,2.930,-82.2,0.781,2.837
5752400,A2,3.450,-82.3,0.793,2.837
5752520,A3,0.770,-81.5,0.793,2.832
5752540,A1,2.940,-82.0,0.804,2.842
5752550,A2,3.450,-82.3,0.804,2.842
5752670,A3,0.770,-81.8,0.804,2.842
5752690,A1,2.920,-82.6,0.783,2.822
5752700,A2,3.460,-82.2,0.770,2.822
5752820,A3,0.780,-81.5,0.770,2.820
5752840,A1,2.910,-82.5,0.760,2.810
5752850,A2,3.470,-82.2,0.747,2.810
5752970,A3,0.760,-81.5,0.747,2.815
5752990,A1,2.910,-82.8,0.747,2.815
5753000,A2,3.480,-82.8,0.735,2.815
5753120,A3,0.760,-81.5,0.735,2.815
5753140,A1,2.920,-82.6,0.745,2.825
5753150,A2,3.460,-82.7,0.770,2.825
5753270,A3,0.760,-81.7,0.770,2.825
5753290,A1,2.930,-82.5,0.781,2.835
5753300,A2,3.440,-82.8,0.806,2.835
5753420,A3,0.730,-81.5,0.806,2.842
5753440,A1,2.900,-82.4,0.774,2.813
5753450,A2,3.450,-82.3,0.762,2.813
5753570,A3,0.740,-81.5,0.762,2.810
5753590,A1,2.940,-82.9,0.804,2.849
5753600,A2,3.460,-82.3,0.791,2.849
5753720,A3,0.740,-81.5,0.791,2.849
5753740,A1,2.920,-83.0,0.770,2.830
5753750,A2,3.450,-82.5,0.783,2.830
5753870,A3,0.710,-81.6,0.783,2.837
5753890,A1,2.940,-82.8,0.804,2.857
5753900,A2,3.430,-82.3,0.829,2.857
5754020,A3,0.750,-81.4,0.829,2.847
5754040,A1,2.920,-81.9,0.808,2.827
5754050,A2,3.440,-82.3,0.795,2.827
5754170,A3,0.740,-81.3,0.795,2.830
5754190,A1,2.920,-82.3,0.795,2.830
5754200,A2,3.460,-82.7,0.770,2.830
5754470,A3,0.750,-81.7,0.770,2.827
5754490,A1,2.910,-82.0,0.760,2.818
5754500,A2,3.440,-82.4,0.785,2.818
5754620,A3,0.770,-81.6,0.785,2.813
5754640,A1,2.920,-82.3,0.795,2.822
5754650,A2,3.450,-82.4,0.783,2.822
5754770,A3,0.780,-81.0,0.783,2.820
5754790,A1,2.910,-82.5,0.772,2.810
5754800,A2,3.430,-82.4,0.797,2.810
5754920,A3,0.760,-81.8,0.797,2.815
5754940,A1,2.910,-82.4,0.797,2.815
5754950,A2,3.470,-82.0,0.747,2.815
5755070,A3,0.770,-81.6,0.747,2.813
5755090,A1,2.940,-82.9,0.779,2.842
5755100,A2,3.440,-81.8,0.816,2.842
5755220,A3,0.770,-81.6,0.816,2.842
5755240,A1,2.930,-82.1,0.806,2.832
5755250,A2,3.440,-82.3,0.806,2.832
5755370,A3,0.740,-81.4,0.806,2.840
5755390,A1,2.920,-82.5,0.795,2.830
5755400,A2,3.460,-82.2,0.770,2.830
5755520,A3,0.760,-81.3,0.770,2.825
5755540,A1,2.900,-82.3,0.749,2.805
5755550,A2,3.450,-82.4,0.762,2.805
5755670,A3,0.730,-81.3,0.762,2.813
5755690,A1,2.920,-82.6,0.783,2.832
5755700,A2,3.480,-82.3,0.745,2.832
5755820,A3,0.710,-81.4,0.745,2.837
5755840,A1,2.920,-82.1,0.745,2.837
5755850,A2,3.430,-82.6,0.808,2.837
5755990,A1,2.940,-82.2,0.829,2.857
5756000,A2,3.430,-82.2,0.829,2.857
5756140,A1,2.920,-82.1,0.808,2.837
5756150,A2,3.460,-82.3,0.770,2.837
5756270,A3,0.750,-81.5,0.770,2.827
5756290,A1,2.920,-82.9,0.770,2.827
5756300,A2,3.440,-82.2,0.795,2.827
5756420,A3,0.790,-81.9,0.795,2.817
5756440,A1,2.920,-82.1,0.795,2.817
5756450,A2,3.450,-82.4,0.783,2.817
5756570,A3,0.740,-80.9,0.783,2.830
5756590,A1,2.920,-82.4,0.783,2.830
5756600,A2,3.460,-82.4,0.770,2.830
5756720,A3,0.770,-81.7,0.770,2.822
5756740,A1,2.940,-82.2,0.791,2.842
5756750,A2,3.430,-82.2,0.829,2.842
5756870,A3,0.750,-81.4,0.829,2.847
5756890,A1,2.900,-83.0,0.787,2.808
5756900,A2,3.450,-82.3,0.762,2.808
5757020,A3,0.740,-81.1,0.762,2.810
5757040,A1,2.930,-82.7,0.793,2.840
5757050,A2,3.470,-82.4,0.768,2.840
5757170,A3,0.770,-81.7,0.768,2.832
5757190,A1,2.940,-82.7,0.779,2.842
5757200,A2,3.450,-82.5,0.804,2.842
5757320,A3,0.770,-81.0,0.804,2.842
5757340,A1,2.940,-82.7,0.804,2.842
5757350,A2,3.450,-82.2,0.804,2.842
5757620,A3,0.760,-81.8,0.804,2.844
5757640,A1,2.910,-82.2,0.772,2.815
5757650,A2,3.420,-82.4,0.809,2.815
5757770,A3,0.760,-81.5,0.809,2.815
5757790,A1,2.910,-82.7,0.809,2.815
5757800,A2,3.430,-82.4,0.797,2.815
5757920,A3,0.740,-81.2,0.797,2.820
5757940,A1,2.930,-82.2,0.818,2.840
5757950,A2,3.480,-82.3,0.756,2.840
5758070,A3,0.760,-81.4,0.756,2.835
5758090,A1,2.930,-82.5,0.756,2.835
5758100,A2,3.460,-82.7,0.781,2.835
5758220,A3,0.750,-81.0,0.781,2.837
5758240,A1,2.930,-82.6,0.781,2.837
5758250,A2,3.460,-82.4,0.781,2.837
5758370,A3,0.750,-81.3,0.781,2.837
5758390,A1,2.940,-82.2,0.791,2.847
5758400,A2,3.430,-82.3,0.829,2.847
5758520,A3,0.730,-81.6,0.829,2.852
5758540,A1,2.930,-82.2,0.818,2.842
5758550,A2,3.430,-81.9,0.818,2.842
5758670,A3,0.730,-81.4,0.818,2.842
5758690,A1,2.920,-82.0,0.808,2.832
5758700,A2,3.460,-82.4,0.770,2.832
5758820,A3,0.790,-81.2,0.770,2.817
5758840,A1,2.910,-82.9,0.760,2.807
5759120,A3,0.720,-81.5,0.760,2.825
5759140,A1,2.920,-82.2,0.770,2.835
5759150,A2,3.460,-82.3,0.770,2.835
5759270,A3,0.730,-81.6,0.770,2.832
5759290,A1,2.930,-82.6,0.781,2.842
5759300,A2,3.450,-81.8,0.793,2.842
5759420,A3,0.720,-81.4,0.793,2.844
5759440,A1,2.940,-82.3,0.804,2.854
5759450,A2,3.460,-82.0,0.791,2.854
5759570,A3,0.720,-80.9,0.791,2.854
5759590,A1,2.930,-82.1,0.781,2.844
5759600,A2,3.450,-82.2,0.793,2.844
5759720,A3,0.760,-81.7,0.793,2.835
5759740,A1,2.940,-82.3,0.804,2.844
5759750,A2,3.420,-81.9,0.841,2.844
5759870,A3,0.750,-81.5,0.841,2.847
5759890,A1,2.930,-82.7,0.830,2.837
5759900,A2,3.450,-82.3,0.793,2.837
5760020,A3,0.760,-81.2,0.793,2.835
5760040,A1,2.920,-82.0,0.783,2.825
5760050,A2,3.470,-82.0,0.758,2.825
5760170,A3,0.750,-80.8,0.758,2.827
5760190,A1,2.920,-82.2,0.758,2.827
5760200,A2,3.430,-82.6,0.808,2.827
5760320,A3,0.740,-81.1,0.808,2.830
5760340,A1,2.930,-82.1,0.818,2.840
5760350,A2,3.450,-82.1,0.793,2.840
5760470,A3,0.750,-81.6,0.793,2.837
5760490,A1,2.910,-82.1,0.772,2.818
5760500,A2,3.460,-82.4,0.760,2.818
5760770,A3,0.740,-81.1,0.760,2.820
5760790,A1,2.920,-82.1,0.770,2.830
5760800,A2,3.420,-82.4,0.820,2.830
5760920,A3,0.760,-82.4,0.820,2.825
5760940,A1,2.940,-82.9,0.841,2.844
5760950,A2,3.430,-82.7,0.829,2.844
5761070,A3,0.720,-81.0,0.829,2.854
5761090,A1,2.930,-82.3,0.818,2.844
5761100,A2,3.420,-81.8,0.830,2.844
5761220,A3,0.760,-81.2,0.830,2.835
5761240,A1,2.940,-82.3,0.841,2.844
5761250,A2,3.420,-82.3,0.841,2.844
5761370,A3,0.750,-81.4,0.841,2.847
5761390,A1,2.910,-82.8,0.809,2.818
5761400,A2,3.410,-82.4,0.822,2.818
5761520,A3,0.750,-81.4,0.822,2.818
5761540,A1,2.930,-82.4,0.843,2.837
5761550,A2,3.420,-82.0,0.830,2.837
5761670,A3,0.760,-81.4,0.830,2.835
5761690,A1,2.910,-82.1,0.809,2.815
5761700,A2,3.420,-82.3,0.809,2.815
5761820,A3,0.760,-81.3,0.809,2.815
5761840,A1,2.930,-82.3,0.830,2.835
5761850,A2,3.440,-81.9,0.806,2.835
5761970,A3,0.760,-81.0,0.806,2.835
5761990,A1,2.930,-82.9,0.806,2.835
5762000,A2,3.470,-82.9,0.768,2.835
5762120,A3,0.740,-81.8,0.768,2.840
5762140,A1,2.930,-83.1,0.768,2.840
5762150,A2,3.450,-82.1,0.793,2.840
5762270,A3,0.740,-81.3,0.793,2.840
5762290,A1,2.930,-82.0,0.793,2.840
5762300,A2,3.450,-82.6,0.793,2.840
5762420,A3,0.760,-80.8,0.793,2.835
5762440,A1,2.900,-82.1,0.762,2.805
5762450,A2,3.440,-82.5,0.774,2.805
5762570,A3,0.760,-81.4,0.774,2.805
5762590,A1,2.930,-82.5,0.806,2.835
5762600,A2,3.440,-82.4,0.806,2.835
5762720,A3,0.760,-80.9,0.806,2.835
5762740,A1,2.920,-82.2,0.795,2.825
5762750,A2,3.460,-82.7,0.770,2.825
5762870,A3,0.770,-81.7,0.770,2.822
5762890,A1,2.910,-82.0,0.760,2.813
5762900,A2,3.440,-82.2,0.785,2.813
5763020,A3,0.760,-81.6,0.785,2.815
5763040,A1,2.940,-82.8,0.816,2.844
5763050,A2,3.460,-82.6,0.791,2.844
5763170,A3,0.770,-81.5,0.791,2.842
5763190,A1,2.900,-82.8,0.749,2.803
5763200,A2,3.460,-81.9,0.749,2.803
5763320,A3,0.760,-80.8,0.749,2.805
5763340,A1,2.900,-82.1,0.749,2.805
5763350,A2,3.440,-82.4,0.774,2.805
5763470,A3,0.770,-81.3,0.774,2.803
5763490,A1,2.900,-82.3,0.774,2.803
5763500,A2,3.430,-82.5,0.787,2.803
5763620,A3,0.750,-80.5,0.787,2.808
5763640,A1,2.920,-81.9,0.808,2.827
5763650,A2,3.440,-81.9,0.795,2.827
5763920,A3,0.750,-80.6,0.795,2.827
5763940,A1,2.940,-81.6,0.816,2.847
5763950,A2,3.450,-82.3,0.804,2.847
5764070,A3,0.790,-80.5,0.804,2.837
5764090,A1,2.910,-82.1,0.772,2.807
5764100,A2,3.470,-82.0,0.747,2.807
5764220,A3,0.770,-80.7,0.747,2.813
5764240,A1,2.920,-81.9,0.758,2.822
5764250,A2,3.440,-81.9,0.795,2.822
5764370,A3,0.760,-81.0,0.795,2.825
5764390,A1,2.920,-82.4,0.795,2.825
5764400,A2,3.450,-82.0,0.783,2.825
5764520,A3,0.760,-80.3,0.783,2.825
5764540,A1,2.920,-82.4,0.783,2.825
5764550,A2,3.450,-81.8,0.783,2.825
5764670,A3,0.760,-80.9,0.783,2.825
5764690,A1,2.910,-82.3,0.772,2.815
5764700,A2,3.430,-81.9,0.797,2.815
5764820,A3,0.770,-80.0,0.797,2.813
5764840,A1,2.910,-81.7,0.797,2.813
5764850,A2,3.440,-82.1,0.785,2.813
5764970,A3,0.760,-80.1,0.785,2.815
5764990,A1,2.920,-82.2,0.795,2.825
5765000,A2,3.440,-82.2,0.795,2.825
5765120,A3,0.780,-80.5,0.795,2.820
5765140,A1,2.920,-81.2,0.795,2.820
5765150,A2,3.440,-82.2,0.795,2.820
5765270,A3,0.780,-81.2,0.795,2.820
5765290,A1,2.940,-81.5,0.816,2.839
5765300,A2,3.440,-82.1,0.816,2.839
5765420,A3,0.750,-80.5,0.816,2.847
5765440,A1,2.930,-81.2,0.806,2.837
5765450,A2,3.420,-82.0,0.830,2.837
5765570,A3,0.760,-81.0,0.830,2.835
5765590,A1,2.950,-81.5,0.852,2.854
5765600,A2,3.430,-82.2,0.839,2.854
5765720,A3,0.760,-80.6,0.839,2.854
5765740,A1,2.930,-81.7,0.818,2.835
5765750,A2,3.420,-82.2,0.830,2.835
5765870,A3,0.770,-81.6,0.830,2.832
5765890,A1,2.940,-81.4,0.841,2.842
5765900,A2,3.450,-82.2,0.804,2.842
5766020,A3,0.770,-81.6,0.804,2.842
5766040,A1,2.930,-82.1,0.793,2.832
5766050,A2,3.420,-82.1,0.830,2.832
5766170,A3,0.760,-81.3,0.830,2.835
5766190,A1,2.910,-81.8,0.809,2.815
5766200,A2,3.440,-82.2,0.785,2.815
5766320,A3,0.750,-81.5,0.785,2.818
5766340,A1,2.920,-81.4,0.795,2.827
5766350,A2,3.430,-82.2,0.808,2.827
5766470,A3,0.780,-81.4,0.808,2.820
5766490,A1,2.920,-81.7,0.808,2.820
5766500,A2,3.430,-82.3,0.808,2.820
5766620,A3,0.760,-81.6,0.808,2.825
5766640,A1,2.950,-81.3,0.839,2.854
5766650,A2,3.440,-82.2,0.827,2.854
5766770,A3,0.760,-81.8,0.827,2.854
5766790,A1,2.930,-81.7,0.806,2.835
5766800,A2,3.440,-82.1,0.806,2.835
5767070,A3,0.760,-80.9,0.806,2.835
5767090,A1,2.930,-81.7,0.806,2.835
5767100,A2,3.430,-82.0,0.818,2.835
5767220,A3,0.740,-80.8,0.818,2.840
5767240,A1,2.960,-81.2,0.850,2.869
5767250,A2,3.420,-82.3,0.862,2.869
5767370,A3,0.770,-80.3,0.862,2.861
5767390,A1,2.930,-82.0,0.830,2.832
5767400,A2,3.430,-82.1,0.818,2.832
5767520,A3,0.720,-80.6,0.818,2.844
5767540,A1,2.890,-81.4,0.776,2.806
5767550,A2,3.430,-82.1,0.776,2.806
5767670,A3,0.770,-81.5,0.776,2.793
5767690,A1,2.890,-82.0,0.776,2.793
5767700,A2,3.430,-82.0,0.776,2.793
5767820,A3,0.760,-80.1,0.776,2.796
5767840,A1,2.920,-81.9,0.808,2.825
5767850,A2,3.420,-82.2,0.820,2.825
5767970,A3,0.750,-80.6,0.820,2.827
5767990,A1,2.900,-81.7,0.799,2.808
5768000,A2,3.440,-82.1,0.774,2.808
5768120,A3,0.760,-81.2,0.774,2.805
5768140,A1,2.920,-81.9,0.795,2.825
5768150,A2,3.440,-81.8,0.795,2.825
5768270,A3,0.780,-80.7,0.795,2.820
5768290,A1,2.920,-82.1,0.795,2.820
5768300,A2,3.430,-82.3,0.808,2.820
5768420,A3,0.780,-80.4,0.808,2.820
5768440,A1,2.930,-81.4,0.818,2.829
5768450,A2,3.440,-81.9,0.806,2.829
5768570,A3,0.780,-80.8,0.806,2.829
5768590,A1,2.930,-81.6,0.806,2.829
5768600,A2,3.430,-82.6,0.818,2.829
5768720,A3,0.750,-81.1,0.818,2.837
5768740,A1,2.920,-81.9,0.808,2.827
5768750,A2,3.420,-82.2,0.820,2.827
5768870,A3,0.750,-81.7,0.820,2.827
5768890,A1,2.930,-81.8,0.830,2.837
5768900,A2,3.450,-82.3,0.793,2.837
5769020,A3,0.760,-81.2,0.793,2.835
5769040,A1,2.910,-81.8,0.772,2.815
5769050,A2,3.440,-82.2,0.785,2.815
5769170,A3,0.740,-81.1,0.785,2.820
5769190,A1,2.890,-82.0,0.764,2.801
5769200,A2,3.440,-82.2,0.764,2.801
5769320,A3,0.740,-80.8,0.764,2.801
5769340,A1,2.900,-81.8,0.774,2.810
5769350,A2,3.440,-82.2,0.774,2.810
5769470,A3,0.760,-80.9,0.774,2.805
5769490,A1,2.940,-81.9,0.816,2.844
5769500,A2,3.430,-82.0,0.829,2.844
5769620,A3,0.720,-81.0,0.829,2.854
5769640,A1,2.930,-82.1,0.818,2.844
5769650,A2,3.430,-81.8,0.818,2.844
5769770,A3,0.750,-81.3,0.818,2.837
5769790,A1,2.940,-82.1,0.829,2.847
5769800,A2,3.430,-81.9,0.829,2.847
5769920,A3,0.750,-81.3,0.829,2.847
5769940,A1,2.930,-81.5,0.818,2.837
5769950,A2,3.440,-82.4,0.806,2.837
5770220,A3,0.770,-81.3,0.806,2.832
5770240,A1,2.910,-82.2,0.785,2.813
5770250,A2,3.430,-82.2,0.797,2.813
5770370,A3,0.760,-81.2,0.797,2.815
5770390,A1,2.910,-81.8,0.797,2.815
5770400,A2,3.430,-82.4,0.797,2.815
5770520,A3,0.770,-80.5,0.797,2.813
5770540,A1,2.900,-82.0,0.787,2.803
5770550,A2,3.470,-82.3,0.737,2.803
5770670,A3,0.750,-81.2,0.737,2.808
5770690,A1,2.910,-82.5,0.747,2.818
5770700,A2,3.440,-82.1,0.785,2.818
5770820,A3,0.760,-81.0,0.785,2.815
5770840,A1,2.890,-82.0,0.764,2.796
5770850,A2,3.440,-81.9,0.764,2.796
5770970,A3,0.770,-80.8,0.764,2.793
5770990,A1,2.910,-81.8,0.785,2.813
5771000,A2,3.440,-82.5,0.785,2.813
5771120,A3,0.770,-81.2,0.785,2.813
5771140,A1,2.910,-81.6,0.785,2.813
5771150,A2,3.450,-82.0,0.772,2.813
5771270,A3,0.720,-80.2,0.772,2.825
5771290,A1,2.930,-81.8,0.793,2.844
5771300,A2,3.450,-81.8,0.793,2.844
5771420,A3,0.740,-80.3,0.793,2.840
5771440,A1,2.920,-81.9,0.783,2.830
5771450,A2,3.450,-82.3,0.783,2.830
5771570,A3,0.750,-82.3,0.783,2.827
5771590,A1,2.900,-82.9,0.762,2.808
5771600,A2,3.430,-82.6,0.787,2.808
5771720,A3,0.750,-80.5,0.787,2.808
5771740,A1,2.930,-81.9,0.818,2.837
5771750,A2,3.440,-81.9,0.806,2.837
5771870,A3,0.810,-80.8,0.806,2.821
5771890,A1,2.900,-82.5,0.774,2.792
5771900,A2,3.420,-82.3,0.799,2.792
5772020,A3,0.770,-80.5,0.799,2.803
5772040,A1,2.910,-81.9,0.809,2.813
5772050,A2,3.430,-82.2,0.797,2.813
5772170,A3,0.750,-81.3,0.797,2.818
5772190,A1,2.930,-81.4,0.818,2.837
5772200,A2,3.430,-82.1,0.818,2.837
5772320,A3,0.780,-81.6,0.818,2.829
5772340,A1,2.920,-81.6,0.808,2.820
5772350,A2,3.460,-82.3,0.770,2.820
5772470,A3,0.760,-80.8,0.770,2.825
5772490,A1,2.920,-82.1,0.770,2.825
5772500,A2,3.440,-82.4,0.795,2.825
5772620,A3,0.740,-81.6,0.795,2.830
5772640,A1,2.920,-81.4,0.795,2.830
5772650,A2,3.460,-82.2,0.770,2.830
5772770,A3,0.760,-80.9,0.770,2.825
5772790,A1,2.930,-81.5,0.781,2.835
5772800,A2,3.450,-82.0,0.793,2.835
5772920,A3,0.760,-80.7,0.793,2.835
5772940,A1,2.930,-82.1,0.793,2.835
5772950,A2,3.440,-82.6,0.806,2.835
5773070,A3,0.750,-81.3,0.806,2.837
5773090,A1,2.910,-81.7,0.785,2.818
5773100,A2,3.430,-82.0,0.797,2.818
5773370,A3,0.760,-80.9,0.797,2.815
5773390,A1,2.920,-81.7,0.808,2.825
5773400,A2,3.460,-82.5,0.770,2.825
5773520,A3,0.770,-81.2,0.770,2.822
5773540,A1,2.910,-82.1,0.760,2.813
5773550,A2,3.440,-82.3,0.785,2.813
5773670,A3,0.790,-80.3,0.785,2.807
5773690,A1,2.890,-82.1,0.764,2.788
5773700,A2,3.430,-81.9,0.776,2.788
5773820,A3,0.760,-80.4,0.776,2.796
5773840,A1,2.900,-82.1,0.787,2.805
5773850,A2,3.430,-82.3,0.787,2.805
5773970,A3,0.770,-80.3,0.787,2.803
5773990,A1,2.910,-82.3,0.797,2.813
5774000,A2,3.460,-82.1,0.760,2.813
5774120,A3,0.760,-81.2,0.760,2.815
5774140,A1,2.920,-82.5,0.770,2.825
5774150,A2,3.450,-82.2,0.783,2.825
5774270,A3,0.740,-80.9,0.783,2.830
5774290,A1,2.940,-82.5,0.804,2.849
5774300,A2,3.430,-82.3,0.829,2.849
5774420,A3,0.750,-81.0,0.829,2.847
5774440,A1,2.890,-82.2,0.776,2.798
5774450,A2,3.430,-82.2,0.776,2.798
5774570,A3,0.740,-80.8,0.776,2.801
5774590,A1,2.910,-82.3,0.797,2.820
5774600,A2,3.440,-82.3,0.785,2.820
5774720,A3,0.760,-80.3,0.785,2.815
5774740,A1,2.890,-82.6,0.764,2.796
5774750,A2,3.450,-82.1,0.751,2.796
5774870,A3,0.760,-80.9,0.751,2.796
5774890,A1,2.890,-82.1,0.751,2.796
5774900,A2,3.430,-82.0,0.776,2.796
5775020,A3,0.750,-81.0,0.776,2.798
5775040,A1,2.910,-82.1,0.797,2.818
5775050,A2,3.420,-82.5,0.809,2.818
5775170,A3,0.780,-81.2,0.809,2.810
5775190,A1,2.900,-82.3,0.799,2.800
5775200,A2,3.430,-82.6,0.787,2.800
5775320,A3,0.760,-81.1,0.787,2.805
5775340,A1,2.890,-82.5,0.776,2.796
5775350,A2,3.440,-82.2,0.764,2.796
5775470,A3,0.760,-81.3,0.764,2.796
5775490,A1,2.920,-81.9,0.795,2.825
5775500,A2,3.420,-82.2,0.820,2.825
5775620,A3,0.780,-80.7,0.820,2.820
5775640,A1,2.930,-82.5,0.830,2.829
5775650,A2,3.400,-82.0,0.855,2.829
5775770,A3,0.760,-81.3,0.855,2.835
5775790,A1,2.910,-82.0,0.834,2.815
5775800,A2,3.440,-82.3,0.785,2.815
5775920,A3,0.760,-80.5,0.785,2.815
5775940,A1,2.900,-82.0,0.774,2.805
5775950,A2,3.460,-82.1,0.749,2.805
5776070,A3,0.770,-81.6,0.749,2.803
5776090,A1,2.890,-81.8,0.739,2.793
5776100,A2,3.470,-82.2,0.727,2.793
5776240,A1,2.910,-81.6,0.747,2.813
5776250,A2,3.430,-82.1,0.797,2.813
5776520,A3,0.760,-81.6,0.797,2.815
5776540,A1,2.930,-82.0,0.818,2.835
5776550,A2,3.420,-82.1,0.830,2.835
5776670,A3,0.750,-81.4,0.830,2.837
5776690,A1,2.930,-82.3,0.830,2.837
5776700,A2,3.430,-82.3,0.818,2.837
5776820,A3,0.730,-81.6,0.818,2.842
5776840,A1,2.920,-81.6,0.808,2.832
5776850,A2,3.440,-82.3,0.795,2.832
5776970,A3,0.740,-80.8,0.795,2.830
5776990,A1,2.920,-81.5,0.795,2.830
5777000,A2,3.460,-82.3,0.770,2.830
5777120,A3,0.750,-80.5,0.770,2.827
5777140,A1,2.920,-81.9,0.770,2.827
5777150,A2,3.460,-82.7,0.770,2.827
5777270,A3,0.760,-81.2,0.770,2.825
5777290,A1,2.920,-82.2,0.770,2.825
5777300,A2,3.470,-82.3,0.758,2.825
5777420,A3,0.730,-81.0,0.758,2.832
5777440,A1,2.910,-82.3,0.747,2.823
5777450,A2,3.440,-82.2,0.785,2.823
5777570,A3,0.760,-81.3,0.785,2.815
5777590,A1,2.910,-82.2,0.785,2.815
5777600,A2,3.430,-82.1,0.797,2.815
5777720,A3,0.760,-81.1,0.797,2.815
5777740,A1,2.900,-81.8,0.787,2.805
5777750,A2,3.440,-82.2,0.774,2.805
5777870,A3,0.750,-80.7,0.774,2.808
5777890,A1,2.900,-81.9,0.774,2.808
5777900,A2,3.430,-81.9,0.787,2.808
5778020,A3,0.750,-80.8,0.787,2.808
5778040,A1,2.920,-81.8,0.808,2.827
5778050,A2,3.420,-82.1,0.820,2.827
5778170,A3,0.760,-80.6,0.820,2.825
5778190,A1,2.910,-82.5,0.809,2.815
5778200,A2,3.440,-82.2,0.785,2.815
5778320,A3,0.760,-80.8,0.785,2.815
5778340,A1,2.920,-82.3,0.795,2.825
5778350,A2,3.420,-82.3,0.820,2.825
5778470,A3,0.760,-80.3,0.820,2.825
5778490,A1,2.910,-81.9,0.809,2.815
5778500,A2,3.420,-82.1,0.809,2.815
5778620,A3,0.770,-80.2,0.809,2.813
5778640,A1,2.910,-82.1,0.809,2.813
5778650,A2,3.410,-82.1,0.822,2.813
5778770,A3,0.770,-81.3,0.822,2.813
5778790,A1,2.920,-82.5,0.832,2.822
5778800,A2,3.410,-81.9,0.832,2.822
5778920,A3,0.760,-81.1,0.832,2.825
5778940,A1,2.910,-82.8,0.822,2.815
5778950,A2,3.430,-82.4,0.797,2.815
5779070,A3,0.770,-80.1,0.797,2.813
5779090,A1,2.900,-82.3,0.787,2.803
5779100,A2,3.420,-82.3,0.799,2.803
5779220,A3,0.780,-80.4,0.799,2.800
5779240,A1,2.920,-82.4,0.820,2.820
5779250,A2,3.410,-82.2,0.832,2.820
5779370,A3,0.770,-80.4,0.832,2.822
5779390,A1,2.900,-82.4,0.811,2.803
5779400,A2,3.440,-82.2,0.774,2.803
5779670,A3,0.760,-80.4,0.774,2.805
5779690,A1,2.900,-82.2,0.774,2.805
5779700,A2,3.440,-82.1,0.774,2.805
5779820,A3,0.770,-80.4,0.774,2.803
5779840,A1,2.910,-82.0,0.785,2.813
5779850,A2,3.450,-81.9,0.772,2.813
5779970,A3,0.770,-80.3,0.772,2.813
5779990,A1,2.920,-82.3,0.783,2.822
5780000,A2,3.440,-82.2,0.795,2.822
5780120,A3,0.760,-80.8,0.795,2.825
5780140,A1,2.890,-82.8,0.764,2.796
5780150,A2,3.440,-82.0,0.764,2.796
5780270,A3,0.750,-81.2,0.764,2.798
5780290,A1,2.900,-82.0,0.774,2.808
5780300,A2,3.430,-82.6,0.787,2.808
5780440,A1,2.910,-82.4,0.797,2.818
5780450,A2,3.430,-82.4,0.797,2.818
5780590,A1,2.910,-81.8,0.797,2.818
5780600,A2,3.430,-82.3,0.797,2.818
5780720,A3,0.730,-80.3,0.797,2.823
5780740,A1,2.900,-82.0,0.787,2.813
5780750,A2,3.420,-82.0,0.799,2.813
5780870,A3,0.760,-81.0,0.799,2.805
5780890,A1,2.910,-82.0,0.809,2.815
5780900,A2,3.420,-82.5,0.809,2.815
5781020,A3,0.740,-80.7,0.809,2.820
5781040,A1,2.910,-82.4,0.809,2.820
5781050,A2,3.430,-82.1,0.797,2.820
5781170,A3,0.750,-80.1,0.797,2.818
5781190,A1,2.920,-82.1,0.808,2.827
5781200,A2,3.440,-82.3,0.795,2.827
5781320,A3,0.770,-80.5,0.795,2.822
5781340,A1,2.900,-82.0,0.774,2.803
5781350,A2,3.460,-82.2,0.749,2.803
5781470,A3,0.750,-80.1,0.749,2.808
5781490,A1,2.920,-82.6,0.770,2.827
5781500,A2,3.440,-82.5,0.795,2.827
5781620,A3,0.760,-80.7,0.795,2.825
5781640,A1,2.910,-81.8,0.785,2.815
5781650,A2,3.440,-82.3,0.785,2.815
5781770,A3,0.760,-80.4,0.785,2.815
5781790,A1,2.900,-82.4,0.774,2.805
5781800,A2,3.440,-82.3,0.774,2.805
5781920,A3,0.760,-80.1,0.774,2.805
5781940,A1,2.910,-82.0,0.785,2.815
5781950,A2,3.440,-81.9,0.785,2.815
5782070,A3,0.790,-80.8,0.785,2.807
5782090,A1,2.920,-81.7,0.795,2.817
5782100,A2,3.420,-81.9,0.820,2.817
5782220,A3,0.800,-81.4,0.820,2.814
5782240,A1,2.910,-82.2,0.809,2.805
5782250,A2,3.450,-82.3,0.772,2.805
5782370,A3,0.770,-80.8,0.772,2.813
5782390,A1,2.910,-82.4,0.772,2.813
5782400,A2,3.440,-82.2,0.785,2.813
5782520,A3,0.760,-81.1,0.785,2.815
5782540,A1,2.910,-82.2,0.785,2.815
5782550,A2,3.450,-82.3,0.772,2.815
5782820,A3,0.750,-81.1,0.772,2.818
5782840,A1,2.920,-81.8,0.783,2.827
5782850,A2,3.460,-81.7,0.770,2.827
5782970,A3,0.770,-80.6,0.770,2.822
5782990,A1,2.920,-81.7,0.770,2.822
5783000,A2,3.470,-82.2,0.758,2.822
5783120,A3,0.770,-80.4,0.758,2.822
5783140,A1,2.910,-81.8,0.747,2.813
5783150,A2,3.430,-82.1,0.797,2.813
5783270,A3,0.770,-80.5,0.797,2.813
5783290,A1,2.930,-81.9,0.818,2.832
5783300,A2,3.460,-81.9,0.781,2.832
5783420,A3,0.740,-81.2,0.781,2.840
5783440,A1,2.910,-82.1,0.760,2.820
5783450,A2,3.450,-82.1,0.772,2.820
5783570,A3,0.740,-81.3,0.772,2.820
5783590,A1,2.920,-82.2,0.783,2.830
5783600,A2,3.430,-82.0,0.808,2.830
5783720,A3,0.780,-80.5,0.808,2.820
5783740,A1,2.940,-81.8,0.829,2.839
5783750,A2,3.430,-82.0,0.829,2.839
5783870,A3,0.770,-80.6,0.829,2.842
5783890,A1,2.900,-81.8,0.787,2.803
5783900,A2,3.430,-82.2,0.787,2.803
5784020,A3,0.740,-80.5,0.787,2.810
5784040,A1,2.920,-81.6,0.808,2.830
5784050,A2,3.470,-82.1,0.758,2.830
5784170,A3,0.760,-80.8,0.758,2.825
5784190,A1,2.910,-82.2,0.747,2.815
5784200,A2,3.430,-81.8,0.797,2.815
5784320,A3,0.760,-80.9,0.797,2.815
5784340,A1,2.940,-81.9,0.829,2.844
5784350,A2,3.440,-82.1,0.816,2.844
5784470,A3,0.790,-80.4,0.816,2.837
5784490,A1,2.930,-81.8,0.806,2.827
5784500,A2,3.440,-82.0,0.806,2.827
5784620,A3,0.780,-81.0,0.806,2.829
5784640,A1,2.930,-81.7,0.806,2.829
5784650,A2,3.430,-82.1,0.818,2.829
5784770,A3,0.790,-80.5,0.818,2.827
5784790,A1,2.920,-81.9,0.808,2.817
5784800,A2,3.440,-82.1,0.795,2.817
5784920,A3,0.760,-80.6,0.795,2.825
5784940,A1,2.920,-82.2,0.795,2.825
5784950,A2,3.460,-82.3,0.770,2.825
5785070,A3,0.760,-80.1,0.770,2.825
5785090,A1,2.930,-82.3,0.781,2.835
5785100,A2,3.440,-82.0,0.806,2.835
5785220,A3,0.770,-80.4,0.806,2.832
5785240,A1,2.930,-82.3,0.806,2.832
5785250,A2,3.440,-82.1,0.806,2.832
5785370,A3,0.770,-81.1,0.806,2.832
5785390,A1,2.930,-81.8,0.806,2.832
5785400,A2,3.420,-81.8,0.830,2.832
5785520,A3,0.760,-81.2,0.830,2.835
5785540,A1,2.910,-81.5,0.809,2.815
5785550,A2,3.450,-81.9,0.772,2.815
5785670,A3,0.780,-80.0,0.772,2.810
5785690,A1,2.930,-81.7,0.793,2.829
5785700,A2,3.450,-82.0,0.793,2.829
5785970,A3,0.760,-80.7,0.793,2.835
5785990,A1,2.900,-81.7,0.762,2.805
5786000,A2,3.470,-81.8,0.737,2.805
5786120,A3,0.760,-80.3,0.737,2.805
5786140,A1,2.900,-82.0,0.737,2.805
5786150,A2,3.420,-82.3,0.799,2.805
5786270,A3,0.750,-80.0,0.799,2.808
5786300,A2,3.460,-82.1,0.749,2.808
5786450,A2,3.450,-82.2,0.762,2.808
5786570,A3,0.760,-81.0,0.762,2.805
5786590,A1,2.910,-82.6,0.772,2.815
5786600,A2,3.450,-82.1,0.772,2.815
5786720,A3,0.750,-80.6,0.772,2.818
5786740,A1,2.940,-81.9,0.804,2.847
5786750,A2,3.430,-82.2,0.829,2.847
5786890,A1,2.920,-82.1,0.808,2.827
5786900,A2,3.440,-82.2,0.795,2.827
5787040,A1,2.930,-81.5,0.806,2.837
5787050,A2,3.460,-82.1,0.781,2.837
5787170,A3,0.760,-81.1,0.781,2.835
5787190,A1,2.910,-81.6,0.760,2.815
5787200,A2,3.440,-82.2,0.785,2.815
5787320,A3,0.760,-81.1,0.785,2.815
5787340,A1,2.940,-81.6,0.816,2.844
5787350,A2,3.460,-82.0,0.791,2.844
5787470,A3,0.750,-81.1,0.791,2.847
5787490,A1,2.940,-81.7,0.791,2.847
5787500,A2,3.440,-82.2,0.816,2.847
5787620,A3,0.780,-80.4,0.816,2.839
5787640,A1,2.900,-81.9,0.774,2.800
5787650,A2,3.420,-82.1,0.799,2.800
5787770,A3,0.760,-80.9,0.799,2.805
5787790,A1,2.910,-82.2,0.809,2.815
5787800,A2,3.440,-82.3,0.785,2.815
5787920,A3,0.750,-81.1,0.785,2.818
5787940,A1,2.930,-82.3,0.806,2.837
5787950,A2,3.480,-82.6,0.756,2.837
5788070,A3,0.770,-80.5,0.756,2.832
5788090,A1,2.900,-81.8,0.724,2.803
5788100,A2,3.420,-82.4,0.799,2.803
5788220,A3,0.760,-80.3,0.799,2.805
5788240,A1,2.920,-81.8,0.820,2.825
5788250,A2,3.470,-82.2,0.758,2.825
5788370,A3,0.740,-80.9,0.758,2.830
5788390,A1,2.910,-81.6,0.747,2.820
5788400,A2,3.470,-82.4,0.747,2.820
5788520,A3,0.760,-80.5,0.747,2.815
5788540,A1,2.930,-82.0,0.768,2.835
5788550,A2,3.460,-81.9,0.781,2.835
5788670,A3,0.760,-81.1,0.781,2.835
5788690,A1,2.930,-82.0,0.781,2.835
5788700,A2,3.440,-82.0,0.806,2.835
5788820,A3,0.760,-80.4,0.806,2.835
5788840,A1,2.930,-82.2,0.806,2.835
5788850,A2,3.460,-82.3,0.781,2.835
5789120,A3,0.740,-81.1,0.781,2.840
5789140,A1,2.920,-81.7,0.770,2.830
5789150,A2,3.480,-82.2,0.745,2.830
5789270,A3,0.770,-80.9,0.745,2.822
5789290,A1,2.910,-81.6,0.735,2.813
5789300,A2,3.440,-82.2,0.785,2.813
5789420,A3,0.780,-81.3,0.785,2.810
5789440,A1,2.930,-81.6,0.806,2.829
5789450,A2,3.450,-82.0,0.793,2.829
5789570,A3,0.750,-80.9,0.793,2.837
5789590,A1,2.930,-82.3,0.793,2.837
5789600,A2,3.430,-82.0,0.818,2.837
5789720,A3,0.760,-81.2,0.818,2.835
5789740,A1,2.910,-82.4,0.797,2.815
5789750,A2,3.440,-82.0,0.785,2.815
5789870,A3,0.750,-80.9,0.785,2.818
5789890,A1,2.930,-82.1,0.806,2.837
5789900,A2,3.440,-82.3,0.806,2.837
5790020,A3,0.760,-81.3,0.806,2.835
5790040,A1,2.900,-81.7,0.774,2.805
5790050,A2,3.440,-82.3,0.774,2.805
5790170,A3,0.760,-81.1,0.774,2.805
5790190,A1,2.920,-81.6,0.795,2.825
5790200,A2,3.460,-82.1,0.770,2.825
5790320,A3,0.710,-81.3,0.770,2.837
5790340,A1,2.920,-81.9,0.770,2.837
5790350,A2,3.450,-81.9,0.783,2.837
5790470,A3,0.740,-80.4,0.783,2.830
5790490,A1,2.920,-82.3,0.783,2.830
5790500,A2,3.460,-82.2,0.770,2.830
5790620,A3,0.730,-80.7,0.770,2.832
5790640,A1,2.910,-81.6,0.760,2.823
5790650,A2,3.460,-82.2,0.760,2.823
5790770,A3,0.720,-81.4,0.760,2.825
5790790,A1,2.900,-81.7,0.749,2.815
5790800,A2,3.430,-82.0,0.787,2.815
5790920,A3,0.760,-81.3,0.787,2.805
5790940,A1,2.910,-81.8,0.797,2.815
5790950,A2,3.440,-82.0,0.785,2.815
5791070,A3,0.750,-81.7,0.785,2.818
5791090,A1,2.930,-81.6,0.806,2.837
5791100,A2,3.440,-82.3,0.806,2.837
5791220,A3,0.750,-80.5,0.806,2.837
5791240,A1,2.930,-81.7,0.806,2.837
5791250,A2,3.430,-82.0,0.818,2.837
5791370,A3,0.790,-81.0,0.818,2.827
5791390,A1,2.910,-81.9,0.797,2.807
5791400,A2,3.440,-82.1,0.785,2.807
5791520,A3,0.760,-81.1,0.785,2.815
5791540,A1,2.930,-81.7,0.806,2.835
5791550,A2,3.450,-82.3,0.793,2.835
5791670,A3,0.780,-80.8,0.793,2.829
5791690,A1,2.920,-82.2,0.783,2.820
5791700,A2,3.440,-81.9,0.795,2.820
5791820,A3,0.790,-80.9,0.795,2.817
5791840,A1,2.920,-82.0,0.795,2.817
5791850,A2,3.460,-82.1,0.770,2.817
5791970,A3,0.760,-80.8,0.770,2.825
5791990,A1,2.940,-81.7,0.791,2.844
5792000,A2,3.460,-82.1,0.791,2.844
5792290,A1,2.910,-81.8,0.760,2.815
5792300,A2,3.440,-82.1,0.785,2.815
5792440,A1,2.930,-82.0,0.806,2.835
5792450,A2,3.430,-82.3,0.818,2.835
5792570,A3,0.780,-80.6,0.818,2.829
5792590,A1,2.930,-81.8,0.818,2.829
5792600,A2,3.440,-82.2,0.806,2.829
5792720,A3,0.750,-80.5,0.806,2.837
5792740,A1,2.940,-82.1,0.816,2.847
5793020,A3,0.720,-81.2,0.816,2.854
5793040,A1,2.910,-82.1,0.785,2.825
5793050,A2,3.440,-82.4,0.785,2.825
5793170,A3,0.750,-80.6,0.785,2.818
5793190,A1,2.920,-82.5,0.795,2.827
5793200,A2,3.440,-82.1,0.795,2.827
5793320,A3,0.750,-81.4,0.795,2.827
5793340,A1,2.930,-81.6,0.806,2.837
5793350,A2,3.450,-82.0,0.793,2.837
5793470,A3,0.730,-80.4,0.793,2.842
5793490,A1,2.910,-81.6,0.772,2.823
5793500,A2,3.470,-82.7,0.747,2.823
5793620,A3,0.720,-81.1,0.747,2.825
5793640,A1,2.930,-81.8,0.768,2.844
5793650,A2,3.450,-82.0,0.793,2.844
5793770,A3,0.720,-80.8,0.793,2.844
5793790,A1,2.920,-82.3,0.783,2.835
5793800,A2,3.460,-82.3,0.770,2.835
5793920,A3,0.730,-80.6,0.770,2.832
5793940,A1,2.910,-82.2,0.760,2.823
5793950,A2,3.450,-81.7,0.772,2.823
5794070,A3,0.750,-81.3,0.772,2.818
5794090,A1,2.920,-82.1,0.783,2.827
5794100,A2,3.450,-82.3,0.783,2.827
5794220,A3,0.750,-80.6,0.783,2.827
5794240,A1,2.920,-81.8,0.783,2.827
5794250,A2,3.440,-82.4,0.795,2.827
5794370,A3,0.740,-80.6,0.795,2.830
5794390,A1,2.930,-82.1,0.806,2.840
5794400,A2,3.440,-82.1,0.806,2.840
5794520,A3,0.760,-81.0,0.806,2.835
5794540,A1,2.920,-82.1,0.795,2.825
5794550,A2,3.440,-81.9,0.795,2.825
5794670,A3,0.740,-81.3,0.795,2.830
5794690,A1,2.910,-81.8,0.785,2.820
5794700,A2,3.420,-81.9,0.809,2.820
5794820,A3,0.760,-81.2,0.809,2.815
5794840,A1,2.920,-81.9,0.820,2.825
5794850,A2,3.440,-82.2,0.795,2.825
5794970,A3,0.780,-80.9,0.795,2.820
5794990,A1,2.920,-81.9,0.795,2.820
5795000,A2,3.430,-81.9,0.808,2.820
5795120,A3,0.750,-81.2,0.808,2.827
5795140,A1,2.910,-82.4,0.797,2.818
5795150,A2,3.460,-82.1,0.760,2.818
5795420,A3,0.770,-81.3,0.760,2.813
5795440,A1,2.930,-82.1,0.781,2.832
5795450,A2,3.450,-82.0,0.793,2.832
5795570,A3,0.740,-81.5,0.793,2.840
5795590,A1,2.920,-81.6,0.783,2.830
5795600,A2,3.450,-82.0,0.783,2.830
5795720,A3,0.780,-80.4,0.783,2.820
5795740,A1,2.910,-82.1,0.772,2.810
5795750,A2,3.450,-82.0,0.772,2.810
5795870,A3,0.790,-80.6,0.772,2.807
5795890,A1,2.910,-82.2,0.772,2.807
5795900,A2,3.450,-82.1,0.772,2.807
5796020,A3,0.810,-81.3,0.772,2.802
5796040,A1,2.930,-82.3,0.793,2.821
5796050,A2,3.440,-82.2,0.806,2.821
5796170,A3,0.760,-80.3,0.806,2.835
5796190,A1,2.920,-82.1,0.795,2.825
5796200,A2,3.440,-82.3,0.795,2.825
5796320,A3,0.780,-80.2,0.795,2.820
5796340,A1,2.920,-81.7,0.795,2.820
5796350,A2,3.440,-82.1,0.795,2.820
5796470,A3,0.780,-81.4,0.795,2.820
5796490,A1,2.910,-81.8,0.785,2.810
5796500,A2,3.450,-82.1,0.772,2.810
5796620,A3,0.770,-81.0,0.772,2.813
5796640,A1,2.930,-82.3,0.793,2.832
5796650,A2,3.430,-82.2,0.818,2.832
5796770,A3,0.770,-80.6,0.818,2.832
5796790,A1,2.920,-81.6,0.808,2.822
5796800,A2,3.450,-81.9,0.783,2.822
5796920,A3,0.760,-80.3,0.783,2.825
5796940,A1,2.920,-81.9,0.783,2.825
5796950,A2,3.460,-82.2,0.770,2.825
5797070,A3,0.750,-81.0,0.770,2.827
5797090,A1,2.930,-81.7,0.781,2.837
5797100,A2,3.440,-82.3,0.806,2.837
5797220,A3,0.740,-81.1,0.806,2.840
5797240,A1,2.940,-81.7,0.816,2.849
5797250,A2,3.430,-82.0,0.829,2.849
5797370,A3,0.770,-81.1,0.829,2.842
5797390,A1,2.920,-81.8,0.808,2.822
5797400,A2,3.470,-81.8,0.758,2.822
5797520,A3,0.750,-80.3,0.758,2.827
5797540,A1,2.920,-82.4,0.758,2.827
5797550,A2,3.460,-82.0,0.770,2.827
5797670,A3,0.750,-81.0,0.770,2.827
5797690,A1,2.920,-82.3,0.770,2.827
5797700,A2,3.470,-82.1,0.758,2.827
5797820,A3,0.720,-81.4,0.758,2.835
5797840,A1,2.930,-82.2,0.768,2.844
5797850,A2,3.450,-81.6,0.793,2.844
5797970,A3,0.770,-81.6,0.793,2.832
5797990,A1,2.910,-81.7,0.772,2.813
5798000,A2,3.440,-82.1,0.785,2.813
5798120,A3,0.760,-80.5,0.785,2.815
5798140,A1,2.920,-82.2,0.795,2.825
5798150,A2,3.450,-82.2,0.783,2.825
5798270,A3,0.740,-81.1,0.783,2.830
5798290,A1,2.910,-82.0,0.772,2.820
5798300,A2,3.440,-82.2,0.785,2.820
5798570,A3,0.750,-80.6,0.785,2.818
5798590,A1,2.930,-81.9,0.806,2.837
5798600,A2,3.460,-82.1,0.781,2.837
5798720,A3,0.770,-81.5,0.781,2.832
5798740,A1,2.940,-81.8,0.791,2.842
5798750,A2,3.430,-82.0,0.829,2.842
5798870,A3,0.760,-80.4,0.829,2.844
5798890,A1,2.920,-81.6,0.808,2.825
5798900,A2,3.430,-82.1,0.808,2.825
5799020,A3,0.780,-80.4,0.808,2.820
5799040,A1,2.920,-81.7,0.808,2.820
5799050,A2,3.440,-82.0,0.795,2.820
5799170,A3,0.790,-81.1,0.795,2.817
5799190,A1,2.920,-82.1,0.795,2.817
5799200,A2,3.440,-82.2,0.795,2.817
5799320,A3,0.770,-82.2,0.795,2.822
5799340,A1,2.920,-82.0,0.795,2.822
5799350,A2,3.430,-82.6,0.808,2.822
5799470,A3,0.760,-81.3,0.808,2.825
5799490,A1,2.910,-82.1,0.797,2.815
5799500,A2,3.440,-81.9,0.785,2.815
5799620,A3,0.760,-81.0,0.785,2.815
5799640,A1,2.910,-82.5,0.785,2.815
5799650,A2,3.430,-81.8,0.797,2.815
5799770,A3,0.730,-81.0,0.797,2.823
5799790,A1,2.920,-81.7,0.808,2.832
5799800,A2,3.470,-81.7,0.758,2.832
5799920,A3,0.760,-81.3,0.758,2.825
5799940,A1,2.930,-81.7,0.768,2.835
5799950,A2,3.450,-82.4,0.793,2.835
5800090,A1,2.900,-82.0,0.762,2.805
5800100,A2,3.430,-82.1,0.787,2.805
5800240,A1,2.920,-82.2,0.808,2.825
5800250,A2,3.430,-82.4,0.808,2.825
5800370,A3,0.770,-81.0,0.808,2.822
5800390,A1,2.930,-82.3,0.818,2.832
5800400,A2,3.460,-82.5,0.781,2.832
5800520,A3,0.760,-80.9,0.781,2.835
5800540,A1,2.920,-81.8,0.770,2.825
5800550,A2,3.440,-82.2,0.795,2.825
5800670,A3,0.760,-80.4,0.795,2.825
5800690,A1,2.940,-81.7,0.816,2.844
5800700,A2,3.440,-82.2,0.816,2.844
5800820,A3,0.750,-81.2,0.816,2.847
5800840,A1,2.920,-81.7,0.795,2.827
5800850,A2,3.480,-82.2,0.745,2.827
5800970,A3,0.740,-80.7,0.745,2.830
5800990,A1,2.920,-81.7,0.745,2.830
5801000,A2,3.450,-81.8,0.783,2.830
5801120,A3,0.790,-80.9,0.783,2.817
5801140,A1,2.910,-81.6,0.772,2.807
5801150,A2,3.440,-81.7,0.785,2.807
5801270,A3,0.760,-80.4,0.785,2.815
5801290,A1,2.930,-82.0,0.806,2.835
5801300,A2,3.430,-81.9,0.818,2.835
5801420,A3,0.760,-81.2,0.818,2.835
5801440,A1,2.910,-81.8,0.797,2.815
5801450,A2,3.440,-82.0,0.785,2.815
5801720,A3,0.760,-81.4,0.785,2.815
5801750,A2,3.440,-82.0,0.785,2.815
5801900,A2,3.440,-82.2,0.785,2.815
5802020,A3,0.750,-80.6,0.785,2.818
5802040,A1,2.900,-81.9,0.774,2.808
5802050,A2,3.450,-82.3,0.762,2.808
5802170,A3,0.730,-81.3,0.762,2.813
5802190,A1,2.940,-82.2,0.804,2.852
5802200,A2,3.430,-82.1,0.829,2.852
5802320,A3,0.760,-81.5,0.829,2.844
5802340,A1,2.920,-81.7,0.808,2.825
5802350,A2,3.460,-82.0,0.770,2.825
5802470,A3,0.790,-81.3,0.770,2.817
5802490,A1,2.920,-82.0,0.770,2.817
5802500,A2,3.450,-81.8,0.783,2.817
5802620,A3,0.790,-81.1,0.783,2.817
5802640,A1,2.910,-81.7,0.772,2.807
5802650,A2,3.440,-82.2,0.785,2.807
5802770,A3,0.760,-80.9,0.785,2.815
5802790,A1,2.920,-81.6,0.795,2.825
5802800,A2,3.440,-82.0,0.795,2.825
5802920,A3,0.740,-80.3,0.795,2.830
5802940,A1,2.940,-82.2,0.816,2.849
5802950,A2,3.450,-82.0,0.804,2.849
5803070,A3,0.750,-80.8,0.804,2.847
5803090,A1,2.910,-81.9,0.772,2.818
5803100,A2,3.430,-82.0,0.797,2.818
5803220,A3,0.740,-80.6,0.797,2.820
5803240,A1,2.920,-81.8,0.808,2.830
5803250,A2,3.450,-82.2,0.783,2.830
5803370,A3,0.740,-80.5,0.783,2.830
5803390,A1,2.930,-82.2,0.793,2.840
5803400,A2,3.430,-82.2,0.818,2.840
5803520,A3,0.800,-81.1,0.818,2.824
5803540,A1,2.930,-81.7,0.818,2.824
5803550,A2,3.440,-82.1,0.806,2.824
5803670,A3,0.750,-80.5,0.806,2.837
5803690,A1,2.920,-82.2,0.795,2.827
5803700,A2,3.470,-81.7,0.758,2.827
5803820,A3,0.740,-81.5,0.758,2.830
5803840,A1,2.920,-82.0,0.758,2.830
5803850,A2,3.430,-82.2,0.808,2.830
5803970,A3,0.760,-80.5,0.808,2.825
5803990,A1,2.910,-81.8,0.797,2.815
5804000,A2,3.460,-81.9,0.760,2.815
5804120,A3,0.720,-81.0,0.760,2.825
5804140,A1,2.920,-81.9,0.770,2.835
5804150,A2,3.430,-82.0,0.808,2.835
5804270,A3,0.770,-81.2,0.808,2.822
5804290,A1,2.940,-82.3,0.829,2.842
5804300,A2,3.420,-82.2,0.841,2.842
5804420,A3,0.740,-81.3,0.841,2.849
5804440,A1,2.910,-81.6,0.809,2.820
5804450,A2,3.460,-82.3,0.760,2.820
5804570,A3,0.770,-81.0,0.760,2.813
5804590,A1,2.920,-81.9,0.770,2.822
5804600,A2,3.440,-82.3,0.795,2.822
5804870,A3,0.760,-81.3,0.795,2.825
5804890,A1,2.910,-81.8,0.785,2.815
5804900,A2,3.440,-82.1,0.785,2.815
5805020,A3,0.770,-80.5,0.785,2.813
5805040,A1,2.910,-82.3,0.785,2.813
5805050,A2,3.470,-81.7,0.747,2.813
5805170,A3,0.760,-80.1,0.747,2.815
5805190,A1,2.940,-81.8,0.779,2.844
5805200,A2,3.440,-82.0,0.816,2.844
5805320,A3,0.760,-81.2,0.816,2.844
5805340,A1,2.910,-82.0,0.785,2.815
5805350,A2,3.450,-81.9,0.772,2.815
5805470,A3,0.740,-81.2,0.772,2.820
5805490,A1,2.930,-82.4,0.793,2.840
5805500,A2,3.470,-81.7,0.768,2.840
5805620,A3,0.750,-81.4,0.768,2.837
5805640,A1,2.930,-81.7,0.768,2.837
5805650,A2,3.460,-82.3,0.781,2.837
5805770,A3,0.750,-81.2,0.781,2.837
5805790,A1,2.930,-82.5,0.781,2.837
5805800,A2,3.460,-82.1,0.781,2.837
5805920,A3,0.750,-81.4,0.781,2.837
5805940,A1,2.920,-82.0,0.770,2.827
5805950,A2,3.480,-82.3,0.745,2.827
5806070,A3,0.760,-81.3,0.745,2.825
5806090,A1,2.930,-81.9,0.756,2.835
5806100,A2,3.450,-81.7,0.793,2.835
5806220,A3,0.780,-80.6,0.793,2.829
5806240,A1,2.910,-81.7,0.772,2.810
5806250,A2,3.440,-82.2,0.785,2.810
5806370,A3,0.780,-80.6,0.785,2.810
5806390,A1,2.920,-81.7,0.795,2.820
5806400,A2,3.480,-81.9,0.745,2.820
5806520,A3,0.770,-81.1,0.745,2.822
5806540,A1,2.920,-81.8,0.745,2.822
5806550,A2,3.450,-82.2,0.783,2.822
5806670,A3,0.730,-80.8,0.783,2.832
5806690,A1,2.950,-81.7,0.814,2.862
5806700,A2,3.440,-81.9,0.827,2.862
5806820,A3,0.760,-81.4,0.827,2.854
5806840,A1,2.910,-81.6,0.785,2.815
5806850,A2,3.460,-82.1,0.760,2.815
5806970,A3,0.760,-81.4,0.760,2.815
5806990,A1,2.910,-81.8,0.760,2.815
5807000,A2,3.440,-81.6,0.785,2.815
5807120,A3,0.760,-81.3,0.785,2.815
5807140,A1,2.920,-81.8,0.795,2.825
5807420,A3,0.780,-80.3,0.795,2.820
5807440,A1,2.910,-81.7,0.785,2.810
5807450,A2,3.440,-82.2,0.785,2.810
5807570,A3,0.740,-81.1,0.785,2.820
5807590,A1,2.920,-82.2,0.795,2.830
5807600,A2,3.440,-81.6,0.795,2.830
5807720,A3,0.740,-81.4,0.795,2.830
5807740,A1,2.940,-82.3,0.816,2.849
5807750,A2,3.440,-82.1,0.816,2.849
5808020,A3,0.750,-80.5,0.816,2.847
5808040,A1,2.920,-81.8,0.795,2.827
5808050,A2,3.460,-82.0,0.770,2.827
5808170,A3,0.790,-81.6,0.770,2.817
5808190,A1,2.920,-82.4,0.770,2.817
5808200,A2,3.450,-82.1,0.783,2.817
5808320,A3,0.800,-80.5,0.783,2.814
5808340,A1,2.910,-81.8,0.772,2.805
5808350,A2,3.470,-82.0,0.747,2.805
5808470,A3,0.770,-80.2,0.747,2.813
5808490,A1,2.940,-82.0,0.779,2.842
5808500,A2,3.460,-82.5,0.791,2.842
5808620,A3,0.760,-80.4,0.791,2.844
5808640,A1,2.910,-81.8,0.760,2.815
5808650,A2,3.450,-81.9,0.772,2.815
5808770,A3,0.760,-81.4,0.772,2.815
5808790,A1,2.930,-81.7,0.793,2.835
5808800,A2,3.460,-82.1,0.781,2.835
5808920,A3,0.760,-81.5,0.781,2.835
5808940,A1,2.920,-81.7,0.770,2.825
5808950,A2,3.460,-81.8,0.770,2.825
5809070,A3,0.750,-81.8,0.770,2.827
5809090,A1,2.950,-82.0,0.802,2.857
5809100,A2,3.460,-82.0,0.802,2.857
5809220,A3,0.780,-80.6,0.802,2.849
5809240,A1,2.920,-81.9,0.770,2.820
5809250,A2,3.430,-82.0,0.808,2.820
5809370,A3,0.790,-81.3,0.808,2.817
5809390,A1,2.920,-81.7,0.808,2.817
5809400,A2,3.450,-82.4,0.783,2.817
5809520,A3,0.760,-80.5,0.783,2.825
5809540,A1,2.920,-82.2,0.783,2.825
5809550,A2,3.420,-82.3,0.820,2.825
5809670,A3,0.750,-80.6,0.820,2.827
5809690,A1,2.920,-81.8,0.820,2.827
5809700,A2,3.460,-82.0,0.770,2.827
5809820,A3,0.760,-81.4,0.770,2.825
5809840,A1,2.930,-81.9,0.781,2.835
5809850,A2,3.460,-82.0,0.781,2.835
5809970,A3,0.790,-82.4,0.781,2.827
5809990,A1,2.940,-82.7,0.791,2.837
5810000,A2,3.480,-82.7,0.766,2.837
5810120,A3,0.770,-81.5,0.766,2.842
5810140,A1,2.920,-81.9,0.745,2.822
5810150,A2,3.430,-82.1,0.808,2.822
5810270,A3,0.770,-80.4,0.808,2.822
5810290,A1,2.940,-82.2,0.829,2.842
5810300,A2,3.470,-82.1,0.779,2.842
5810420,A3,0.750,-81.1,0.779,2.847
5810440,A1,2.900,-81.7,0.737,2.808
5810450,A2,3.450,-82.2,0.762,2.808
5810570,A3,0.730,-80.6,0.762,2.813
5810590,A1,2.920,-82.1,0.783,2.832
5810600,A2,3.450,-82.2,0.783,2.832
5810720,A3,0.780,-81.3,0.783,2.820
5810740,A1,2.930,-81.6,0.793,2.829
5810750,A2,3.440,-82.1,0.806,2.829
5810870,A3,0.760,-81.2,0.806,2.835
5810890,A1,2.920,-81.7,0.795,2.825
5810900,A2,3.450,-82.1,0.783,2.825
5811170,A3,0.790,-80.1,0.783,2.817
5811200,A2,3.440,-82.1,0.795,2.817
5811350,A2,3.460,-82.2,0.770,2.817
5811470,A3,0.780,-81.3,0.770,2.820
5811490,A1,2.930,-82.1,0.781,2.829
5811500,A2,3.420,-81.8,0.830,2.829
5811620,A3,0.760,-81.2,0.830,2.835
5811640,A1,2.930,-81.7,0.830,2.835
5811650,A2,3.440,-81.9,0.806,2.835
5811770,A3,0.770,-80.8,0.806,2.832
5811790,A1,2.920,-81.8,0.795,2.822
5811800,A2,3.450,-82.0,0.783,2.822
5811920,A3,0.790,-80.9,0.783,2.817
5811940,A1,2.910,-81.6,0.772,2.807
5811950,A2,3.440,-82.2,0.785,2.807
5812070,A3,0.770,-80.7,0.785,2.813
5812090,A1,2.930,-82.4,0.806,2.832
5812100,A2,3.440,-82.5,0.806,2.832
5812220,A3,0.760,-80.5,0.806,2.835
5812240,A1,2.950,-81.7,0.827,2.854
5812250,A2,3.440,-82.4,0.827,2.854
5812370,A3,0.740,-81.3,0.827,2.859
5812390,A1,2.940,-81.9,0.816,2.849
5812400,A2,3.430,-82.3,0.829,2.849
5812520,A3,0.760,-81.4,0.829,2.844
5812540,A1,2.910,-81.8,0.797,2.815
5812550,A2,3.460,-82.4,0.760,2.815
5812670,A3,0.790,-80.2,0.760,2.807
5812690,A1,2.920,-81.8,0.770,2.817
5812700,A2,3.460,-82.6,0.770,2.817
5812820,A3,0.740,-81.0,0.770,2.830
5812840,A1,2.930,-82.0,0.781,2.840
5812850,A2,3.430,-82.5,0.818,2.840
5812970,A3,0.760,-81.2,0.818,2.835
5812990,A1,2.930,-81.9,0.818,2.835
5813000,A2,3.460,-82.5,0.781,2.835
5813120,A3,0.740,-81.5,0.781,2.840
5813140,A1,2.950,-81.7,0.802,2.859
5813150,A2,3.450,-82.2,0.814,2.859
5813270,A3,0.760,-80.8,0.814,2.854
5813290,A1,2.940,-81.7,0.804,2.844
5813300,A2,3.460,-82.1,0.791,2.844
5813420,A3,0.780,-81.0,0.791,2.839
5813440,A1,2.920,-82.2,0.770,2.820
5813450,A2,3.460,-81.7,0.770,2.820
5813570,A3,0.740,-81.2,0.770,2.830
5813590,A1,2.950,-81.7,0.802,2.859
5813600,A2,3.450,-82.0,0.814,2.859
5813720,A3,0.760,-80.8,0.814,2.854
5813740,A1,2.920,-81.8,0.783,2.825
5813750,A2,3.450,-82.1,0.783,2.825
5813870,A3,0.790,-81.6,0.783,2.817
5813890,A1,2.920,-81.6,0.783,2.817
5813900,A2,3.430,-82.0,0.808,2.817
5814020,A3,0.740,-81.4,0.808,2.830
5814040,A1,2.910,-81.8,0.797,2.820
5814050,A2,3.430,-81.8,0.797,2.820
5814320,A3,0.750,-80.3,0.797,2.818
5814340,A1,2.920,-81.8,0.808,2.827
5814350,A2,3.440,-82.1,0.795,2.827
5814470,A3,0.730,-81.5,0.795,2.832
5814490,A1,2.940,-82.0,0.816,2.852
5814770,A3,0.740,-80.6,0.816,2.849
5814790,A1,2.910,-81.9,0.785,2.820
5814800,A2,3.460,-81.8,0.760,2.820
5814920,A3,0.770,-81.3,0.760,2.813
5814940,A1,2.920,-81.7,0.770,2.822
5814950,A2,3.460,-81.9,0.770,2.822
5815070,A3,0.750,-80.4,0.770,2.827
5815090,A1,2.910,-81.7,0.760,2.818
5815100,A2,3.440,-82.1,0.785,2.818
5815220,A3,0.760,-81.2,0.785,2.815
5815240,A1,2.940,-82.0,0.816,2.844
5815250,A2,3.440,-82.0,0.816,2.844
5815370,A3,0.760,-81.0,0.816,2.844
5815390,A1,2.920,-81.7,0.795,2.825
5815400,A2,3.470,-82.0,0.758,2.825
5815540,A1,2.920,-81.7,0.758,2.825
5815550,A2,3.470,-82.1,0.758,2.825
5815690,A1,2.910,-82.2,0.747,2.815
5815700,A2,3.420,-81.9,0.809,2.815
5815820,A3,0.780,-80.5,0.809,2.810
5815840,A1,2.930,-82.5,0.830,2.829
5815850,A2,3.430,-82.1,0.818,2.829
5815970,A3,0.760,-81.1,0.818,2.835
5815990,A1,2.910,-81.8,0.797,2.815
5816000,A2,3.450,-82.1,0.772,2.815
5816120,A3,0.770,-80.4,0.772,2.813
5816140,A1,2.920,-82.0,0.783,2.822
5816150,A2,3.440,-82.2,0.795,2.822
5816270,A3,0.760,-80.6,0.795,2.825
5816290,A1,2.930,-81.9,0.806,2.835
5816300,A2,3.450,-81.9,0.793,2.835
5816420,A3,0.760,-81.1,0.793,2.835
5816440,A1,2.920,-81.7,0.783,2.825
5816450,A2,3.450,-81.8,0.783,2.825
5816570,A3,0.760,-80.9,0.783,2.825
5816590,A1,2.920,-81.6,0.783,2.825
5816600,A2,3.450,-82.0,0.783,2.825
5816720,A3,0.740,-80.7,0.783,2.830
5816740,A1,2.910,-82.0,0.772,2.820
5816750,A2,3.440,-82.1,0.785,2.820
5816870,A3,0.760,-81.4,0.785,2.815
5816890,A1,2.900,-82.2,0.774,2.805
5816900,A2,3.440,-82.2,0.774,2.805
5817020,A3,0.770,-81.5,0.774,2.803
5817040,A1,2.910,-82.2,0.785,2.813
5817050,A2,3.450,-82.1,0.772,2.813
5817170,A3,0.760,-80.8,0.772,2.815
5817190,A1,2.920,-81.5,0.783,2.825
5817200,A2,3.460,-82.0,0.770,2.825
5817470,A3,0.760,-81.1,0.770,2.825
5817490,A1,2.920,-81.4,0.770,2.825
5817500,A2,3.430,-82.4,0.808,2.825
5817620,A3,0.750,-81.1,0.808,2.827
5817640,A1,2.910,-81.5,0.797,2.818
5817650,A2,3.440,-82.0,0.785,2.818
5817770,A3,0.730,-81.0,0.785,2.823
5817790,A1,2.920,-81.6,0.795,2.832
5817800,A2,3.450,-82.3,0.783,2.832
5817920,A3,0.770,-81.3,0.783,2.822
5817940,A1,2.920,-81.7,0.783,2.822
5817950,A2,3.440,-82.2,0.795,2.822
5818070,A3,0.760,-81.4,0.795,2.825
5818090,A1,2.920,-81.5,0.795,2.825
5818100,A2,3.450,-82.6,0.783,2.825
5818220,A3,0.740,-80.7,0.783,2.830
5818240,A1,2.920,-82.0,0.783,2.830
5818250,A2,3.440,-82.2,0.795,2.830
5818370,A3,0.740,-80.9,0.795,2.830
5818390,A1,2.910,-82.0,0.785,2.820
5818400,A2,3.440,-82.5,0.785,2.820
5818520,A3,0.780,-81.5,0.785,2.810
5818540,A1,2.920,-82.2,0.795,2.820
5818550,A2,3.440,-82.5,0.795,2.820
5818670,A3,0.770,-81.2,0.795,2.822
5818690,A1,2.930,-81.2,0.806,2.832
5818700,A2,3.440,-82.3,0.806,2.832
5818820,A3,0.750,-80.7,0.806,2.837
5818840,A1,2.910,-81.9,0.785,2.818
5818850,A2,3.420,-82.2,0.809,2.818
5818970,A3,0.750,-81.6,0.809,2.818
5818990,A1,2.920,-81.7,0.820,2.827
5819000,A2,3.440,-82.9,0.795,2.827
5819120,A3,0.750,-81.1,0.795,2.827
5819140,A1,2.930,-82.1,0.806,2.837
5819150,A2,3.450,-82.2,0.793,2.837
5819270,A3,0.740,-81.0,0.793,2.840
5819290,A1,2.940,-82.1,0.804,2.849
5819300,A2,3.430,-82.3,0.829,2.849
5819420,A3,0.760,-81.4,0.829,2.844
5819440,A1,2.930,-81.8,0.818,2.835
5819450,A2,3.460,-82.7,0.781,2.835
5819570,A3,0.720,-81.3,0.781,2.844
5819590,A1,2.920,-82.1,0.770,2.835
5819600,A2,3.420,-82.4,0.820,2.835
5819720,A3,0.760,-81.5,0.820,2.825
5819740,A1,2.900,-82.4,0.799,2.805
5819750,A2,3.460,-82.7,0.749,2.805
5819870,A3,0.800,-80.7,0.749,2.795
5819890,A1,2.900,-81.8,0.749,2.795
5819900,A2,3.430,-82.3,0.787,2.795
5820020,A3,0.760,-81.4,0.787,2.805
5820040,A1,2.910,-81.8,0.797,2.815
5820050,A2,3.440,-82.3,0.785,2.815
5820170,A3,0.770,-81.2,0.785,2.813
5820190,A1,2.900,-81.9,0.774,2.803
5820200,A2,3.450,-82.3,0.762,2.803
5820320,A3,0.770,-81.1,0.762,2.803
5820340,A1,2.930,-81.8,0.793,2.832
5820350,A2,3.430,-82.4,0.818,2.832
